"species","scientificname","valid_name","status","rank","class","order","family","genus"
"Callorhinchus callorynchus","Callorhinchus callorynchus","Callorhinchus callorynchus","accepted","Species","Holocephali","Chimaeriformes","Callorhinchidae","Callorhinchus"
"Callorhinchus milii","Callorhinchus milii","Callorhinchus milii","accepted","Species","Holocephali","Chimaeriformes","Callorhinchidae","Callorhinchus"
"Callorhinchus capensis","Callorhinchus capensis","Callorhinchus capensis","accepted","Species","Holocephali","Chimaeriformes","Callorhinchidae","Callorhinchus"
"Neoharriotta pinnata","Neoharriotta pinnata","Neoharriotta pinnata","accepted","Species","Holocephali","Chimaeriformes","Rhinochimaeridae","Neoharriotta"
"Neoharriotta pumila","Neoharriotta pumila","Neoharriotta pumila","accepted","Species","Holocephali","Chimaeriformes","Rhinochimaeridae","Neoharriotta"
"Neoharriotta carri","Neoharriotta carri","Neoharriotta carri","accepted","Species","Holocephali","Chimaeriformes","Rhinochimaeridae","Neoharriotta"
"Harriotta raleighana","Harriotta raleighana","Harriotta raleighana","accepted","Species","Holocephali","Chimaeriformes","Rhinochimaeridae","Harriotta"
"Harriotta haeckeli","Harriotta haeckeli","Harriotta raleighana","unaccepted","Species","Holocephali","Chimaeriformes","Rhinochimaeridae","Harriotta"
"Rhinochimaera pacifica","Rhinochimaera pacifica","Rhinochimaera pacifica","accepted","Species","Holocephali","Chimaeriformes","Rhinochimaeridae","Rhinochimaera"
"Rhinochimaera africana","Rhinochimaera africana","Rhinochimaera africana","accepted","Species","Holocephali","Chimaeriformes","Rhinochimaeridae","Rhinochimaera"
"Rhinochimaera atlantica","Rhinochimaera atlantica","Rhinochimaera atlantica","accepted","Species","Holocephali","Chimaeriformes","Rhinochimaeridae","Rhinochimaera"
"Hydrolagus mitsukurii","Hydrolagus mitsukurii","Hydrolagus mitsukurii","accepted","Species","Holocephali","Chimaeriformes","Chimaeridae","Hydrolagus"
"Hydrolagus africanus","Hydrolagus africanus","Hydrolagus africanus","accepted","Species","Holocephali","Chimaeriformes","Chimaeridae","Hydrolagus"
"Hydrolagus matallanasi","Hydrolagus matallanasi","Hydrolagus matallanasi","accepted","Species","Holocephali","Chimaeriformes","Chimaeridae","Hydrolagus"
"Hydrolagus pallidus","Hydrolagus pallidus","Hydrolagus pallidus","accepted","Species","Holocephali","Chimaeriformes","Chimaeridae","Hydrolagus"
"Hydrolagus alberti","Hydrolagus alberti","Hydrolagus alberti","accepted","Species","Holocephali","Chimaeriformes","Chimaeridae","Hydrolagus"
"Hydrolagus alphus","Hydrolagus alphus","Hydrolagus alphus","accepted","Species","Holocephali","Chimaeriformes","Chimaeridae","Hydrolagus"
"Chimaera bahamaensis","Chimaera bahamaensis","Chimaera bahamaensis","accepted","Species","Holocephali","Chimaeriformes","Chimaeridae","Chimaera"
"Chimaera jordani","Chimaera jordani","Chimaera jordani","accepted","Species","Holocephali","Chimaeriformes","Chimaeridae","Chimaera"
"Chimaera cubana","Chimaera cubana","Chimaera cubana","accepted","Species","Holocephali","Chimaeriformes","Chimaeridae","Chimaera"
"Chimaera phantasma","Chimaera phantasma","Chimaera phantasma","accepted","Species","Holocephali","Chimaeriformes","Chimaeridae","Chimaera"
"Hydrolagus lemures","Hydrolagus lemures","Chimaera ogilbyi","unaccepted","Species","Holocephali","Chimaeriformes","Chimaeridae","Hydrolagus"
"Hydrolagus ogilbyi","Hydrolagus ogilbyi","Chimaera ogilbyi","unaccepted","Species","Holocephali","Chimaeriformes","Chimaeridae","Hydrolagus"
"Chimaera owstoni","Chimaera owstoni","Chimaera owstoni","accepted","Species","Holocephali","Chimaeriformes","Chimaeridae","Chimaera"
"Hydrolagus melanophasma","Hydrolagus melanophasma","Hydrolagus melanophasma","accepted","Species","Holocephali","Chimaeriformes","Chimaeridae","Hydrolagus"
"Hydrolagus macrophthalmus","Hydrolagus macrophthalmus","Hydrolagus macrophthalmus","accepted","Species","Holocephali","Chimaeriformes","Chimaeridae","Hydrolagus"
"Hydrolagus purpurescens","Hydrolagus purpurescens","Hydrolagus purpurescens","accepted","Species","Holocephali","Chimaeriformes","Chimaeridae","Hydrolagus"
"Hydrolagus marmoratus","Hydrolagus marmoratus","Hydrolagus marmoratus","accepted","Species","Holocephali","Chimaeriformes","Chimaeridae","Hydrolagus"
"Hydrolagus trolli","Hydrolagus trolli","Hydrolagus trolli","accepted","Species","Holocephali","Chimaeriformes","Chimaeridae","Hydrolagus"
"Hydrolagus affinis","Hydrolagus affinis","Hydrolagus affinis","accepted","Species","Holocephali","Chimaeriformes","Chimaeridae","Hydrolagus"
"Hydrolagus mirabilis","Hydrolagus mirabilis","Hydrolagus mirabilis","accepted","Species","Holocephali","Chimaeriformes","Chimaeridae","Hydrolagus"
"Hydrolagus novaezealandiae","Hydrolagus novaezealandiae","Hydrolagus novaezealandiae","accepted","Species","Holocephali","Chimaeriformes","Chimaeridae","Hydrolagus"
"Chimaera macrospina","Chimaera macrospina","Chimaera macrospina","accepted","Species","Holocephali","Chimaeriformes","Chimaeridae","Chimaera"
"Chimaera monstrosa","Chimaera monstrosa","Chimaera monstrosa","accepted","Species","Holocephali","Chimaeriformes","Chimaeridae","Chimaera"
"Chimaera fulva","Chimaera fulva","Chimaera fulva","accepted","Species","Holocephali","Chimaeriformes","Chimaeridae","Chimaera"
"Hydrolagus lusitanicus","Hydrolagus lusitanicus","Hydrolagus lusitanicus","accepted","Species","Holocephali","Chimaeriformes","Chimaeridae","Hydrolagus"
"Chimaera opalescens","Chimaera opalescens","Chimaera opalescens","accepted","Species","Holocephali","Chimaeriformes","Chimaeridae","Chimaera"
"Chimaera lignaria","Chimaera lignaria","Chimaera lignaria","accepted","Species","Holocephali","Chimaeriformes","Chimaeridae","Chimaera"
"Chimaera notafricana","Chimaera notafricana","Chimaera notafricana","accepted","Species","Holocephali","Chimaeriformes","Chimaeridae","Chimaera"
"Hydrolagus mccoskeri","Hydrolagus mccoskeri","Hydrolagus mccoskeri","accepted","Species","Holocephali","Chimaeriformes","Chimaeridae","Hydrolagus"
"Chimaera panthera","Chimaera panthera","Chimaera panthera","accepted","Species","Holocephali","Chimaeriformes","Chimaeridae","Chimaera"
"Hydrolagus bemisi","Hydrolagus bemisi","Hydrolagus bemisi","accepted","Species","Holocephali","Chimaeriformes","Chimaeridae","Hydrolagus"
"Chimaera obscura","Chimaera obscura","Chimaera obscura","accepted","Species","Holocephali","Chimaeriformes","Chimaeridae","Chimaera"
"Hydrolagus deani","Hydrolagus deani","Hydrolagus deani","accepted","Species","Holocephali","Chimaeriformes","Chimaeridae","Hydrolagus"
"Hydrolagus barbouri","Hydrolagus barbouri","Hydrolagus barbouri","accepted","Species","Holocephali","Chimaeriformes","Chimaeridae","Hydrolagus"
"Chimaera argiloba","Chimaera argiloba","Chimaera argiloba","accepted","Species","Holocephali","Chimaeriformes","Chimaeridae","Chimaera"
"Hydrolagus colliei","Hydrolagus colliei","Hydrolagus colliei","accepted","Species","Holocephali","Chimaeriformes","Chimaeridae","Hydrolagus"
"Hydrolagus homonycteris","Hydrolagus homonycteris","Hydrolagus homonycteris","accepted","Species","Holocephali","Chimaeriformes","Chimaeridae","Hydrolagus"
"Hydrolagus eidolon","Hydrolagus eidolon","Hydrolagus eidolon","accepted","Species","Holocephali","Chimaeriformes","Chimaeridae","Hydrolagus"
"Sinobatis borneensis","Sinobatis borneensis","Sinobatis borneensis","accepted","Species","Elasmobranchii","Rajiformes","Anacanthobatidae","Sinobatis"
"Sinobatis filicauda","Sinobatis filicauda","Sinobatis filicauda","accepted","Species","Elasmobranchii","Rajiformes","Anacanthobatidae","Sinobatis"
"Sinobatis bulbicauda","Sinobatis bulbicauda","Sinobatis bulbicauda","accepted","Species","Elasmobranchii","Rajiformes","Anacanthobatidae","Sinobatis"
"Sinobatis melanosoma","Sinobatis melanosoma","Sinobatis melanosoma","accepted","Species","Elasmobranchii","Rajiformes","Anacanthobatidae","Sinobatis"
"Sinobatis caerulea","Sinobatis caerulea","Sinobatis caerulea","accepted","Species","Elasmobranchii","Rajiformes","Anacanthobatidae","Sinobatis"
"Irolita waitii","Irolita waitii","Irolita waitii","accepted","Species","Elasmobranchii","Rajiformes","Arhynchobatidae","Irolita"
"Irolita westraliensis","Irolita westraliensis","Irolita westraliensis","accepted","Species","Elasmobranchii","Rajiformes","Arhynchobatidae","Irolita"
"Brochiraja vittacauda","Brochiraja vittacauda","Brochiraja vittacauda","accepted","Species","Elasmobranchii","Rajiformes","Arhynchobatidae","Brochiraja"
"Brochiraja heuresa","Brochiraja heuresa","Brochiraja heuresa","accepted","Species","Elasmobranchii","Rajiformes","Arhynchobatidae","Brochiraja"
"Brochiraja aenigma","Brochiraja aenigma","Brochiraja aenigma","accepted","Species","Elasmobranchii","Rajiformes","Arhynchobatidae","Brochiraja"
"Brochiraja microspinifera","Brochiraja microspinifera","Brochiraja microspinifera","accepted","Species","Elasmobranchii","Rajiformes","Arhynchobatidae","Brochiraja"
"Brochiraja asperula","Brochiraja asperula","Brochiraja asperula","accepted","Species","Elasmobranchii","Rajiformes","Arhynchobatidae","Brochiraja"
"Brochiraja spinifera","Brochiraja spinifera","Brochiraja spinifera","accepted","Species","Elasmobranchii","Rajiformes","Arhynchobatidae","Brochiraja"
"Brochiraja leviveneta","Brochiraja leviveneta","Brochiraja leviveneta","accepted","Species","Elasmobranchii","Rajiformes","Arhynchobatidae","Brochiraja"
"Brochiraja albilabiata","Brochiraja albilabiata","Brochiraja albilabiata","accepted","Species","Elasmobranchii","Rajiformes","Arhynchobatidae","Brochiraja"
"Pavoraja alleni","Pavoraja alleni","Pavoraja alleni","accepted","Species","Elasmobranchii","Rajiformes","Arhynchobatidae","Pavoraja"
"Pavoraja umbrosa","Pavoraja umbrosa","Pavoraja umbrosa","accepted","Species","Elasmobranchii","Rajiformes","Arhynchobatidae","Pavoraja"
"Pavoraja mosaica","Pavoraja mosaica","Pavoraja mosaica","accepted","Species","Elasmobranchii","Rajiformes","Arhynchobatidae","Pavoraja"
"Pavoraja pseudonitida","Pavoraja pseudonitida","Pavoraja pseudonitida","accepted","Species","Elasmobranchii","Rajiformes","Arhynchobatidae","Pavoraja"
"Pavoraja nitida","Pavoraja nitida","Pavoraja nitida","accepted","Species","Elasmobranchii","Rajiformes","Arhynchobatidae","Pavoraja"
"Pavoraja arenaria","Pavoraja arenaria","Pavoraja arenaria","accepted","Species","Elasmobranchii","Rajiformes","Arhynchobatidae","Pavoraja"
"Notoraja sticta","Notoraja sticta","Notoraja sticta","accepted","Species","Elasmobranchii","Rajiformes","Arhynchobatidae","Notoraja"
"Notoraja longiventralis","Notoraja longiventralis","Notoraja longiventralis","accepted","Species","Elasmobranchii","Rajiformes","Arhynchobatidae","Notoraja"
"Notoraja inusitata","Notoraja inusitata","Notoraja inusitata","accepted","Species","Elasmobranchii","Rajiformes","Arhynchobatidae","Notoraja"
"Notoraja tobitukai","Notoraja tobitukai","Notoraja tobitukai","accepted","Species","Elasmobranchii","Rajiformes","Arhynchobatidae","Notoraja"
"Notoraja lira","Notoraja lira","Notoraja lira","accepted","Species","Elasmobranchii","Rajiformes","Arhynchobatidae","Notoraja"
"Notoraja alisae","Notoraja alisae","Notoraja alisae","accepted","Species","Elasmobranchii","Rajiformes","Arhynchobatidae","Notoraja"
"Notoraja azurea","Notoraja azurea","Notoraja azurea","accepted","Species","Elasmobranchii","Rajiformes","Arhynchobatidae","Notoraja"
"Notoraja ochroderma","Notoraja ochroderma","Notoraja ochroderma","accepted","Species","Elasmobranchii","Rajiformes","Arhynchobatidae","Notoraja"
"Notoraja sapphira","Notoraja sapphira","Notoraja sapphira","accepted","Species","Elasmobranchii","Rajiformes","Arhynchobatidae","Notoraja"
"Notoraja hirticauda","Notoraja hirticauda","Notoraja hirticauda","accepted","Species","Elasmobranchii","Rajiformes","Arhynchobatidae","Notoraja"
"Notoraja fijiensis","Notoraja fijiensis","Notoraja fijiensis","accepted","Species","Elasmobranchii","Rajiformes","Arhynchobatidae","Notoraja"
"Insentiraja subtilispinosa","Insentiraja subtilispinosa","Insentiraja subtilispinosa","accepted","Species","Elasmobranchii","Rajiformes","Arhynchobatidae","Insentiraja"
"Insentiraja laxipella","Insentiraja laxipella","Insentiraja laxipella","accepted","Species","Elasmobranchii","Rajiformes","Arhynchobatidae","Insentiraja"
"Rioraja agassizii","Rioraja agassizii","Rioraja agassizii","accepted","Species","Elasmobranchii","Rajiformes","Arhynchobatidae","Rioraja"
"Atlantoraja castelnaui","Atlantoraja castelnaui","Atlantoraja castelnaui","accepted","Species","Elasmobranchii","Rajiformes","Arhynchobatidae","Atlantoraja"
"Atlantoraja platana","Atlantoraja platana","Atlantoraja platana","accepted","Species","Elasmobranchii","Rajiformes","Arhynchobatidae","Atlantoraja"
"Atlantoraja cyclophora","Atlantoraja cyclophora","Atlantoraja cyclophora","accepted","Species","Elasmobranchii","Rajiformes","Arhynchobatidae","Atlantoraja"
"Bathyraja andriashevi","Bathyraja andriashevi","Bathyraja andriashevi","accepted","Species","Elasmobranchii","Rajiformes","Arhynchobatidae","Bathyraja"
"Bathyraja simoterus","Bathyraja simoterus","Arctoraja simoterus","unaccepted","Species","Elasmobranchii","Rajiformes","Arhynchobatidae","Bathyraja"
"Bathyraja tzinovskii","Bathyraja tzinovskii","Bathyraja tzinovskii","accepted","Species","Elasmobranchii","Rajiformes","Arhynchobatidae","Bathyraja"
"Bathyraja notoroensis","Bathyraja notoroensis","Bathyraja notoroensis","accepted","Species","Elasmobranchii","Rajiformes","Arhynchobatidae","Bathyraja"
"Bathyraja scaphiops","Bathyraja scaphiops","Bathyraja scaphiops","accepted","Species","Elasmobranchii","Rajiformes","Arhynchobatidae","Bathyraja"
"Bathyraja brachyurops","Bathyraja brachyurops","Bathyraja brachyurops","accepted","Species","Elasmobranchii","Rajiformes","Arhynchobatidae","Bathyraja"
"Bathyraja diplotaenia","Bathyraja diplotaenia","Bathyraja diplotaenia","accepted","Species","Elasmobranchii","Rajiformes","Arhynchobatidae","Bathyraja"
"Bathyraja panthera","Bathyraja panthera","Bathyraja panthera","accepted","Species","Elasmobranchii","Rajiformes","Arhynchobatidae","Bathyraja"
"Rhinoraja magellanica","Rhinoraja magellanica","Bathyraja magellanica","unaccepted","Species","Elasmobranchii","Rajiformes","Arhynchobatidae","Rhinoraja"
"Bathyraja griseocauda","Bathyraja griseocauda","Bathyraja griseocauda","accepted","Species","Elasmobranchii","Rajiformes","Arhynchobatidae","Bathyraja"
"Bathyraja kincaidii","Bathyraja kincaidii","Bathyraja kincaidii","accepted","Species","Elasmobranchii","Rajiformes","Arhynchobatidae","Bathyraja"
"Bathyraja violacea","Bathyraja violacea","Bathyraja violacea","accepted","Species","Elasmobranchii","Rajiformes","Arhynchobatidae","Bathyraja"
"Bathyraja mariposa","Bathyraja mariposa","Bathyraja mariposa","accepted","Species","Elasmobranchii","Rajiformes","Arhynchobatidae","Bathyraja"
"Bathyraja aguja","Bathyraja aguja","Bathyraja aguja","accepted","Species","Elasmobranchii","Rajiformes","Arhynchobatidae","Bathyraja"
"Bathyraja matsubarai","Bathyraja matsubarai","Bathyraja matsubarai","accepted","Species","Elasmobranchii","Rajiformes","Arhynchobatidae","Bathyraja"
"Rhinoraja taranetzi","Rhinoraja taranetzi","Bathyraja taranetzi","unaccepted","Species","Elasmobranchii","Rajiformes","Arhynchobatidae","Rhinoraja"
"Bathyraja tunae","Bathyraja tunae","Bathyraja tunae","accepted","Species","Elasmobranchii","Rajiformes","Arhynchobatidae","Bathyraja"
"Bathyraja peruana","Bathyraja peruana","Bathyraja peruana","accepted","Species","Elasmobranchii","Rajiformes","Arhynchobatidae","Bathyraja"
"Bathyraja minispinosa","Bathyraja minispinosa","Bathyraja minispinosa","accepted","Species","Elasmobranchii","Rajiformes","Arhynchobatidae","Bathyraja"
"Bathyraja longicauda","Bathyraja longicauda","Bathyraja longicauda","accepted","Species","Elasmobranchii","Rajiformes","Arhynchobatidae","Bathyraja"
"Bathyraja fedorovi","Bathyraja fedorovi","Bathyraja fedorovi","accepted","Species","Elasmobranchii","Rajiformes","Arhynchobatidae","Bathyraja"
"Bathyraja cousseauae","Bathyraja cousseauae","Bathyraja cousseauae","accepted","Species","Elasmobranchii","Rajiformes","Arhynchobatidae","Bathyraja"
"Bathyraja pallida","Bathyraja pallida","Bathyraja pallida","accepted","Species","Elasmobranchii","Rajiformes","Arhynchobatidae","Bathyraja"
"Rhinoraja murrayi","Rhinoraja murrayi","Bathyraja murrayi","unaccepted","Species","Elasmobranchii","Rajiformes","Arhynchobatidae","Rhinoraja"
"Bathyraja irrasa","Bathyraja irrasa","Bathyraja irrasa","accepted","Species","Elasmobranchii","Rajiformes","Arhynchobatidae","Bathyraja"
"Bathyraja papilionifera","Bathyraja papilionifera","Bathyraja papilionifera","accepted","Species","Elasmobranchii","Rajiformes","Arhynchobatidae","Bathyraja"
"Bathyraja meridionalis","Bathyraja meridionalis","Bathyraja meridionalis","accepted","Species","Elasmobranchii","Rajiformes","Arhynchobatidae","Bathyraja"
"Bathyraja parmifera","Bathyraja parmifera","Arctoraja parmifera","unaccepted","Species","Elasmobranchii","Rajiformes","Arhynchobatidae","Bathyraja"
"Rhinoraja odai","Rhinoraja odai","Rhinoraja odai","accepted","Species","Elasmobranchii","Rajiformes","Arhynchobatidae","Rhinoraja"
"Bathyraja smirnovi","Bathyraja smirnovi","Bathyraja smirnovi","accepted","Species","Elasmobranchii","Rajiformes","Arhynchobatidae","Bathyraja"
"Bathyraja shuntovi","Bathyraja shuntovi","Bathyraja shuntovi","accepted","Species","Elasmobranchii","Rajiformes","Arhynchobatidae","Bathyraja"
"Bathyraja schroederi","Bathyraja schroederi","Bathyraja schroederi","accepted","Species","Elasmobranchii","Rajiformes","Arhynchobatidae","Bathyraja"
"Rhinoraja albomaculata","Rhinoraja albomaculata","Bathyraja albomaculata","unaccepted","Species","Elasmobranchii","Rajiformes","Arhynchobatidae","Rhinoraja"
"Rhinoraja macloviana","Rhinoraja macloviana","Bathyraja macloviana","unaccepted","Species","Elasmobranchii","Rajiformes","Arhynchobatidae","Rhinoraja"
"Bathyraja ishiharai","Bathyraja ishiharai","Bathyraja ishiharai","accepted","Species","Elasmobranchii","Rajiformes","Arhynchobatidae","Bathyraja"
"Bathyraja spinosissima","Bathyraja spinosissima","Bathyraja spinosissima","accepted","Species","Elasmobranchii","Rajiformes","Arhynchobatidae","Bathyraja"
"Rhinoraja longicauda","Rhinoraja longicauda","Rhinoraja longicauda","accepted","Species","Elasmobranchii","Rajiformes","Arhynchobatidae","Rhinoraja"
"Rhinoraja multispinis","Rhinoraja multispinis","Bathyraja multispinis","unaccepted","Species","Elasmobranchii","Rajiformes","Arhynchobatidae","Rhinoraja"
"Bathyraja maculata","Bathyraja maculata","Bathyraja maculata","accepted","Species","Elasmobranchii","Rajiformes","Arhynchobatidae","Bathyraja"
"Bathyraja lindbergi","Bathyraja lindbergi","Bathyraja lindbergi","accepted","Species","Elasmobranchii","Rajiformes","Arhynchobatidae","Bathyraja"
"Bathyraja abyssicola","Bathyraja abyssicola","Bathyraja abyssicola","accepted","Species","Elasmobranchii","Rajiformes","Arhynchobatidae","Bathyraja"
"Bathyraja trachura","Bathyraja trachura","Bathyraja trachura","accepted","Species","Elasmobranchii","Rajiformes","Arhynchobatidae","Bathyraja"
"Bathyraja isotrachys","Bathyraja isotrachys","Bathyraja isotrachys","accepted","Species","Elasmobranchii","Rajiformes","Arhynchobatidae","Bathyraja"
"Bathyraja aleutica","Bathyraja aleutica","Bathyraja aleutica","accepted","Species","Elasmobranchii","Rajiformes","Arhynchobatidae","Bathyraja"
"Bathyraja eatonii","Bathyraja eatonii","Bathyraja eatonii","accepted","Species","Elasmobranchii","Rajiformes","Arhynchobatidae","Bathyraja"
"Bathyraja spinicauda","Bathyraja spinicauda","Bathyraja spinicauda","accepted","Species","Elasmobranchii","Rajiformes","Arhynchobatidae","Bathyraja"
"Bathyraja microtrachys","Bathyraja microtrachys","Bathyraja microtrachys","accepted","Species","Elasmobranchii","Rajiformes","Arhynchobatidae","Bathyraja"
"Bathyraja maccaini","Bathyraja maccaini","Bathyraja maccaini","accepted","Species","Elasmobranchii","Rajiformes","Arhynchobatidae","Bathyraja"
"Rhinoraja kujiensis","Rhinoraja kujiensis","Rhinoraja kujiensis","accepted","Species","Elasmobranchii","Rajiformes","Arhynchobatidae","Rhinoraja"
"Bathyraja bergi","Bathyraja bergi","Bathyraja bergi","accepted","Species","Elasmobranchii","Rajiformes","Arhynchobatidae","Bathyraja"
"Bathyraja hesperafricana","Bathyraja hesperafricana","Bathyraja hesperafricana","accepted","Species","Elasmobranchii","Rajiformes","Arhynchobatidae","Bathyraja"
"Bathyraja richardsoni","Bathyraja richardsoni","Bathyraja richardsoni","accepted","Species","Elasmobranchii","Rajiformes","Arhynchobatidae","Bathyraja"
"Bathyraja smithii","Bathyraja smithii","Bathyraja smithii","accepted","Species","Elasmobranchii","Rajiformes","Arhynchobatidae","Bathyraja"
"Bathyraja leucomelanos","Bathyraja leucomelanos","Bathyraja leucomelanos","accepted","Species","Elasmobranchii","Rajiformes","Arhynchobatidae","Bathyraja"
"Bathyraja trachouros","Bathyraja trachouros","Bathyraja trachouros","accepted","Species","Elasmobranchii","Rajiformes","Arhynchobatidae","Bathyraja"
"Sympterygia acuta","Sympterygia acuta","Sympterygia acuta","accepted","Species","Elasmobranchii","Rajiformes","Arhynchobatidae","Sympterygia"
"Sympterygia lima","Sympterygia lima","Sympterygia lima","accepted","Species","Elasmobranchii","Rajiformes","Arhynchobatidae","Sympterygia"
"Sympterygia bonapartii","Sympterygia bonapartii","Sympterygia bonapartii","accepted","Species","Elasmobranchii","Rajiformes","Arhynchobatidae","Sympterygia"
"Sympterygia brevicaudata","Sympterygia brevicaudata","Sympterygia brevicaudata","accepted","Species","Elasmobranchii","Rajiformes","Arhynchobatidae","Sympterygia"
"Psammobatis rutrum","Psammobatis rutrum","Psammobatis rutrum","accepted","Species","Elasmobranchii","Rajiformes","Arhynchobatidae","Psammobatis"
"Psammobatis parvacauda","Psammobatis parvacauda","Psammobatis parvacauda","accepted","Species","Elasmobranchii","Rajiformes","Arhynchobatidae","Psammobatis"
"Psammobatis extenta","Psammobatis extenta","Psammobatis extenta","accepted","Species","Elasmobranchii","Rajiformes","Arhynchobatidae","Psammobatis"
"Psammobatis scobina","Psammobatis scobina","Psammobatis scobina","accepted","Species","Elasmobranchii","Rajiformes","Arhynchobatidae","Psammobatis"
"Psammobatis bergi","Psammobatis bergi","Psammobatis bergi","accepted","Species","Elasmobranchii","Rajiformes","Arhynchobatidae","Psammobatis"
"Psammobatis rudis","Psammobatis rudis","Psammobatis rudis","accepted","Species","Elasmobranchii","Rajiformes","Arhynchobatidae","Psammobatis"
"Psammobatis normani","Psammobatis normani","Psammobatis normani","accepted","Species","Elasmobranchii","Rajiformes","Arhynchobatidae","Psammobatis"
"Psammobatis lentiginosa","Psammobatis lentiginosa","Psammobatis lentiginosa","accepted","Species","Elasmobranchii","Rajiformes","Arhynchobatidae","Psammobatis"
"Arhynchobatis asperrimus","Arhynchobatis asperrimus","Arhynchobatis asperrimus","accepted","Species","Elasmobranchii","Rajiformes","Arhynchobatidae","Arhynchobatis"
"Pseudoraja fischeri","Pseudoraja fischeri","Pseudoraja fischeri","accepted","Species","Elasmobranchii","Rajiformes","Arhynchobatidae","Pseudoraja"
"Cruriraja parcomaculata","Cruriraja parcomaculata","Cruriraja parcomaculata","accepted","Species","Elasmobranchii","Rajiformes","Gurgesiellidae","Cruriraja"
"Cruriraja poeyi","Cruriraja poeyi","Cruriraja poeyi","accepted","Species","Elasmobranchii","Rajiformes","Gurgesiellidae","Cruriraja"
"Cruriraja rugosa","Cruriraja rugosa","Cruriraja rugosa","accepted","Species","Elasmobranchii","Rajiformes","Gurgesiellidae","Cruriraja"
"Cruriraja atlantis","Cruriraja atlantis","Cruriraja atlantis","accepted","Species","Elasmobranchii","Rajiformes","Gurgesiellidae","Cruriraja"
"Cruriraja durbanensis","Cruriraja durbanensis","Cruriraja durbanensis","accepted","Species","Elasmobranchii","Rajiformes","Gurgesiellidae","Cruriraja"
"Cruriraja hulleyi","Cruriraja hulleyi","Cruriraja hulleyi","accepted","Species","Elasmobranchii","Rajiformes","Gurgesiellidae","Cruriraja"
"Anacanthobatis longirostris","Anacanthobatis longirostris","Springeria longirostris","unaccepted","Species","Elasmobranchii","Rajiformes","Anacanthobatidae","Anacanthobatis"
"Anacanthobatis folirostris","Anacanthobatis folirostris","Springeria folirostris","unaccepted","Species","Elasmobranchii","Rajiformes","Anacanthobatidae","Anacanthobatis"
"Anacanthobatis nanhaiensis","Anacanthobatis nanhaiensis","Anacanthobatis nanhaiensis","accepted","Species","Elasmobranchii","Rajiformes","Anacanthobatidae","Anacanthobatis"
"Anacanthobatis marmoratus","Anacanthobatis marmoratus","Anacanthobatis marmorata","unaccepted","Species","Elasmobranchii","Rajiformes","Anacanthobatidae","Anacanthobatis"
"Anacanthobatis donghaiensis","Anacanthobatis donghaiensis","Anacanthobatis donghaiensis","accepted","Species","Elasmobranchii","Rajiformes","Anacanthobatidae","Anacanthobatis"
"Anacanthobatis ori","Anacanthobatis ori","Indobatis ori","unaccepted","Species","Elasmobranchii","Rajiformes","Anacanthobatidae","Anacanthobatis"
"Anacanthobatis americanus","Anacanthobatis americanus","Schroederobatis americana","unaccepted","Species","Elasmobranchii","Rajiformes","Anacanthobatidae","Anacanthobatis"
"Anacanthobatis stenosoma","Anacanthobatis stenosoma","Sinobatis stenosoma","unaccepted","Species","Elasmobranchii","Rajiformes","Anacanthobatidae","Anacanthobatis"
"Cruriraja cadenati","Cruriraja cadenati","Cruriraja cadenati","accepted","Species","Elasmobranchii","Rajiformes","Gurgesiellidae","Cruriraja"
"Cruriraja andamanica","Cruriraja andamanica","Cruriraja andamanica","accepted","Species","Elasmobranchii","Rajiformes","Gurgesiellidae","Cruriraja"
"Raja texana","Raja texana","Rostroraja texana","superseded combination","Species","Elasmobranchii","Rajiformes","Rajidae","Raja"
"Raja cervigoni","Raja cervigoni","Rostroraja cervigoni","superseded combination","Species","Elasmobranchii","Rajiformes","Rajidae","Raja"
"Raja rouxi","Raja rouxi","Raja rouxi","accepted","Species","Elasmobranchii","Rajiformes","Rajidae","Raja"
"Raja herwigi","Raja herwigi","Raja herwigi","accepted","Species","Elasmobranchii","Rajiformes","Rajidae","Raja"
"Raja undulata","Raja undulata","Raja undulata","accepted","Species","Elasmobranchii","Rajiformes","Rajidae","Raja"
"Raja equatorialis","Raja equatorialis","Rostroraja equatorialis","superseded combination","Species","Elasmobranchii","Rajiformes","Rajidae","Raja"
"Raja miraletus","Raja miraletus","Raja miraletus","accepted","Species","Elasmobranchii","Rajiformes","Rajidae","Raja"
"Raja asterias","Raja asterias","Raja asterias","accepted","Species","Elasmobranchii","Rajiformes","Rajidae","Raja"
"Raja atriventralis","Raja atriventralis","Okamejei kenojei","unaccepted","Species","Elasmobranchii","Rajiformes","Rajidae","Raja"
"Raja africana","Raja africana","Urogymnus asperrimus","unaccepted","Species","Elasmobranchii","Rajiformes","Rajidae","Raja"
"Raja straeleni","Raja straeleni","Raja straeleni","accepted","Species","Elasmobranchii","Rajiformes","Rajidae","Raja"
"Raja cortezensis","Raja cortezensis","Caliraja cortezensis","superseded combination","Species","Elasmobranchii","Rajiformes","Rajidae","Raja"
"Raja polystigma","Raja polystigma","Raja polystigma","accepted","Species","Elasmobranchii","Rajiformes","Rajidae","Raja"
"Raja maderensis","Raja maderensis","Raja maderensis","accepted","Species","Elasmobranchii","Rajiformes","Rajidae","Raja"
"Raja radula","Raja radula","Raja radula","accepted","Species","Elasmobranchii","Rajiformes","Rajidae","Raja"
"Raja clavata","Raja clavata","Raja clavata","accepted","Species","Elasmobranchii","Rajiformes","Rajidae","Raja"
"Raja bahamensis","Raja bahamensis","Raja bahamensis","accepted","Species","Elasmobranchii","Rajiformes","Rajidae","Raja"
"Raja montagui","Raja montagui","Raja montagui","accepted","Species","Elasmobranchii","Rajiformes","Rajidae","Raja"
"Raja brachyura","Raja brachyura","Raja brachyura","accepted","Species","Elasmobranchii","Rajiformes","Rajidae","Raja"
"Raja chinensis","Raja chinensis","Dipturus chinensis","unaccepted","Species","Elasmobranchii","Rajiformes","Rajidae","Raja"
"Raja rondeleti","Raja rondeleti","Raja rondeleti","accepted","Species","Elasmobranchii","Rajiformes","Rajidae","Raja"
"Raja ackleyi","Raja ackleyi","Rostroraja ackleyi","superseded combination","Species","Elasmobranchii","Rajiformes","Rajidae","Raja"
"Raja macrorynchus","Raja macrorynchus","Dipturus batis","unaccepted","Species","Elasmobranchii","Rajiformes","Rajidae","Raja"
"Raja microocellata","Raja microocellata","Raja microocellata","accepted","Species","Elasmobranchii","Rajiformes","Rajidae","Raja"
"Okamejei leptoura","Okamejei leptoura","Okamejei leptoura","accepted","Species","Elasmobranchii","Rajiformes","Rajidae","Okamejei"
"Okamejei meerdervoortii","Okamejei meerdervoortii","Okamejei meerdervoortii","accepted","Species","Elasmobranchii","Rajiformes","Rajidae","Okamejei"
"Okamejei mengae","Okamejei mengae","Okamejei mengae","accepted","Species","Elasmobranchii","Rajiformes","Rajidae","Okamejei"
"Okamejei powelli","Okamejei powelli","Orbiraja powelli","unaccepted","Species","Elasmobranchii","Rajiformes","Rajidae","Okamejei"
"Okamejei acutispina","Okamejei acutispina","Okamejei acutispina","accepted","Species","Elasmobranchii","Rajiformes","Rajidae","Okamejei"
"Okamejei porosa",NA,NA,NA,NA,NA,NA,NA,NA
"Okamejei heemstrai","Okamejei heemstrai","Okamejei heemstrai","accepted","Species","Elasmobranchii","Rajiformes","Rajidae","Okamejei"
"Okamejei pita","Okamejei pita","Raja pita","unaccepted","Species","Elasmobranchii","Rajiformes","Rajidae","Okamejei"
"Okamejei philipi","Okamejei philipi","Orbiraja philipi","superseded combination","Species","Elasmobranchii","Rajiformes","Rajidae","Okamejei"
"Okamejei kenojei","Okamejei kenojei","Okamejei kenojei","accepted","Species","Elasmobranchii","Rajiformes","Rajidae","Okamejei"
"Okamejei boesemani","Okamejei boesemani","Okamejei boesemani","accepted","Species","Elasmobranchii","Rajiformes","Rajidae","Okamejei"
"Okamejei cairae","Okamejei cairae","Okamejei cairae","accepted","Species","Elasmobranchii","Rajiformes","Rajidae","Okamejei"
"Okamejei schmidti","Okamejei schmidti","Okamejei schmidti","accepted","Species","Elasmobranchii","Rajiformes","Rajidae","Okamejei"
"Okamejei arafurensis","Okamejei arafurensis","Okamejei arafurensis","accepted","Species","Elasmobranchii","Rajiformes","Rajidae","Okamejei"
"Okamejei hollandi","Okamejei hollandi","Okamejei hollandi","accepted","Species","Elasmobranchii","Rajiformes","Rajidae","Okamejei"
"Hongeo koreana","Hongeo koreana","Hongeo koreanus","unaccepted","Species","Elasmobranchii","Rajiformes","Rajidae","Hongeo"
"Beringraja binoculata","Beringraja binoculata","Beringraja binoculata","accepted","Species","Elasmobranchii","Rajiformes","Rajidae","Beringraja"
"Beringraja pulchra","Beringraja pulchra","Beringraja pulchra","accepted","Species","Elasmobranchii","Rajiformes","Rajidae","Beringraja"
"Raja stellulata","Raja stellulata","Caliraja stellulata","superseded combination","Species","Elasmobranchii","Rajiformes","Rajidae","Raja"
"Raja rhina","Raja rhina","Beringraja rhina","unaccepted","Species","Elasmobranchii","Rajiformes","Rajidae","Raja"
"Raja inornata","Raja inornata","Beringraja inornata","unaccepted","Species","Elasmobranchii","Rajiformes","Rajidae","Raja"
"Dipturus oculus","Dipturus oculus","Dentiraja oculus","unaccepted","Species","Elasmobranchii","Rajiformes","Rajidae","Dipturus"
"Dipturus melanospilus","Dipturus melanospilus","Dipturus melanospilus","accepted","Species","Elasmobranchii","Rajiformes","Rajidae","Dipturus"
"Dipturus pullopunctata","Dipturus pullopunctata","Dipturus pullopunctatus","unaccepted","Species","Elasmobranchii","Rajiformes","Rajidae","Dipturus"
"Dipturus olseni","Dipturus olseni","Dipturus olseni","accepted","Species","Elasmobranchii","Rajiformes","Rajidae","Dipturus"
"Dipturus flavirostris","Dipturus flavirostris","Dipturus flavirostris","accepted","Species","Elasmobranchii","Rajiformes","Rajidae","Dipturus"
"Dipturus oregoni","Dipturus oregoni","Dipturus oregoni","accepted","Species","Elasmobranchii","Rajiformes","Rajidae","Dipturus"
"Dipturus bullisi","Dipturus bullisi","Dipturus bullisi","accepted","Species","Elasmobranchii","Rajiformes","Rajidae","Dipturus"
"Dipturus garricki","Dipturus garricki","Dipturus garricki","accepted","Species","Elasmobranchii","Rajiformes","Rajidae","Dipturus"
"Dipturus springeri","Dipturus springeri","Dipturus springeri","accepted","Species","Elasmobranchii","Rajiformes","Rajidae","Dipturus"
"Dipturus queenslandicus","Dipturus queenslandicus","Dipturus queenslandicus","accepted","Species","Elasmobranchii","Rajiformes","Rajidae","Dipturus"
"Dipturus gigas","Dipturus gigas","Dipturus gigas","accepted","Species","Elasmobranchii","Rajiformes","Rajidae","Dipturus"
"Dipturus grahami","Dipturus grahami","Dipturus grahamorum","unaccepted","Species","Elasmobranchii","Rajiformes","Rajidae","Dipturus"
"Dipturus stenorhynchus","Dipturus stenorhynchus","Dipturus stenorhynchus","accepted","Species","Elasmobranchii","Rajiformes","Rajidae","Dipturus"
"Dipturus nidarosiensis","Dipturus nidarosiensis","Dipturus nidarosiensis","accepted","Species","Elasmobranchii","Rajiformes","Rajidae","Dipturus"
"Spiniraja whitleyi","Spiniraja whitleyi","Spiniraja whitleyi","accepted","Species","Elasmobranchii","Rajiformes","Rajidae","Spiniraja"
"Dipturus polyommata","Dipturus polyommata","Dentiraja polyommata","unaccepted","Species","Elasmobranchii","Rajiformes","Rajidae","Dipturus"
"Dipturus endeavouri","Dipturus endeavouri","Dentiraja endeavouri","unaccepted","Species","Elasmobranchii","Rajiformes","Rajidae","Dipturus"
"Zearaja chilensis","Zearaja chilensis","Dipturus chilensis","unaccepted","Species","Elasmobranchii","Rajiformes","Rajidae","Zearaja"
"Zearaja nasuta","Zearaja nasuta","Dipturus nasutus","unaccepted","Species","Elasmobranchii","Rajiformes","Rajidae","Zearaja"
"Zearaja argentinensis",NA,NA,NA,NA,NA,NA,NA,NA
"Zearaja maugeana","Zearaja maugeana","Dipturus maugeanus","unaccepted","Species","Elasmobranchii","Rajiformes","Rajidae","Zearaja"
"Dipturus trachydermus","Dipturus trachydermus","Dipturus trachyderma","unaccepted","Species","Elasmobranchii","Rajiformes","Rajidae","Dipturus"
"Dipturus leptocaudus","Dipturus leptocaudus","Dipturus leptocauda","unaccepted","Species","Elasmobranchii","Rajiformes","Rajidae","Dipturus"
"Dipturus gudgeri","Dipturus gudgeri","Dipturus gudgeri","accepted","Species","Elasmobranchii","Rajiformes","Rajidae","Dipturus"
"Dipturus innominatus","Dipturus innominatus","Dipturus innominatus","accepted","Species","Elasmobranchii","Rajiformes","Rajidae","Dipturus"
"Dipturus confusus","Dipturus confusus","Dentiraja confusa","unaccepted","Species","Elasmobranchii","Rajiformes","Rajidae","Dipturus"
"Dipturus australis","Dipturus australis","Dentiraja australis","unaccepted","Species","Elasmobranchii","Rajiformes","Rajidae","Dipturus"
"Dipturus cerva","Dipturus cerva","Dentiraja cerva","unaccepted","Species","Elasmobranchii","Rajiformes","Rajidae","Dipturus"
"Dipturus canutus","Dipturus canutus","Dipturus canutus","accepted","Species","Elasmobranchii","Rajiformes","Rajidae","Dipturus"
"Dentiraja lemprieri","Dentiraja lemprieri","Dentiraja lemprieri","accepted","Species","Elasmobranchii","Rajiformes","Rajidae","Dentiraja"
"Dentiraja flindersi","Dentiraja flindersi","Dentiraja flindersi","accepted","Species","Elasmobranchii","Rajiformes","Rajidae","Dentiraja"
"Dipturus johannisdavesi","Dipturus johannisdavesi","Dipturus johannisdavisi","unaccepted","Species","Elasmobranchii","Rajiformes","Rajidae","Dipturus"
"Dipturus lanceorostratus","Dipturus lanceorostratus","Dipturus lanceorostratus","accepted","Species","Elasmobranchii","Rajiformes","Rajidae","Dipturus"
"Dipturus mennii","Dipturus mennii","Dipturus mennii","accepted","Species","Elasmobranchii","Rajiformes","Rajidae","Dipturus"
"Dipturus crosnieri","Dipturus crosnieri","Dipturus crosnieri","accepted","Species","Elasmobranchii","Rajiformes","Rajidae","Dipturus"
"Dipturus healdi","Dipturus healdi","Dentiraja healdi","unaccepted","Species","Elasmobranchii","Rajiformes","Rajidae","Dipturus"
"Dipturus teevani","Dipturus teevani","Dipturus teevani","accepted","Species","Elasmobranchii","Rajiformes","Rajidae","Dipturus"
"Dipturus wengi","Dipturus wengi","Dipturus wengi","accepted","Species","Elasmobranchii","Rajiformes","Rajidae","Dipturus"
"Dipturus falloargus","Dipturus falloargus","Dentiraja falloargus","unaccepted","Species","Elasmobranchii","Rajiformes","Rajidae","Dipturus"
"Dipturus wuhanlingi","Dipturus wuhanlingi","Dipturus wuhanlingi","accepted","Species","Elasmobranchii","Rajiformes","Rajidae","Dipturus"
"Dipturus macrocauda","Dipturus macrocauda","Dipturus macrocauda","accepted","Species","Elasmobranchii","Rajiformes","Rajidae","Dipturus"
"Dipturus tengu","Dipturus tengu","Dipturus tengu","accepted","Species","Elasmobranchii","Rajiformes","Rajidae","Dipturus"
"Dipturus apricus","Dipturus apricus","Dipturus apricus","accepted","Species","Elasmobranchii","Rajiformes","Rajidae","Dipturus"
"Dipturus batis","Dipturus batis","Dipturus batis","accepted","Species","Elasmobranchii","Rajiformes","Rajidae","Dipturus"
"Dipturus oxyrinchus","Dipturus oxyrinchus","Dipturus oxyrinchus","accepted","Species","Elasmobranchii","Rajiformes","Rajidae","Dipturus"
"Dipturus acrobelus","Dipturus acrobelus","Dipturus acrobelus","accepted","Species","Elasmobranchii","Rajiformes","Rajidae","Dipturus"
"Dipturus ecuadoriensis","Dipturus ecuadoriensis","Dipturus ecuadoriensis","accepted","Species","Elasmobranchii","Rajiformes","Rajidae","Dipturus"
"Dipturus intermedia",NA,NA,NA,NA,NA,NA,NA,NA
"Dipturus laevis","Dipturus laevis","Dipturus laevis","accepted","Species","Elasmobranchii","Rajiformes","Rajidae","Dipturus"
"Dipturus campbelli","Dipturus campbelli","Dipturus campbelli","accepted","Species","Elasmobranchii","Rajiformes","Rajidae","Dipturus"
"Dipturus doutrei","Dipturus doutrei","Dipturus doutrei","accepted","Species","Elasmobranchii","Rajiformes","Rajidae","Dipturus"
"Dipturus kwangtungensis","Dipturus kwangtungensis","Dipturus kwangtungensis","accepted","Species","Elasmobranchii","Rajiformes","Rajidae","Dipturus"
"Gurgesiella dorsalifera","Gurgesiella dorsalifera","Gurgesiella dorsalifera","accepted","Species","Elasmobranchii","Rajiformes","Gurgesiellidae","Gurgesiella"
"Gurgesiella atlantica","Gurgesiella atlantica","Gurgesiella atlantica","accepted","Species","Elasmobranchii","Rajiformes","Gurgesiellidae","Gurgesiella"
"Gurgesiella furvescens","Gurgesiella furvescens","Gurgesiella furvescens","accepted","Species","Elasmobranchii","Rajiformes","Gurgesiellidae","Gurgesiella"
"Okamejei jensenae","Okamejei jensenae","Orbiraja jensenae","unaccepted","Species","Elasmobranchii","Rajiformes","Rajidae","Okamejei"
"Raja velezi","Raja velezi","Rostroraja velezi","unaccepted","Species","Elasmobranchii","Rajiformes","Rajidae","Raja"
"Raja eglanteria","Raja eglanteria","Rostroraja eglanteria","unaccepted","Species","Elasmobranchii","Rajiformes","Rajidae","Raja"
"Rostroraja alba","Rostroraja alba","Rostroraja alba","accepted","Species","Elasmobranchii","Rajiformes","Rajidae","Rostroraja"
"Leucoraja ocellata","Leucoraja ocellata","Leucoraja ocellata","accepted","Species","Elasmobranchii","Rajiformes","Rajidae","Leucoraja"
"Leucoraja yucatanensis","Leucoraja yucatanensis","Leucoraja yucatanensis","accepted","Species","Elasmobranchii","Rajiformes","Rajidae","Leucoraja"
"Leucoraja leucosticta","Leucoraja leucosticta","Leucoraja leucosticta","accepted","Species","Elasmobranchii","Rajiformes","Rajidae","Leucoraja"
"Leucoraja virginica","Leucoraja virginica","Leucoraja virginica","accepted","Species","Elasmobranchii","Rajiformes","Rajidae","Leucoraja"
"Leucoraja erinacea","Leucoraja erinacea","Leucoraja erinaceus","unaccepted","Species","Elasmobranchii","Rajiformes","Rajidae","Leucoraja"
"Leucoraja garmani","Leucoraja garmani","Leucoraja garmani","accepted","Species","Elasmobranchii","Rajiformes","Rajidae","Leucoraja"
"Leucoraja lentiginosa","Leucoraja lentiginosa","Leucoraja lentiginosa","accepted","Species","Elasmobranchii","Rajiformes","Rajidae","Leucoraja"
"Leucoraja compagnoi","Leucoraja compagnoi","Leucoraja compagnoi","accepted","Species","Elasmobranchii","Rajiformes","Rajidae","Leucoraja"
"Rajella bathyphila","Rajella bathyphila","Rajella bathyphila","accepted","Species","Elasmobranchii","Rajiformes","Rajidae","Rajella"
"Rajella leopardus","Rajella leopardus","Rajella leopardus","accepted","Species","Elasmobranchii","Rajiformes","Rajidae","Rajella"
"Rajella purpuriventralis","Rajella purpuriventralis","Rajella purpuriventralis","accepted","Species","Elasmobranchii","Rajiformes","Rajidae","Rajella"
"Rajella dissimilis","Rajella dissimilis","Rajella dissimilis","accepted","Species","Elasmobranchii","Rajiformes","Rajidae","Rajella"
"Rajella ravidula","Rajella ravidula","Rajella ravidula","accepted","Species","Elasmobranchii","Rajiformes","Rajidae","Rajella"
"Rajella lintea","Rajella lintea","Rajella lintea","accepted","Species","Elasmobranchii","Rajiformes","Rajidae","Rajella"
"Rajella nigerrima","Rajella nigerrima","Rajella nigerrima","accepted","Species","Elasmobranchii","Rajiformes","Rajidae","Rajella"
"Rajella kukujevi","Rajella kukujevi","Rajella kukujevi","accepted","Species","Elasmobranchii","Rajiformes","Rajidae","Rajella"
"Rajella fuliginea","Rajella fuliginea","Rajella fuliginea","accepted","Species","Elasmobranchii","Rajiformes","Rajidae","Rajella"
"Rajella alia",NA,NA,NA,NA,NA,NA,NA,NA
"Rajella sadowskii","Rajella sadowskii","Rajella sadowskii","accepted","Species","Elasmobranchii","Rajiformes","Rajidae","Rajella"
"Rajella annandalei","Rajella annandalei","Rajella annandalei","accepted","Species","Elasmobranchii","Rajiformes","Rajidae","Rajella"
"Rajella barnardi","Rajella barnardi","Rajella barnardi","accepted","Species","Elasmobranchii","Rajiformes","Rajidae","Rajella"
"Rajella challengeri","Rajella challengeri","Rajella challengeri","accepted","Species","Elasmobranchii","Rajiformes","Rajidae","Rajella"
"Rajella bigelowi","Rajella bigelowi","Rajella bigelowi","accepted","Species","Elasmobranchii","Rajiformes","Rajidae","Rajella"
"Rajella eisenhardti","Rajella eisenhardti","Rajella eisenhardti","accepted","Species","Elasmobranchii","Rajiformes","Rajidae","Rajella"
"Rajella caudaspinosa","Rajella caudaspinosa","Rajella caudaspinosa","accepted","Species","Elasmobranchii","Rajiformes","Rajidae","Rajella"
"Rajella fyllae","Rajella fyllae","Rajella fyllae","accepted","Species","Elasmobranchii","Rajiformes","Rajidae","Rajella"
"Leucoraja caribbaea","Leucoraja caribbaea","Leucoraja caribbaea","accepted","Species","Elasmobranchii","Rajiformes","Rajidae","Leucoraja"
"Leucoraja pristispina","Leucoraja pristispina","Leucoraja pristispina","accepted","Species","Elasmobranchii","Rajiformes","Rajidae","Leucoraja"
"Amblyraja robertsi","Amblyraja robertsi","Amblyraja hyperborea","unaccepted","Species","Elasmobranchii","Rajiformes","Rajidae","Amblyraja"
"Amblyraja taaf","Amblyraja taaf","Amblyraja taaf","accepted","Species","Elasmobranchii","Rajiformes","Rajidae","Amblyraja"
"Amblyraja georgiana","Amblyraja georgiana","Amblyraja georgiana","accepted","Species","Elasmobranchii","Rajiformes","Rajidae","Amblyraja"
"Amblyraja frerichsi","Amblyraja frerichsi","Amblyraja frerichsi","accepted","Species","Elasmobranchii","Rajiformes","Rajidae","Amblyraja"
"Amblyraja doellojuradoi","Amblyraja doellojuradoi","Amblyraja doellojuradoi","accepted","Species","Elasmobranchii","Rajiformes","Rajidae","Amblyraja"
"Amblyraja reversa","Amblyraja reversa","Amblyraja reversa","accepted","Species","Elasmobranchii","Rajiformes","Rajidae","Amblyraja"
"Amblyraja hyperborea","Amblyraja hyperborea","Amblyraja hyperborea","accepted","Species","Elasmobranchii","Rajiformes","Rajidae","Amblyraja"
"Amblyraja jenseni","Amblyraja jenseni","Amblyraja jenseni","accepted","Species","Elasmobranchii","Rajiformes","Rajidae","Amblyraja"
"Amblyraja badia","Amblyraja badia","Amblyraja hyperborea","junior subjective synonym","Species","Elasmobranchii","Rajiformes","Rajidae","Amblyraja"
"Amblyraja radiata","Amblyraja radiata","Amblyraja radiata","accepted","Species","Elasmobranchii","Rajiformes","Rajidae","Amblyraja"
"Leucoraja circularis","Leucoraja circularis","Leucoraja circularis","accepted","Species","Elasmobranchii","Rajiformes","Rajidae","Leucoraja"
"Leucoraja naevus","Leucoraja naevus","Leucoraja naevus","accepted","Species","Elasmobranchii","Rajiformes","Rajidae","Leucoraja"
"Leucoraja wallacei","Leucoraja wallacei","Leucoraja wallacei","accepted","Species","Elasmobranchii","Rajiformes","Rajidae","Leucoraja"
"Leucoraja fullonica","Leucoraja fullonica","Leucoraja fullonica","accepted","Species","Elasmobranchii","Rajiformes","Rajidae","Leucoraja"
"Leucoraja melitensis","Leucoraja melitensis","Leucoraja melitensis","accepted","Species","Elasmobranchii","Rajiformes","Rajidae","Leucoraja"
"Malacoraja kreffti","Malacoraja kreffti","Malacoraja kreffti","accepted","Species","Elasmobranchii","Rajiformes","Rajidae","Malacoraja"
"Malacoraja spinacidermis","Malacoraja spinacidermis","Malacoraja spinacidermis","accepted","Species","Elasmobranchii","Rajiformes","Rajidae","Malacoraja"
"Malacoraja obscura","Malacoraja obscura","Malacoraja obscura","accepted","Species","Elasmobranchii","Rajiformes","Rajidae","Malacoraja"
"Malacoraja senta","Malacoraja senta","Malacoraja senta","accepted","Species","Elasmobranchii","Rajiformes","Rajidae","Malacoraja"
"Dactylobatus armatus","Dactylobatus armatus","Dactylobatus armatus","accepted","Species","Elasmobranchii","Rajiformes","Rajidae","Dactylobatus"
"Dactylobatus clarkii","Dactylobatus clarkii","Dactylobatus clarkii","accepted","Species","Elasmobranchii","Rajiformes","Rajidae","Dactylobatus"
"Neoraja stehmanni","Neoraja stehmanni","Neoraja stehmanni","accepted","Species","Elasmobranchii","Rajiformes","Rajidae","Neoraja"
"Neoraja carolinensis","Neoraja carolinensis","Neoraja carolinensis","accepted","Species","Elasmobranchii","Rajiformes","Rajidae","Neoraja"
"Neoraja africana","Neoraja africana","Neoraja africana","accepted","Species","Elasmobranchii","Rajiformes","Rajidae","Neoraja"
"Neoraja iberica","Neoraja iberica","Neoraja iberica","accepted","Species","Elasmobranchii","Rajiformes","Rajidae","Neoraja"
"Neoraja caerulea","Neoraja caerulea","Neoraja caerulea","accepted","Species","Elasmobranchii","Rajiformes","Rajidae","Neoraja"
"Fenestraja cubensis","Fenestraja cubensis","Fenestraja cubensis","accepted","Species","Elasmobranchii","Rajiformes","Gurgesiellidae","Fenestraja"
"Fenestraja sinusmexicanus","Fenestraja sinusmexicanus","Fenestraja sinusmexicanus","accepted","Species","Elasmobranchii","Rajiformes","Gurgesiellidae","Fenestraja"
"Fenestraja maceachrani","Fenestraja maceachrani","Fenestraja maceachrani","accepted","Species","Elasmobranchii","Rajiformes","Gurgesiellidae","Fenestraja"
"Fenestraja mamillidens","Fenestraja mamillidens","Fenestraja mamillidens","accepted","Species","Elasmobranchii","Rajiformes","Gurgesiellidae","Fenestraja"
"Fenestraja ishiyamai","Fenestraja ishiyamai","Fenestraja ishiyamai","accepted","Species","Elasmobranchii","Rajiformes","Gurgesiellidae","Fenestraja"
"Fenestraja plutonia","Fenestraja plutonia","Fenestraja plutonia","accepted","Species","Elasmobranchii","Rajiformes","Gurgesiellidae","Fenestraja"
"Fenestraja atripinna","Fenestraja atripinna","Fenestraja atripinna","accepted","Species","Elasmobranchii","Rajiformes","Gurgesiellidae","Fenestraja"
"Fenestraja sibogae","Fenestraja sibogae","Fenestraja sibogae","accepted","Species","Elasmobranchii","Rajiformes","Gurgesiellidae","Fenestraja"
"Breviraja colesi","Breviraja colesi","Breviraja colesi","accepted","Species","Elasmobranchii","Rajiformes","Rajidae","Breviraja"
"Breviraja claramaculata","Breviraja claramaculata","Breviraja claramaculata","accepted","Species","Elasmobranchii","Rajiformes","Rajidae","Breviraja"
"Breviraja spinosa","Breviraja spinosa","Breviraja spinosa","accepted","Species","Elasmobranchii","Rajiformes","Rajidae","Breviraja"
"Breviraja nigriventralis","Breviraja nigriventralis","Breviraja nigriventralis","accepted","Species","Elasmobranchii","Rajiformes","Rajidae","Breviraja"
"Platyrhinoidis triseriata","Platyrhinoidis triseriata","Platyrhinoidis triseriata","accepted","Species","Elasmobranchii","Torpediniformes","Platyrhinidae","Platyrhinoidis"
"Platyrhina sinensis","Platyrhina sinensis","Platyrhina sinensis","accepted","Species","Elasmobranchii","Torpediniformes","Platyrhinidae","Platyrhina"
"Platyrhina tangi","Platyrhina tangi","Platyrhina tangi","accepted","Species","Elasmobranchii","Torpediniformes","Platyrhinidae","Platyrhina"
"Platyrhina hyugaensis","Platyrhina hyugaensis","Platyrhina hyugaensis","accepted","Species","Elasmobranchii","Torpediniformes","Platyrhinidae","Platyrhina"
"Hypnos monopterygius","Hypnos monopterygius","Hypnos monopterygius","accepted","Species","Elasmobranchii","Torpediniformes","Hypnidae","Hypnos"
"Narcine nelsoni","Narcine nelsoni","Narcinops nelsoni","unaccepted","Species","Elasmobranchii","Torpediniformes","Narcinidae","Narcine"
"Narcine insolita","Narcine insolita","Narcine insolita","accepted","Species","Elasmobranchii","Torpediniformes","Narcinidae","Narcine"
"Narcine brunnea","Narcine brunnea","Narcine brunnea","accepted","Species","Elasmobranchii","Torpediniformes","Narcinidae","Narcine"
"Narcine nigra",NA,NA,NA,NA,NA,NA,NA,NA
"Narcine lingula","Narcine lingula","Narcine lingula","accepted","Species","Elasmobranchii","Torpediniformes","Narcinidae","Narcine"
"Narcine timlei","Narcine timlei","Narcine timlei","accepted","Species","Elasmobranchii","Torpediniformes","Narcinidae","Narcine"
"Narcine bancroftii","Narcine bancroftii","Narcine bancroftii","accepted","Species","Elasmobranchii","Torpediniformes","Narcinidae","Narcine"
"Narcine ornata","Narcine ornata","Narcinops ornatus","unaccepted","Species","Elasmobranchii","Torpediniformes","Narcinidae","Narcine"
"Narcine firma","Narcine firma","Narcine maculata","unaccepted","Species","Elasmobranchii","Torpediniformes","Narcinidae","Narcine"
"Narcine maculata","Narcine maculata","Narcine maculata","accepted","Species","Elasmobranchii","Torpediniformes","Narcinidae","Narcine"
"Narcine rierai","Narcine rierai","Narcine rierai","accepted","Species","Elasmobranchii","Torpediniformes","Narcinidae","Narcine"
"Narcine brevilabiata","Narcine brevilabiata","Narcine brevilabiata","accepted","Species","Elasmobranchii","Torpediniformes","Narcinidae","Narcine"
"Narcine oculifera","Narcine oculifera","Narcine oculifera","accepted","Species","Elasmobranchii","Torpediniformes","Narcinidae","Narcine"
"Narcine atzi","Narcine atzi","Narcine atzi","accepted","Species","Elasmobranchii","Torpediniformes","Narcinidae","Narcine"
"Narcine brasiliensis","Narcine brasiliensis","Narcine brasiliensis","accepted","Species","Elasmobranchii","Torpediniformes","Narcinidae","Narcine"
"Narcine vermiculatus","Narcine vermiculatus","Narcine vermiculata","unaccepted","Species","Elasmobranchii","Torpediniformes","Narcinidae","Narcine"
"Narcine prodorsalis","Narcine prodorsalis","Narcine prodorsalis","accepted","Species","Elasmobranchii","Torpediniformes","Narcinidae","Narcine"
"Narcine bicolor",NA,NA,NA,NA,NA,NA,NA,NA
"Narcine entemedor","Narcine entemedor","Narcine entemedor","accepted","Species","Elasmobranchii","Torpediniformes","Narcinidae","Narcine"
"Narcine leoparda","Narcine leoparda","Narcine leoparda","accepted","Species","Elasmobranchii","Torpediniformes","Narcinidae","Narcine"
"Diplobatis ommata","Diplobatis ommata","Diplobatis ommata","accepted","Species","Elasmobranchii","Torpediniformes","Narcinidae","Diplobatis"
"Diplobatis pictus","Diplobatis pictus","Diplobatis picta","unaccepted","Species","Elasmobranchii","Torpediniformes","Narcinidae","Diplobatis"
"Diplobatis colombiensis","Diplobatis colombiensis","Diplobatis colombiensis","accepted","Species","Elasmobranchii","Torpediniformes","Narcinidae","Diplobatis"
"Diplobatis guamachensis","Diplobatis guamachensis","Diplobatis guamachensis","accepted","Species","Elasmobranchii","Torpediniformes","Narcinidae","Diplobatis"
"Discopyge castelloi","Discopyge castelloi","Discopyge castelloi","accepted","Species","Elasmobranchii","Torpediniformes","Narcinidae","Discopyge"
"Discopyge tschudii","Discopyge tschudii","Discopyge tschudii","accepted","Species","Elasmobranchii","Torpediniformes","Narcinidae","Discopyge"
"Torpedo mackayana","Torpedo mackayana","Torpedo mackayana","accepted","Species","Elasmobranchii","Torpediniformes","Torpedinidae","Torpedo"
"Torpedo tokionis","Torpedo tokionis","Tetronarce tokionis","unaccepted","Species","Elasmobranchii","Torpediniformes","Torpedinidae","Torpedo"
"Torpedo torpedo","Torpedo torpedo","Torpedo torpedo","accepted","Species","Elasmobranchii","Torpediniformes","Torpedinidae","Torpedo"
"Torpedo fuscomaculata","Torpedo fuscomaculata","Torpedo fuscomaculata","accepted","Species","Elasmobranchii","Torpediniformes","Torpedinidae","Torpedo"
"Torpedo zugmayeri","Torpedo zugmayeri","Torpedo sinuspersici","unaccepted","Species","Elasmobranchii","Torpediniformes","Torpedinidae","Torpedo"
"Torpedo marmorata","Torpedo marmorata","Torpedo marmorata","accepted","Species","Elasmobranchii","Torpediniformes","Torpedinidae","Torpedo"
"Torpedo andersoni","Torpedo andersoni","Torpedo andersoni","accepted","Species","Elasmobranchii","Torpediniformes","Torpedinidae","Torpedo"
"Torpedo sinuspersici","Torpedo sinuspersici","Torpedo sinuspersici","accepted","Species","Elasmobranchii","Torpediniformes","Torpedinidae","Torpedo"
"Torpedo tremens","Torpedo tremens","Tetronarce tremens","unaccepted","Species","Elasmobranchii","Torpediniformes","Torpedinidae","Torpedo"
"Torpedo fairchildi","Torpedo fairchildi","Tetronarce fairchildi","unaccepted","Species","Elasmobranchii","Torpediniformes","Torpedinidae","Torpedo"
"Torpedo alexandrinsis","Torpedo alexandrinsis","Torpedo alexandrinsis","accepted","Species","Elasmobranchii","Torpediniformes","Torpedinidae","Torpedo"
"Torpedo microdiscus","Torpedo microdiscus","Tetronarce microdiscus","unaccepted","Species","Elasmobranchii","Torpediniformes","Torpedinidae","Torpedo"
"Torpedo californica","Torpedo californica","Tetronarce californica","unaccepted","Species","Elasmobranchii","Torpediniformes","Torpedinidae","Torpedo"
"Torpedo puelcha","Torpedo puelcha","Tetronarce puelcha","unaccepted","Species","Elasmobranchii","Torpediniformes","Torpedinidae","Torpedo"
"Torpedo formosa","Torpedo formosa","Tetronarce formosa","unaccepted","Species","Elasmobranchii","Torpediniformes","Torpedinidae","Torpedo"
"Torpedo adenensis","Torpedo adenensis","Torpedo adenensis","accepted","Species","Elasmobranchii","Torpediniformes","Torpedinidae","Torpedo"
"Torpedo macneilli","Torpedo macneilli","Tetronarce macneilli","unaccepted","Species","Elasmobranchii","Torpediniformes","Torpedinidae","Torpedo"
"Torpedo nobiliana","Torpedo nobiliana","Tetronarce nobiliana","unaccepted","Species","Elasmobranchii","Torpediniformes","Torpedinidae","Torpedo"
"Torpedo polleni","Torpedo polleni","Torpedo fuscomaculata","unaccepted","Species","Elasmobranchii","Torpediniformes","Torpedinidae","Torpedo"
"Torpedo semipelagica","Torpedo semipelagica","Tetronarce semipelagica","unaccepted","Species","Elasmobranchii","Torpediniformes","Torpedinidae","Torpedo"
"Torpedo peruana","Torpedo peruana","Tetronarce peruana","unaccepted","Species","Elasmobranchii","Torpediniformes","Torpedinidae","Torpedo"
"Torpedo panthera","Torpedo panthera","Torpedo panthera","accepted","Species","Elasmobranchii","Torpediniformes","Torpedinidae","Torpedo"
"Torpedo suessii","Torpedo suessii","Torpedo suessii","accepted","Species","Elasmobranchii","Torpediniformes","Torpedinidae","Torpedo"
"Torpedo bauchotae","Torpedo bauchotae","Torpedo bauchotae","accepted","Species","Elasmobranchii","Torpediniformes","Torpedinidae","Torpedo"
"Heteronarce bentuviai","Heteronarce bentuviai","Heteronarce bentuviai","accepted","Species","Elasmobranchii","Torpediniformes","Narkidae","Heteronarce"
"Heteronarce mollis","Heteronarce mollis","Heteronarce mollis","accepted","Species","Elasmobranchii","Torpediniformes","Narkidae","Heteronarce"
"Heteronarce prabhui","Heteronarce prabhui","Heteronarce prabhui","accepted","Species","Elasmobranchii","Torpediniformes","Narkidae","Heteronarce"
"Heteronarce garmani","Heteronarce garmani","Heteronarce garmani","accepted","Species","Elasmobranchii","Torpediniformes","Narkidae","Heteronarce"
"Crassinarke dormitor","Crassinarke dormitor","Crassinarke dormitor","accepted","Species","Elasmobranchii","Torpediniformes","Narkidae","Crassinarke"
"Electrolux addisoni","Electrolux addisoni","Electrolux addisoni","accepted","Species","Elasmobranchii","Torpediniformes","Narkidae","Electrolux"
"Narke dipterygia","Narke dipterygia","Narke dipterygia","accepted","Species","Elasmobranchii","Torpediniformes","Narkidae","Narke"
"Narke capensis","Narke capensis","Narke capensis","accepted","Species","Elasmobranchii","Torpediniformes","Narkidae","Narke"
"Narke japonica","Narke japonica","Narke japonica","accepted","Species","Elasmobranchii","Torpediniformes","Narkidae","Narke"
"Temera hardwickii","Temera hardwickii","Temera hardwickii","accepted","Species","Elasmobranchii","Torpediniformes","Narkidae","Temera"
"Typhlonarke aysoni","Typhlonarke aysoni","Typhlonarke aysoni","accepted","Species","Elasmobranchii","Torpediniformes","Narkidae","Typhlonarke"
"Typhlonarke tarakea","Typhlonarke tarakea","Typhlonarke tarakea","accepted","Species","Elasmobranchii","Torpediniformes","Narkidae","Typhlonarke"
"Benthobatis marcida","Benthobatis marcida","Benthobatis marcida","accepted","Species","Elasmobranchii","Torpediniformes","Narcinidae","Benthobatis"
"Benthobatis moresbyi","Benthobatis moresbyi","Benthobatis moresbyi","accepted","Species","Elasmobranchii","Torpediniformes","Narcinidae","Benthobatis"
"Benthobatis kreffti","Benthobatis kreffti","Benthobatis kreffti","accepted","Species","Elasmobranchii","Torpediniformes","Narcinidae","Benthobatis"
"Benthobatis yangi","Benthobatis yangi","Benthobatis yangi","accepted","Species","Elasmobranchii","Torpediniformes","Narcinidae","Benthobatis"
"Narcine westraliensis","Narcine westraliensis","Narcinops westraliensis","unaccepted","Species","Elasmobranchii","Torpediniformes","Narcinidae","Narcine"
"Narcine lasti","Narcine lasti","Narcinops lasti","unaccepted","Species","Elasmobranchii","Torpediniformes","Narcinidae","Narcine"
"Narcine tasmaniensis","Narcine tasmaniensis","Narcinops tasmaniensis","unaccepted","Species","Elasmobranchii","Torpediniformes","Narcinidae","Narcine"
"Trygonorrhina dumerilii","Trygonorrhina dumerilii","Trygonorrhina dumerilii","accepted","Species","Elasmobranchii","Rhinopristiformes","Trygonorrhinidae","Trygonorrhina"
"Trygonorrhina fasciata","Trygonorrhina fasciata","Trygonorrhina fasciata","accepted","Species","Elasmobranchii","Rhinopristiformes","Trygonorrhinidae","Trygonorrhina"
"Trygonorrhina melaleuca","Trygonorrhina melaleuca","Trygonorrhina dumerilii","unaccepted","Species","Elasmobranchii","Rhinopristiformes","Trygonorrhinidae","Trygonorrhina"
"Zapteryx brevirostris","Zapteryx brevirostris","Zapteryx brevirostris","accepted","Species","Elasmobranchii","Rhinopristiformes","Trygonorrhinidae","Zapteryx"
"Zapteryx xyster","Zapteryx xyster","Zapteryx xyster","accepted","Species","Elasmobranchii","Rhinopristiformes","Trygonorrhinidae","Zapteryx"
"Zapteryx exasperata","Zapteryx exasperata","Zapteryx exasperata","accepted","Species","Elasmobranchii","Rhinopristiformes","Trygonorrhinidae","Zapteryx"
"Aptychotrema timorensis","Aptychotrema timorensis","Aptychotrema timorensis","accepted","Species","Elasmobranchii","Rhinopristiformes","Trygonorrhinidae","Aptychotrema"
"Aptychotrema rostrata","Aptychotrema rostrata","Aptychotrema rostrata","accepted","Species","Elasmobranchii","Rhinopristiformes","Trygonorrhinidae","Aptychotrema"
"Aptychotrema vincentiana","Aptychotrema vincentiana","Aptychotrema vincentiana","accepted","Species","Elasmobranchii","Rhinopristiformes","Trygonorrhinidae","Aptychotrema"
"Rhina ancylostoma","Rhina ancylostoma","Rhina ancylostomus","unaccepted","Species","Elasmobranchii","Rhinopristiformes","Rhinidae","Rhina"
"Rhynchobatus palpebratus","Rhynchobatus palpebratus","Rhynchobatus palpebratus","accepted","Species","Elasmobranchii","Rhinopristiformes","Rhinidae","Rhynchobatus"
"Rhynchobatus laevis","Rhynchobatus laevis","Rhynchobatus laevis","accepted","Species","Elasmobranchii","Rhinopristiformes","Rhinidae","Rhynchobatus"
"Rhynchobatus springeri","Rhynchobatus springeri","Rhynchobatus springeri","accepted","Species","Elasmobranchii","Rhinopristiformes","Rhinidae","Rhynchobatus"
"Rhynchobatus djiddensis","Rhynchobatus djiddensis","Rhynchobatus djiddensis","accepted","Species","Elasmobranchii","Rhinopristiformes","Rhinidae","Rhynchobatus"
"Rhynchobatus australiae","Rhynchobatus australiae","Rhynchobatus australiae","accepted","Species","Elasmobranchii","Rhinopristiformes","Rhinidae","Rhynchobatus"
"Rhynchobatus luebberti","Rhynchobatus luebberti","Rhynchobatus luebberti","accepted","Species","Elasmobranchii","Rhinopristiformes","Rhinidae","Rhynchobatus"
"Glaucostegus cemiculus","Glaucostegus cemiculus","Glaucostegus cemiculus","accepted","Species","Elasmobranchii","Rhinopristiformes","Glaucostegidae","Glaucostegus"
"Glaucostegus granulatus","Glaucostegus granulatus","Glaucostegus granulatus","accepted","Species","Elasmobranchii","Rhinopristiformes","Glaucostegidae","Glaucostegus"
"Glaucostegus halavi","Glaucostegus halavi","Glaucostegus halavi","accepted","Species","Elasmobranchii","Rhinopristiformes","Glaucostegidae","Glaucostegus"
"Glaucostegus microphthalmus","Glaucostegus microphthalmus","Glaucostegus microphthalmus","accepted","Species","Elasmobranchii","Rhinopristiformes","Glaucostegidae","Glaucostegus"
"Glaucostegus thouin","Glaucostegus thouin","Glaucostegus thouin","accepted","Species","Elasmobranchii","Rhinopristiformes","Glaucostegidae","Glaucostegus"
"Glaucostegus obtusus","Glaucostegus obtusus","Glaucostegus obtusus","accepted","Species","Elasmobranchii","Rhinopristiformes","Glaucostegidae","Glaucostegus"
"Glaucostegus spinosus","Glaucostegus spinosus","Glaucostegus spinosus","accepted","Species","Elasmobranchii","Rhinopristiformes","Glaucostegidae","Glaucostegus"
"Glaucostegus typus","Glaucostegus typus","Glaucostegus typus","accepted","Species","Elasmobranchii","Rhinopristiformes","Glaucostegidae","Glaucostegus"
"Anoxypristis cuspidata","Anoxypristis cuspidata","Anoxypristis cuspidata","accepted","Species","Elasmobranchii","Rhinopristiformes","Pristidae","Anoxypristis"
"Pristis pristis","Pristis pristis","Pristis pristis","accepted","Species","Elasmobranchii","Rhinopristiformes","Pristidae","Pristis"
"Pristis clavata","Pristis clavata","Pristis clavata","accepted","Species","Elasmobranchii","Rhinopristiformes","Pristidae","Pristis"
"Pristis zijsron","Pristis zijsron","Pristis zijsron","accepted","Species","Elasmobranchii","Rhinopristiformes","Pristidae","Pristis"
"Pristis pectinata","Pristis pectinata","Pristis pectinata","accepted","Species","Elasmobranchii","Rhinopristiformes","Pristidae","Pristis"
"Rhinobatos irvinei","Rhinobatos irvinei","Rhinobatos irvinei","accepted","Species","Elasmobranchii","Rhinopristiformes","Rhinobatidae","Rhinobatos"
"Rhinobatos lentiginosus","Rhinobatos lentiginosus","Pseudobatos lentiginosus","unaccepted","Species","Elasmobranchii","Rhinopristiformes","Rhinobatidae","Rhinobatos"
"Acroteriobatus leucospilus","Acroteriobatus leucospilus","Acroteriobatus leucospilus","accepted","Species","Elasmobranchii","Rhinopristiformes","Rhinobatidae","Acroteriobatus"
"Rhinobatos horkelii","Rhinobatos horkelii","Pseudobatos horkelii","unaccepted","Species","Elasmobranchii","Rhinopristiformes","Rhinobatidae","Rhinobatos"
"Acroteriobatus zanzibarensis","Acroteriobatus zanzibarensis","Acroteriobatus zanzibarensis","accepted","Species","Elasmobranchii","Rhinopristiformes","Rhinobatidae","Acroteriobatus"
"Acroteriobatus ocellatus","Acroteriobatus ocellatus","Acroteriobatus ocellatus","accepted","Species","Elasmobranchii","Rhinopristiformes","Rhinobatidae","Acroteriobatus"
"Acroteriobatus salalah","Acroteriobatus salalah","Acroteriobatus salalah","accepted","Species","Elasmobranchii","Rhinopristiformes","Rhinobatidae","Acroteriobatus"
"Rhinobatos glaucostigma","Rhinobatos glaucostigma","Pseudobatos glaucostigma","superseded combination","Species","Elasmobranchii","Rhinopristiformes","Rhinobatidae","Rhinobatos"
"Rhinobatos albomaculatus","Rhinobatos albomaculatus","Rhinobatos albomaculatus","accepted","Species","Elasmobranchii","Rhinopristiformes","Rhinobatidae","Rhinobatos"
"Rhinobatos productus","Rhinobatos productus","Pseudobatos productus","unaccepted","Species","Elasmobranchii","Rhinopristiformes","Rhinobatidae","Rhinobatos"
"Rhinobatos leucorhynchus","Rhinobatos leucorhynchus","Pseudobatos leucorhynchus","unaccepted","Species","Elasmobranchii","Rhinopristiformes","Rhinobatidae","Rhinobatos"
"Rhinobatos planiceps","Rhinobatos planiceps","Pseudobatos planiceps","unaccepted","Species","Elasmobranchii","Rhinopristiformes","Rhinobatidae","Rhinobatos"
"Rhinobatos sainsburyi","Rhinobatos sainsburyi","Rhinobatos sainsburyi","accepted","Species","Elasmobranchii","Rhinopristiformes","Rhinobatidae","Rhinobatos"
"Rhinobatos percellens","Rhinobatos percellens","Pseudobatos percellens","unaccepted","Species","Elasmobranchii","Rhinopristiformes","Rhinobatidae","Rhinobatos"
"Acroteriobatus annulatus","Acroteriobatus annulatus","Acroteriobatus annulatus","accepted","Species","Elasmobranchii","Rhinopristiformes","Rhinobatidae","Acroteriobatus"
"Rhinobatos nudidorsalis","Rhinobatos nudidorsalis","Rhinobatos nudidorsalis","accepted","Species","Elasmobranchii","Rhinopristiformes","Rhinobatidae","Rhinobatos"
"Rhinobatos annandalei","Rhinobatos annandalei","Rhinobatos annandalei","accepted","Species","Elasmobranchii","Rhinopristiformes","Rhinobatidae","Rhinobatos"
"Acroteriobatus variegatus","Acroteriobatus variegatus","Acroteriobatus variegatus","accepted","Species","Elasmobranchii","Rhinopristiformes","Rhinobatidae","Acroteriobatus"
"Rhinobatos schlegelii","Rhinobatos schlegelii","Rhinobatos schlegelii","accepted","Species","Elasmobranchii","Rhinopristiformes","Rhinobatidae","Rhinobatos"
"Rhinobatos formosensis","Rhinobatos formosensis","Rhinobatos formosensis","accepted","Species","Elasmobranchii","Rhinopristiformes","Rhinobatidae","Rhinobatos"
"Rhinobatos hynnicephalus","Rhinobatos hynnicephalus","Rhinobatos hynnicephalus","accepted","Species","Elasmobranchii","Rhinopristiformes","Rhinobatidae","Rhinobatos"
"Rhinobatos punctifer","Rhinobatos punctifer","Rhinobatos punctifer","accepted","Species","Elasmobranchii","Rhinopristiformes","Rhinobatidae","Rhinobatos"
"Rhinobatos rhinobatos","Rhinobatos rhinobatos","Rhinobatos rhinobatos","accepted","Species","Elasmobranchii","Rhinopristiformes","Rhinobatidae","Rhinobatos"
"Rhinobatos prahli","Rhinobatos prahli","Pseudobatos prahli","unaccepted","Species","Elasmobranchii","Rhinopristiformes","Rhinobatidae","Rhinobatos"
"Acroteriobatus blochii","Acroteriobatus blochii","Acroteriobatus blochii","accepted","Species","Elasmobranchii","Rhinopristiformes","Rhinobatidae","Acroteriobatus"
"Rhinobatos lionotus","Rhinobatos lionotus","Rhinobatos lionotus","accepted","Species","Elasmobranchii","Rhinopristiformes","Rhinobatidae","Rhinobatos"
"Rhinobatos penggali","Rhinobatos penggali","Rhinobatos penggali","accepted","Species","Elasmobranchii","Rhinopristiformes","Rhinobatidae","Rhinobatos"
"Rhinobatos jimbaranensis","Rhinobatos jimbaranensis","Rhinobatos jimbaranensis","accepted","Species","Elasmobranchii","Rhinopristiformes","Rhinobatidae","Rhinobatos"
"Rhinobatos holcorhynchus","Rhinobatos holcorhynchus","Rhinobatos holcorhynchus","accepted","Species","Elasmobranchii","Rhinopristiformes","Rhinobatidae","Rhinobatos"
"Zanobatus schoenleinii","Zanobatus schoenleinii","Zanobatus schoenleinii","accepted","Species","Elasmobranchii","Myliobatiformes","Zanobatidae","Zanobatus"
"Hexatrygon bickelli","Hexatrygon bickelli","Hexatrygon bickelli","accepted","Species","Elasmobranchii","Myliobatiformes","Hexatrygonidae","Hexatrygon"
"Aetobatus flagellum","Aetobatus flagellum","Aetobatus flagellum","accepted","Species","Elasmobranchii","Myliobatiformes","Aetobatidae","Aetobatus"
"Aetobatus narinari","Aetobatus narinari","Aetobatus narinari","accepted","Species","Elasmobranchii","Myliobatiformes","Aetobatidae","Aetobatus"
"Aetomylaeus vespertilio","Aetomylaeus vespertilio","Aetomylaeus vespertilio","accepted","Species","Elasmobranchii","Myliobatiformes","Myliobatidae","Aetomylaeus"
"Aetomylaeus maculatus","Aetomylaeus maculatus","Aetomylaeus maculatus","accepted","Species","Elasmobranchii","Myliobatiformes","Myliobatidae","Aetomylaeus"
"Aetomylaeus nichofii","Aetomylaeus nichofii","Aetomylaeus nichofii","accepted","Species","Elasmobranchii","Myliobatiformes","Myliobatidae","Aetomylaeus"
"Pteromylaeus bovinus","Pteromylaeus bovinus","Aetomylaeus bovinus","unaccepted","Species","Elasmobranchii","Myliobatiformes","Myliobatidae","Pteromylaeus"
"Pteromylaeus asperrimus","Pteromylaeus asperrimus","Aetomylaeus asperrimus","unaccepted","Species","Elasmobranchii","Myliobatiformes","Myliobatidae","Pteromylaeus"
"Myliobatis californicus","Myliobatis californicus","Myliobatis californica","unaccepted","Species","Elasmobranchii","Myliobatiformes","Myliobatidae","Myliobatis"
"Myliobatis freminvillei","Myliobatis freminvillei","Myliobatis freminvillei","accepted","Species","Elasmobranchii","Myliobatiformes","Myliobatidae","Myliobatis"
"Myliobatis longirostris","Myliobatis longirostris","Myliobatis longirostris","accepted","Species","Elasmobranchii","Myliobatiformes","Myliobatidae","Myliobatis"
"Myliobatis peruvianus","Myliobatis peruvianus","Myliobatis peruviana","misspelling - incorrect original spelling","Species","Elasmobranchii","Myliobatiformes","Myliobatidae","Myliobatis"
"Myliobatis tenuicaudatus","Myliobatis tenuicaudatus","Myliobatis tenuicaudatus","accepted","Species","Elasmobranchii","Myliobatiformes","Myliobatidae","Myliobatis"
"Myliobatis chilensis","Myliobatis chilensis","Myliobatis chilensis","accepted","Species","Elasmobranchii","Myliobatiformes","Myliobatidae","Myliobatis"
"Myliobatis rhombus",NA,NA,NA,NA,NA,NA,NA,NA
"Myliobatis hamlyni","Myliobatis hamlyni","Myliobatis hamlyni","accepted","Species","Elasmobranchii","Myliobatiformes","Myliobatidae","Myliobatis"
"Myliobatis ridens","Myliobatis ridens","Myliobatis ridens","accepted","Species","Elasmobranchii","Myliobatiformes","Myliobatidae","Myliobatis"
"Myliobatis tobijei","Myliobatis tobijei","Myliobatis tobijei","accepted","Species","Elasmobranchii","Myliobatiformes","Myliobatidae","Myliobatis"
"Myliobatis aquila","Myliobatis aquila","Myliobatis aquila","accepted","Species","Elasmobranchii","Myliobatiformes","Myliobatidae","Myliobatis"
"Myliobatis australis","Myliobatis australis","Myliobatis australis","accepted","Species","Elasmobranchii","Myliobatiformes","Myliobatidae","Myliobatis"
"Myliobatis goodei","Myliobatis goodei","Myliobatis goodei","accepted","Species","Elasmobranchii","Myliobatiformes","Myliobatidae","Myliobatis"
"Rhinoptera jayakari","Rhinoptera jayakari","Rhinoptera jayakari","accepted","Species","Elasmobranchii","Myliobatiformes","Rhinopteridae","Rhinoptera"
"Rhinoptera steindachneri","Rhinoptera steindachneri","Rhinoptera steindachneri","accepted","Species","Elasmobranchii","Myliobatiformes","Rhinopteridae","Rhinoptera"
"Rhinoptera bonasus","Rhinoptera bonasus","Rhinoptera bonasus","accepted","Species","Elasmobranchii","Myliobatiformes","Rhinopteridae","Rhinoptera"
"Rhinoptera hainanensis",NA,NA,NA,NA,NA,NA,NA,NA
"Rhinoptera sewelli","Rhinoptera sewelli","Rhinoptera jayakari","unaccepted","Species","Elasmobranchii","Myliobatiformes","Rhinopteridae","Rhinoptera"
"Rhinoptera marginata","Rhinoptera marginata","Rhinoptera marginata","accepted","Species","Elasmobranchii","Myliobatiformes","Rhinopteridae","Rhinoptera"
"Rhinoptera javanica","Rhinoptera javanica","Rhinoptera javanica","accepted","Species","Elasmobranchii","Myliobatiformes","Rhinopteridae","Rhinoptera"
"Rhinoptera adspersa","Rhinoptera adspersa","Rhinoptera javanica","unaccepted","Species","Elasmobranchii","Myliobatiformes","Rhinopteridae","Rhinoptera"
"Rhinoptera neglecta","Rhinoptera neglecta","Rhinoptera neglecta","accepted","Species","Elasmobranchii","Myliobatiformes","Rhinopteridae","Rhinoptera"
"Rhinoptera brasiliensis","Rhinoptera brasiliensis","Rhinoptera brasiliensis","accepted","Species","Elasmobranchii","Myliobatiformes","Rhinopteridae","Rhinoptera"
"Rhinoptera peli","Rhinoptera peli","Rhinoptera marginata","unaccepted","Species","Elasmobranchii","Myliobatiformes","Rhinopteridae","Rhinoptera"
"Manta birostris","Manta birostris","Mobula birostris","unaccepted","Species","Elasmobranchii","Myliobatiformes","Mobulidae","Manta"
"Manta alfredi","Manta alfredi","Mobula alfredi","unaccepted","Species","Elasmobranchii","Myliobatiformes","Mobulidae","Manta"
"Mobula tarapacana","Mobula tarapacana","Mobula tarapacana","accepted","Species","Elasmobranchii","Myliobatiformes","Mobulidae","Mobula"
"Mobula japanica","Mobula japanica","Mobula mobular","junior subjective synonym","Species","Elasmobranchii","Myliobatiformes","Mobulidae","Mobula"
"Mobula thurstoni","Mobula thurstoni","Mobula thurstoni","accepted","Species","Elasmobranchii","Myliobatiformes","Mobulidae","Mobula"
"Mobula kuhlii","Mobula kuhlii","Mobula kuhlii","accepted","Species","Elasmobranchii","Myliobatiformes","Mobulidae","Mobula"
"Mobula rochebrunei","Mobula rochebrunei","Mobula hypostoma","unaccepted","Species","Elasmobranchii","Myliobatiformes","Mobulidae","Mobula"
"Mobula mobular","Mobula mobular","Mobula mobular","accepted","Species","Elasmobranchii","Myliobatiformes","Mobulidae","Mobula"
"Mobula diabolus","Mobula diabolus","Mobula mobular","unaccepted","Species","Elasmobranchii","Myliobatiformes","Mobulidae","Mobula"
"Mobula eregoodootenkee","Mobula eregoodootenkee","Mobula eregoodootenkee","accepted","Species","Elasmobranchii","Myliobatiformes","Mobulidae","Mobula"
"Mobula munkiana","Mobula munkiana","Mobula munkiana","accepted","Species","Elasmobranchii","Myliobatiformes","Mobulidae","Mobula"
"Mobula hypostoma","Mobula hypostoma","Mobula hypostoma","accepted","Species","Elasmobranchii","Myliobatiformes","Mobulidae","Mobula"
"Plesiobatis daviesi","Plesiobatis daviesi","Plesiobatis daviesi","accepted","Species","Elasmobranchii","Myliobatiformes","Plesiobatidae","Plesiobatis"
"Trygonoptera ovalis","Trygonoptera ovalis","Trygonoptera ovalis","accepted","Species","Elasmobranchii","Myliobatiformes","Urolophidae","Trygonoptera"
"Trygonoptera galba","Trygonoptera galba","Trygonoptera galba","accepted","Species","Elasmobranchii","Myliobatiformes","Urolophidae","Trygonoptera"
"Trygonoptera testacea","Trygonoptera testacea","Trygonoptera testacea","accepted","Species","Elasmobranchii","Myliobatiformes","Urolophidae","Trygonoptera"
"Trygonoptera mucosa","Trygonoptera mucosa","Trygonoptera mucosa","accepted","Species","Elasmobranchii","Myliobatiformes","Urolophidae","Trygonoptera"
"Trygonoptera imitata","Trygonoptera imitata","Trygonoptera imitata","accepted","Species","Elasmobranchii","Myliobatiformes","Urolophidae","Trygonoptera"
"Trygonoptera personata","Trygonoptera personata","Trygonoptera personata","accepted","Species","Elasmobranchii","Myliobatiformes","Urolophidae","Trygonoptera"
"Urolophus javanicus","Urolophus javanicus","Urolophus javanicus","accepted","Species","Elasmobranchii","Myliobatiformes","Urolophidae","Urolophus"
"Urolophus piperatus","Urolophus piperatus","Urolophus piperatus","accepted","Species","Elasmobranchii","Myliobatiformes","Urolophidae","Urolophus"
"Urolophus deforgesi","Urolophus deforgesi","Urolophus deforgesi","accepted","Species","Elasmobranchii","Myliobatiformes","Urolophidae","Urolophus"
"Urolophus papilio","Urolophus papilio","Urolophus papilio","accepted","Species","Elasmobranchii","Myliobatiformes","Urolophidae","Urolophus"
"Urolophus armatus","Urolophus armatus","Spinilophus armatus","unaccepted","Species","Elasmobranchii","Myliobatiformes","Urolophidae","Urolophus"
"Urolophus westraliensis","Urolophus westraliensis","Urolophus westraliensis","accepted","Species","Elasmobranchii","Myliobatiformes","Urolophidae","Urolophus"
"Urolophus aurantiacus","Urolophus aurantiacus","Urolophus aurantiacus","accepted","Species","Elasmobranchii","Myliobatiformes","Urolophidae","Urolophus"
"Urolophus sufflavus","Urolophus sufflavus","Urolophus sufflavus","accepted","Species","Elasmobranchii","Myliobatiformes","Urolophidae","Urolophus"
"Urolophus cruciatus","Urolophus cruciatus","Urolophus cruciatus","accepted","Species","Elasmobranchii","Myliobatiformes","Urolophidae","Urolophus"
"Urolophus paucimaculatus","Urolophus paucimaculatus","Urolophus paucimaculatus","accepted","Species","Elasmobranchii","Myliobatiformes","Urolophidae","Urolophus"
"Urolophus orarius","Urolophus orarius","Urolophus orarius","accepted","Species","Elasmobranchii","Myliobatiformes","Urolophidae","Urolophus"
"Urolophus kapalensis","Urolophus kapalensis","Urolophus kapalensis","accepted","Species","Elasmobranchii","Myliobatiformes","Urolophidae","Urolophus"
"Urolophus lobatus","Urolophus lobatus","Urolophus lobatus","accepted","Species","Elasmobranchii","Myliobatiformes","Urolophidae","Urolophus"
"Urolophus kaianus","Urolophus kaianus","Urolophus kaianus","accepted","Species","Elasmobranchii","Myliobatiformes","Urolophidae","Urolophus"
"Urolophus viridis","Urolophus viridis","Urolophus viridis","accepted","Species","Elasmobranchii","Myliobatiformes","Urolophidae","Urolophus"
"Urolophus neocaledoniensis","Urolophus neocaledoniensis","Urolophus neocaledoniensis","accepted","Species","Elasmobranchii","Myliobatiformes","Urolophidae","Urolophus"
"Urolophus expansus","Urolophus expansus","Urolophus expansus","accepted","Species","Elasmobranchii","Myliobatiformes","Urolophidae","Urolophus"
"Urolophus gigas","Urolophus gigas","Urolophus gigas","accepted","Species","Elasmobranchii","Myliobatiformes","Urolophidae","Urolophus"
"Urolophus mitosis","Urolophus mitosis","Urolophus mitosis","accepted","Species","Elasmobranchii","Myliobatiformes","Urolophidae","Urolophus"
"Urolophus flavomosaicus","Urolophus flavomosaicus","Urolophus flavomosaicus","accepted","Species","Elasmobranchii","Myliobatiformes","Urolophidae","Urolophus"
"Urolophus bucculentus","Urolophus bucculentus","Urolophus bucculentus","accepted","Species","Elasmobranchii","Myliobatiformes","Urolophidae","Urolophus"
"Urolophus circularis","Urolophus circularis","Urolophus circularis","accepted","Species","Elasmobranchii","Myliobatiformes","Urolophidae","Urolophus"
"Gymnura altavela","Gymnura altavela","Gymnura altavela","accepted","Species","Elasmobranchii","Myliobatiformes","Gymnuridae","Gymnura"
"Gymnura tentaculata","Gymnura tentaculata","Gymnura tentaculata","accepted","Species","Elasmobranchii","Myliobatiformes","Gymnuridae","Gymnura"
"Gymnura natalensis","Gymnura natalensis","Gymnura natalensis","accepted","Species","Elasmobranchii","Myliobatiformes","Gymnuridae","Gymnura"
"Gymnura marmorata","Gymnura marmorata","Gymnura marmorata","accepted","Species","Elasmobranchii","Myliobatiformes","Gymnuridae","Gymnura"
"Gymnura crebripunctata","Gymnura crebripunctata","Gymnura crebripunctata","accepted","Species","Elasmobranchii","Myliobatiformes","Gymnuridae","Gymnura"
"Gymnura afuerae","Gymnura afuerae","Gymnura afuerae","accepted","Species","Elasmobranchii","Myliobatiformes","Gymnuridae","Gymnura"
"Gymnura micrura","Gymnura micrura","Gymnura micrura","accepted","Species","Elasmobranchii","Myliobatiformes","Gymnuridae","Gymnura"
"Gymnura poecilura","Gymnura poecilura","Gymnura poecilura","accepted","Species","Elasmobranchii","Myliobatiformes","Gymnuridae","Gymnura"
"Gymnura hirundo","Gymnura hirundo","Gymnura hirundo","accepted","Species","Elasmobranchii","Myliobatiformes","Gymnuridae","Gymnura"
"Gymnura zonura","Gymnura zonura","Gymnura zonura","accepted","Species","Elasmobranchii","Myliobatiformes","Gymnuridae","Gymnura"
"Gymnura bimaculata","Gymnura bimaculata","Gymnura bimaculata","accepted","Species","Elasmobranchii","Myliobatiformes","Gymnuridae","Gymnura"
"Gymnura crooki","Gymnura crooki","Gymnura crooki","accepted","Species","Elasmobranchii","Myliobatiformes","Gymnuridae","Gymnura"
"Gymnura japonica","Gymnura japonica","Gymnura japonica","accepted","Species","Elasmobranchii","Myliobatiformes","Gymnuridae","Gymnura"
"Gymnura australis","Gymnura australis","Gymnura australis","accepted","Species","Elasmobranchii","Myliobatiformes","Gymnuridae","Gymnura"
"Urobatis halleri","Urobatis halleri","Urobatis halleri","accepted","Species","Elasmobranchii","Myliobatiformes","Urotrygonidae","Urobatis"
"Urobatis maculatus","Urobatis maculatus","Urobatis maculatus","accepted","Species","Elasmobranchii","Myliobatiformes","Urotrygonidae","Urobatis"
"Urobatis concentricus","Urobatis concentricus","Urobatis concentricus","accepted","Species","Elasmobranchii","Myliobatiformes","Urotrygonidae","Urobatis"
"Urobatis marmoratus","Urobatis marmoratus","Urobatis marmoratus","accepted","Species","Elasmobranchii","Myliobatiformes","Urotrygonidae","Urobatis"
"Urobatis tumbesensis","Urobatis tumbesensis","Urobatis tumbesensis","accepted","Species","Elasmobranchii","Myliobatiformes","Urotrygonidae","Urobatis"
"Urobatis jamaicensis","Urobatis jamaicensis","Urobatis jamaicensis","accepted","Species","Elasmobranchii","Myliobatiformes","Urotrygonidae","Urobatis"
"Urotrygon serrula","Urotrygon serrula","Urotrygon serrula","accepted","Species","Elasmobranchii","Myliobatiformes","Urotrygonidae","Urotrygon"
"Urotrygon microphthalmum","Urotrygon microphthalmum","Urotrygon microphthalmum","accepted","Species","Elasmobranchii","Myliobatiformes","Urotrygonidae","Urotrygon"
"Urotrygon reticulata","Urotrygon reticulata","Urotrygon reticulata","accepted","Species","Elasmobranchii","Myliobatiformes","Urotrygonidae","Urotrygon"
"Urotrygon rogersi","Urotrygon rogersi","Urotrygon rogersi","accepted","Species","Elasmobranchii","Myliobatiformes","Urotrygonidae","Urotrygon"
"Urotrygon munda","Urotrygon munda","Urotrygon munda","accepted","Species","Elasmobranchii","Myliobatiformes","Urotrygonidae","Urotrygon"
"Urotrygon simulatrix","Urotrygon simulatrix","Urotrygon simulatrix","accepted","Species","Elasmobranchii","Myliobatiformes","Urotrygonidae","Urotrygon"
"Urotrygon caudispinosus","Urotrygon caudispinosus","Urotrygon caudispinosus","accepted","Species","Elasmobranchii","Myliobatiformes","Urotrygonidae","Urotrygon"
"Urotrygon venezuelae","Urotrygon venezuelae","Urotrygon venezuelae","accepted","Species","Elasmobranchii","Myliobatiformes","Urotrygonidae","Urotrygon"
"Urotrygon cimar","Urotrygon cimar","Urotrygon cimar","accepted","Species","Elasmobranchii","Myliobatiformes","Urotrygonidae","Urotrygon"
"Urotrygon nana","Urotrygon nana","Urotrygon nana","accepted","Species","Elasmobranchii","Myliobatiformes","Urotrygonidae","Urotrygon"
"Urotrygon aspidura","Urotrygon aspidura","Urotrygon aspidura","accepted","Species","Elasmobranchii","Myliobatiformes","Urotrygonidae","Urotrygon"
"Urotrygon chilensis","Urotrygon chilensis","Urotrygon chilensis","accepted","Species","Elasmobranchii","Myliobatiformes","Urotrygonidae","Urotrygon"
"Urotrygon peruanus","Urotrygon peruanus","Urotrygon peruanus","accepted","Species","Elasmobranchii","Myliobatiformes","Urotrygonidae","Urotrygon"
"Himantura schmardae","Himantura schmardae","Styracura schmardae","unaccepted","Species","Elasmobranchii","Myliobatiformes","Dasyatidae","Himantura"
"Himantura pacifica","Himantura pacifica","Styracura pacifica","unaccepted","Species","Elasmobranchii","Myliobatiformes","Dasyatidae","Himantura"
"Potamotrygon constellata",NA,NA,NA,NA,NA,NA,NA,NA
"Potamotrygon marinae",NA,NA,NA,NA,NA,NA,NA,NA
"Potamotrygon falkneri",NA,NA,NA,NA,NA,NA,NA,NA
"Potamotrygon schuemacheri",NA,NA,NA,NA,NA,NA,NA,NA
"Potamotrygon brachyura",NA,NA,NA,NA,NA,NA,NA,NA
"Potamotrygon henlei",NA,NA,NA,NA,NA,NA,NA,NA
"Potamotrygon humerosa",NA,NA,NA,NA,NA,NA,NA,NA
"Potamotrygon schroederi",NA,NA,NA,NA,NA,NA,NA,NA
"Potamotrygon tigrina",NA,NA,NA,NA,NA,NA,NA,NA
"Potamotrygon orbignyi",NA,NA,NA,NA,NA,NA,NA,NA
"Potamotrygon castexi",NA,NA,NA,NA,NA,NA,NA,NA
"Potamotrygon dumerilii",NA,NA,NA,NA,NA,NA,NA,NA
"Potamotrygon scobina",NA,NA,NA,NA,NA,NA,NA,NA
"Potamotrygon motoro",NA,NA,NA,NA,NA,NA,NA,NA
"Potamotrygon tatianae",NA,NA,NA,NA,NA,NA,NA,NA
"Plesiotrygon iwamae",NA,NA,NA,NA,NA,NA,NA,NA
"Plesiotrygon nana",NA,NA,NA,NA,NA,NA,NA,NA
"Potamotrygon boesemani",NA,NA,NA,NA,NA,NA,NA,NA
"Potamotrygon ocellata",NA,NA,NA,NA,NA,NA,NA,NA
"Potamotrygon yepezi",NA,NA,NA,NA,NA,NA,NA,NA
"Potamotrygon signata",NA,NA,NA,NA,NA,NA,NA,NA
"Potamotrygon leopoldi",NA,NA,NA,NA,NA,NA,NA,NA
"Potamotrygon magdalenae",NA,NA,NA,NA,NA,NA,NA,NA
"Potamotrygon hystrix",NA,NA,NA,NA,NA,NA,NA,NA
"Paratrygon aiereba",NA,NA,NA,NA,NA,NA,NA,NA
"Heliotrygon gomesi",NA,NA,NA,NA,NA,NA,NA,NA
"Heliotrygon rosai",NA,NA,NA,NA,NA,NA,NA,NA
"Taeniura lymma","Taeniura lymma","Taeniura lymma","accepted","Species","Elasmobranchii","Myliobatiformes","Dasyatidae","Taeniura"
"Neotrygon kuhlii","Neotrygon kuhlii","Neotrygon kuhlii","accepted","Species","Elasmobranchii","Myliobatiformes","Dasyatidae","Neotrygon"
"Neotrygon leylandi","Neotrygon leylandi","Neotrygon leylandi","accepted","Species","Elasmobranchii","Myliobatiformes","Dasyatidae","Neotrygon"
"Neotrygon picta","Neotrygon picta","Neotrygon picta","accepted","Species","Elasmobranchii","Myliobatiformes","Dasyatidae","Neotrygon"
"Neotrygon annotata","Neotrygon annotata","Neotrygon annotata","accepted","Species","Elasmobranchii","Myliobatiformes","Dasyatidae","Neotrygon"
"Neotrygon ningalooensis","Neotrygon ningalooensis","Neotrygon ningalooensis","accepted","Species","Elasmobranchii","Myliobatiformes","Dasyatidae","Neotrygon"
"Dasyatis sabina","Dasyatis sabina","Hypanus sabinus","unaccepted","Species","Elasmobranchii","Myliobatiformes","Dasyatidae","Dasyatis"
"Dasyatis sinensis","Dasyatis sinensis","Hemitrygon sinensis","unaccepted","Species","Elasmobranchii","Myliobatiformes","Dasyatidae","Dasyatis"
"Dasyatis gigantea","Dasyatis gigantea","Dasyatis gigantea","accepted","Species","Elasmobranchii","Myliobatiformes","Dasyatidae","Dasyatis"
"Dasyatis americana","Dasyatis americana","Hypanus americanus","unaccepted","Species","Elasmobranchii","Myliobatiformes","Dasyatidae","Dasyatis"
"Dasyatis marianae","Dasyatis marianae","Hypanus marianae","unaccepted","Species","Elasmobranchii","Myliobatiformes","Dasyatidae","Dasyatis"
"Dasyatis longa","Dasyatis longa","Hypanus longus","unaccepted","Species","Elasmobranchii","Myliobatiformes","Dasyatidae","Dasyatis"
"Dasyatis dipterura","Dasyatis dipterura","Hypanus dipterurus","unaccepted","Species","Elasmobranchii","Myliobatiformes","Dasyatidae","Dasyatis"
"Dasyatis say","Dasyatis say","Hypanus say","unaccepted","Species","Elasmobranchii","Myliobatiformes","Dasyatidae","Dasyatis"
"Dasyatis acutirostra","Dasyatis acutirostra","Telatrygon acutirostra","unaccepted","Species","Elasmobranchii","Myliobatiformes","Dasyatidae","Dasyatis"
"Dasyatis guttata","Dasyatis guttata","Hypanus guttatus","unaccepted","Species","Elasmobranchii","Myliobatiformes","Dasyatidae","Dasyatis"
"Dasyatis hypostigma","Dasyatis hypostigma","Dasyatis hypostigma","accepted","Species","Elasmobranchii","Myliobatiformes","Dasyatidae","Dasyatis"
"Dasyatis geijskesi","Dasyatis geijskesi","Fontitrygon geijskesi","unaccepted","Species","Elasmobranchii","Myliobatiformes","Dasyatidae","Dasyatis"
"Dasyatis colarensis","Dasyatis colarensis","Fontitrygon colarensis","unaccepted","Species","Elasmobranchii","Myliobatiformes","Dasyatidae","Dasyatis"
"Dasyatis garouaensis",NA,NA,NA,NA,NA,NA,NA,NA
"Dasyatis fluviorum","Dasyatis fluviorum","Hemitrygon fluviorum","unaccepted","Species","Elasmobranchii","Myliobatiformes","Dasyatidae","Dasyatis"
"Dasyatis tortonesei","Dasyatis tortonesei","Dasyatis tortonesei","accepted","Species","Elasmobranchii","Myliobatiformes","Dasyatidae","Dasyatis"
"Dasyatis akajei","Dasyatis akajei","Hemitrygon akajei","unaccepted","Species","Elasmobranchii","Myliobatiformes","Dasyatidae","Dasyatis"
"Dasyatis hastata","Dasyatis hastata","Dasyatis hastata","accepted","Species","Elasmobranchii","Myliobatiformes","Dasyatidae","Dasyatis"
"Dasyatis laosensis",NA,NA,NA,NA,NA,NA,NA,NA
"Dasyatis parvonigra","Dasyatis parvonigra","Hemitrygon parvonigra","unaccepted","Species","Elasmobranchii","Myliobatiformes","Dasyatidae","Dasyatis"
"Dasyatis bennetti","Dasyatis bennetti","Hemitrygon bennettii","unaccepted","Species","Elasmobranchii","Myliobatiformes","Dasyatidae","Dasyatis"
"Dasyatis navarrae","Dasyatis navarrae","Hemitrygon navarrae","unaccepted","Species","Elasmobranchii","Myliobatiformes","Dasyatidae","Dasyatis"
"Dasyatis izuensis","Dasyatis izuensis","Hemitrygon izuensis","unaccepted","Species","Elasmobranchii","Myliobatiformes","Dasyatidae","Dasyatis"
"Dasyatis laevigata","Dasyatis laevigata","Hemitrygon laevigata","unaccepted","Species","Elasmobranchii","Myliobatiformes","Dasyatidae","Dasyatis"
"Dasyatis zugei","Dasyatis zugei","Telatrygon zugei","unaccepted","Species","Elasmobranchii","Myliobatiformes","Dasyatidae","Dasyatis"
"Dasyatis ushiei","Dasyatis ushiei","Bathytoshia lata","unaccepted","Species","Elasmobranchii","Myliobatiformes","Dasyatidae","Dasyatis"
"Dasyatis thetidis","Dasyatis thetidis","Bathytoshia lata","unaccepted","Species","Elasmobranchii","Myliobatiformes","Dasyatidae","Dasyatis"
"Dasyatis centroura","Dasyatis centroura","Bathytoshia centroura","unaccepted","Species","Elasmobranchii","Myliobatiformes","Dasyatidae","Dasyatis"
"Pteroplatytrygon violacea","Pteroplatytrygon violacea","Pteroplatytrygon violacea","accepted","Species","Elasmobranchii","Myliobatiformes","Dasyatidae","Pteroplatytrygon"
"Dasyatis matsubarai","Dasyatis matsubarai","Bathytoshia brevicaudata","unaccepted","Species","Elasmobranchii","Myliobatiformes","Dasyatidae","Dasyatis"
"Dasyatis brevicaudata","Dasyatis brevicaudata","Bathytoshia brevicaudata","unaccepted","Species","Elasmobranchii","Myliobatiformes","Dasyatidae","Dasyatis"
"Dasyatis multispinosa","Dasyatis multispinosa","Dasyatis multispinosa","accepted","Species","Elasmobranchii","Myliobatiformes","Dasyatidae","Dasyatis"
"Dasyatis marmorata","Dasyatis marmorata","Dasyatis marmorata","accepted","Species","Elasmobranchii","Myliobatiformes","Dasyatidae","Dasyatis"
"Taeniurops grabata","Taeniurops grabata","Taeniurops grabatus","unaccepted","Species","Elasmobranchii","Myliobatiformes","Dasyatidae","Taeniurops"
"Taeniurops meyeni","Taeniurops meyeni","Taeniurops meyeni","accepted","Species","Elasmobranchii","Myliobatiformes","Dasyatidae","Taeniurops"
"Dasyatis rudis","Dasyatis rudis","Hypanus rudis","unaccepted","Species","Elasmobranchii","Myliobatiformes","Dasyatidae","Dasyatis"
"Dasyatis pastinaca","Dasyatis pastinaca","Dasyatis pastinaca","accepted","Species","Elasmobranchii","Myliobatiformes","Dasyatidae","Dasyatis"
"Dasyatis chrysonota","Dasyatis chrysonota","Dasyatis chrysonota","accepted","Species","Elasmobranchii","Myliobatiformes","Dasyatidae","Dasyatis"
"Dasyatis microps","Dasyatis microps","Megatrygon microps","unaccepted","Species","Elasmobranchii","Myliobatiformes","Dasyatidae","Dasyatis"
"Dasyatis margaritella","Dasyatis margaritella","Fontitrygon margaritella","unaccepted","Species","Elasmobranchii","Myliobatiformes","Dasyatidae","Dasyatis"
"Dasyatis margarita","Dasyatis margarita","Fontitrygon margarita","unaccepted","Species","Elasmobranchii","Myliobatiformes","Dasyatidae","Dasyatis"
"Himantura kittipongi",NA,NA,NA,NA,NA,NA,NA,NA
"Himantura fai","Himantura fai","Pateobatis fai","unaccepted","Species","Elasmobranchii","Myliobatiformes","Dasyatidae","Himantura"
"Himantura hortlei","Himantura hortlei","Pateobatis hortlei","unaccepted","Species","Elasmobranchii","Myliobatiformes","Dasyatidae","Himantura"
"Himantura uarnak","Himantura uarnak","Himantura uarnak","accepted","Species","Elasmobranchii","Myliobatiformes","Dasyatidae","Himantura"
"Himantura marginata","Himantura marginata","Himantura marginata","accepted","Species","Elasmobranchii","Myliobatiformes","Dasyatidae","Himantura"
"Himantura undulata","Himantura undulata","Himantura undulata","accepted","Species","Elasmobranchii","Myliobatiformes","Dasyatidae","Himantura"
"Himantura leoparda","Himantura leoparda","Himantura leoparda","accepted","Species","Elasmobranchii","Myliobatiformes","Dasyatidae","Himantura"
"Himantura toshi","Himantura toshi","Maculabatis toshi","unaccepted","Species","Elasmobranchii","Myliobatiformes","Dasyatidae","Himantura"
"Himantura astra","Himantura astra","Maculabatis astra","unaccepted","Species","Elasmobranchii","Myliobatiformes","Dasyatidae","Himantura"
"Himantura pastinacoides","Himantura pastinacoides","Maculabatis pastinacoides","unaccepted","Species","Elasmobranchii","Myliobatiformes","Dasyatidae","Himantura"
"Himantura signifer","Himantura signifer","Fluvitrygon signifer","unaccepted","Species","Elasmobranchii","Myliobatiformes","Dasyatidae","Himantura"
"Himantura oxyrhyncha","Himantura oxyrhyncha","Fluvitrygon oxyrhynchus","unaccepted","Species","Elasmobranchii","Myliobatiformes","Dasyatidae","Himantura"
"Himantura imbricata","Himantura imbricata","Brevitrygon imbricata","unaccepted","Species","Elasmobranchii","Myliobatiformes","Dasyatidae","Himantura"
"Dasyatis lata","Dasyatis lata","Bathytoshia lata","unaccepted","Species","Elasmobranchii","Myliobatiformes","Dasyatidae","Dasyatis"
"Himantura walga","Himantura walga","Brevitrygon walga","unaccepted","Species","Elasmobranchii","Myliobatiformes","Dasyatidae","Himantura"
"Himantura dalyensis","Himantura dalyensis","Urogymnus dalyensis","unaccepted","Species","Elasmobranchii","Myliobatiformes","Dasyatidae","Himantura"
"Himantura gerrardi","Himantura gerrardi","Maculabatis gerrardi","unaccepted","Species","Elasmobranchii","Myliobatiformes","Dasyatidae","Himantura"
"Himantura uarnacoides","Himantura uarnacoides","Pateobatis uarnacoides","unaccepted","Species","Elasmobranchii","Myliobatiformes","Dasyatidae","Himantura"
"Himantura jenkinsii","Himantura jenkinsii","Pateobatis jenkinsii","unaccepted","Species","Elasmobranchii","Myliobatiformes","Dasyatidae","Himantura"
"Himantura randalli","Himantura randalli","Maculabatis randalli","unaccepted","Species","Elasmobranchii","Myliobatiformes","Dasyatidae","Himantura"
"Urogymnus asperrimus","Urogymnus asperrimus","Urogymnus asperrimus","accepted","Species","Elasmobranchii","Myliobatiformes","Dasyatidae","Urogymnus"
"Urogymnus ukpam","Urogymnus ukpam","Fontitrygon ukpam","unaccepted","Species","Elasmobranchii","Myliobatiformes","Dasyatidae","Urogymnus"
"Himantura polylepis","Himantura polylepis","Urogymnus polylepis","unaccepted","Species","Elasmobranchii","Myliobatiformes","Dasyatidae","Himantura"
"Himantura granulata","Himantura granulata","Urogymnus granulatus","unaccepted","Species","Elasmobranchii","Myliobatiformes","Dasyatidae","Himantura"
"Himantura lobistoma","Himantura lobistoma","Urogymnus lobistoma","unaccepted","Species","Elasmobranchii","Myliobatiformes","Dasyatidae","Himantura"
"Makararaja chindwinensis",NA,NA,NA,NA,NA,NA,NA,NA
"Pastinachus stellurostris","Pastinachus stellurostris","Pastinachus stellurostris","accepted","Species","Elasmobranchii","Myliobatiformes","Dasyatidae","Pastinachus"
"Pastinachus solocirostris","Pastinachus solocirostris","Pastinachus solocirostris","accepted","Species","Elasmobranchii","Myliobatiformes","Dasyatidae","Pastinachus"
"Pastinachus sephen","Pastinachus sephen","Pastinachus sephen","accepted","Species","Elasmobranchii","Myliobatiformes","Dasyatidae","Pastinachus"
"Pastinachus gracilicaudus","Pastinachus gracilicaudus","Pastinachus gracilicaudus","accepted","Species","Elasmobranchii","Myliobatiformes","Dasyatidae","Pastinachus"
"Pastinachus atrus","Pastinachus atrus","Pastinachus ater","unaccepted","Species","Elasmobranchii","Myliobatiformes","Dasyatidae","Pastinachus"
"Chlamydoselachus anguineus","Chlamydoselachus anguineus","Chlamydoselachus anguineus","accepted","Species","Elasmobranchii","Hexanchiformes","Chlamydoselachidae","Chlamydoselachus"
"Chlamydoselachus africana","Chlamydoselachus africana","Chlamydoselachus africana","accepted","Species","Elasmobranchii","Hexanchiformes","Chlamydoselachidae","Chlamydoselachus"
"Notorynchus cepedianus","Notorynchus cepedianus","Notorynchus cepedianus","accepted","Species","Elasmobranchii","Hexanchiformes","Hexanchidae","Notorynchus"
"Hexanchus vitulus","Hexanchus vitulus","Hexanchus vitulus","accepted","Species","Elasmobranchii","Hexanchiformes","Hexanchidae","Hexanchus"
"Hexanchus griseus","Hexanchus griseus","Hexanchus griseus","accepted","Species","Elasmobranchii","Hexanchiformes","Hexanchidae","Hexanchus"
"Hexanchus nakamurai","Hexanchus nakamurai","Hexanchus nakamurai","accepted","Species","Elasmobranchii","Hexanchiformes","Hexanchidae","Hexanchus"
"Heptranchias perlo","Heptranchias perlo","Heptranchias perlo","accepted","Species","Elasmobranchii","Hexanchiformes","Hexanchidae","Heptranchias"
"Deania quadrispinosa","Deania quadrispinosa","Deania quadrispinosa","accepted","Species","Elasmobranchii","Squaliformes","Centrophoridae","Deania"
"Deania profundorum","Deania profundorum","Deania profundorum","accepted","Species","Elasmobranchii","Squaliformes","Centrophoridae","Deania"
"Deania hystricosa","Deania hystricosa","Deania hystricosa","accepted","Species","Elasmobranchii","Squaliformes","Centrophoridae","Deania"
"Deania calcea","Deania calcea","Deania calceus","unaccepted","Species","Elasmobranchii","Squaliformes","Centrophoridae","Deania"
"Centrophorus squamosus","Centrophorus squamosus","Centrophorus squamosus","accepted","Species","Elasmobranchii","Squaliformes","Centrophoridae","Centrophorus"
"Centrophorus granulosus","Centrophorus granulosus","Centrophorus granulosus","accepted","Species","Elasmobranchii","Squaliformes","Centrophoridae","Centrophorus"
"Centrophorus tessellatus","Centrophorus tessellatus","Centrophorus tessellatus","accepted","Species","Elasmobranchii","Squaliformes","Centrophoridae","Centrophorus"
"Centrophorus harrissoni","Centrophorus harrissoni","Centrophorus harrissoni","accepted","Species","Elasmobranchii","Squaliformes","Centrophoridae","Centrophorus"
"Centrophorus seychellorum","Centrophorus seychellorum","Centrophorus seychellorum","accepted","Species","Elasmobranchii","Squaliformes","Centrophoridae","Centrophorus"
"Centrophorus isodon","Centrophorus isodon","Centrophorus isodon","accepted","Species","Elasmobranchii","Squaliformes","Centrophoridae","Centrophorus"
"Centrophorus lusitanicus","Centrophorus lusitanicus","Centrophorus lusitanicus","accepted","Species","Elasmobranchii","Squaliformes","Centrophoridae","Centrophorus"
"Centrophorus moluccensis","Centrophorus moluccensis","Centrophorus moluccensis","accepted","Species","Elasmobranchii","Squaliformes","Centrophoridae","Centrophorus"
"Centrophorus westraliensis","Centrophorus westraliensis","Centrophorus westraliensis","accepted","Species","Elasmobranchii","Squaliformes","Centrophoridae","Centrophorus"
"Centrophorus atromarginatus","Centrophorus atromarginatus","Centrophorus atromarginatus","accepted","Species","Elasmobranchii","Squaliformes","Centrophoridae","Centrophorus"
"Centrophorus zeehaani","Centrophorus zeehaani","Centrophorus zeehaani","accepted","Species","Elasmobranchii","Squaliformes","Centrophoridae","Centrophorus"
"Aculeola nigra","Aculeola nigra","Aculeola nigra","accepted","Species","Elasmobranchii","Squaliformes","Etmopteridae","Aculeola"
"Centroscyllium granulatum","Centroscyllium granulatum","Centroscyllium granulatum","accepted","Species","Elasmobranchii","Squaliformes","Etmopteridae","Centroscyllium"
"Centroscyllium excelsum","Centroscyllium excelsum","Centroscyllium excelsum","accepted","Species","Elasmobranchii","Squaliformes","Etmopteridae","Centroscyllium"
"Centroscyllium kamoharai","Centroscyllium kamoharai","Centroscyllium kamoharai","accepted","Species","Elasmobranchii","Squaliformes","Etmopteridae","Centroscyllium"
"Centroscyllium nigrum","Centroscyllium nigrum","Centroscyllium nigrum","accepted","Species","Elasmobranchii","Squaliformes","Etmopteridae","Centroscyllium"
"Centroscyllium fabricii","Centroscyllium fabricii","Centroscyllium fabricii","accepted","Species","Elasmobranchii","Squaliformes","Etmopteridae","Centroscyllium"
"Centroscyllium ritteri","Centroscyllium ritteri","Centroscyllium ritteri","accepted","Species","Elasmobranchii","Squaliformes","Etmopteridae","Centroscyllium"
"Centroscyllium ornatum","Centroscyllium ornatum","Centroscyllium ornatum","accepted","Species","Elasmobranchii","Squaliformes","Etmopteridae","Centroscyllium"
"Trigonognathus kabeyai","Trigonognathus kabeyai","Trigonognathus kabeyai","accepted","Species","Elasmobranchii","Squaliformes","Etmopteridae","Trigonognathus"
"Etmopterus dianthus","Etmopterus dianthus","Etmopterus dianthus","accepted","Species","Elasmobranchii","Squaliformes","Etmopteridae","Etmopterus"
"Etmopterus unicolor","Etmopterus unicolor","Etmopterus unicolor","accepted","Species","Elasmobranchii","Squaliformes","Etmopteridae","Etmopterus"
"Etmopterus litvinovi","Etmopterus litvinovi","Etmopterus litvinovi","accepted","Species","Elasmobranchii","Squaliformes","Etmopteridae","Etmopterus"
"Etmopterus bullisi","Etmopterus bullisi","Etmopterus bullisi","accepted","Species","Elasmobranchii","Squaliformes","Etmopteridae","Etmopterus"
"Etmopterus villosus","Etmopterus villosus","Etmopterus villosus","accepted","Species","Elasmobranchii","Squaliformes","Etmopteridae","Etmopterus"
"Etmopterus spinax","Etmopterus spinax","Etmopterus spinax","accepted","Species","Elasmobranchii","Squaliformes","Etmopteridae","Etmopterus"
"Etmopterus princeps","Etmopterus princeps","Etmopterus princeps","accepted","Species","Elasmobranchii","Squaliformes","Etmopteridae","Etmopterus"
"Etmopterus granulosus","Etmopterus granulosus","Etmopterus granulosus","accepted","Species","Elasmobranchii","Squaliformes","Etmopteridae","Etmopterus"
"Etmopterus compagnoi","Etmopterus compagnoi","Etmopterus compagnoi","accepted","Species","Elasmobranchii","Squaliformes","Etmopteridae","Etmopterus"
"Etmopterus gracilispinis","Etmopterus gracilispinis","Etmopterus gracilispinis","accepted","Species","Elasmobranchii","Squaliformes","Etmopteridae","Etmopterus"
"Etmopterus schultzi","Etmopterus schultzi","Etmopterus schultzi","accepted","Species","Elasmobranchii","Squaliformes","Etmopteridae","Etmopterus"
"Etmopterus polli","Etmopterus polli","Etmopterus polli","accepted","Species","Elasmobranchii","Squaliformes","Etmopteridae","Etmopterus"
"Etmopterus virens","Etmopterus virens","Etmopterus virens","accepted","Species","Elasmobranchii","Squaliformes","Etmopteridae","Etmopterus"
"Etmopterus schmidti",NA,NA,NA,NA,NA,NA,NA,NA
"Etmopterus robinsi","Etmopterus robinsi","Etmopterus robinsi","accepted","Species","Elasmobranchii","Squaliformes","Etmopteridae","Etmopterus"
"Etmopterus caudistigmus","Etmopterus caudistigmus","Etmopterus caudistigmus","accepted","Species","Elasmobranchii","Squaliformes","Etmopteridae","Etmopterus"
"Etmopterus decacuspidatus","Etmopterus decacuspidatus","Etmopterus decacuspidatus","accepted","Species","Elasmobranchii","Squaliformes","Etmopteridae","Etmopterus"
"Etmopterus sculptus","Etmopterus sculptus","Etmopterus sculptus","accepted","Species","Elasmobranchii","Squaliformes","Etmopteridae","Etmopterus"
"Etmopterus sentosus","Etmopterus sentosus","Etmopterus sentosus","accepted","Species","Elasmobranchii","Squaliformes","Etmopteridae","Etmopterus"
"Etmopterus pusillus","Etmopterus pusillus","Etmopterus pusillus","accepted","Species","Elasmobranchii","Squaliformes","Etmopteridae","Etmopterus"
"Etmopterus bigelowi","Etmopterus bigelowi","Etmopterus bigelowi","accepted","Species","Elasmobranchii","Squaliformes","Etmopteridae","Etmopterus"
"Etmopterus splendidus","Etmopterus splendidus","Etmopterus splendidus","accepted","Species","Elasmobranchii","Squaliformes","Etmopteridae","Etmopterus"
"Etmopterus burgessi","Etmopterus burgessi","Etmopterus burgessi","accepted","Species","Elasmobranchii","Squaliformes","Etmopteridae","Etmopterus"
"Etmopterus fusus","Etmopterus fusus","Etmopterus fusus","accepted","Species","Elasmobranchii","Squaliformes","Etmopteridae","Etmopterus"
"Etmopterus pycnolepis","Etmopterus pycnolepis","Etmopterus pycnolepis","accepted","Species","Elasmobranchii","Squaliformes","Etmopteridae","Etmopterus"
"Etmopterus carteri","Etmopterus carteri","Etmopterus carteri","accepted","Species","Elasmobranchii","Squaliformes","Etmopteridae","Etmopterus"
"Etmopterus pseudosqualiolus","Etmopterus pseudosqualiolus","Etmopterus pseudosqualiolus","accepted","Species","Elasmobranchii","Squaliformes","Etmopteridae","Etmopterus"
"Etmopterus perryi","Etmopterus perryi","Etmopterus perryi","accepted","Species","Elasmobranchii","Squaliformes","Etmopteridae","Etmopterus"
"Etmopterus evansi","Etmopterus evansi","Etmopterus evansi","accepted","Species","Elasmobranchii","Squaliformes","Etmopteridae","Etmopterus"
"Etmopterus hillianus","Etmopterus hillianus","Etmopterus hillianus","accepted","Species","Elasmobranchii","Squaliformes","Etmopteridae","Etmopterus"
"Etmopterus dislineatus","Etmopterus dislineatus","Etmopterus dislineatus","accepted","Species","Elasmobranchii","Squaliformes","Etmopteridae","Etmopterus"
"Etmopterus joungi","Etmopterus joungi","Etmopterus joungi","accepted","Species","Elasmobranchii","Squaliformes","Etmopteridae","Etmopterus"
"Etmopterus molleri","Etmopterus molleri","Etmopterus molleri","accepted","Species","Elasmobranchii","Squaliformes","Etmopteridae","Etmopterus"
"Etmopterus lucifer","Etmopterus lucifer","Etmopterus lucifer","accepted","Species","Elasmobranchii","Squaliformes","Etmopteridae","Etmopterus"
"Etmopterus brachyurus","Etmopterus brachyurus","Etmopterus brachyurus","accepted","Species","Elasmobranchii","Squaliformes","Etmopteridae","Etmopterus"
"Etmopterus viator","Etmopterus viator","Etmopterus viator","accepted","Species","Elasmobranchii","Squaliformes","Etmopteridae","Etmopterus"
"Etmopterus sheikoi","Etmopterus sheikoi","Etmopterus sheikoi","accepted","Species","Elasmobranchii","Squaliformes","Etmopteridae","Etmopterus"
"Squaliolus laticaudus","Squaliolus laticaudus","Squaliolus laticaudus","accepted","Species","Elasmobranchii","Squaliformes","Dalatiidae","Squaliolus"
"Mollisquama parini","Mollisquama parini","Mollisquama parini","accepted","Species","Elasmobranchii","Squaliformes","Dalatiidae","Mollisquama"
"Heteroscymnoides marleyi","Heteroscymnoides marleyi","Heteroscymnoides marleyi","accepted","Species","Elasmobranchii","Squaliformes","Dalatiidae","Heteroscymnoides"
"Squaliolus aliae","Squaliolus aliae","Squaliolus aliae","accepted","Species","Elasmobranchii","Squaliformes","Dalatiidae","Squaliolus"
"Euprotomicroides zantedeschia","Euprotomicroides zantedeschia","Euprotomicroides zantedeschia","accepted","Species","Elasmobranchii","Squaliformes","Dalatiidae","Euprotomicroides"
"Euprotomicrus bispinatus","Euprotomicrus bispinatus","Euprotomicrus bispinatus","accepted","Species","Elasmobranchii","Squaliformes","Dalatiidae","Euprotomicrus"
"Isistius labialis","Isistius labialis","Isistius brasiliensis","unaccepted","Species","Elasmobranchii","Squaliformes","Dalatiidae","Isistius"
"Isistius brasiliensis","Isistius brasiliensis","Isistius brasiliensis","accepted","Species","Elasmobranchii","Squaliformes","Dalatiidae","Isistius"
"Isistius plutodus","Isistius plutodus","Isistius plutodus","accepted","Species","Elasmobranchii","Squaliformes","Dalatiidae","Isistius"
"Dalatias licha","Dalatias licha","Dalatias licha","accepted","Species","Elasmobranchii","Squaliformes","Dalatiidae","Dalatias"
"Cirrhigaleus asper","Cirrhigaleus asper","Cirrhigaleus asper","accepted","Species","Elasmobranchii","Squaliformes","Squalidae","Cirrhigaleus"
"Cirrhigaleus barbifer","Cirrhigaleus barbifer","Cirrhigaleus barbifer","accepted","Species","Elasmobranchii","Squaliformes","Squalidae","Cirrhigaleus"
"Cirrhigaleus australis","Cirrhigaleus australis","Cirrhigaleus australis","accepted","Species","Elasmobranchii","Squaliformes","Squalidae","Cirrhigaleus"
"Squalus notocaudatus","Squalus notocaudatus","Squalus notocaudatus","accepted","Species","Elasmobranchii","Squaliformes","Squalidae","Squalus"
"Squalus suckleyi","Squalus suckleyi","Squalus suckleyi","accepted","Species","Elasmobranchii","Squaliformes","Squalidae","Squalus"
"Squalus acanthias","Squalus acanthias","Squalus acanthias","accepted","Species","Elasmobranchii","Squaliformes","Squalidae","Squalus"
"Squalus altipinnis","Squalus altipinnis","Squalus altipinnis","accepted","Species","Elasmobranchii","Squaliformes","Squalidae","Squalus"
"Squalus griffini","Squalus griffini","Squalus griffini","accepted","Species","Elasmobranchii","Squaliformes","Squalidae","Squalus"
"Squalus megalops","Squalus megalops","Squalus megalops","accepted","Species","Elasmobranchii","Squaliformes","Squalidae","Squalus"
"Squalus melanurus","Squalus melanurus","Squalus melanurus","accepted","Species","Elasmobranchii","Squaliformes","Squalidae","Squalus"
"Squalus albifrons","Squalus albifrons","Squalus albifrons","accepted","Species","Elasmobranchii","Squaliformes","Squalidae","Squalus"
"Squalus brevirostris","Squalus brevirostris","Squalus brevirostris","accepted","Species","Elasmobranchii","Squaliformes","Squalidae","Squalus"
"Squalus grahami","Squalus grahami","Squalus grahami","accepted","Species","Elasmobranchii","Squaliformes","Squalidae","Squalus"
"Squalus mitsukurii","Squalus mitsukurii","Squalus mitsukurii","accepted","Species","Elasmobranchii","Squaliformes","Squalidae","Squalus"
"Squalus rancureli","Squalus rancureli","Squalus rancureli","accepted","Species","Elasmobranchii","Squaliformes","Squalidae","Squalus"
"Squalus montalbani","Squalus montalbani","Squalus montalbani","accepted","Species","Elasmobranchii","Squaliformes","Squalidae","Squalus"
"Squalus chloroculus","Squalus chloroculus","Squalus chloroculus","accepted","Species","Elasmobranchii","Squaliformes","Squalidae","Squalus"
"Squalus cubensis","Squalus cubensis","Squalus cubensis","accepted","Species","Elasmobranchii","Squaliformes","Squalidae","Squalus"
"Squalus japonicus","Squalus japonicus","Squalus japonicus","accepted","Species","Elasmobranchii","Squaliformes","Squalidae","Squalus"
"Squalus blainville","Squalus blainville","Squalus blainville","accepted","Species","Elasmobranchii","Squaliformes","Squalidae","Squalus"
"Squalus nasutus","Squalus nasutus","Squalus nasutus","accepted","Species","Elasmobranchii","Squaliformes","Squalidae","Squalus"
"Squalus raoulensis","Squalus raoulensis","Squalus raoulensis","accepted","Species","Elasmobranchii","Squaliformes","Squalidae","Squalus"
"Squalus edmundsi","Squalus edmundsi","Squalus edmundsi","accepted","Species","Elasmobranchii","Squaliformes","Squalidae","Squalus"
"Squalus hemipinnis","Squalus hemipinnis","Squalus hemipinnis","accepted","Species","Elasmobranchii","Squaliformes","Squalidae","Squalus"
"Squalus lalannei","Squalus lalannei","Squalus lalannei","accepted","Species","Elasmobranchii","Squaliformes","Squalidae","Squalus"
"Squalus formosus","Squalus formosus","Squalus formosus","accepted","Species","Elasmobranchii","Squaliformes","Squalidae","Squalus"
"Squalus crassispinus","Squalus crassispinus","Squalus crassispinus","accepted","Species","Elasmobranchii","Squaliformes","Squalidae","Squalus"
"Squalus bucephalus","Squalus bucephalus","Squalus bucephalus","accepted","Species","Elasmobranchii","Squaliformes","Squalidae","Squalus"
"Somniosus rostratus","Somniosus rostratus","Somniosus rostratus","accepted","Species","Elasmobranchii","Squaliformes","Somniosidae","Somniosus"
"Somniosus longus","Somniosus longus","Somniosus longus","accepted","Species","Elasmobranchii","Squaliformes","Somniosidae","Somniosus"
"Somniosus antarcticus","Somniosus antarcticus","Somniosus antarcticus","accepted","Species","Elasmobranchii","Squaliformes","Somniosidae","Somniosus"
"Somniosus pacificus","Somniosus pacificus","Somniosus pacificus","accepted","Species","Elasmobranchii","Squaliformes","Somniosidae","Somniosus"
"Somniosus microcephalus","Somniosus microcephalus","Somniosus microcephalus","accepted","Species","Elasmobranchii","Squaliformes","Somniosidae","Somniosus"
"Centroscymnus coelolepis","Centroscymnus coelolepis","Centroscymnus coelolepis","accepted","Species","Elasmobranchii","Squaliformes","Somniosidae","Centroscymnus"
"Scymnodalatias garricki","Scymnodalatias garricki","Scymnodalatias garricki","accepted","Species","Elasmobranchii","Squaliformes","Somniosidae","Scymnodalatias"
"Scymnodalatias oligodon","Scymnodalatias oligodon","Scymnodalatias oligodon","accepted","Species","Elasmobranchii","Squaliformes","Somniosidae","Scymnodalatias"
"Scymnodalatias sherwoodi","Scymnodalatias sherwoodi","Scymnodalatias sherwoodi","accepted","Species","Elasmobranchii","Squaliformes","Somniosidae","Scymnodalatias"
"Scymnodalatias albicauda","Scymnodalatias albicauda","Scymnodalatias albicauda","accepted","Species","Elasmobranchii","Squaliformes","Somniosidae","Scymnodalatias"
"Proscymnodon plunketi","Proscymnodon plunketi","Scymnodon macracanthus","unaccepted","Species","Elasmobranchii","Squaliformes","Somniosidae","Proscymnodon"
"Proscymnodon macracanthus","Proscymnodon macracanthus","Scymnodon macracanthus","unaccepted","Species","Elasmobranchii","Squaliformes","Somniosidae","Proscymnodon"
"Centroscymnus owstonii","Centroscymnus owstonii","Centroscymnus owstonii","accepted","Species","Elasmobranchii","Squaliformes","Somniosidae","Centroscymnus"
"Oxynotus caribbaeus","Oxynotus caribbaeus","Oxynotus caribbaeus","accepted","Species","Elasmobranchii","Squaliformes","Oxynotidae","Oxynotus"
"Oxynotus japonicus","Oxynotus japonicus","Oxynotus japonicus","accepted","Species","Elasmobranchii","Squaliformes","Oxynotidae","Oxynotus"
"Oxynotus centrina","Oxynotus centrina","Oxynotus centrina","accepted","Species","Elasmobranchii","Squaliformes","Oxynotidae","Oxynotus"
"Oxynotus bruniensis","Oxynotus bruniensis","Oxynotus bruniensis","accepted","Species","Elasmobranchii","Squaliformes","Oxynotidae","Oxynotus"
"Oxynotus paradoxus","Oxynotus paradoxus","Oxynotus paradoxus","accepted","Species","Elasmobranchii","Squaliformes","Oxynotidae","Oxynotus"
"Scymnodon ringens","Scymnodon ringens","Scymnodon ringens","accepted","Species","Elasmobranchii","Squaliformes","Somniosidae","Scymnodon"
"Zameus squamulosus","Zameus squamulosus","Zameus squamulosus","accepted","Species","Elasmobranchii","Squaliformes","Somniosidae","Zameus"
"Zameus ichiharai","Zameus ichiharai","Scymnodon ichiharai","unaccepted","Species","Elasmobranchii","Squaliformes","Somniosidae","Zameus"
"Centroselachus crepidater","Centroselachus crepidater","Centroselachus crepidater","accepted","Species","Elasmobranchii","Squaliformes","Somniosidae","Centroselachus"
"Echinorhinus brucus","Echinorhinus brucus","Echinorhinus brucus","accepted","Species","Elasmobranchii","Echinorhiniformes","Echinorhinidae","Echinorhinus"
"Echinorhinus cookei","Echinorhinus cookei","Echinorhinus cookei","accepted","Species","Elasmobranchii","Echinorhiniformes","Echinorhinidae","Echinorhinus"
"Pliotrema warreni","Pliotrema warreni","Pliotrema warreni","accepted","Species","Elasmobranchii","Pristiophoriformes","Pristiophoridae","Pliotrema"
"Pristiophorus japonicus","Pristiophorus japonicus","Pristiophorus japonicus","accepted","Species","Elasmobranchii","Pristiophoriformes","Pristiophoridae","Pristiophorus"
"Pristiophorus delicatus","Pristiophorus delicatus","Pristiophorus delicatus","accepted","Species","Elasmobranchii","Pristiophoriformes","Pristiophoridae","Pristiophorus"
"Pristiophorus nancyae","Pristiophorus nancyae","Pristiophorus nancyae","accepted","Species","Elasmobranchii","Pristiophoriformes","Pristiophoridae","Pristiophorus"
"Pristiophorus cirratus","Pristiophorus cirratus","Pristiophorus cirratus","accepted","Species","Elasmobranchii","Pristiophoriformes","Pristiophoridae","Pristiophorus"
"Pristiophorus nudipinnis","Pristiophorus nudipinnis","Pristiophorus nudipinnis","accepted","Species","Elasmobranchii","Pristiophoriformes","Pristiophoridae","Pristiophorus"
"Pristiophorus schroederi","Pristiophorus schroederi","Pristiophorus schroederi","accepted","Species","Elasmobranchii","Pristiophoriformes","Pristiophoridae","Pristiophorus"
"Squatina legnota","Squatina legnota","Squatina legnota","accepted","Species","Elasmobranchii","Squatiniformes","Squatinidae","Squatina"
"Squatina tergocellatoides","Squatina tergocellatoides","Squatina tergocellatoides","accepted","Species","Elasmobranchii","Squatiniformes","Squatinidae","Squatina"
"Squatina formosa","Squatina formosa","Squatina formosa","accepted","Species","Elasmobranchii","Squatiniformes","Squatinidae","Squatina"
"Squatina nebulosa","Squatina nebulosa","Squatina nebulosa","accepted","Species","Elasmobranchii","Squatiniformes","Squatinidae","Squatina"
"Squatina japonica","Squatina japonica","Squatina japonica","accepted","Species","Elasmobranchii","Squatiniformes","Squatinidae","Squatina"
"Squatina californica","Squatina californica","Squatina californica","accepted","Species","Elasmobranchii","Squatiniformes","Squatinidae","Squatina"
"Squatina dumeril","Squatina dumeril","Squatina dumeril","accepted","Species","Elasmobranchii","Squatiniformes","Squatinidae","Squatina"
"Squatina occulta","Squatina occulta","Squatina occulta","accepted","Species","Elasmobranchii","Squatiniformes","Squatinidae","Squatina"
"Squatina guggenheim","Squatina guggenheim","Squatina guggenheim","accepted","Species","Elasmobranchii","Squatiniformes","Squatinidae","Squatina"
"Squatina armata","Squatina armata","Squatina armata","accepted","Species","Elasmobranchii","Squatiniformes","Squatinidae","Squatina"
"Squatina africana","Squatina africana","Squatina africana","accepted","Species","Elasmobranchii","Squatiniformes","Squatinidae","Squatina"
"Squatina albipunctata","Squatina albipunctata","Squatina albipunctata","accepted","Species","Elasmobranchii","Squatiniformes","Squatinidae","Squatina"
"Squatina tergocellata","Squatina tergocellata","Squatina tergocellata","accepted","Species","Elasmobranchii","Squatiniformes","Squatinidae","Squatina"
"Squatina pseudocellata","Squatina pseudocellata","Squatina pseudocellata","accepted","Species","Elasmobranchii","Squatiniformes","Squatinidae","Squatina"
"Squatina oculata","Squatina oculata","Squatina oculata","accepted","Species","Elasmobranchii","Squatiniformes","Squatinidae","Squatina"
"Squatina australis","Squatina australis","Squatina australis","accepted","Species","Elasmobranchii","Squatiniformes","Squatinidae","Squatina"
"Squatina argentina","Squatina argentina","Squatina argentina","accepted","Species","Elasmobranchii","Squatiniformes","Squatinidae","Squatina"
"Squatina aculeata","Squatina aculeata","Squatina aculeata","accepted","Species","Elasmobranchii","Squatiniformes","Squatinidae","Squatina"
"Squatina squatina","Squatina squatina","Squatina squatina","accepted","Species","Elasmobranchii","Squatiniformes","Squatinidae","Squatina"
"Squatina caillieti","Squatina caillieti","Squatina caillieti","accepted","Species","Elasmobranchii","Squatiniformes","Squatinidae","Squatina"
"Heterodontus francisci","Heterodontus francisci","Heterodontus francisci","accepted","Species","Elasmobranchii","Heterodontiformes","Heterodontidae","Heterodontus"
"Heterodontus zebra","Heterodontus zebra","Heterodontus zebra","accepted","Species","Elasmobranchii","Heterodontiformes","Heterodontidae","Heterodontus"
"Heterodontus quoyi","Heterodontus quoyi","Heterodontus quoyi","accepted","Species","Elasmobranchii","Heterodontiformes","Heterodontidae","Heterodontus"
"Heterodontus portusjacksoni","Heterodontus portusjacksoni","Heterodontus portusjacksoni","accepted","Species","Elasmobranchii","Heterodontiformes","Heterodontidae","Heterodontus"
"Heterodontus galeatus","Heterodontus galeatus","Heterodontus galeatus","accepted","Species","Elasmobranchii","Heterodontiformes","Heterodontidae","Heterodontus"
"Heterodontus ramalheira","Heterodontus ramalheira","Heterodontus ramalheira","accepted","Species","Elasmobranchii","Heterodontiformes","Heterodontidae","Heterodontus"
"Heterodontus japonicus","Heterodontus japonicus","Heterodontus japonicus","accepted","Species","Elasmobranchii","Heterodontiformes","Heterodontidae","Heterodontus"
"Heterodontus omanensis","Heterodontus omanensis","Heterodontus omanensis","accepted","Species","Elasmobranchii","Heterodontiformes","Heterodontidae","Heterodontus"
"Heterodontus mexicanus","Heterodontus mexicanus","Heterodontus mexicanus","accepted","Species","Elasmobranchii","Heterodontiformes","Heterodontidae","Heterodontus"
"Parascyllium variolatum","Parascyllium variolatum","Parascyllium variolatum","accepted","Species","Elasmobranchii","Orectolobiformes","Parascylliidae","Parascyllium"
"Parascyllium ferrugineum","Parascyllium ferrugineum","Parascyllium ferrugineum","accepted","Species","Elasmobranchii","Orectolobiformes","Parascylliidae","Parascyllium"
"Parascyllium elongatum","Parascyllium elongatum","Parascyllium elongatum","accepted","Species","Elasmobranchii","Orectolobiformes","Parascylliidae","Parascyllium"
"Parascyllium collare","Parascyllium collare","Parascyllium collare","accepted","Species","Elasmobranchii","Orectolobiformes","Parascylliidae","Parascyllium"
"Parascyllium sparsimaculatum","Parascyllium sparsimaculatum","Parascyllium sparsimaculatum","accepted","Species","Elasmobranchii","Orectolobiformes","Parascylliidae","Parascyllium"
"Cirrhoscyllium expolitum","Cirrhoscyllium expolitum","Cirrhoscyllium expolitum","accepted","Species","Elasmobranchii","Orectolobiformes","Parascylliidae","Cirrhoscyllium"
"Cirrhoscyllium formosanum","Cirrhoscyllium formosanum","Cirrhoscyllium formosanum","accepted","Species","Elasmobranchii","Orectolobiformes","Parascylliidae","Cirrhoscyllium"
"Cirrhoscyllium japonicum","Cirrhoscyllium japonicum","Cirrhoscyllium japonicum","accepted","Species","Elasmobranchii","Orectolobiformes","Parascylliidae","Cirrhoscyllium"
"Brachaelurus colcloughi","Brachaelurus colcloughi","Brachaelurus colcloughi","accepted","Species","Elasmobranchii","Orectolobiformes","Brachaeluridae","Brachaelurus"
"Brachaelurus waddi","Brachaelurus waddi","Brachaelurus waddi","accepted","Species","Elasmobranchii","Orectolobiformes","Brachaeluridae","Brachaelurus"
"Eucrossorhinus dasypogon","Eucrossorhinus dasypogon","Eucrossorhinus dasypogon","accepted","Species","Elasmobranchii","Orectolobiformes","Orectolobidae","Eucrossorhinus"
"Orectolobus ornatus","Orectolobus ornatus","Orectolobus ornatus","accepted","Species","Elasmobranchii","Orectolobiformes","Orectolobidae","Orectolobus"
"Orectolobus floridus","Orectolobus floridus","Orectolobus floridus","accepted","Species","Elasmobranchii","Orectolobiformes","Orectolobidae","Orectolobus"
"Orectolobus reticulatus","Orectolobus reticulatus","Orectolobus reticulatus","accepted","Species","Elasmobranchii","Orectolobiformes","Orectolobidae","Orectolobus"
"Sutorectus tentaculatus","Sutorectus tentaculatus","Sutorectus tentaculatus","accepted","Species","Elasmobranchii","Orectolobiformes","Orectolobidae","Sutorectus"
"Orectolobus leptolineatus","Orectolobus leptolineatus","Orectolobus leptolineatus","accepted","Species","Elasmobranchii","Orectolobiformes","Orectolobidae","Orectolobus"
"Orectolobus wardi","Orectolobus wardi","Orectolobus wardi","accepted","Species","Elasmobranchii","Orectolobiformes","Orectolobidae","Orectolobus"
"Orectolobus halei","Orectolobus halei","Orectolobus halei","accepted","Species","Elasmobranchii","Orectolobiformes","Orectolobidae","Orectolobus"
"Orectolobus japonicus","Orectolobus japonicus","Orectolobus japonicus","accepted","Species","Elasmobranchii","Orectolobiformes","Orectolobidae","Orectolobus"
"Orectolobus maculatus","Orectolobus maculatus","Orectolobus maculatus","accepted","Species","Elasmobranchii","Orectolobiformes","Orectolobidae","Orectolobus"
"Orectolobus hutchinsi","Orectolobus hutchinsi","Orectolobus hutchinsi","accepted","Species","Elasmobranchii","Orectolobiformes","Orectolobidae","Orectolobus"
"Orectolobus parvimaculatus","Orectolobus parvimaculatus","Orectolobus parvimaculatus","accepted","Species","Elasmobranchii","Orectolobiformes","Orectolobidae","Orectolobus"
"Pseudoginglymostoma brevicaudatum","Pseudoginglymostoma brevicaudatum","Pseudoginglymostoma brevicaudatum","accepted","Species","Elasmobranchii","Orectolobiformes","Ginglymostomatidae","Pseudoginglymostoma"
"Rhincodon typus","Rhincodon typus","Rhincodon typus","accepted","Species","Elasmobranchii","Orectolobiformes","Rhincodontidae","Rhincodon"
"Nebrius ferrugineus","Nebrius ferrugineus","Nebrius ferrugineus","accepted","Species","Elasmobranchii","Orectolobiformes","Ginglymostomatidae","Nebrius"
"Ginglymostoma cirratum","Ginglymostoma cirratum","Ginglymostoma cirratum","accepted","Species","Elasmobranchii","Orectolobiformes","Ginglymostomatidae","Ginglymostoma"
"Stegostoma fasciatum","Stegostoma fasciatum","Stegostoma tigrinum","unaccepted","Species","Elasmobranchii","Orectolobiformes","Stegostomatidae","Stegostoma"
"Hemiscyllium ocellatum","Hemiscyllium ocellatum","Hemiscyllium ocellatum","accepted","Species","Elasmobranchii","Orectolobiformes","Hemiscylliidae","Hemiscyllium"
"Hemiscyllium trispeculare","Hemiscyllium trispeculare","Hemiscyllium trispeculare","accepted","Species","Elasmobranchii","Orectolobiformes","Hemiscylliidae","Hemiscyllium"
"Hemiscyllium henryi","Hemiscyllium henryi","Hemiscyllium henryi","accepted","Species","Elasmobranchii","Orectolobiformes","Hemiscylliidae","Hemiscyllium"
"Hemiscyllium galei","Hemiscyllium galei","Hemiscyllium galei","accepted","Species","Elasmobranchii","Orectolobiformes","Hemiscylliidae","Hemiscyllium"
"Hemiscyllium freycineti","Hemiscyllium freycineti","Hemiscyllium freycineti","accepted","Species","Elasmobranchii","Orectolobiformes","Hemiscylliidae","Hemiscyllium"
"Hemiscyllium hallstromi","Hemiscyllium hallstromi","Hemiscyllium hallstromi","accepted","Species","Elasmobranchii","Orectolobiformes","Hemiscylliidae","Hemiscyllium"
"Hemiscyllium strahani","Hemiscyllium strahani","Hemiscyllium strahani","accepted","Species","Elasmobranchii","Orectolobiformes","Hemiscylliidae","Hemiscyllium"
"Hemiscyllium michaeli","Hemiscyllium michaeli","Hemiscyllium michaeli","accepted","Species","Elasmobranchii","Orectolobiformes","Hemiscylliidae","Hemiscyllium"
"Chiloscyllium arabicum","Chiloscyllium arabicum","Chiloscyllium arabicum","accepted","Species","Elasmobranchii","Orectolobiformes","Hemiscylliidae","Chiloscyllium"
"Chiloscyllium hasseltii","Chiloscyllium hasseltii","Chiloscyllium hasseltii","accepted","Species","Elasmobranchii","Orectolobiformes","Hemiscylliidae","Chiloscyllium"
"Chiloscyllium griseum","Chiloscyllium griseum","Chiloscyllium griseum","accepted","Species","Elasmobranchii","Orectolobiformes","Hemiscylliidae","Chiloscyllium"
"Chiloscyllium burmensis","Chiloscyllium burmensis","Chiloscyllium burmense","unaccepted","Species","Elasmobranchii","Orectolobiformes","Hemiscylliidae","Chiloscyllium"
"Chiloscyllium indicum","Chiloscyllium indicum","Chiloscyllium indicum","accepted","Species","Elasmobranchii","Orectolobiformes","Hemiscylliidae","Chiloscyllium"
"Chiloscyllium plagiosum","Chiloscyllium plagiosum","Chiloscyllium plagiosum","accepted","Species","Elasmobranchii","Orectolobiformes","Hemiscylliidae","Chiloscyllium"
"Chiloscyllium punctatum","Chiloscyllium punctatum","Chiloscyllium punctatum","accepted","Species","Elasmobranchii","Orectolobiformes","Hemiscylliidae","Chiloscyllium"
"Mitsukurina owstoni","Mitsukurina owstoni","Mitsukurina owstoni","accepted","Species","Elasmobranchii","Lamniformes","Mitsukurinidae","Mitsukurina"
"Alopias superciliosus","Alopias superciliosus","Alopias superciliosus","accepted","Species","Elasmobranchii","Lamniformes","Alopiidae","Alopias"
"Alopias vulpinus","Alopias vulpinus","Alopias vulpinus","accepted","Species","Elasmobranchii","Lamniformes","Alopiidae","Alopias"
"Alopias pelagicus","Alopias pelagicus","Alopias pelagicus","accepted","Species","Elasmobranchii","Lamniformes","Alopiidae","Alopias"
"Megachasma pelagios","Megachasma pelagios","Megachasma pelagios","accepted","Species","Elasmobranchii","Lamniformes","Megachasmidae","Megachasma"
"Odontaspis noronhai","Odontaspis noronhai","Odontaspis noronhai","accepted","Species","Elasmobranchii","Lamniformes","Odontaspididae","Odontaspis"
"Odontaspis ferox","Odontaspis ferox","Odontaspis ferox","accepted","Species","Elasmobranchii","Lamniformes","Odontaspididae","Odontaspis"
"Pseudocarcharias kamoharai","Pseudocarcharias kamoharai","Pseudocarcharias kamoharai","accepted","Species","Elasmobranchii","Lamniformes","Pseudocarchariidae","Pseudocarcharias"
"Carcharias taurus","Carcharias taurus","Carcharias taurus","accepted","Species","Elasmobranchii","Lamniformes","Odontaspididae","Carcharias"
"Cetorhinus maximus","Cetorhinus maximus","Cetorhinus maximus","accepted","Species","Elasmobranchii","Lamniformes","Cetorhinidae","Cetorhinus"
"Lamna ditropis","Lamna ditropis","Lamna ditropis","accepted","Species","Elasmobranchii","Lamniformes","Lamnidae","Lamna"
"Lamna nasus","Lamna nasus","Lamna nasus","accepted","Species","Elasmobranchii","Lamniformes","Lamnidae","Lamna"
"Carcharodon carcharias","Carcharodon carcharias","Carcharodon carcharias","accepted","Species","Elasmobranchii","Lamniformes","Lamnidae","Carcharodon"
"Isurus oxyrinchus","Isurus oxyrinchus","Isurus oxyrinchus","accepted","Species","Elasmobranchii","Lamniformes","Lamnidae","Isurus"
"Isurus paucus","Isurus paucus","Isurus paucus","accepted","Species","Elasmobranchii","Lamniformes","Lamnidae","Isurus"
"Cephalurus cephalus","Cephalurus cephalus","Cephalurus cephalus","accepted","Species","Elasmobranchii","Carcharhiniformes","Pentanchidae","Cephalurus"
"Poroderma pantherinum","Poroderma pantherinum","Poroderma pantherinum","accepted","Species","Elasmobranchii","Carcharhiniformes","Scyliorhinidae","Poroderma"
"Poroderma africanum","Poroderma africanum","Poroderma africanum","accepted","Species","Elasmobranchii","Carcharhiniformes","Scyliorhinidae","Poroderma"
"Scyliorhinus torrei","Scyliorhinus torrei","Scyliorhinus torrei","accepted","Species","Elasmobranchii","Carcharhiniformes","Scyliorhinidae","Scyliorhinus"
"Scyliorhinus haeckelii","Scyliorhinus haeckelii","Scyliorhinus haeckelii","accepted","Species","Elasmobranchii","Carcharhiniformes","Scyliorhinidae","Scyliorhinus"
"Scyliorhinus canicula","Scyliorhinus canicula","Scyliorhinus canicula","accepted","Species","Elasmobranchii","Carcharhiniformes","Scyliorhinidae","Scyliorhinus"
"Scyliorhinus stellaris","Scyliorhinus stellaris","Scyliorhinus stellaris","accepted","Species","Elasmobranchii","Carcharhiniformes","Scyliorhinidae","Scyliorhinus"
"Scyliorhinus cervigoni","Scyliorhinus cervigoni","Scyliorhinus cervigoni","accepted","Species","Elasmobranchii","Carcharhiniformes","Scyliorhinidae","Scyliorhinus"
"Scyliorhinus retifer","Scyliorhinus retifer","Scyliorhinus retifer","accepted","Species","Elasmobranchii","Carcharhiniformes","Scyliorhinidae","Scyliorhinus"
"Scyliorhinus capensis","Scyliorhinus capensis","Scyliorhinus capensis","accepted","Species","Elasmobranchii","Carcharhiniformes","Scyliorhinidae","Scyliorhinus"
"Cephaloscyllium fasciatum","Cephaloscyllium fasciatum","Cephaloscyllium fasciatum","accepted","Species","Elasmobranchii","Carcharhiniformes","Scyliorhinidae","Cephaloscyllium"
"Cephaloscyllium pictum","Cephaloscyllium pictum","Cephaloscyllium pictum","accepted","Species","Elasmobranchii","Carcharhiniformes","Scyliorhinidae","Cephaloscyllium"
"Cephaloscyllium ventriosum","Cephaloscyllium ventriosum","Cephaloscyllium ventriosum","accepted","Species","Elasmobranchii","Carcharhiniformes","Scyliorhinidae","Cephaloscyllium"
"Cephaloscyllium signourum","Cephaloscyllium signourum","Cephaloscyllium signourum","accepted","Species","Elasmobranchii","Carcharhiniformes","Scyliorhinidae","Cephaloscyllium"
"Cephaloscyllium stevensi","Cephaloscyllium stevensi","Cephaloscyllium stevensi","accepted","Species","Elasmobranchii","Carcharhiniformes","Scyliorhinidae","Cephaloscyllium"
"Cephaloscyllium maculatum","Cephaloscyllium maculatum","Cephaloscyllium fasciatum","unaccepted","Species","Elasmobranchii","Carcharhiniformes","Scyliorhinidae","Cephaloscyllium"
"Cephaloscyllium silasi","Cephaloscyllium silasi","Cephaloscyllium silasi","accepted","Species","Elasmobranchii","Carcharhiniformes","Scyliorhinidae","Cephaloscyllium"
"Cephaloscyllium pardelotum","Cephaloscyllium pardelotum","Cephaloscyllium fasciatum","unaccepted","Species","Elasmobranchii","Carcharhiniformes","Scyliorhinidae","Cephaloscyllium"
"Cephaloscyllium speccum","Cephaloscyllium speccum","Cephaloscyllium speccum","accepted","Species","Elasmobranchii","Carcharhiniformes","Scyliorhinidae","Cephaloscyllium"
"Cephaloscyllium variegatum","Cephaloscyllium variegatum","Cephaloscyllium variegatum","accepted","Species","Elasmobranchii","Carcharhiniformes","Scyliorhinidae","Cephaloscyllium"
"Cephaloscyllium laticeps","Cephaloscyllium laticeps","Cephaloscyllium laticeps","accepted","Species","Elasmobranchii","Carcharhiniformes","Scyliorhinidae","Cephaloscyllium"
"Cephaloscyllium isabellum","Cephaloscyllium isabellum","Cephaloscyllium isabella","unaccepted","Species","Elasmobranchii","Carcharhiniformes","Scyliorhinidae","Cephaloscyllium"
"Cephaloscyllium albipinnum","Cephaloscyllium albipinnum","Cephaloscyllium albipinnum","accepted","Species","Elasmobranchii","Carcharhiniformes","Scyliorhinidae","Cephaloscyllium"
"Cephaloscyllium zebrum","Cephaloscyllium zebrum","Cephaloscyllium zebrum","accepted","Species","Elasmobranchii","Carcharhiniformes","Scyliorhinidae","Cephaloscyllium"
"Cephaloscyllium hiscosellum","Cephaloscyllium hiscosellum","Cephaloscyllium hiscosellum","accepted","Species","Elasmobranchii","Carcharhiniformes","Scyliorhinidae","Cephaloscyllium"
"Cephaloscyllium umbratile","Cephaloscyllium umbratile","Cephaloscyllium umbratile","accepted","Species","Elasmobranchii","Carcharhiniformes","Scyliorhinidae","Cephaloscyllium"
"Cephaloscyllium sarawakensis","Cephaloscyllium sarawakensis","Cephaloscyllium sarawakense","unaccepted","Species","Elasmobranchii","Carcharhiniformes","Scyliorhinidae","Cephaloscyllium"
"Cephaloscyllium cooki","Cephaloscyllium cooki","Cephaloscyllium cooki","accepted","Species","Elasmobranchii","Carcharhiniformes","Scyliorhinidae","Cephaloscyllium"
"Cephaloscyllium sufflans","Cephaloscyllium sufflans","Cephaloscyllium sufflans","accepted","Species","Elasmobranchii","Carcharhiniformes","Scyliorhinidae","Cephaloscyllium"
"Scyliorhinus garmani","Scyliorhinus garmani","Scyliorhinus garmani","accepted","Species","Elasmobranchii","Carcharhiniformes","Scyliorhinidae","Scyliorhinus"
"Scyliorhinus tokubee","Scyliorhinus tokubee","Scyliorhinus torazame","unaccepted","Species","Elasmobranchii","Carcharhiniformes","Scyliorhinidae","Scyliorhinus"
"Scyliorhinus comoroensis","Scyliorhinus comoroensis","Scyliorhinus comoroensis","accepted","Species","Elasmobranchii","Carcharhiniformes","Scyliorhinidae","Scyliorhinus"
"Scyliorhinus meadi","Scyliorhinus meadi","Scyliorhinus meadi","accepted","Species","Elasmobranchii","Carcharhiniformes","Scyliorhinidae","Scyliorhinus"
"Scyliorhinus boa","Scyliorhinus boa","Scyliorhinus boa","accepted","Species","Elasmobranchii","Carcharhiniformes","Scyliorhinidae","Scyliorhinus"
"Scyliorhinus hesperius","Scyliorhinus hesperius","Scyliorhinus hesperius","accepted","Species","Elasmobranchii","Carcharhiniformes","Scyliorhinidae","Scyliorhinus"
"Scyliorhinus besnardi","Scyliorhinus besnardi","Scyliorhinus besnardi","accepted","Species","Elasmobranchii","Carcharhiniformes","Scyliorhinidae","Scyliorhinus"
"Scyliorhinus torazame","Scyliorhinus torazame","Scyliorhinus torazame","accepted","Species","Elasmobranchii","Carcharhiniformes","Scyliorhinidae","Scyliorhinus"
"Schroederichthys bivius","Schroederichthys bivius","Schroederichthys bivius","accepted","Species","Elasmobranchii","Carcharhiniformes","Scyliorhinidae","Schroederichthys"
"Schroederichthys tenuis","Schroederichthys tenuis","Schroederichthys tenuis","accepted","Species","Elasmobranchii","Carcharhiniformes","Scyliorhinidae","Schroederichthys"
"Schroederichthys maculatus","Schroederichthys maculatus","Schroederichthys maculatus","accepted","Species","Elasmobranchii","Carcharhiniformes","Scyliorhinidae","Schroederichthys"
"Schroederichthys saurisqualus","Schroederichthys saurisqualus","Schroederichthys saurisqualus","accepted","Species","Elasmobranchii","Carcharhiniformes","Scyliorhinidae","Schroederichthys"
"Schroederichthys chilensis","Schroederichthys chilensis","Schroederichthys chilensis","accepted","Species","Elasmobranchii","Carcharhiniformes","Scyliorhinidae","Schroederichthys"
"Aulohalaelurus labiosus","Aulohalaelurus labiosus","Aulohalaelurus labiosus","accepted","Species","Elasmobranchii","Carcharhiniformes","Scyliorhinidae","Aulohalaelurus"
"Aulohalaelurus kanakorum","Aulohalaelurus kanakorum","Aulohalaelurus kanakorum","accepted","Species","Elasmobranchii","Carcharhiniformes","Scyliorhinidae","Aulohalaelurus"
"Atelomycterus baliensis","Atelomycterus baliensis","Atelomycterus baliensis","accepted","Species","Elasmobranchii","Carcharhiniformes","Scyliorhinidae","Atelomycterus"
"Atelomycterus marmoratus","Atelomycterus marmoratus","Atelomycterus marmoratus","accepted","Species","Elasmobranchii","Carcharhiniformes","Scyliorhinidae","Atelomycterus"
"Atelomycterus fasciatus","Atelomycterus fasciatus","Atelomycterus fasciatus","accepted","Species","Elasmobranchii","Carcharhiniformes","Scyliorhinidae","Atelomycterus"
"Atelomycterus macleayi","Atelomycterus macleayi","Atelomycterus macleayi","accepted","Species","Elasmobranchii","Carcharhiniformes","Scyliorhinidae","Atelomycterus"
"Atelomycterus marnkalha","Atelomycterus marnkalha","Atelomycterus marnkalha","accepted","Species","Elasmobranchii","Carcharhiniformes","Scyliorhinidae","Atelomycterus"
"Eridacnis barbouri","Eridacnis barbouri","Eridacnis barbouri","accepted","Species","Elasmobranchii","Carcharhiniformes","Proscylliidae","Eridacnis"
"Eridacnis sinuans","Eridacnis sinuans","Eridacnis sinuans","accepted","Species","Elasmobranchii","Carcharhiniformes","Proscylliidae","Eridacnis"
"Eridacnis radcliffei","Eridacnis radcliffei","Eridacnis radcliffei","accepted","Species","Elasmobranchii","Carcharhiniformes","Proscylliidae","Eridacnis"
"Ctenacis fehlmanni","Ctenacis fehlmanni","Ctenacis fehlmanni","accepted","Species","Elasmobranchii","Carcharhiniformes","Proscylliidae","Ctenacis"
"Proscyllium magnificum","Proscyllium magnificum","Proscyllium magnificum","accepted","Species","Elasmobranchii","Carcharhiniformes","Proscylliidae","Proscyllium"
"Proscyllium venustum","Proscyllium venustum","Proscyllium venustum","accepted","Species","Elasmobranchii","Carcharhiniformes","Proscylliidae","Proscyllium"
"Proscyllium habereri","Proscyllium habereri","Proscyllium habereri","accepted","Species","Elasmobranchii","Carcharhiniformes","Proscylliidae","Proscyllium"
"Pseudotriakis microdon","Pseudotriakis microdon","Pseudotriakis microdon","accepted","Species","Elasmobranchii","Carcharhiniformes","Pseudotriakidae","Pseudotriakis"
"Planonasus parini","Planonasus parini","Planonasus parini","accepted","Species","Elasmobranchii","Carcharhiniformes","Pseudotriakidae","Planonasus"
"Gollum attenuatus","Gollum attenuatus","Gollum attenuatus","accepted","Species","Elasmobranchii","Carcharhiniformes","Pseudotriakidae","Gollum"
"Gollum suluensis","Gollum suluensis","Gollum suluensis","accepted","Species","Elasmobranchii","Carcharhiniformes","Pseudotriakidae","Gollum"
"Leptocharias smithii","Leptocharias smithii","Leptocharias smithii","accepted","Species","Elasmobranchii","Carcharhiniformes","Leptochariidae","Leptocharias"
"Hemipristis elongata","Hemipristis elongata","Hemipristis elongata","accepted","Species","Elasmobranchii","Carcharhiniformes","Hemigaleidae","Hemipristis"
"Paragaleus tengi","Paragaleus tengi","Paragaleus tengi","accepted","Species","Elasmobranchii","Carcharhiniformes","Hemigaleidae","Paragaleus"
"Paragaleus pectoralis","Paragaleus pectoralis","Paragaleus pectoralis","accepted","Species","Elasmobranchii","Carcharhiniformes","Hemigaleidae","Paragaleus"
"Paragaleus randalli","Paragaleus randalli","Paragaleus longicaudatus","unaccepted","Species","Elasmobranchii","Carcharhiniformes","Hemigaleidae","Paragaleus"
"Paragaleus leucolomatus","Paragaleus leucolomatus","Paragaleus leucolomatus","accepted","Species","Elasmobranchii","Carcharhiniformes","Hemigaleidae","Paragaleus"
"Chaenogaleus macrostoma","Chaenogaleus macrostoma","Chaenogaleus macrostoma","accepted","Species","Elasmobranchii","Carcharhiniformes","Hemigaleidae","Chaenogaleus"
"Hemigaleus microstoma","Hemigaleus microstoma","Hemigaleus microstoma","accepted","Species","Elasmobranchii","Carcharhiniformes","Hemigaleidae","Hemigaleus"
"Hemigaleus australiensis","Hemigaleus australiensis","Hemigaleus australiensis","accepted","Species","Elasmobranchii","Carcharhiniformes","Hemigaleidae","Hemigaleus"
"Galeocerdo cuvier","Galeocerdo cuvier","Galeocerdo cuvier","accepted","Species","Elasmobranchii","Carcharhiniformes","Galeocerdonidae","Galeocerdo"
"Eusphyra blochii","Eusphyra blochii","Eusphyra blochii","accepted","Species","Elasmobranchii","Carcharhiniformes","Sphyrnidae","Eusphyra"
"Sphyrna mokarran","Sphyrna mokarran","Sphyrna mokarran","accepted","Species","Elasmobranchii","Carcharhiniformes","Sphyrnidae","Sphyrna"
"Sphyrna zygaena","Sphyrna zygaena","Sphyrna zygaena","accepted","Species","Elasmobranchii","Carcharhiniformes","Sphyrnidae","Sphyrna"
"Sphyrna lewini","Sphyrna lewini","Sphyrna lewini","accepted","Species","Elasmobranchii","Carcharhiniformes","Sphyrnidae","Sphyrna"
"Sphyrna corona","Sphyrna corona","Sphyrna corona","accepted","Species","Elasmobranchii","Carcharhiniformes","Sphyrnidae","Sphyrna"
"Sphyrna tiburo","Sphyrna tiburo","Sphyrna tiburo","accepted","Species","Elasmobranchii","Carcharhiniformes","Sphyrnidae","Sphyrna"
"Sphyrna tudes","Sphyrna tudes","Sphyrna tudes","accepted","Species","Elasmobranchii","Carcharhiniformes","Sphyrnidae","Sphyrna"
"Sphyrna media","Sphyrna media","Sphyrna media","accepted","Species","Elasmobranchii","Carcharhiniformes","Sphyrnidae","Sphyrna"
"Loxodon macrorhinus","Loxodon macrorhinus","Loxodon macrorhinus","accepted","Species","Elasmobranchii","Carcharhiniformes","Carcharhinidae","Loxodon"
"Scoliodon macrorhynchos","Scoliodon macrorhynchos","Scoliodon macrorhynchos","accepted","Species","Elasmobranchii","Carcharhiniformes","Carcharhinidae","Scoliodon"
"Scoliodon laticaudus","Scoliodon laticaudus","Scoliodon laticaudus","accepted","Species","Elasmobranchii","Carcharhiniformes","Carcharhinidae","Scoliodon"
"Rhizoprionodon oligolinx","Rhizoprionodon oligolinx","Rhizoprionodon oligolinx","accepted","Species","Elasmobranchii","Carcharhiniformes","Carcharhinidae","Rhizoprionodon"
"Rhizoprionodon acutus","Rhizoprionodon acutus","Rhizoprionodon acutus","accepted","Species","Elasmobranchii","Carcharhiniformes","Carcharhinidae","Rhizoprionodon"
"Rhizoprionodon taylori","Rhizoprionodon taylori","Rhizoprionodon taylori","accepted","Species","Elasmobranchii","Carcharhiniformes","Carcharhinidae","Rhizoprionodon"
"Rhizoprionodon longurio","Rhizoprionodon longurio","Rhizoprionodon longurio","accepted","Species","Elasmobranchii","Carcharhiniformes","Carcharhinidae","Rhizoprionodon"
"Rhizoprionodon lalandii","Rhizoprionodon lalandii","Rhizoprionodon lalandii","accepted","Species","Elasmobranchii","Carcharhiniformes","Carcharhinidae","Rhizoprionodon"
"Rhizoprionodon terraenovae","Rhizoprionodon terraenovae","Rhizoprionodon terraenovae","accepted","Species","Elasmobranchii","Carcharhiniformes","Carcharhinidae","Rhizoprionodon"
"Rhizoprionodon porosus","Rhizoprionodon porosus","Rhizoprionodon porosus","accepted","Species","Elasmobranchii","Carcharhiniformes","Carcharhinidae","Rhizoprionodon"
"Triaenodon obesus","Triaenodon obesus","Triaenodon obesus","accepted","Species","Elasmobranchii","Carcharhiniformes","Carcharhinidae","Triaenodon"
"Carcharhinus sorrah","Carcharhinus sorrah","Carcharhinus sorrah","accepted","Species","Elasmobranchii","Carcharhiniformes","Carcharhinidae","Carcharhinus"
"Carcharhinus amboinensis","Carcharhinus amboinensis","Carcharhinus amboinensis","accepted","Species","Elasmobranchii","Carcharhiniformes","Carcharhinidae","Carcharhinus"
"Carcharhinus borneensis","Carcharhinus borneensis","Carcharhinus borneensis","accepted","Species","Elasmobranchii","Carcharhiniformes","Carcharhinidae","Carcharhinus"
"Carcharhinus macloti","Carcharhinus macloti","Carcharhinus macloti","accepted","Species","Elasmobranchii","Carcharhiniformes","Carcharhinidae","Carcharhinus"
"Carcharhinus sealei","Carcharhinus sealei","Carcharhinus sealei","accepted","Species","Elasmobranchii","Carcharhiniformes","Carcharhinidae","Carcharhinus"
"Carcharhinus dussumieri","Carcharhinus dussumieri","Carcharhinus dussumieri","accepted","Species","Elasmobranchii","Carcharhiniformes","Carcharhinidae","Carcharhinus"
"Carcharhinus porosus","Carcharhinus porosus","Carcharhinus porosus","accepted","Species","Elasmobranchii","Carcharhiniformes","Carcharhinidae","Carcharhinus"
"Carcharhinus perezii","Carcharhinus perezii","Carcharhinus perezii","accepted","Species","Elasmobranchii","Carcharhiniformes","Carcharhinidae","Carcharhinus"
"Carcharhinus tjutjot","Carcharhinus tjutjot","Carcharhinus tjutjot","accepted","Species","Elasmobranchii","Carcharhiniformes","Carcharhinidae","Carcharhinus"
"Carcharhinus cerdale","Carcharhinus cerdale","Carcharhinus cerdale","accepted","Species","Elasmobranchii","Carcharhiniformes","Carcharhinidae","Carcharhinus"
"Isogomphodon oxyrhynchus","Isogomphodon oxyrhynchus","Isogomphodon oxyrhynchus","accepted","Species","Elasmobranchii","Carcharhiniformes","Carcharhinidae","Isogomphodon"
"Carcharhinus longimanus","Carcharhinus longimanus","Carcharhinus longimanus","accepted","Species","Elasmobranchii","Carcharhiniformes","Carcharhinidae","Carcharhinus"
"Carcharhinus coatesi","Carcharhinus coatesi","Carcharhinus coatesi","accepted","Species","Elasmobranchii","Carcharhiniformes","Carcharhinidae","Carcharhinus"
"Carcharhinus obscurus","Carcharhinus obscurus","Carcharhinus obscurus","accepted","Species","Elasmobranchii","Carcharhiniformes","Carcharhinidae","Carcharhinus"
"Carcharhinus galapagensis","Carcharhinus galapagensis","Carcharhinus galapagensis","accepted","Species","Elasmobranchii","Carcharhiniformes","Carcharhinidae","Carcharhinus"
"Carcharhinus brachyurus","Carcharhinus brachyurus","Carcharhinus brachyurus","accepted","Species","Elasmobranchii","Carcharhiniformes","Carcharhinidae","Carcharhinus"
"Carcharhinus brevipinna","Carcharhinus brevipinna","Carcharhinus brevipinna","accepted","Species","Elasmobranchii","Carcharhiniformes","Carcharhinidae","Carcharhinus"
"Prionace glauca","Prionace glauca","Prionace glauca","accepted","Species","Elasmobranchii","Carcharhiniformes","Carcharhinidae","Prionace"
"Carcharhinus albimarginatus","Carcharhinus albimarginatus","Carcharhinus albimarginatus","accepted","Species","Elasmobranchii","Carcharhiniformes","Carcharhinidae","Carcharhinus"
"Carcharhinus hemiodon","Carcharhinus hemiodon","Carcharhinus hemiodon","accepted","Species","Elasmobranchii","Carcharhiniformes","Carcharhinidae","Carcharhinus"
"Carcharhinus falciformis","Carcharhinus falciformis","Carcharhinus falciformis","accepted","Species","Elasmobranchii","Carcharhiniformes","Carcharhinidae","Carcharhinus"
"Carcharhinus wheeleri","Carcharhinus wheeleri","Carcharhinus amblyrhynchos","unaccepted","Species","Elasmobranchii","Carcharhiniformes","Carcharhinidae","Carcharhinus"
"Carcharhinus amblyrhynchos","Carcharhinus amblyrhynchos","Carcharhinus amblyrhynchos","accepted","Species","Elasmobranchii","Carcharhiniformes","Carcharhinidae","Carcharhinus"
"Carcharhinus leucas","Carcharhinus leucas","Carcharhinus leucas","accepted","Species","Elasmobranchii","Carcharhiniformes","Carcharhinidae","Carcharhinus"
"Carcharhinus altimus","Carcharhinus altimus","Carcharhinus altimus","accepted","Species","Elasmobranchii","Carcharhiniformes","Carcharhinidae","Carcharhinus"
"Carcharhinus plumbeus","Carcharhinus plumbeus","Carcharhinus plumbeus","accepted","Species","Elasmobranchii","Carcharhiniformes","Carcharhinidae","Carcharhinus"
"Carcharhinus isodon","Carcharhinus isodon","Carcharhinus isodon","accepted","Species","Elasmobranchii","Carcharhiniformes","Carcharhinidae","Carcharhinus"
"Nasolamia velox","Nasolamia velox","Nasolamia velox","accepted","Species","Elasmobranchii","Carcharhiniformes","Carcharhinidae","Nasolamia"
"Carcharhinus acronotus","Carcharhinus acronotus","Carcharhinus acronotus","accepted","Species","Elasmobranchii","Carcharhiniformes","Carcharhinidae","Carcharhinus"
"Carcharhinus signatus","Carcharhinus signatus","Carcharhinus signatus","accepted","Species","Elasmobranchii","Carcharhiniformes","Carcharhinidae","Carcharhinus"
"Carcharhinus fitzroyensis","Carcharhinus fitzroyensis","Carcharhinus fitzroyensis","accepted","Species","Elasmobranchii","Carcharhiniformes","Carcharhinidae","Carcharhinus"
"Carcharhinus melanopterus","Carcharhinus melanopterus","Carcharhinus melanopterus","accepted","Species","Elasmobranchii","Carcharhiniformes","Carcharhinidae","Carcharhinus"
"Carcharhinus cautus","Carcharhinus cautus","Carcharhinus cautus","accepted","Species","Elasmobranchii","Carcharhiniformes","Carcharhinidae","Carcharhinus"
"Carcharhinus limbatus","Carcharhinus limbatus","Carcharhinus limbatus","accepted","Species","Elasmobranchii","Carcharhiniformes","Carcharhinidae","Carcharhinus"
"Carcharhinus tilstoni","Carcharhinus tilstoni","Carcharhinus tilstoni","accepted","Species","Elasmobranchii","Carcharhiniformes","Carcharhinidae","Carcharhinus"
"Carcharhinus amblyrhynchoides","Carcharhinus amblyrhynchoides","Carcharhinus amblyrhynchoides","accepted","Species","Elasmobranchii","Carcharhiniformes","Carcharhinidae","Carcharhinus"
"Carcharhinus leiodon","Carcharhinus leiodon","Carcharhinus leiodon","accepted","Species","Elasmobranchii","Carcharhiniformes","Carcharhinidae","Carcharhinus"
"Negaprion acutidens","Negaprion acutidens","Negaprion acutidens","accepted","Species","Elasmobranchii","Carcharhiniformes","Carcharhinidae","Negaprion"
"Negaprion brevirostris","Negaprion brevirostris","Negaprion brevirostris","accepted","Species","Elasmobranchii","Carcharhiniformes","Carcharhinidae","Negaprion"
"Lamiopsis temminckii","Lamiopsis temminckii","Lamiopsis temminckii","accepted","Species","Elasmobranchii","Carcharhiniformes","Carcharhinidae","Lamiopsis"
"Lamiopsis tephrodes","Lamiopsis tephrodes","Lamiopsis tephrodes","accepted","Species","Elasmobranchii","Carcharhiniformes","Carcharhinidae","Lamiopsis"
"Glyphis glyphis","Glyphis glyphis","Glyphis glyphis","accepted","Species","Elasmobranchii","Carcharhiniformes","Carcharhinidae","Glyphis"
"Glyphis garricki","Glyphis garricki","Glyphis garricki","accepted","Species","Elasmobranchii","Carcharhiniformes","Carcharhinidae","Glyphis"
"Glyphis siamensis","Glyphis siamensis","Glyphis siamensis","accepted","Species","Elasmobranchii","Carcharhiniformes","Carcharhinidae","Glyphis"
"Glyphis fowlerae",NA,NA,NA,NA,NA,NA,NA,NA
"Glyphis gangeticus","Glyphis gangeticus","Glyphis gangeticus","accepted","Species","Elasmobranchii","Carcharhiniformes","Carcharhinidae","Glyphis"
"Glyphis sp.1",NA,NA,NA,NA,NA,NA,NA,NA
"Triakis semifasciata","Triakis semifasciata","Triakis semifasciata","accepted","Species","Elasmobranchii","Carcharhiniformes","Triakidae","Triakis"
"Triakis maculata","Triakis maculata","Triakis maculata","accepted","Species","Elasmobranchii","Carcharhiniformes","Triakidae","Triakis"
"Triakis acutipinna","Triakis acutipinna","Triakis acutipinna","accepted","Species","Elasmobranchii","Carcharhiniformes","Triakidae","Triakis"
"Triakis scyllium","Triakis scyllium","Triakis scyllium","accepted","Species","Elasmobranchii","Carcharhiniformes","Triakidae","Triakis"
"Furgaleus macki","Furgaleus macki","Furgaleus macki","accepted","Species","Elasmobranchii","Carcharhiniformes","Triakidae","Furgaleus"
"Hemitriakis indroyonoi","Hemitriakis indroyonoi","Hemitriakis indroyonoi","accepted","Species","Elasmobranchii","Carcharhiniformes","Triakidae","Hemitriakis"
"Hemitriakis japanica","Hemitriakis japanica","Hemitriakis japanica","accepted","Species","Elasmobranchii","Carcharhiniformes","Triakidae","Hemitriakis"
"Hemitriakis abdita","Hemitriakis abdita","Hemitriakis abdita","accepted","Species","Elasmobranchii","Carcharhiniformes","Triakidae","Hemitriakis"
"Hemitriakis leucoperiptera","Hemitriakis leucoperiptera","Hemitriakis leucoperiptera","accepted","Species","Elasmobranchii","Carcharhiniformes","Triakidae","Hemitriakis"
"Hemitriakis falcata","Hemitriakis falcata","Hemitriakis falcata","accepted","Species","Elasmobranchii","Carcharhiniformes","Triakidae","Hemitriakis"
"Hemitriakis complicofasciata","Hemitriakis complicofasciata","Hemitriakis complicofasciata","accepted","Species","Elasmobranchii","Carcharhiniformes","Triakidae","Hemitriakis"
"Gogolia filewoodi","Gogolia filewoodi","Gogolia filewoodi","accepted","Species","Elasmobranchii","Carcharhiniformes","Triakidae","Gogolia"
"Iago garricki","Iago garricki","Iago garricki","accepted","Species","Elasmobranchii","Carcharhiniformes","Triakidae","Iago"
"Iago omanensis","Iago omanensis","Iago omanensis","accepted","Species","Elasmobranchii","Carcharhiniformes","Triakidae","Iago"
"Galeorhinus galeus","Galeorhinus galeus","Galeorhinus galeus","accepted","Species","Elasmobranchii","Carcharhiniformes","Triakidae","Galeorhinus"
"Hypogaleus hyugaensis","Hypogaleus hyugaensis","Hypogaleus hyugaensis","accepted","Species","Elasmobranchii","Carcharhiniformes","Triakidae","Hypogaleus"
"Mustelus mento","Mustelus mento","Mustelus mento","accepted","Species","Elasmobranchii","Carcharhiniformes","Triakidae","Mustelus"
"Mustelus albipinnis","Mustelus albipinnis","Mustelus albipinnis","accepted","Species","Elasmobranchii","Carcharhiniformes","Triakidae","Mustelus"
"Mustelus palumbes","Mustelus palumbes","Mustelus palumbes","accepted","Species","Elasmobranchii","Carcharhiniformes","Triakidae","Mustelus"
"Mustelus asterias","Mustelus asterias","Mustelus asterias","accepted","Species","Elasmobranchii","Carcharhiniformes","Triakidae","Mustelus"
"Mustelus stevensi","Mustelus stevensi","Mustelus stevensi","accepted","Species","Elasmobranchii","Carcharhiniformes","Triakidae","Mustelus"
"Mustelus antarcticus","Mustelus antarcticus","Mustelus antarcticus","accepted","Species","Elasmobranchii","Carcharhiniformes","Triakidae","Mustelus"
"Mustelus dorsalis","Mustelus dorsalis","Mustelus dorsalis","accepted","Species","Elasmobranchii","Carcharhiniformes","Triakidae","Mustelus"
"Mustelus lenticulatus","Mustelus lenticulatus","Mustelus lenticulatus","accepted","Species","Elasmobranchii","Carcharhiniformes","Triakidae","Mustelus"
"Mustelus manazo","Mustelus manazo","Mustelus manazo","accepted","Species","Elasmobranchii","Carcharhiniformes","Triakidae","Mustelus"
"Mustelus schmitti","Mustelus schmitti","Mustelus schmitti","accepted","Species","Elasmobranchii","Carcharhiniformes","Triakidae","Mustelus"
"Mustelus griseus","Mustelus griseus","Mustelus griseus","accepted","Species","Elasmobranchii","Carcharhiniformes","Triakidae","Mustelus"
"Scylliogaleus quecketti","Scylliogaleus quecketti","Scylliogaleus quecketti","accepted","Species","Elasmobranchii","Carcharhiniformes","Triakidae","Scylliogaleus"
"Triakis megalopterus","Triakis megalopterus","Triakis megalopterus","accepted","Species","Elasmobranchii","Carcharhiniformes","Triakidae","Triakis"
"Mustelus mangalorensis","Mustelus mangalorensis","Iago mangalorensis","unaccepted","Species","Elasmobranchii","Carcharhiniformes","Triakidae","Mustelus"
"Mustelus whitneyi","Mustelus whitneyi","Mustelus whitneyi","accepted","Species","Elasmobranchii","Carcharhiniformes","Triakidae","Mustelus"
"Mustelus sinusmexicanus","Mustelus sinusmexicanus","Mustelus sinusmexicanus","accepted","Species","Elasmobranchii","Carcharhiniformes","Triakidae","Mustelus"
"Mustelus norrisi","Mustelus norrisi","Mustelus norrisi","accepted","Species","Elasmobranchii","Carcharhiniformes","Triakidae","Mustelus"
"Mustelus canis","Mustelus canis","Mustelus canis","accepted","Species","Elasmobranchii","Carcharhiniformes","Triakidae","Mustelus"
"Mustelus higmani","Mustelus higmani","Mustelus higmani","accepted","Species","Elasmobranchii","Carcharhiniformes","Triakidae","Mustelus"
"Mustelus henlei","Mustelus henlei","Mustelus henlei","accepted","Species","Elasmobranchii","Carcharhiniformes","Triakidae","Mustelus"
"Mustelus walkeri","Mustelus walkeri","Mustelus antarcticus","unaccepted","Species","Elasmobranchii","Carcharhiniformes","Triakidae","Mustelus"
"Mustelus lunulatus","Mustelus lunulatus","Mustelus lunulatus","accepted","Species","Elasmobranchii","Carcharhiniformes","Triakidae","Mustelus"
"Mustelus mosis","Mustelus mosis","Mustelus mosis","accepted","Species","Elasmobranchii","Carcharhiniformes","Triakidae","Mustelus"
"Mustelus ravidus","Mustelus ravidus","Mustelus ravidus","accepted","Species","Elasmobranchii","Carcharhiniformes","Triakidae","Mustelus"
"Mustelus widodoi","Mustelus widodoi","Mustelus widodoi","accepted","Species","Elasmobranchii","Carcharhiniformes","Triakidae","Mustelus"
"Mustelus mustelus","Mustelus mustelus","Mustelus mustelus","accepted","Species","Elasmobranchii","Carcharhiniformes","Triakidae","Mustelus"
"Mustelus fasciatus","Mustelus fasciatus","Mustelus fasciatus","accepted","Species","Elasmobranchii","Carcharhiniformes","Triakidae","Mustelus"
"Mustelus californicus","Mustelus californicus","Mustelus californicus","accepted","Species","Elasmobranchii","Carcharhiniformes","Triakidae","Mustelus"
"Mustelus minicanis","Mustelus minicanis","Mustelus minicanis","accepted","Species","Elasmobranchii","Carcharhiniformes","Triakidae","Mustelus"
"Mustelus punctulatus","Mustelus punctulatus","Mustelus punctulatus","accepted","Species","Elasmobranchii","Carcharhiniformes","Triakidae","Mustelus"
"Bythaelurus hispidus","Bythaelurus hispidus","Bythaelurus hispidus","accepted","Species","Elasmobranchii","Carcharhiniformes","Scyliorhinidae","Bythaelurus"
"Bythaelurus immaculatus","Bythaelurus immaculatus","Bythaelurus immaculatus","accepted","Species","Elasmobranchii","Carcharhiniformes","Scyliorhinidae","Bythaelurus"
"Bythaelurus clevai","Bythaelurus clevai","Bythaelurus clevai","accepted","Species","Elasmobranchii","Carcharhiniformes","Scyliorhinidae","Bythaelurus"
"Bythaelurus canescens","Bythaelurus canescens","Bythaelurus canescens","accepted","Species","Elasmobranchii","Carcharhiniformes","Scyliorhinidae","Bythaelurus"
"Bythaelurus alcockii","Bythaelurus alcockii","Bythaelurus alcockii","accepted","Species","Elasmobranchii","Carcharhiniformes","Scyliorhinidae","Bythaelurus"
"Bythaelurus giddingsi","Bythaelurus giddingsi","Bythaelurus giddingsi","accepted","Species","Elasmobranchii","Carcharhiniformes","Scyliorhinidae","Bythaelurus"
"Bythaelurus lutarius","Bythaelurus lutarius","Bythaelurus lutarius","accepted","Species","Elasmobranchii","Carcharhiniformes","Scyliorhinidae","Bythaelurus"
"Bythaelurus incanus","Bythaelurus incanus","Bythaelurus incanus","accepted","Species","Elasmobranchii","Carcharhiniformes","Scyliorhinidae","Bythaelurus"
"Bythaelurus dawsoni","Bythaelurus dawsoni","Bythaelurus dawsoni","accepted","Species","Elasmobranchii","Carcharhiniformes","Scyliorhinidae","Bythaelurus"
"Figaro boardmani","Figaro boardmani","Figaro boardmani","accepted","Species","Elasmobranchii","Carcharhiniformes","Scyliorhinidae","Figaro"
"Figaro striatus","Figaro striatus","Figaro striatus","accepted","Species","Elasmobranchii","Carcharhiniformes","Scyliorhinidae","Figaro"
"Asymbolus funebris","Asymbolus funebris","Asymbolus funebris","accepted","Species","Elasmobranchii","Carcharhiniformes","Pentanchidae","Asymbolus"
"Asymbolus pallidus","Asymbolus pallidus","Asymbolus pallidus","accepted","Species","Elasmobranchii","Carcharhiniformes","Pentanchidae","Asymbolus"
"Asymbolus galacticus","Asymbolus galacticus","Asymbolus galacticus","accepted","Species","Elasmobranchii","Carcharhiniformes","Pentanchidae","Asymbolus"
"Asymbolus occiduus","Asymbolus occiduus","Asymbolus occiduus","accepted","Species","Elasmobranchii","Carcharhiniformes","Pentanchidae","Asymbolus"
"Asymbolus vincenti","Asymbolus vincenti","Asymbolus vincenti","accepted","Species","Elasmobranchii","Carcharhiniformes","Pentanchidae","Asymbolus"
"Asymbolus parvus","Asymbolus parvus","Asymbolus parvus","accepted","Species","Elasmobranchii","Carcharhiniformes","Pentanchidae","Asymbolus"
"Asymbolus submaculatus","Asymbolus submaculatus","Asymbolus submaculatus","accepted","Species","Elasmobranchii","Carcharhiniformes","Pentanchidae","Asymbolus"
"Asymbolus rubiginosus","Asymbolus rubiginosus","Asymbolus rubiginosus","accepted","Species","Elasmobranchii","Carcharhiniformes","Pentanchidae","Asymbolus"
"Asymbolus analis","Asymbolus analis","Asymbolus analis","accepted","Species","Elasmobranchii","Carcharhiniformes","Pentanchidae","Asymbolus"
"Galeus antillensis","Galeus antillensis","Galeus antillensis","accepted","Species","Elasmobranchii","Carcharhiniformes","Pentanchidae","Galeus"
"Galeus murinus","Galeus murinus","Galeus murinus","accepted","Species","Elasmobranchii","Carcharhiniformes","Pentanchidae","Galeus"
"Galeus piperatus","Galeus piperatus","Galeus piperatus","accepted","Species","Elasmobranchii","Carcharhiniformes","Pentanchidae","Galeus"
"Galeus arae","Galeus arae","Galeus arae","accepted","Species","Elasmobranchii","Carcharhiniformes","Pentanchidae","Galeus"
"Galeus gracilis","Galeus gracilis","Galeus gracilis","accepted","Species","Elasmobranchii","Carcharhiniformes","Pentanchidae","Galeus"
"Galeus springeri","Galeus springeri","Galeus springeri","accepted","Species","Elasmobranchii","Carcharhiniformes","Pentanchidae","Galeus"
"Galeus longirostris","Galeus longirostris","Galeus longirostris","accepted","Species","Elasmobranchii","Carcharhiniformes","Pentanchidae","Galeus"
"Galeus mincaronei","Galeus mincaronei","Galeus mincaronei","accepted","Species","Elasmobranchii","Carcharhiniformes","Pentanchidae","Galeus"
"Galeus schultzi","Galeus schultzi","Galeus schultzi","accepted","Species","Elasmobranchii","Carcharhiniformes","Pentanchidae","Galeus"
"Galeus nipponensis","Galeus nipponensis","Galeus nipponensis","accepted","Species","Elasmobranchii","Carcharhiniformes","Pentanchidae","Galeus"
"Galeus polli","Galeus polli","Galeus polli","accepted","Species","Elasmobranchii","Carcharhiniformes","Pentanchidae","Galeus"
"Galeus atlanticus","Galeus atlanticus","Galeus atlanticus","accepted","Species","Elasmobranchii","Carcharhiniformes","Pentanchidae","Galeus"
"Galeus cadenati","Galeus cadenati","Galeus cadenati","accepted","Species","Elasmobranchii","Carcharhiniformes","Pentanchidae","Galeus"
"Galeus priapus","Galeus priapus","Galeus priapus","accepted","Species","Elasmobranchii","Carcharhiniformes","Pentanchidae","Galeus"
"Galeus melastomus","Galeus melastomus","Galeus melastomus","accepted","Species","Elasmobranchii","Carcharhiniformes","Pentanchidae","Galeus"
"Apristurus canutus","Apristurus canutus","Apristurus canutus","accepted","Species","Elasmobranchii","Carcharhiniformes","Pentanchidae","Apristurus"
"Apristurus sibogae","Apristurus sibogae","Apristurus sibogae","accepted","Species","Elasmobranchii","Carcharhiniformes","Pentanchidae","Apristurus"
"Apristurus brunneus","Apristurus brunneus","Apristurus brunneus","accepted","Species","Elasmobranchii","Carcharhiniformes","Pentanchidae","Apristurus"
"Apristurus laurussonii","Apristurus laurussonii","Apristurus laurussonii","accepted","Species","Elasmobranchii","Carcharhiniformes","Pentanchidae","Apristurus"
"Apristurus melanoasper","Apristurus melanoasper","Apristurus melanoasper","accepted","Species","Elasmobranchii","Carcharhiniformes","Pentanchidae","Apristurus"
"Apristurus platyrhynchus","Apristurus platyrhynchus","Apristurus platyrhynchus","accepted","Species","Elasmobranchii","Carcharhiniformes","Pentanchidae","Apristurus"
"Apristurus sinensis","Apristurus sinensis","Apristurus sinensis","accepted","Species","Elasmobranchii","Carcharhiniformes","Pentanchidae","Apristurus"
"Apristurus japonicus","Apristurus japonicus","Apristurus japonicus","accepted","Species","Elasmobranchii","Carcharhiniformes","Pentanchidae","Apristurus"
"Apristurus internatus","Apristurus internatus","Apristurus internatus","accepted","Species","Elasmobranchii","Carcharhiniformes","Pentanchidae","Apristurus"
"Apristurus herklotsi","Apristurus herklotsi","Apristurus herklotsi","accepted","Species","Elasmobranchii","Carcharhiniformes","Pentanchidae","Apristurus"
"Apristurus micropterygeus","Apristurus micropterygeus","Apristurus micropterygeus","accepted","Species","Elasmobranchii","Carcharhiniformes","Pentanchidae","Apristurus"
"Apristurus spongiceps","Apristurus spongiceps","Apristurus spongiceps","accepted","Species","Elasmobranchii","Carcharhiniformes","Pentanchidae","Apristurus"
"Apristurus macrorhynchus","Apristurus macrorhynchus","Apristurus macrorhynchus","accepted","Species","Elasmobranchii","Carcharhiniformes","Pentanchidae","Apristurus"
"Apristurus exsanguis","Apristurus exsanguis","Apristurus exsanguis","accepted","Species","Elasmobranchii","Carcharhiniformes","Pentanchidae","Apristurus"
"Apristurus saldanha","Apristurus saldanha","Apristurus saldanha","accepted","Species","Elasmobranchii","Carcharhiniformes","Pentanchidae","Apristurus"
"Parmaturus pilosus","Parmaturus pilosus","Parmaturus pilosus","accepted","Species","Elasmobranchii","Carcharhiniformes","Pentanchidae","Parmaturus"
"Parmaturus campechiensis","Parmaturus campechiensis","Parmaturus campechiensis","accepted","Species","Elasmobranchii","Carcharhiniformes","Pentanchidae","Parmaturus"
"Parmaturus bigus","Parmaturus bigus","Dichichthys bigus","superseded combination","Species","Elasmobranchii","Carcharhiniformes","Pentanchidae","Parmaturus"
"Parmaturus albimarginatus","Parmaturus albimarginatus","Dichichthys albimarginatus","superseded combination","Species","Elasmobranchii","Carcharhiniformes","Pentanchidae","Parmaturus"
"Parmaturus sp.",NA,NA,NA,NA,NA,NA,NA,NA
"Parmaturus melanobranchus","Parmaturus melanobranchus","Dichichthys melanobranchus","superseded combination","Species","Elasmobranchii","Carcharhiniformes","Pentanchidae","Parmaturus"
"Parmaturus albipenis","Parmaturus albipenis","Parmaturus albipenis","accepted","Species","Elasmobranchii","Carcharhiniformes","Pentanchidae","Parmaturus"
"Parmaturus macmillani","Parmaturus macmillani","Parmaturus macmillani","accepted","Species","Elasmobranchii","Carcharhiniformes","Pentanchidae","Parmaturus"
"Parmaturus xaniurus","Parmaturus xaniurus","Parmaturus xaniurus","accepted","Species","Elasmobranchii","Carcharhiniformes","Pentanchidae","Parmaturus"
"Parmaturus lanatus","Parmaturus lanatus","Parmaturus lanatus","accepted","Species","Elasmobranchii","Carcharhiniformes","Pentanchidae","Parmaturus"
"Galeus eastmani","Galeus eastmani","Galeus eastmani","accepted","Species","Elasmobranchii","Carcharhiniformes","Pentanchidae","Galeus"
"Galeus sauteri","Galeus sauteri","Galeus sauteri","accepted","Species","Elasmobranchii","Carcharhiniformes","Pentanchidae","Galeus"
"Apristurus investigatoris","Apristurus investigatoris","Apristurus investigatoris","accepted","Species","Elasmobranchii","Carcharhiniformes","Pentanchidae","Apristurus"
"Apristurus stenseni","Apristurus stenseni","Apristurus stenseni","accepted","Species","Elasmobranchii","Carcharhiniformes","Pentanchidae","Apristurus"
"Apristurus riveri","Apristurus riveri","Apristurus riveri","accepted","Species","Elasmobranchii","Carcharhiniformes","Pentanchidae","Apristurus"
"Apristurus gibbosus","Apristurus gibbosus","Apristurus gibbosus","accepted","Species","Elasmobranchii","Carcharhiniformes","Pentanchidae","Apristurus"
"Apristurus australis","Apristurus australis","Apristurus australis","accepted","Species","Elasmobranchii","Carcharhiniformes","Pentanchidae","Apristurus"
"Apristurus longicephalus","Apristurus longicephalus","Apristurus longicephalus","accepted","Species","Elasmobranchii","Carcharhiniformes","Pentanchidae","Apristurus"
"Apristurus nasutus","Apristurus nasutus","Apristurus nasutus","accepted","Species","Elasmobranchii","Carcharhiniformes","Pentanchidae","Apristurus"
"Apristurus macrostomus","Apristurus macrostomus","Apristurus macrostomus","accepted","Species","Elasmobranchii","Carcharhiniformes","Pentanchidae","Apristurus"
"Apristurus albisoma","Apristurus albisoma","Apristurus albisoma","accepted","Species","Elasmobranchii","Carcharhiniformes","Pentanchidae","Apristurus"
"Apristurus bucephalus","Apristurus bucephalus","Apristurus bucephalus","accepted","Species","Elasmobranchii","Carcharhiniformes","Pentanchidae","Apristurus"
"Apristurus indicus","Apristurus indicus","Apristurus indicus","accepted","Species","Elasmobranchii","Carcharhiniformes","Pentanchidae","Apristurus"
"Apristurus fedorovi","Apristurus fedorovi","Apristurus fedorovi","accepted","Species","Elasmobranchii","Carcharhiniformes","Pentanchidae","Apristurus"
"Apristurus kampae","Apristurus kampae","Apristurus kampae","accepted","Species","Elasmobranchii","Carcharhiniformes","Pentanchidae","Apristurus"
"Apristurus parvipinnis","Apristurus parvipinnis","Apristurus parvipinnis","accepted","Species","Elasmobranchii","Carcharhiniformes","Pentanchidae","Apristurus"
"Apristurus aphyodes","Apristurus aphyodes","Apristurus aphyodes","accepted","Species","Elasmobranchii","Carcharhiniformes","Pentanchidae","Apristurus"
"Apristurus ampliceps","Apristurus ampliceps","Apristurus ampliceps","accepted","Species","Elasmobranchii","Carcharhiniformes","Pentanchidae","Apristurus"
"Apristurus manis","Apristurus manis","Apristurus manis","accepted","Species","Elasmobranchii","Carcharhiniformes","Pentanchidae","Apristurus"
"Apristurus microps","Apristurus microps","Apristurus microps","accepted","Species","Elasmobranchii","Carcharhiniformes","Pentanchidae","Apristurus"
"Apristurus pinguis","Apristurus pinguis","Apristurus pinguis","accepted","Species","Elasmobranchii","Carcharhiniformes","Pentanchidae","Apristurus"
"Apristurus profundorum","Apristurus profundorum","Apristurus profundorum","accepted","Species","Elasmobranchii","Carcharhiniformes","Pentanchidae","Apristurus"
"Halaelurus quagga","Halaelurus quagga","Halaelurus quagga","accepted","Species","Elasmobranchii","Carcharhiniformes","Pentanchidae","Halaelurus"
"Halaelurus maculosus","Halaelurus maculosus","Halaelurus maculosus","accepted","Species","Elasmobranchii","Carcharhiniformes","Pentanchidae","Halaelurus"
"Halaelurus sellus","Halaelurus sellus","Halaelurus sellus","accepted","Species","Elasmobranchii","Carcharhiniformes","Pentanchidae","Halaelurus"
"Halaelurus buergeri","Halaelurus buergeri","Halaelurus buergeri","accepted","Species","Elasmobranchii","Carcharhiniformes","Pentanchidae","Halaelurus"
"Halaelurus boesemani","Halaelurus boesemani","Halaelurus boesemani","accepted","Species","Elasmobranchii","Carcharhiniformes","Pentanchidae","Halaelurus"
"Halaelurus natalensis","Halaelurus natalensis","Halaelurus natalensis","accepted","Species","Elasmobranchii","Carcharhiniformes","Pentanchidae","Halaelurus"
"Halaelurus lineatus","Halaelurus lineatus","Halaelurus lineatus","accepted","Species","Elasmobranchii","Carcharhiniformes","Pentanchidae","Halaelurus"
"Haploblepharus fuscus","Haploblepharus fuscus","Haploblepharus fuscus","accepted","Species","Elasmobranchii","Carcharhiniformes","Scyliorhinidae","Haploblepharus"
"Haploblepharus edwardsii","Haploblepharus edwardsii","Haploblepharus edwardsii","accepted","Species","Elasmobranchii","Carcharhiniformes","Scyliorhinidae","Haploblepharus"
"Haploblepharus pictus","Haploblepharus pictus","Haploblepharus pictus","accepted","Species","Elasmobranchii","Carcharhiniformes","Scyliorhinidae","Haploblepharus"
"Haploblepharus kistnasamyi","Haploblepharus kistnasamyi","Haploblepharus kistnasamyi","accepted","Species","Elasmobranchii","Carcharhiniformes","Scyliorhinidae","Haploblepharus"
"Pentanchus profundicolus","Pentanchus profundicolus","Pentanchus profundicolus","accepted","Species","Elasmobranchii","Carcharhiniformes","Pentanchidae","Pentanchus"
"Holohalaelurus grennian","Holohalaelurus grennian","Holohalaelurus grennian","accepted","Species","Elasmobranchii","Carcharhiniformes","Pentanchidae","Holohalaelurus"
"Holohalaelurus melanostigma","Holohalaelurus melanostigma","Holohalaelurus melanostigma","accepted","Species","Elasmobranchii","Carcharhiniformes","Pentanchidae","Holohalaelurus"
"Holohalaelurus favus","Holohalaelurus favus","Holohalaelurus favus","accepted","Species","Elasmobranchii","Carcharhiniformes","Pentanchidae","Holohalaelurus"
"Holohalaelurus regani","Holohalaelurus regani","Holohalaelurus regani","accepted","Species","Elasmobranchii","Carcharhiniformes","Pentanchidae","Holohalaelurus"
"Holohalaelurus punctatus","Holohalaelurus punctatus","Holohalaelurus punctatus","accepted","Species","Elasmobranchii","Carcharhiniformes","Pentanchidae","Holohalaelurus"
