"tip.label","mean_ED","median_ED","sd_ED","mean_rank","median_rank","top20_count","top20_frequency","species"
"Zanobatus_schoenleinii",188.530753024009,189.134158176953,21.2235358917863,1.2,1,100,1,"Zanobatus schoenleinii"
"Hypnos_monopterygius",162.641586025615,159.176651212908,29.3790286665828,2.72,2,100,1,"Hypnos monopterygius"
"Hexatrygon_bickelli",137.627250802167,137.487954337562,14.8071687048578,3.73,3,100,1,"Hexatrygon bickelli"
"Platyrhinoidis_triseriata",135.708988663987,135.087951684551,16.0577715738223,4.19,4,100,1,"Platyrhinoidis triseriata"
"Mitsukurina_owstoni",129.411746375605,135.464094040999,24.5190164659539,4.99,4,100,1,"Mitsukurina owstoni"
"Plesiobatis_daviesi",117.820879981398,118.09918753752,13.205584932093,7.79,8,100,1,"Plesiobatis daviesi"
"Anoxypristis_cuspidata",116.972731763834,125.545741149437,27.8106630049424,9.27,7,95,0.95,"Anoxypristis cuspidata"
"Carcharias_taurus",103.39903460905,107.559875999308,18.4367445795098,12.48,12,100,1,"Carcharias taurus"
"Notorynchus_cepedianus",103.410724485802,104.87653855816,14.8533261063967,12.95,12.5,95,0.95,"Notorynchus cepedianus"
"Leptocharias_smithii",103.912931441747,105.504111744875,23.673148706605,16.15,13,68,0.68,"Leptocharias smithii"
"Alopias_superciliosus",99.9229754464612,106.247182959075,21.2890750481972,17.4,14,77,0.77,"Alopias superciliosus"
"Cetorhinus_maximus",95.3954978354848,98.8145727814342,16.1598985604033,19.89,20,59,0.59,"Cetorhinus maximus"
"Rhina_ancylostoma",98.9138309904424,106.55589099403,23.3149395373682,19.91,14,75,0.75,"Rhina ancylostoma"
"Chlamydoselachus_anguineus",95.1261754065078,91.2888706830084,16.3156448554668,22.26,21,49,0.49,"Chlamydoselachus anguineus"
"Chlamydoselachus_africana",95.1261754065078,91.2888706830084,16.3156448554668,23.26,22,48,0.48,"Chlamydoselachus africana"
"Brachaelurus_colcloughi",91.9660232958534,97.3689277192497,16.9502424577073,24.38,23,28,0.28,"Brachaelurus colcloughi"
"Pliotrema_warreni",92.5401266121353,97.2848405160258,18.2176021546398,24.8,23,32,0.32,"Pliotrema warreni"
"Hemipristis_elongata",91.6550978372017,95.1657169689904,16.1222615103009,25.07,25,12,0.12,"Hemipristis elongata"
"Brachaelurus_waddi",91.9660232958534,97.3689277192497,16.9502424577073,25.38,24,22,0.22,"Brachaelurus waddi"
"Trigonognathus_kabeyai",91.1287915284328,94.9785521144084,18.8298191415231,26.81,28,24,0.24,"Trigonognathus kabeyai"
"Pristis_pristis",92.631614995559,98.8729949333725,23.1791082333288,28.02,20.5,50,0.5,"Pristis pristis"
"Dasyatis_microps",87.3849140723652,86.0046792245877,7.65109290698613,29.33,33,23,0.23,"Dasyatis microps"
"Galeocerdo_cuvier",84.1280796149214,87.1055551780582,14.0771867983852,33.9,34,0,0,"Galeocerdo cuvier"
"Aetobatus_flagellum",81.0989214684285,81.24503765935,9.10088816693492,37.48,40,11,0.11,"Aetobatus flagellum"
"Aetobatus_narinari",81.0989214684285,81.24503765935,9.10088816693492,38.48,41,8,0.08,"Aetobatus narinari"
"Zapteryx_exasperata",83.7432533077813,88.8810072874963,22.5294294459674,43.85,33,33,0.33,"Zapteryx exasperata"
"Pristis_clavata",80.449351808269,86.2758594967058,19.7751609592831,46.33,35,0,0,"Pristis clavata"
"Heptranchias_perlo",76.8424518562018,78.3994749923621,11.040447740271,47.05,47,0,0,"Heptranchias perlo"
"Platyrhina_sinensis",78.5926277742485,74.6145723633487,16.5990423634177,48.52,47.5,11,0.11,"Platyrhina sinensis"
"Platyrhina_tangi",77.2299709258995,76.4972038647818,13.1045399482422,48.98,48.5,9,0.09,"Platyrhina tangi"
"Platyrhina_hyugaensis",77.8922139990985,76.0437662712531,14.953658925373,49.63,50,12,0.12,"Platyrhina hyugaensis"
"Zapteryx_brevirostris",79.4458754499125,73.7000660846432,22.4695476187976,53.69,44.5,27,0.27,"Zapteryx brevirostris"
"Callorhinchus_callorynchus",72.3753182276553,72.3044752342551,2.62976307057283,57.43,62.5,10,0.1,"Callorhinchus callorynchus"
"Pristis_zijsron",74.385231769029,79.991546565688,18.0789245170245,58.32,47,0,0,"Pristis zijsron"
"Pristis_pectinata",74.385231769029,79.991546565688,18.0789245170245,59.32,48,0,0,"Pristis pectinata"
"Callorhinchus_milii",70.9824183253953,70.4151837561174,2.51371698996345,62.19,67,4,0.04,"Callorhinchus milii"
"Callorhinchus_capensis",70.9824183253953,70.4151837561174,2.51371698996345,63.19,68,2,0.02,"Callorhinchus capensis"
"Taeniura_lymma",69.9811216491915,70.8179258407586,9.50321321001662,63.98,62.5,0,0,"Taeniura lymma"
"Trygonorrhina_melaleuca",76.8604008564394,71.2277911720392,28.0300210250394,64.95,65,14,0.14,"Trygonorrhina melaleuca"
"Carcharodon_carcharias",68.8346488501615,70.4437278665887,9.62871307538665,65.12,67,0,0,"Carcharodon carcharias"
"Trygonorrhina_dumerilii",73.6332664169169,70.603685485092,21.3150871087443,66.46,62.5,8,0.08,"Trygonorrhina dumerilii"
"Trygonorrhina_fasciata",74.9145638340903,70.318637126582,23.1089808482551,66.66,61,12,0.12,"Trygonorrhina fasciata"
"Echinorhinus_brucus",74.1140267863952,70.5973242126675,22.1809849855767,70.05,65.5,17,0.17,"Echinorhinus brucus"
"Echinorhinus_cookei",74.1140267863952,70.5973242126675,22.1809849855767,71.05,66.5,17,0.17,"Echinorhinus cookei"
"Zapteryx_xyster",70.4591776592676,68.6961947821917,19.8437893508063,72.58,81,8,0.08,"Zapteryx xyster"
"Heterodontus_francisci",77.7031126488292,70.9222807919477,30.2518020442905,77.63,62,23,0.23,"Heterodontus francisci"
"Lamna_ditropis",63.8250660728048,65.2416867010072,9.27014271192409,84.45,84,0,0,"Lamna ditropis"
"Lamna_nasus",63.8250660728048,65.2416867010072,9.27014271192409,85.45,85,0,0,"Lamna nasus"
"Iago_garricki",64.8122692409941,67.6139334119853,14.4737625845994,88.56,83.5,0,0,"Iago garricki"
"Aetomylaeus_vespertilio",69.6362519732553,75.3856643820525,18.1797833969558,88.96,45.5,0,0,"Aetomylaeus vespertilio"
"Iago_omanensis",64.8122692409941,67.6139334119853,14.4737625845994,89.56,84.5,0,0,"Iago omanensis"
"Isurus_oxyrinchus",62.7318668879915,64.0909638983039,8.62071024076224,90.27,91,0,0,"Isurus oxyrinchus"
"Isurus_paucus",62.7318668879915,64.0909638983039,8.62071024076224,91.27,92,0,0,"Isurus paucus"
"Aptychotrema_vincentiana",63.8659230852768,67.5665458878015,14.1719829627009,91.81,78.5,0,0,"Aptychotrema vincentiana"
"Narcine_westraliensis",63.4953113223963,63.639753541324,6.76854460554877,93.66,98.5,4,0.04,"Narcine westraliensis"
"Aptychotrema_rostrata",62.9972899186477,66.0684892872629,13.9753000340133,94.66,92,0,0,"Aptychotrema rostrata"
"Neoharriotta_pinnata",65.9056152477458,60.5667830768252,14.6157757817998,95.83,80.5,8,0.08,"Neoharriotta pinnata"
"Eucrossorhinus_dasypogon",65.6299002458368,69.0579270111199,18.8341056007834,97.35,80.5,0,0,"Eucrossorhinus dasypogon"
"Neoharriotta_pumila",64.8306738394118,59.2077940972978,14.4662570072043,99.34,91,8,0.08,"Neoharriotta pumila"
"Okamejei_jensenae",61.5796468429807,63.9940726022893,13.3376821514935,99.5,98,0,0,"Okamejei jensenae"
"Makararaja_chindwinensis",65.6233042528094,61.8491134618744,17.3957869466027,101.78,75.5,6,0.06,"Makararaja chindwinensis"
"Neoharriotta_carri",63.3579333494528,59.5875634985802,12.6142977437078,102.1,91,1,0.01,"Neoharriotta carri"
"Aptychotrema_timorensis",62.0725948705647,61.8311308377017,16.0045668521779,105.29,108.5,3,0.03,"Aptychotrema timorensis"
"Hexanchus_vitulus",60.066445527016,59.7907426066961,10.7525835566143,106.83,104,0,0,"Hexanchus vitulus"
"Hexanchus_nakamurai",60.1150326269471,59.5300592212477,11.6314081232421,108.24,107.5,0,0,"Hexanchus nakamurai"
"Hexanchus_griseus",59.828533239404,59.9167662668877,10.8368285613838,108.61,108,0,0,"Hexanchus griseus"
"Heterodontus_mexicanus",66.732651166809,60.7982906370804,24.4095229517603,109.31,92,5,0.05,"Heterodontus mexicanus"
"Trygonoptera_ovalis",61.8547546777912,65.0670265803167,12.3178196992962,109.51,83,0,0,"Trygonoptera ovalis"
"Galeorhinus_galeus",62.840235218251,68.07033504493,17.4078557623174,111.1,79.5,0,0,"Galeorhinus galeus"
"Dalatias_licha",70.6318992979005,68.2824180026758,26.890556607791,111.22,61.5,3,0.03,"Dalatias licha"
"Alopias_vulpinus",65.7755882470029,63.4506507099522,20.8365522468157,113.95,68.5,0,0,"Alopias vulpinus"
"Alopias_pelagicus",64.3620027273968,57.4600368724473,20.8039273157382,117.57,83,0,0,"Alopias pelagicus"
"Hypogaleus_hyugaensis",62.443221071494,67.6388788942267,17.4640464298733,117.86,80.5,0,0,"Hypogaleus hyugaensis"
"Squaliolus_laticaudus",62.6073009161602,60.9673537537024,17.7832758748572,118.36,88,0,0,"Squaliolus laticaudus"
"Eusphyra_blochii",56.2210212390519,57.6542330542371,9.09153567314284,125.42,125.5,0,0,"Eusphyra blochii"
"Loxodon_macrorhinus",54.8162357131403,55.3869478355764,7.83200245715894,132.36,135,0,0,"Loxodon macrorhinus"
"Aulohalaelurus_labiosus",56.1543865917715,56.1928660505783,11.9246535366233,134.68,135.5,0,0,"Aulohalaelurus labiosus"
"Megachasma_pelagios",62.6132057658812,58.632115479936,22.9514132985602,134.75,127,8,0.08,"Megachasma pelagios"
"Aulohalaelurus_kanakorum",56.1543865917715,56.1928660505783,11.9246535366233,135.68,136.5,0,0,"Aulohalaelurus kanakorum"
"Pristiophorus_japonicus",60.5181077867796,56.3157683401689,18.0177064469174,135.93,89.5,0,0,"Pristiophorus japonicus"
"Rhincodon_typus",60.6770658561575,55.1894391022186,19.272274733173,137.54,123,4,0.04,"Rhincodon typus"
"Pseudotriakis_microdon",58.4177789287352,56.167504845553,17.6306514954865,138.31,117.5,0,0,"Pseudotriakis microdon"
"Pseudocarcharias_kamoharai",61.2795746826228,56.6332701219552,22.8951221924137,139.08,142,6,0.06,"Pseudocarcharias kamoharai"
"Stegostoma_fasciatum",60.028889120862,54.5866015623653,18.1077532173709,139.55,129,4,0.04,"Stegostoma fasciatum"
"Aetomylaeus_maculatus",55.3546792389621,55.3133680672367,10.5821082271661,148.54,105.5,0,0,"Aetomylaeus maculatus"
"Centroselachus_crepidater",56.073115161417,61.3862900500543,14.9383950345586,148.57,119,0,0,"Centroselachus crepidater"
"Ginglymostoma_cirratum",54.87355080161,54.8841204962552,10.4348427812452,149.27,127,0,0,"Ginglymostoma cirratum"
"Galeus_eastmani",53.277888515116,56.1339873865403,11.0054932290821,150.7,140,0,0,"Galeus eastmani"
"Chaenogaleus_macrostoma",52.4491091480335,54.4533448960976,8.6814856852722,151.18,153,0,0,"Chaenogaleus macrostoma"
"Galeus_sauteri",53.277888515116,56.1339873865403,11.0054932290821,151.7,141,0,0,"Galeus sauteri"
"Cirrhoscyllium_formosanum",57.6854516122739,55.3036405040571,18.5048812961371,152.75,141,5,0.05,"Cirrhoscyllium formosanum"
"Nebrius_ferrugineus",54.7591703121546,53.7459021542984,11.8129884345147,154.08,127,0,0,"Nebrius ferrugineus"
"Heterodontus_ramalheira",56.9787259017831,56.6467902355782,18.2419476274792,155.14,131,1,0.01,"Heterodontus ramalheira"
"Rhinobatos_lentiginosus",65.2642909270637,58.0397976727485,29.6541150418134,155.49,99.5,21,0.21,"Rhinobatos lentiginosus"
"Rhinochimaera_pacifica",52.6947375748041,53.5423285230135,5.01616956530116,157.12,141.5,0,0,"Rhinochimaera pacifica"
"Harriotta_raleighana",52.6475325212682,50.7559813723654,6.31802279089488,157.21,155.5,0,0,"Harriotta raleighana"
"Harriotta_haeckeli",52.6475325212682,50.7559813723654,6.31802279089488,158.21,156.5,0,0,"Harriotta haeckeli"
"Sphyrna_mokarran",51.2344905500748,52.4086677927931,7.74301089655218,159.74,159,0,0,"Sphyrna mokarran"
"Cirrhoscyllium_japonicum",57.3808213111433,54.9518313601668,19.2393662210367,159.75,141.5,4,0.04,"Cirrhoscyllium japonicum"
"Trygonoptera_personata",53.4891679072338,55.5138263605349,10.2994111730744,159.87,126,0,0,"Trygonoptera personata"
"Pseudoginglymostoma_brevicaudatum",57.1699868456184,53.047482298504,18.0187539286631,160.35,148.5,5,0.05,"Pseudoginglymostoma brevicaudatum"
"Cirrhoscyllium_expolitum",56.2540880203189,53.7332555510608,17.4861887573622,160.8,149,2,0.02,"Cirrhoscyllium expolitum"
"Cirrhigaleus_asper",59.8617289663649,67.6098790869185,21.4036275265885,163.67,78,0,0,"Cirrhigaleus asper"
"Rhinochimaera_africana",51.5319112800518,51.2038534594044,5.53821968071988,167.4,149,0,0,"Rhinochimaera africana"
"Rhinobatos_penggali",58.324551347309,56.8386691357746,21.2220008759766,169.94,116.5,0,0,"Rhinobatos penggali"
"Pristiophorus_nudipinnis",54.2455538448516,52.9543488259178,15.9678947718518,171.61,130,0,0,"Pristiophorus nudipinnis"
"Centroscymnus_coelolepis",53.3090083157222,59.6990885859313,14.8550382958279,172.8,121.5,0,0,"Centroscymnus coelolepis"
"Heterodontus_quoyi",55.6983852022957,51.1992194646741,22.2163810498506,175.91,171.5,4,0.04,"Heterodontus quoyi"
"Planonasus_parini",53.3647351343152,52.9812895631374,16.7874298882045,177.24,162.5,1,0.01,"Planonasus parini"
"Heterodontus_omanensis",53.9971701705798,50.6861099452666,18.619922064281,180.93,178,2,0.02,"Heterodontus omanensis"
"Heterodontus_japonicus",54.6657409067549,49.3984460762785,21.1557312229981,181.64,180,5,0.05,"Heterodontus japonicus"
"Narcine_lasti",49.7083585353963,49.511865178282,6.02586970394365,184.62,184.5,0,0,"Narcine lasti"
"Narcine_tasmaniensis",49.7083585353963,49.511865178282,6.02586970394365,185.62,185.5,0,0,"Narcine tasmaniensis"
"Urobatis_jamaicensis",53.5075537822059,57.250721877863,15.2756328756864,187.44,110,0,0,"Urobatis jamaicensis"
"Rhinochimaera_atlantica",49.6744337613401,48.3282540575862,6.58074271685605,187.81,184,0,0,"Rhinochimaera atlantica"
"Odontaspis_noronhai",52.1675959774033,51.9599075517547,15.8880666562616,189.62,168,0,0,"Odontaspis noronhai"
"Odontaspis_ferox",52.1675959774033,51.9599075517547,15.8880666562616,190.62,169,0,0,"Odontaspis ferox"
"Cephalurus_cephalus",58.4098913265375,49.5177924520743,28.3153125524341,192.22,185,10,0.1,"Cephalurus cephalus"
"Aetomylaeus_nichofii",50.9890228859413,47.9466074723205,13.4671547392925,192.65,185.5,1,0.01,"Aetomylaeus nichofii"
"Pristiophorus_cirratus",51.197725954301,50.2004759459751,14.0580929261253,194.47,163.5,0,0,"Pristiophorus cirratus"
"Furgaleus_macki",51.236130137417,57.6968657996102,14.9335008947415,194.5,126.5,0,0,"Furgaleus macki"
"Sphyrna_zygaena",47.6007768248815,48.6332072873175,6.99209972384569,195.31,193.5,0,0,"Sphyrna zygaena"
"Schroederichthys_bivius",53.2326719692998,50.4612975147521,19.4812214085936,195.95,173.5,0,0,"Schroederichthys bivius"
"Gymnura_japonica",54.6525698000209,49.8703372711098,19.0008873510175,196.17,183.5,2,0.02,"Gymnura japonica"
"Heterodontus_portusjacksoni",50.2768774670185,49.5302291622737,15.4874851516685,197.45,186,1,0.01,"Heterodontus portusjacksoni"
"Schroederichthys_saurisqualus",52.6662790375216,49.8126868759735,19.0502549243754,200.69,191.5,3,0.03,"Schroederichthys saurisqualus"
"Pentanchus_profundicolus",57.9135989263562,51.4633007617227,25.5615785373334,201.52,153,7,0.07,"Pentanchus profundicolus"
"Schroederichthys_chilensis",52.6106886525177,46.9441635583766,19.4462040471985,201.63,210,2,0.02,"Schroederichthys chilensis"
"Hemigaleus_microstoma",47.1564732447375,48.8247759218513,7.9841793061366,201.75,203.5,0,0,"Hemigaleus microstoma"
"Heterodontus_galeatus",49.4856102706983,48.6901040156907,14.0616440426832,202.63,198.5,0,0,"Heterodontus galeatus"
"Hemigaleus_australiensis",47.1564732447375,48.8247759218513,7.9841793061366,202.75,204.5,0,0,"Hemigaleus australiensis"
"Schroederichthys_tenuis",52.016947638907,48.4785907758814,18.1437976271416,202.87,195.5,3,0.03,"Schroederichthys tenuis"
"Gollum_attenuatus",48.8990400609903,49.8417985764179,12.7151714863505,204.85,188,0,0,"Gollum attenuatus"
"Gollum_suluensis",48.8990400609903,49.8417985764179,12.7151714863505,205.85,189,0,0,"Gollum suluensis"
"Himantura_schmardae",46.8159500147168,46.6882014138542,6.10806778088798,205.88,217,0,0,"Himantura schmardae"
"Himantura_pacifica",46.8159500147168,46.6882014138542,6.10806778088798,206.88,218,0,0,"Himantura pacifica"
"Atelomycterus_marmoratus",47.0949621799261,47.9637540737018,7.39289746291062,206.89,196,0,0,"Atelomycterus marmoratus"
"Schroederichthys_maculatus",50.9017659468736,47.9075848206533,17.2220578147866,206.9,200.5,1,0.01,"Schroederichthys maculatus"
"Atelomycterus_baliensis",47.0561971781381,47.5846286915826,7.42613529239963,207.73,199,0,0,"Atelomycterus baliensis"
"Squaliolus_aliae",49.3412988161515,50.6910898491313,14.5333121077833,209.11,177.5,0,0,"Squaliolus aliae"
"Trygonoptera_testacea",46.9336883508028,48.1178026439875,7.71797137440719,209.67,193,0,0,"Trygonoptera testacea"
"Gymnura_australis",54.5573789446925,48.6779806212261,21.6853635341392,210.46,178,2,0.02,"Gymnura australis"
"Parascyllium_sparsimaculatum",50.5876638957948,46.4119606854367,17.3180024895641,213.85,217,3,0.03,"Parascyllium sparsimaculatum"
"Gymnura_poecilura",51.3445614193948,47.6117037141192,16.431170857449,213.86,187,0,0,"Gymnura poecilura"
"Rostroraja_alba",46.4372303908807,47.8106582541985,10.1281046881983,216.27,218,0,0,"Rostroraja alba"
"Parascyllium_collare",52.0994132104381,45.8104405166073,22.3478149784474,216.91,218.5,3,0.03,"Parascyllium collare"
"Euprotomicrus_bispinatus",48.6257288959819,47.12356969749,14.3379168402548,217.98,191,0,0,"Euprotomicrus bispinatus"
"Taeniurops_grabata",47.3533836029008,50.6056486770169,12.6165848818938,218.38,196.5,0,0,"Taeniurops grabata"
"Parascyllium_ferrugineum",49.9404934672961,44.4731240626673,19.7955208017011,219.3,213,1,0.01,"Parascyllium ferrugineum"
"Taeniurops_meyeni",47.3533836029008,50.6056486770169,12.6165848818938,219.38,197.5,0,0,"Taeniurops meyeni"
"Heterodontus_zebra",47.6205050742186,47.1024505611119,13.6090464933473,219.76,229,0,0,"Heterodontus zebra"
"Squatina_africana",50.5631147061394,49.5107924685097,17.9430152592547,220.08,200.5,0,0,"Squatina africana"
"Rhinobatos_jimbaranensis",52.0415349852251,49.9801937540322,20.5898154423284,221.58,184.5,0,0,"Rhinobatos jimbaranensis"
"Squatina_squatina",47.3187860123341,49.3400261665623,12.6140888357934,221.76,200,0,0,"Squatina squatina"
"Parascyllium_elongatum",49.1874719940479,46.1869440604895,16.2875793222321,223.43,209,1,0.01,"Parascyllium elongatum"
"Gymnura_zonura",50.9838039567927,46.9781490029634,17.5807514810587,224.23,222,0,0,"Gymnura zonura"
"Isistius_plutodus",49.468875115278,47.0161054254983,17.8394388707737,226.36,212,0,0,"Isistius plutodus"
"Isistius_brasiliensis",48.4847656511195,47.7550461855003,15.4768787690888,227.05,203.5,0,0,"Isistius brasiliensis"
"Parascyllium_variolatum",48.8089849832585,44.2818625993879,16.6967789153201,227.39,216,0,0,"Parascyllium variolatum"
"Ctenacis_fehlmanni",52.6564307073198,49.7968069426729,21.992500712908,228.15,163,3,0.03,"Ctenacis fehlmanni"
"Discopyge_castelloi",51.7411966768521,46.1857208700367,23.3531850277166,228.99,225.5,3,0.03,"Discopyge castelloi"
"Pristiophorus_delicatus",47.4878568167863,44.3663857891297,13.8702334839817,229.73,214.5,0,0,"Pristiophorus delicatus"
"Hydrolagus_colliei",49.3816439765255,48.161612123618,15.2650405229439,229.76,187.5,0,0,"Hydrolagus colliei"
"Discopyge_tschudii",51.7411966768521,46.1857208700367,23.3531850277166,229.99,226.5,3,0.03,"Discopyge tschudii"
"Squatina_aculeata",46.6660429435356,48.4410704116139,12.5385583513383,230.96,208,0,0,"Squatina aculeata"
"Chiloscyllium_punctatum",46.3898667651036,47.3599236348533,10.6533005996074,231.14,176,0,0,"Chiloscyllium punctatum"
"Isistius_labialis",48.5790003419033,47.0555484201114,16.3214915909439,231.51,230,0,0,"Isistius labialis"
"Heteroscymnoides_marleyi",49.9748747141201,46.0893722375752,19.6676742188294,232.31,237.5,3,0.03,"Heteroscymnoides marleyi"
"Dasyatis_margaritella",44.7083990660745,44.244015339831,3.1906577768161,233.27,264.5,0,0,"Dasyatis margaritella"
"Dasyatis_margarita",44.7083990660745,44.244015339831,3.1906577768161,234.27,265.5,0,0,"Dasyatis margarita"
"Gogolia_filewoodi",48.7461010685641,45.3031463773741,17.742947692404,235.1,227.5,1,0.01,"Gogolia filewoodi"
"Chimaera_phantasma",49.14775841086,44.9365542661952,15.7346916913078,236.42,202.5,0,0,"Chimaera phantasma"
"Somniosus_rostratus",45.566067783702,49.4803882879636,11.6151156698654,238.14,193,0,0,"Somniosus rostratus"
"Euprotomicroides_zantedeschia",48.9446256881395,44.6645780319613,19.1066338876971,242.06,232.5,2,0.02,"Euprotomicroides zantedeschia"
"Centrophorus_squamosus",52.1178725511949,59.2563504140346,21.1903211729541,242.44,123.5,0,0,"Centrophorus squamosus"
"Hydrolagus_barbouri",48.238752462541,44.5337189353045,15.5557773547526,244.08,213.5,0,0,"Hydrolagus barbouri"
"Himantura_lobistoma",47.0541738221076,50.8110131104367,10.6845216339134,244.49,181,0,0,"Himantura lobistoma"
"Atelomycterus_fasciatus",43.8673204366221,45.3034049021062,7.28407170963024,245.49,226.5,0,0,"Atelomycterus fasciatus"
"Atelomycterus_marnkalha",43.8607134647733,45.3034049021062,7.18950796262405,245.73,227,0,0,"Atelomycterus marnkalha"
"Mollisquama_parini",48.7554652320959,45.7960688625736,19.8145059641479,246.12,225.5,4,0.04,"Mollisquama parini"
"Pristiophorus_nancyae",45.6737707214635,44.9779074811932,12.3909849683839,246.3,245,0,0,"Pristiophorus nancyae"
"Cruriraja_hulleyi",52.5934754491322,48.8973510958314,24.3300286756123,247.26,186,7,0.07,"Cruriraja hulleyi"
"Gymnura_marmorata",49.7110250928223,44.07381181416,20.1686529254787,249.25,229,1,0.01,"Gymnura marmorata"
"Arhynchobatis_asperrimus",44.6494419896178,44.5013584299477,7.56518552894453,250.45,237.5,0,0,"Arhynchobatis asperrimus"
"Atelomycterus_macleayi",44.9602504314791,42.2501799596314,12.2766143366229,251.09,268,0,0,"Atelomycterus macleayi"
"Pteromylaeus_bovinus",44.1833032966012,43.307786493794,10.1427677589507,253.09,247,0,0,"Pteromylaeus bovinus"
"Pteromylaeus_asperrimus",44.1833032966012,43.307786493794,10.1427677589507,254.09,248,0,0,"Pteromylaeus asperrimus"
"Pristiophorus_schroederi",44.1966194065684,42.4311977097701,10.849685426288,259.05,246.5,0,0,"Pristiophorus schroederi"
"Centrophorus_granulosus",50.1555664486696,51.640767244791,21.3526637060208,264.1,189,0,0,"Centrophorus granulosus"
"Dasyatis_zugei",48.1667810411241,45.9932000103606,18.0704394323328,265.72,149,0,0,"Dasyatis zugei"
"Dasyatis_sabina",47.5484099668674,44.7800329730194,17.1883814755612,266.45,245.5,0,0,"Dasyatis sabina"
"Hydrolagus_melanophasma",44.8277726650329,44.8759207526723,12.4021049238434,271.17,227.5,0,0,"Hydrolagus melanophasma"
"Gymnura_crebripunctata",47.9363085627905,42.1056074222307,19.9119729050859,275.24,244.5,1,0.01,"Gymnura crebripunctata"
"Sinobatis_filicauda",47.215750644358,43.1039842680293,19.3064176650688,275.28,276,5,0.05,"Sinobatis filicauda"
"Gymnura_micrura",48.1132365606371,40.8174564875207,21.1035262940234,277.98,244.5,1,0.01,"Gymnura micrura"
"Centrophorus_moluccensis",52.442275349196,51.0236894984623,26.6952653725964,278.12,195,5,0.05,"Centrophorus moluccensis"
"Chiloscyllium_plagiosum",41.8965443975088,43.1742021651893,8.2722781816142,281.58,253,0,0,"Chiloscyllium plagiosum"
"Chiloscyllium_indicum",41.7380334613896,42.3901126945578,7.38081410562217,282.42,253,0,0,"Chiloscyllium indicum"
"Sinobatis_melanosoma",46.6914296175962,40.4998892068414,19.5791655629247,282.58,269,3,0.03,"Sinobatis melanosoma"
"Neotrygon_kuhlii",41.7565526131331,41.9695127598078,7.07132101081526,282.96,242,0,0,"Neotrygon kuhlii"
"Triakis_semifasciata",43.0574492239821,42.3414487888908,12.7732106746241,284.51,248.5,0,0,"Triakis semifasciata"
"Neotrygon_ningalooensis",44.7196762112116,48.260549581095,12.7126535966824,284.89,199.5,0,0,"Neotrygon ningalooensis"
"Sinobatis_borneensis",45.8834069954601,41.3619877563914,18.3919880577264,285.85,286.5,3,0.03,"Sinobatis borneensis"
"Rhinobatos_horkelii",46.5627948012501,43.4152123342181,19.8343271536611,287.17,276,0,0,"Rhinobatos horkelii"
"Triakis_scyllium",42.8583107328931,41.5397677661283,12.4601013638227,287.19,280,0,0,"Triakis scyllium"
"Rhinobatos_percellens",48.2533900636272,43.572887952671,22.3855404775818,287.5,258,0,0,"Rhinobatos percellens"
"Sphyrna_lewini",40.3208163520515,40.9862197695387,5.56252667473155,288.89,293.5,0,0,"Sphyrna lewini"
"Deania_quadrispinosa",43.4203789537171,48.5500289654495,13.8222230455353,290.61,214,0,0,"Deania quadrispinosa"
"Sinobatis_bulbicauda",44.9676141041555,41.9758681425946,17.3021676711911,291.18,264,2,0.02,"Sinobatis bulbicauda"
"Deania_profundorum",43.4203789537171,48.5500289654495,13.8222230455353,291.61,215,0,0,"Deania profundorum"
"Gymnura_natalensis",44.530087892121,41.4041147505067,15.4926354321854,292.4,252,0,0,"Gymnura natalensis"
"Trygonoptera_galba",42.3190362676819,40.353174677465,12.6660861737827,294.27,283.5,1,0.01,"Trygonoptera galba"
"Neotrygon_annotata",44.1674785607472,43.5446657166905,14.9266277506703,294.5,247.5,0,0,"Neotrygon annotata"
"Gymnura_altavela",45.8683705191754,40.7902298138671,18.9520139216475,295.08,272.5,2,0.02,"Gymnura altavela"
"Glaucostegus_cemiculus",43.1629227953249,41.0353675338093,14.6720260534352,295.26,283,0,0,"Glaucostegus cemiculus"
"Pastinachus_stellurostris",39.8294351060691,40.0748865814145,4.72299639994967,295.39,311,0,0,"Pastinachus stellurostris"
"Somniosus_longus",45.205368981541,42.4121697029849,22.2332922668375,296.04,303,3,0.03,"Somniosus longus"
"Pastinachus_solocirostris",39.8294351060691,40.0748865814145,4.72299639994967,296.39,312,0,0,"Pastinachus solocirostris"
"Zameus_squamulosus",41.4605123307789,41.873588025502,11.4716292975459,298.52,303,0,0,"Zameus squamulosus"
"Zameus_ichiharai",41.4605123307789,41.873588025502,11.4716292975459,299.52,304,0,0,"Zameus ichiharai"
"Sinobatis_caerulea",44.6749631534551,39.6119773960034,19.4030559209487,300.47,286,3,0.03,"Sinobatis caerulea"
"Scymnodon_ringens",41.389347424865,42.7026583206947,11.4159078198186,303.21,280,0,0,"Scymnodon ringens"
"Gymnura_hirundo",43.3733200915918,40.2106256554748,15.4709941071333,304.39,284.5,1,0.01,"Gymnura hirundo"
"Cruriraja_parcomaculata",47.5673112156228,41.5033986270413,23.3238371136444,306.08,287,5,0.05,"Cruriraja parcomaculata"
"Centrophorus_atromarginatus",46.8684814641521,51.5112791114251,19.8275850678326,306.36,172.5,0,0,"Centrophorus atromarginatus"
"Negaprion_acutidens",39.5114042787869,40.164244838105,6.9421469300967,307.14,297,0,0,"Negaprion acutidens"
"Negaprion_brevirostris",39.5114042787869,40.164244838105,6.9421469300967,308.14,298,0,0,"Negaprion brevirostris"
"Mustelus_punctulatus",43.4134632333961,38.6754123026146,15.5625049323267,309.75,253.5,0,0,"Mustelus punctulatus"
"Gymnura_crooki",42.2338296289328,38.9800167636529,14.681964941832,310.38,284,1,0.01,"Gymnura crooki"
"Rhinobatos_glaucostigma",42.6107828972698,43.0644086299109,15.013594711822,311.67,283.5,0,0,"Rhinobatos glaucostigma"
"Pastinachus_atrus",39.3885437785077,38.3631489059991,6.00010355986773,313.8,310.5,0,0,"Pastinachus atrus"
"Gymnura_bimaculata",42.900822046306,40.021492532433,15.8758227855338,316.52,270.5,1,0.01,"Gymnura bimaculata"
"Chimaera_fulva",41.29601919148,42.0183097116468,10.9202428313819,317.78,251,0,0,"Chimaera fulva"
"Gymnura_afuerae",41.5899094434807,39.6858539450186,13.2989498691964,319.92,280,0,0,"Gymnura afuerae"
"Cirrhigaleus_barbifer",42.6525000884649,47.9178403611316,14.8712293800187,320.44,210,0,0,"Cirrhigaleus barbifer"
"Cirrhigaleus_australis",42.6525000884649,47.9178403611316,14.8712293800187,321.44,211,0,0,"Cirrhigaleus australis"
"Rhinobatos_productus",41.7745616489266,40.7926914963573,14.626537250192,321.61,333.5,0,0,"Rhinobatos productus"
"Hongeo_koreana",41.9653567932949,44.2902133006012,14.7352616597738,323.87,225.5,0,0,"Hongeo koreana"
"Carcharhinus_signatus",41.51908501531,41.7020630976256,13.5940342788345,325.84,243,0,0,"Carcharhinus signatus"
"Centrophorus_zeehaani",45.0643881983549,47.4624190502009,19.3431233067974,326.2,231.5,0,0,"Centrophorus zeehaani"
"Aculeola_nigra",38.2178389005712,40.6202432646814,8.06922345698952,331.58,320.5,0,0,"Aculeola nigra"
"Poroderma_pantherinum",38.6825646044611,38.3245573512762,9.0384268797679,332.14,346.5,0,0,"Poroderma pantherinum"
"Chimaera_monstrosa",39.5607318240334,39.7517994776981,9.53913021720613,332.91,276,0,0,"Chimaera monstrosa"
"Poroderma_africanum",38.6825646044611,38.3245573512762,9.0384268797679,333.14,347.5,0,0,"Poroderma africanum"
"Cruriraja_poeyi",43.6236750256983,40.7955680809782,18.7741766815541,333.98,343.5,3,0.03,"Cruriraja poeyi"
"Cruriraja_rugosa",41.8719857218951,38.904406119807,14.8894935705162,338.8,278.5,1,0.01,"Cruriraja rugosa"
"Acroteriobatus_leucospilus",42.4685782109762,38.1987147411457,18.6305182013208,343.19,322.5,1,0.01,"Acroteriobatus leucospilus"
"Cruriraja_cadenati",42.8848866369977,38.6840122952815,19.0823177848743,343.71,323.5,2,0.02,"Cruriraja cadenati"
"Holohalaelurus_regani",41.0360742869991,36.304701986211,16.5409356151493,345.88,343,3,0.03,"Holohalaelurus regani"
"Atlantoraja_castelnaui",37.1708593110439,36.9254888295197,5.35039564997771,346.67,347,0,0,"Atlantoraja castelnaui"
"Cruriraja_durbanensis",43.7237525560309,37.1374125602235,20.540112514626,348.9,334,2,0.02,"Cruriraja durbanensis"
"Rhinobatos_prahli",42.8612084839367,38.4873684084094,20.2062833369333,348.93,322,2,0.02,"Rhinobatos prahli"
"Deania_hystricosa",39.5112872671431,43.9927914852351,12.6018861536295,349.64,269,0,0,"Deania hystricosa"
"Narcine_timlei",44.1917449050919,39.1983448911056,20.746580147465,349.81,332,3,0.03,"Narcine timlei"
"Gymnura_tentaculata",40.4257010378457,37.5425687347803,15.3405071141592,349.94,329,1,0.01,"Gymnura tentaculata"
"Trygonoptera_imitata",36.7309490076015,37.2562228590825,5.00764941411659,350.32,353,0,0,"Trygonoptera imitata"
"Deania_calcea",39.5112872671431,43.9927914852351,12.6018861536295,350.64,270,0,0,"Deania calcea"
"Trygonoptera_mucosa",36.697378671167,37.2562228590825,5.0713645659637,351.76,354,0,0,"Trygonoptera mucosa"
"Rioraja_agassizii",38.0827629778437,39.0898047982421,8.59387027459127,352.44,314,0,0,"Rioraja agassizii"
"Rhinobatos_planiceps",42.8502176360571,40.1137442647484,19.2791315434291,353.18,306,3,0.03,"Rhinobatos planiceps"
"Acroteriobatus_annulatus",42.0310694287633,37.46407437794,18.5988281867906,353.81,328,0,0,"Acroteriobatus annulatus"
"Squatina_armata",38.0719063738552,41.1206554998507,10.6595958037408,354.53,318.5,0,0,"Squatina armata"
"Rhinobatos_leucorhynchus",44.2476950021073,40.5411607168155,22.7808057094468,354.95,329.5,2,0.02,"Rhinobatos leucorhynchus"
"Myliobatis_californicus",39.3360838981636,37.6740773881425,12.7240237526089,355.38,280,0,0,"Myliobatis californicus"
"Holohalaelurus_melanostigma",40.721667837142,37.5275754000103,17.2198814947379,355.69,372,1,0.01,"Holohalaelurus melanostigma"
"Triakis_acutipinna",39.4481678803481,38.038913579422,14.4041295935853,355.81,349,0,0,"Triakis acutipinna"
"Rhinobatos_albomaculatus",40.7677328195413,36.5139886682378,16.8223210179472,358.37,366.5,1,0.01,"Rhinobatos albomaculatus"
"Holohalaelurus_punctatus",39.4612276295584,37.3768103806598,14.2898139113188,358.48,357,0,0,"Holohalaelurus punctatus"
"Irolita_waitii",37.6204053841911,35.2176227026622,9.56485942442327,359.04,348.5,0,0,"Irolita waitii"
"Acroteriobatus_zanzibarensis",42.4603227532654,38.4364557876868,21.9574292923401,359.43,340,2,0.02,"Acroteriobatus zanzibarensis"
"Squatina_australis",37.0987994495907,39.5536914978298,8.7191526095005,359.88,345,0,0,"Squatina australis"
"Apristurus_macrorhynchus",40.6405512101546,39.067365879793,14.9855433895931,359.89,292,0,0,"Apristurus macrorhynchus"
"Irolita_westraliensis",37.6204053841911,35.2176227026622,9.56485942442327,360.04,349.5,0,0,"Irolita westraliensis"
"Benthobatis_moresbyi",39.9355048713932,36.4430310013326,16.4898297453997,362.05,356.5,1,0.01,"Benthobatis moresbyi"
"Acroteriobatus_ocellatus",41.6822671100539,38.2886978338111,19.2509685697818,362.44,353.5,1,0.01,"Acroteriobatus ocellatus"
"Triakis_maculata",38.6740827032158,37.5138564860751,13.6008680314691,362.75,365,0,0,"Triakis maculata"
"Apristurus_exsanguis",40.6206640310907,39.0473441420979,15.477670476775,362.9,306,0,0,"Apristurus exsanguis"
"Cruriraja_andamanica",40.1988064847513,34.899148946037,15.8849944771108,363.26,328.5,1,0.01,"Cruriraja andamanica"
"Glaucostegus_microphthalmus",40.8332261892195,36.836182465805,18.7087836564937,364.42,358,3,0.03,"Glaucostegus microphthalmus"
"Somniosus_microcephalus",36.663435161515,39.389862428254,8.94782492007554,367,338.5,0,0,"Somniosus microcephalus"
"Myliobatis_goodei",41.4928898843592,33.7016179393852,18.9413873236453,367.77,355.5,0,0,"Myliobatis goodei"
"Diplobatis_colombiensis",38.7537423087921,35.4188532361048,13.3696184660093,369.02,367,1,0.01,"Diplobatis colombiensis"
"Scoliodon_macrorhynchos",35.4658186681303,35.915481882559,5.0361020650224,372.25,378.5,0,0,"Scoliodon macrorhynchos"
"Halaelurus_sellus",37.9826252292476,39.5301446441386,10.7631619538284,372.67,319.5,0,0,"Halaelurus sellus"
"Rhinobatos_sainsburyi",40.6559597640164,36.8743990553931,17.9025425686918,373.08,369,0,0,"Rhinobatos sainsburyi"
"Scoliodon_laticaudus",35.4658186681303,35.915481882559,5.0361020650224,373.25,379.5,0,0,"Scoliodon laticaudus"
"Diplobatis_guamachensis",38.784444874693,35.7437299899733,13.3804930537984,373.61,399,1,0.01,"Diplobatis guamachensis"
"Centrophorus_westraliensis",41.2195115183007,40.2969957487056,18.6101270366604,373.79,333.5,0,0,"Centrophorus westraliensis"
"Centrophorus_tessellatus",40.670615285597,40.7547439251123,17.285724821958,373.99,324.5,1,0.01,"Centrophorus tessellatus"
"Benthobatis_marcida",38.4656160835566,34.2209822970224,13.6841315411762,376.52,376,1,0.01,"Benthobatis marcida"
"Acroteriobatus_salalah",38.9989531584284,35.7192218240196,15.0115665673211,376.57,377,1,0.01,"Acroteriobatus salalah"
"Proscyllium_magnificum",38.5188257079303,36.9864991078624,13.9782659715399,377,354.5,0,0,"Proscyllium magnificum"
"Diplobatis_pictus",38.0776481027881,35.8666361239,12.4291546621475,377.13,374,1,0.01,"Diplobatis pictus"
"Rhinobatos_rhinobatos",42.8336864341554,35.6413645297538,23.136434708336,377.33,396.5,4,0.04,"Rhinobatos rhinobatos"
"Holohalaelurus_grennian",37.7629197238977,35.6865957562322,13.1547357649637,378.93,398.5,1,0.01,"Holohalaelurus grennian"
"Apristurus_longicephalus",38.3089005438457,39.2521224227143,12.4537302336678,379.03,328.5,0,0,"Apristurus longicephalus"
"Acroteriobatus_blochii",40.9927817755962,37.2966456429564,19.3395469505713,379.42,372.5,1,0.01,"Acroteriobatus blochii"
"Centrophorus_lusitanicus",40.6943777574046,39.5943536720687,19.7368345108155,379.57,323.5,2,0.02,"Centrophorus lusitanicus"
"Rhinobatos_holcorhynchus",40.5045455783894,36.5861902462342,18.5119739032273,380.22,361.5,0,0,"Rhinobatos holcorhynchus"
"Benthobatis_kreffti",38.1188728413715,34.2475349601936,13.3458929077225,380.87,376.5,0,0,"Benthobatis kreffti"
"Rhinobatos_lionotus",40.042576783937,35.7591934266843,17.4915023540566,381.86,380.5,0,0,"Rhinobatos lionotus"
"Glaucostegus_granulatus",38.9546643931483,35.4151758841722,16.6194633516535,381.87,391,1,0.01,"Glaucostegus granulatus"
"Benthobatis_yangi",38.6243499581532,34.8023153744255,14.7875039955422,382.15,384.5,0,0,"Benthobatis yangi"
"Proscyllium_habereri",38.4883989927828,37.4497146831844,14.7723470411274,382.69,379,0,0,"Proscyllium habereri"
"Raja_velezi",36.1640634207607,35.1364887826437,9.74277899419451,384.29,385,0,0,"Raja velezi"
"Myliobatis_australis",39.0990035701941,33.4780600148931,15.3322408731434,384.3,345.5,0,0,"Myliobatis australis"
"Raja_eglanteria",36.1640634207607,35.1364887826437,9.74277899419451,385.29,386,0,0,"Raja eglanteria"
"Glaucostegus_obtusus",39.2559402074025,35.5250828758962,18.0291438744574,385.79,385.5,2,0.02,"Glaucostegus obtusus"
"Chiloscyllium_arabicum",35.8598308594203,34.8530396591153,8.89538075696975,386.49,384,0,0,"Chiloscyllium arabicum"
"Proscyllium_venustum",37.7954976613334,36.5349748485553,13.3570912678345,386.78,375.5,0,0,"Proscyllium venustum"
"Holohalaelurus_favus",37.4096874161973,34.6802727515274,12.9742534724709,386.91,402,0,0,"Holohalaelurus favus"
"Centrophorus_seychellorum",40.4802903231392,40.218703666344,18.8582087624834,390.11,359,1,0.01,"Centrophorus seychellorum"
"Squatina_japonica",37.6971980003111,35.0596338648653,12.7585836578639,391.22,345.5,0,0,"Squatina japonica"
"Diplobatis_ommata",36.4445582649074,34.9658662252671,9.97917368473194,392.68,400.5,0,0,"Diplobatis ommata"
"Chiloscyllium_burmensis",35.9713260985361,34.1824135657402,10.0837982065678,395.04,389.5,0,0,"Chiloscyllium burmensis"
"Glaucostegus_spinosus",38.249899463344,36.9840189625451,17.2470375577531,395.67,382,1,0.01,"Glaucostegus spinosus"
"Mobula_japanica",36.6627357313072,36.3685281107743,10.3684196953201,396.6,360.5,0,0,"Mobula japanica"
"Rhinobatos_irvinei",41.8463414653913,36.1236714686484,25.6417781903918,398.35,360.5,4,0.04,"Rhinobatos irvinei"
"Squatina_tergocellatoides",37.1507083900496,32.1156024288703,13.1673300219901,399.19,370,0,0,"Squatina tergocellatoides"
"Dasyatis_say",36.3996448050179,35.7967209006278,10.9039136875479,399.5,361,0,0,"Dasyatis say"
"Cruriraja_atlantis",38.1671222549444,34.0963405906741,16.3596661799271,399.87,393.5,1,0.01,"Cruriraja atlantis"
"Himantura_granulata",36.0792900156372,33.9198439271242,9.31014055534418,400.92,409,0,0,"Himantura granulata"
"Centrophorus_isodon",38.3416424070868,41.4622880344078,14.9905211831649,401.51,329,0,0,"Centrophorus isodon"
"Eridacnis_barbouri",37.7293427534813,35.635659949087,15.7755322161311,402,415,1,0.01,"Eridacnis barbouri"
"Eridacnis_sinuans",37.1226593078286,36.1277902455093,13.9338832468411,402.07,402.5,0,0,"Eridacnis sinuans"
"Dasyatis_dipterura",36.028185642015,34.8137419055973,10.2960204727222,402.57,356,0,0,"Dasyatis dipterura"
"Somniosus_pacificus",34.7537653915765,37.2101420789649,8.28724825375414,404.25,378,0,0,"Somniosus pacificus"
"Etmopterus_pseudosqualiolus",36.6380787761126,33.0406514720376,12.0148988786532,404.3,282,0,0,"Etmopterus pseudosqualiolus"
"Somniosus_antarcticus",34.7451879832072,37.2101420789649,8.27790278029281,404.71,378.5,0,0,"Somniosus antarcticus"
"Orectolobus_ornatus",37.3011488642495,37.2909022860287,14.4491990252206,404.72,396,0,0,"Orectolobus ornatus"
"Himantura_polylepis",35.8902168796982,33.942371282539,8.98837694743383,404.73,372,0,0,"Himantura polylepis"
"Hydrolagus_alberti",36.7770473620306,34.9389060045387,12.8371602227294,406.58,382.5,0,0,"Hydrolagus alberti"
"Glaucostegus_halavi",37.4113094562534,34.4026434123208,15.6014647001843,406.7,413.5,1,0.01,"Glaucostegus halavi"
"Hydrolagus_africanus",35.2283694507436,34.6165231203761,7.74187973009898,407.11,372,0,0,"Hydrolagus africanus"
"Eridacnis_radcliffei",36.37191634714,36.225412689546,12.490989925975,408.03,410,0,0,"Eridacnis radcliffei"
"Hydrolagus_mitsukurii",35.218162372995,34.8478736595591,7.82195371653927,408.11,371,0,0,"Hydrolagus mitsukurii"
"Etmopterus_sentosus",35.9425586596237,34.715437554648,11.0130601533705,409.12,372,0,0,"Etmopterus sentosus"
"Apristurus_australis",37.5303114828904,38.2610537705404,13.8040668119677,409.44,313,0,0,"Apristurus australis"
"Hydrolagus_alphus",38.3338422179256,32.8276616478594,18.5778630191558,409.63,420.5,2,0.02,"Hydrolagus alphus"
"Pteroplatytrygon_violacea",37.0878294913835,39.8588751225113,13.698097480916,410.66,327,0,0,"Pteroplatytrygon violacea"
"Himantura_oxyrhyncha",34.7337984641299,35.0204601281835,4.74667524919877,410.89,430,0,0,"Himantura oxyrhyncha"
"Myliobatis_aquila",35.2286730203925,35.3786493154898,10.332749210824,413.23,360,0,0,"Myliobatis aquila"
"Rhynchobatus_luebberti",36.6489225979283,34.6229138753706,14.8655372071717,413.61,452.5,1,0.01,"Rhynchobatus luebberti"
"Rhinobatos_punctifer",38.3072492814182,35.4592961104405,17.9629359932417,413.76,413.5,1,0.01,"Rhinobatos punctifer"
"Mustelus_sinusmexicanus",36.1900576465482,38.5270381563505,12.1610044897795,414.07,369,0,0,"Mustelus sinusmexicanus"
"Centrophorus_harrissoni",37.752270216389,40.4139856260044,15.0481629006925,415.53,344,0,0,"Centrophorus harrissoni"
"Hydrolagus_homonycteris",37.0818724120498,33.1333287732246,14.4597521249591,415.71,398,1,0.01,"Hydrolagus homonycteris"
"Hydrolagus_pallidus",36.6658055830109,34.3360644872159,13.2145617274504,415.86,394,0,0,"Hydrolagus pallidus"
"Chimaera_panthera",34.3399472174506,34.5401743576238,6.11208033992126,415.92,389,0,0,"Chimaera panthera"
"Electrolux_addisoni",37.575019677108,35.7270572453111,15.3907754822422,416.87,364,0,0,"Electrolux addisoni"
"Temera_hardwickii",38.0776799346923,34.9252528211096,16.7545799286946,416.96,385,1,0.01,"Temera hardwickii"
"Hydrolagus_bemisi",34.2808270197207,35.2475326750918,6.54722622257073,417.12,384,0,0,"Hydrolagus bemisi"
"Urobatis_halleri",34.2668386317276,34.2427388191157,7.10650158215633,417.81,400.5,0,0,"Urobatis halleri"
"Chimaera_bahamaensis",36.9137629187384,33.0877194845032,14.7546197935753,418.25,444,1,0.01,"Chimaera bahamaensis"
"Galeus_murinus",37.7596803110562,36.1259783399346,16.1573730579377,421.77,384.5,0,0,"Galeus murinus"
"Chimaera_argiloba",36.8081620906685,33.8709767470199,14.3217764581074,422.46,424,1,0.01,"Chimaera argiloba"
"Hydrolagus_lusitanicus",35.6547835931015,34.2000453436563,11.5434035333413,423,393.5,0,0,"Hydrolagus lusitanicus"
"Urobatis_marmoratus",36.737235771221,34.3968260461715,14.5466431962141,424.3,398,0,0,"Urobatis marmoratus"
"Rhynchobatus_springeri",36.0378277174106,33.9970457184508,14.9501810044575,424.31,472,1,0.01,"Rhynchobatus springeri"
"Rhinobatos_nudidorsalis",37.2484979665231,33.9527009861286,16.0739344005789,424.4,411,0,0,"Rhinobatos nudidorsalis"
"Hydrolagus_mccoskeri",35.4504515121755,32.9526708746534,12.4443799546599,429.49,409.5,0,0,"Hydrolagus mccoskeri"
"Chimaera_notafricana",35.6809175336649,32.5577394347067,13.1261161107227,430.21,417,0,0,"Chimaera notafricana"
"Hydrolagus_novaezealandiae",33.7941704225868,34.0545454584435,7.05923353380167,430.34,390,0,0,"Hydrolagus novaezealandiae"
"Chimaera_obscura",36.4766665072945,32.3611334897905,16.2035619363086,430.6,411,1,0.01,"Chimaera obscura"
"Hydrolagus_macrophthalmus",35.3743818214471,33.4057706765627,12.6071179064523,431.44,434.5,0,0,"Hydrolagus macrophthalmus"
"Chimaera_cubana",35.2873557202478,33.3920306858067,14.2180447222061,431.72,428.5,1,0.01,"Chimaera cubana"
"Himantura_signifer",33.900023930971,34.8102142749678,5.64140702868135,431.76,433,0,0,"Himantura signifer"
"Himantura_gerrardi",33.3905404442667,33.9681659891507,3.94438006387899,432.38,475,0,0,"Himantura gerrardi"
"Paratrygon_aiereba",34.5227699365344,37.101300333242,9.35040663893164,432.77,345.5,0,0,"Paratrygon aiereba"
"Hydrolagus_eidolon",35.8816791025614,31.5069807808226,14.6408185488031,433.03,437,1,0.01,"Hydrolagus eidolon"
"Crassinarke_dormitor",36.3941043458848,34.8613045405507,14.3551053294909,433.69,398,0,0,"Crassinarke dormitor"
"Raja_inornata",34.5174053273372,33.3162844660882,10.8289681128722,433.8,381.5,0,0,"Raja inornata"
"Myliobatis_tobijei",34.4418468926692,33.1548892757285,10.1697072722164,434.55,383,0,0,"Myliobatis tobijei"
"Hydrolagus_deani",35.9432045930205,33.6302449596484,15.8143948838462,434.98,428,1,0.01,"Hydrolagus deani"
"Rhynchobatus_palpebratus",33.2917733395222,35.5393163762477,7.97289117049205,435.33,429.5,0,0,"Rhynchobatus palpebratus"
"Oxynotus_centrina",34.1115286742361,32.9268951857683,10.0089850589856,436.72,405.5,0,0,"Oxynotus centrina"
"Pastinachus_sephen",32.575216269902,32.9899782952834,3.74925641833706,437.41,460,0,0,"Pastinachus sephen"
"Urobatis_tumbesensis",36.3665921675929,32.630442284758,15.485879712607,438.02,420.5,0,0,"Urobatis tumbesensis"
"Pastinachus_gracilicaudus",32.575216269902,32.9899782952834,3.74925641833706,438.41,461,0,0,"Pastinachus gracilicaudus"
"Rhynchobatus_laevis",33.1619450704557,35.4620875348448,7.99161631483631,439.85,431,0,0,"Rhynchobatus laevis"
"Rhinobatos_hynnicephalus",38.469034325592,33.8478697637854,20.5294516495409,440.88,486,2,0.02,"Rhinobatos hynnicephalus"
"Himantura_hortlei",33.21384278224,33.7633778941777,4.88477849869955,441.61,459,0,0,"Himantura hortlei"
"Figaro_boardmani",33.5885236492076,33.8705613967376,9.62807631614614,443.95,444.5,0,0,"Figaro boardmani"
"Figaro_striatus",33.5885236492076,33.8705613967376,9.62807631614614,444.95,445.5,0,0,"Figaro striatus"
"Etmopterus_schultzi",33.6782025770925,34.0733540676079,9.078078257931,445.29,349,0,0,"Etmopterus schultzi"
"Narcine_brevilabiata",34.9612666100751,31.3998529239208,12.5221905022686,446.03,446.5,0,0,"Narcine brevilabiata"
"Chimaera_macrospina",35.4687489102193,31.54641121216,14.4652833362203,446.14,426,0,0,"Chimaera macrospina"
"Narcine_ornata",36.0462764926272,32.7342553263731,14.9192439233964,448.26,434,0,0,"Narcine ornata"
"Himantura_fai",33.0030757841175,33.7801863175567,5.18840123768123,448.91,463.5,0,0,"Himantura fai"
"Chimaera_jordani",35.1705892172545,32.5932710244616,13.264334854236,449.18,466.5,0,0,"Chimaera jordani"
"Sphyrna_corona",32.104924101699,32.711841106535,4.22497896459666,449.46,460,0,0,"Sphyrna corona"
"Narcine_lingula",36.7230331245881,31.4265427325247,18.9885798068003,449.82,439,2,0.02,"Narcine lingula"
"Centroscymnus_owstonii",32.570902952295,35.1139724960108,7.40778954783578,450.86,427,0,0,"Centroscymnus owstonii"
"Etmopterus_gracilispinis",33.6851370966965,32.942197302623,9.3268504828173,451.84,342.5,0,0,"Etmopterus gracilispinis"
"Hydrolagus_marmoratus",35.3426994741548,31.3087321397125,14.1279101628466,452.17,481,0,0,"Hydrolagus marmoratus"
"Narcine_brunnea",35.2936273303018,32.1514300185772,12.914138636282,453.33,465,0,0,"Narcine brunnea"
"Glaucostegus_thouin",32.9981381424412,33.8336721601485,9.11555569883069,455.39,446,0,0,"Glaucostegus thouin"
"Carcharhinus_fitzroyensis",32.9955517735319,35.9329047999639,9.09296276510454,456.24,396.5,0,0,"Carcharhinus fitzroyensis"
"Atlantoraja_platana",31.8901088631239,31.8063151341083,4.91031099689824,458.76,459.5,0,0,"Atlantoraja platana"
"Atlantoraja_cyclophora",31.8901088631239,31.8063151341083,4.91031099689824,459.76,460.5,0,0,"Atlantoraja cyclophora"
"Chimaera_lignaria",32.1927609050225,32.3291847924974,5.93878998827583,461.27,438,0,0,"Chimaera lignaria"
"Chimaera_opalescens",32.0505380582098,32.8830616165722,6.03029670964744,462.68,442.5,0,0,"Chimaera opalescens"
"Narcine_rierai",35.5782435282954,31.7732044968251,17.3739428790904,462.8,455,2,0.02,"Narcine rierai"
"Narcine_brasiliensis",35.8073419093293,31.8756959532796,15.9230933709714,463.07,425,1,0.01,"Narcine brasiliensis"
"Narcine_firma",34.5391510824164,31.1979718114275,13.3967408430623,466.25,445.5,0,0,"Narcine firma"
"Narcine_bancroftii",34.4715923392214,31.932667396695,12.9235263263663,466.65,477,1,0.01,"Narcine bancroftii"
"Dasyatis_longa",32.7780585842383,32.2505081834202,9.40844697424639,466.86,450,0,0,"Dasyatis longa"
"Narcine_prodorsalis",35.8856515384506,28.7671976660555,16.6261247872709,466.96,445,1,0.01,"Narcine prodorsalis"
"Hydrolagus_purpurescens",33.8986368984931,30.5603564323184,13.1143264832323,467.65,491.5,1,0.01,"Hydrolagus purpurescens"
"Triakis_megalopterus",34.2025004665749,37.3089274945413,12.5823544600601,468.49,390,0,0,"Triakis megalopterus"
"Narcine_atzi",34.4125013142196,30.2896303313426,14.3446301424897,468.91,458.5,0,0,"Narcine atzi"
"Scyliorhinus_torazame",34.4102509935063,31.5914721180553,12.9605859123141,469.01,437,0,0,"Scyliorhinus torazame"
"Rhynchobatus_djiddensis",31.9570403345252,34.2715316824459,7.83746575056206,469.25,450,0,0,"Rhynchobatus djiddensis"
"Narcine_bicolor",35.8236703747677,28.78004794423,17.6470505101274,469.83,437,1,0.01,"Narcine bicolor"
"Glaucostegus_typus",32.4755100991826,33.2609038166174,9.1234053692264,470.04,470.5,0,0,"Glaucostegus typus"
"Rhynchobatus_australiae",31.9147088287085,34.3049590616026,7.86303164309265,470.42,449.5,0,0,"Rhynchobatus australiae"
"Neotrygon_picta",31.3428144302386,31.5126589559117,4.52867641486765,470.91,464.5,0,0,"Neotrygon picta"
"Neotrygon_leylandi",31.3149980574671,31.115132982713,4.49698698078164,471.7,461.5,0,0,"Neotrygon leylandi"
"Bythaelurus_dawsoni",34.10283572744,31.3221372906015,13.6394056246711,472.77,464.5,0,0,"Bythaelurus dawsoni"
"Narcine_insolita",35.1343457307262,30.460515431719,15.2238966820462,473.35,462.5,0,0,"Narcine insolita"
"Hydrolagus_matallanasi",32.9739642008659,31.5608419268343,10.6557566285176,474.02,451.5,0,0,"Hydrolagus matallanasi"
"Hydrolagus_ogilbyi",31.8902790373195,32.100226208634,7.08107351619636,474.42,445.5,0,0,"Hydrolagus ogilbyi"
"Hydrolagus_lemures",31.8840626139005,32.100226208634,7.08101164703973,474.75,444.5,0,0,"Hydrolagus lemures"
"Dasyatis_chrysonota",33.0506028939358,31.3472549170754,10.9709420279605,475.04,423,0,0,"Dasyatis chrysonota"
"Squatina_legnota",31.786156964398,33.085912272604,8.01509241162037,475.61,454,0,0,"Squatina legnota"
"Narcine_entemedor",35.459986080659,31.7391950047721,17.2240146943224,476.05,453.5,1,0.01,"Narcine entemedor"
"Chiloscyllium_hasseltii",31.2773228033074,31.8367563829366,5.96398339961839,476.87,445,0,0,"Chiloscyllium hasseltii"
"Chiloscyllium_griseum",31.2764417560104,31.8367563829366,5.96229946443519,476.94,445,0,0,"Chiloscyllium griseum"
"Himantura_leoparda",31.8764452290256,32.9359662143244,5.41024584541085,478.05,492,0,0,"Himantura leoparda"
"Dasyatis_pastinaca",32.8961561550991,32.2291475592538,10.7526974044235,478.08,446.5,0,0,"Dasyatis pastinaca"
"Myliobatis_hamlyni",34.7283092859075,31.5685659927915,16.6933761944652,478.72,492.5,0,0,"Myliobatis hamlyni"
"Dasyatis_americana",32.4544081907676,32.0592659439296,9.65881050207723,478.95,452,0,0,"Dasyatis americana"
"Narcine_vermiculatus",35.691656764788,29.4400492162267,18.1422609343013,479.23,478,1,0.01,"Narcine vermiculatus"
"Mobula_tarapacana",33.4697030157106,31.4858996973452,12.256222327658,479.43,454.5,0,0,"Mobula tarapacana"
"Myliobatis_freminvillei",31.9218866586496,32.172582008448,8.83676280263888,479.6,448.5,0,0,"Myliobatis freminvillei"
"Scylliogaleus_quecketti",33.4787810482502,31.2338942182447,12.2761900839073,481.61,516,0,0,"Scylliogaleus quecketti"
"Chimaera_owstoni",33.4291586395273,29.9645294977709,12.7793754695166,482.51,496.5,1,0.01,"Chimaera owstoni"
"Narcine_nigra",34.6940258089067,30.5509948621604,15.2225616940605,482.9,498,0,0,"Narcine nigra"
"Rhizoprionodon_taylori",34.4451372465747,33.8555104159562,14.2671031241229,483.73,478,0,0,"Rhizoprionodon taylori"
"Narcine_leoparda",35.498756749462,31.8638157367037,18.0850074444221,483.95,480,3,0.03,"Narcine leoparda"
"Rhinoptera_bonasus",33.3272261239705,31.3797535411843,13.0618971363332,488.96,485,0,0,"Rhinoptera bonasus"
"Narcine_oculifera",33.665457310638,30.7165506407698,14.2375934087155,491.08,484,0,0,"Narcine oculifera"
"Oxynotus_bruniensis",31.236820297189,34.0391402698812,8.08231692145424,491.25,469,0,0,"Oxynotus bruniensis"
"Beringraja_binoculata",30.7007453747236,31.1606372148747,6.78459493146386,491.92,481,0,0,"Beringraja binoculata"
"Beringraja_pulchra",30.7007453747236,31.1606372148747,6.78459493146386,492.92,482,0,0,"Beringraja pulchra"
"Myliobatis_chilensis",32.832547895311,29.9897762088075,12.3934102121254,493.32,475,0,0,"Myliobatis chilensis"
"Narcine_nelsoni",33.5258737908111,29.8465861951107,14.186937473662,493.65,494.5,0,0,"Narcine nelsoni"
"Urolophus_bucculentus",31.2807743812332,30.5581879384575,7.49114618160622,496.63,500.5,0,0,"Urolophus bucculentus"
"Etmopterus_bigelowi",31.6108827031378,31.7098576299068,9.35353201698704,497.05,469,0,0,"Etmopterus bigelowi"
"Urolophus_flavomosaicus",31.2542338306712,30.5018801999972,7.51389985473231,497.57,503.5,0,0,"Urolophus flavomosaicus"
"Myliobatis_longirostris",31.1905633636208,30.6512603088576,8.75129449169729,498.41,457,0,0,"Myliobatis longirostris"
"Scyliorhinus_capensis",31.7884101546404,30.560806227182,10.5535860311169,502.58,486.5,0,0,"Scyliorhinus capensis"
"Leucoraja_garmani",32.6855046975545,31.557887210672,12.8242576268166,503.16,484,0,0,"Leucoraja garmani"
"Paragaleus_randalli",31.4794827550792,30.3010272145842,9.85497031869857,503.31,524,0,0,"Paragaleus randalli"
"Paragaleus_pectoralis",31.3087707889426,30.2509439812604,9.27729951683509,504.25,507,0,0,"Paragaleus pectoralis"
"Mobula_hypostoma",30.504901206438,29.4103634566235,7.5475507868481,509.98,512,0,0,"Mobula hypostoma"
"Bythaelurus_canescens",32.1778365191602,29.7586424101167,12.3352275120646,510.9,489,0,0,"Bythaelurus canescens"
"Oxynotus_paradoxus",30.4016479280239,30.4187581702815,7.78625100519606,510.93,488,0,0,"Oxynotus paradoxus"
"Hemiscyllium_trispeculare",31.4321964388653,29.7549608918606,10.5949349169558,511.18,498.5,0,0,"Hemiscyllium trispeculare"
"Paragaleus_tengi",30.8623297469814,30.7422945237503,8.76897771027005,511.58,535.5,0,0,"Paragaleus tengi"
"Etmopterus_brachyurus",31.9334257095515,30.22846595528,11.6566494232913,511.83,495,0,0,"Etmopterus brachyurus"
"Paragaleus_leucolomatus",30.9988448827788,29.4028519673016,9.70576565663617,512.44,513,0,0,"Paragaleus leucolomatus"
"Rhizoprionodon_oligolinx",33.28796495264,30.251852201764,14.4344582148857,512.61,504.5,0,0,"Rhizoprionodon oligolinx"
"Narcine_maculata",32.0863755765847,29.5242995476117,11.8551544181783,514.51,514.5,0,0,"Narcine maculata"
"Mobula_munkiana",30.2130395253363,28.855870672707,7.85935627361206,519.76,515.5,0,0,"Mobula munkiana"
"Pseudoraja_fischeri",32.7499034534961,28.6897304200016,15.4985275116093,520.18,494.5,0,0,"Pseudoraja fischeri"
"Dactylobatus_armatus",32.9998411033239,28.9738252343984,15.2421056962167,520.51,496,0,0,"Dactylobatus armatus"
"Myliobatis_ridens",31.2965353547503,28.9729101576327,11.9252787370471,520.57,533.5,0,0,"Myliobatis ridens"
"Squatina_caillieti",31.0392197579447,30.565027128102,10.633986548719,520.98,491,0,0,"Squatina caillieti"
"Dactylobatus_clarkii",32.9998411033239,28.9738252343984,15.2421056962167,521.51,497,0,0,"Dactylobatus clarkii"
"Bythaelurus_alcockii",32.8408793169876,29.3059518397591,15.3711949081764,522.83,535,0,0,"Bythaelurus alcockii"
"Urogymnus_asperrimus",30.1682556749581,29.026938266973,6.74943955978798,523.57,535,0,0,"Urogymnus asperrimus"
"Urogymnus_ukpam",30.1682556749581,29.026938266973,6.74943955978798,524.57,536,0,0,"Urogymnus ukpam"
"Hemiscyllium_freycineti",31.0356306696024,28.4971965617616,10.5880767961335,525.12,531,0,0,"Hemiscyllium freycineti"
"Hemiscyllium_hallstromi",31.148816295732,28.9716858727495,11.1515032325288,526.01,547,0,0,"Hemiscyllium hallstromi"
"Hemiscyllium_galei",31.0352029028723,27.7896156847094,11.4716693135458,528.13,555.5,0,0,"Hemiscyllium galei"
"Squatina_oculata",31.5434065797056,28.2643785234754,12.4473439328017,528.38,549.5,0,0,"Squatina oculata"
"Typhlonarke_aysoni",30.9738463032089,28.6301597197532,11.4785332906363,528.57,532.5,0,0,"Typhlonarke aysoni"
"Typhlonarke_tarakea",30.9738463032089,28.6301597197532,11.4785332906363,529.57,533.5,0,0,"Typhlonarke tarakea"
"Halaelurus_natalensis",29.6664742921252,29.0214809379855,6.41278843359675,529.58,477.5,0,0,"Halaelurus natalensis"
"Bythaelurus_immaculatus",31.4009706217952,29.2572335421401,12.7840612039462,533.58,523.5,0,0,"Bythaelurus immaculatus"
"Hemiscyllium_ocellatum",30.372552260571,28.3646148287579,9.59185562598916,533.69,531.5,0,0,"Hemiscyllium ocellatum"
"Scymnodalatias_albicauda",30.9819231086308,27.8037860282598,11.8662859014959,534.09,560.5,0,0,"Scymnodalatias albicauda"
"Torpedo_californica",30.3598242042249,27.797295463242,8.83754915442067,534.74,530,0,0,"Torpedo californica"
"Carcharhinus_perezii",29.4895097126797,31.9144880400432,7.88425576850391,536.12,475.5,0,0,"Carcharhinus perezii"
"Hemiscyllium_henryi",30.2141248512952,27.5876285380658,9.85629597699949,536.19,532.5,0,0,"Hemiscyllium henryi"
"Myliobatis_rhombus",30.9483324954178,28.2108626350538,11.8956605775616,536.57,540.5,0,0,"Myliobatis rhombus"
"Myliobatis_tenuicaudatus",30.5167220154365,28.5143161032099,10.9683116839211,536.75,540.5,0,0,"Myliobatis tenuicaudatus"
"Cephaloscyllium_ventriosum",30.546043363572,27.8299145191008,10.6567866823515,537.81,538,0,0,"Cephaloscyllium ventriosum"
"Etmopterus_pusillus",30.2112782753678,28.949277057628,9.47546966570594,538.86,491.5,0,0,"Etmopterus pusillus"
"Halaelurus_lineatus",29.294849488633,28.7927528721217,6.71162609707142,538.96,504.5,0,0,"Halaelurus lineatus"
"Bythaelurus_clevai",30.4017393896208,29.0616575342384,11.131106742162,543.12,524,0,0,"Bythaelurus clevai"
"Bythaelurus_giddingsi",29.9487171633912,28.4735078745331,9.95480241626703,543.64,522,0,0,"Bythaelurus giddingsi"
"Hemiscyllium_strahani",29.9900172601858,26.6426327526686,9.96943070250843,547.23,543.5,0,0,"Hemiscyllium strahani"
"Scymnodalatias_sherwoodi",30.7184656041655,28.0377540848411,12.1947385242557,547.37,567,0,0,"Scymnodalatias sherwoodi"
"Halaelurus_boesemani",29.5386758158422,27.3032636389263,8.61739571507789,548.05,575,0,0,"Halaelurus boesemani"
"Anacanthobatis_donghaiensis",31.2019092204339,28.8459085444835,14.0108075859388,549.36,543.5,0,0,"Anacanthobatis donghaiensis"
"Bythaelurus_lutarius",31.1563906894908,27.906832569425,13.5162159147209,549.87,570,0,0,"Bythaelurus lutarius"
"Sphyrna_tiburo",28.1731719071223,28.3361214299733,3.50078345571985,550.03,573,0,0,"Sphyrna tiburo"
"Carcharhinus_borneensis",28.4257995614414,30.1589224033607,5.43193659104445,551.36,523,0,0,"Carcharhinus borneensis"
"Hemiscyllium_michaeli",29.6674268053104,27.326604159455,9.7484063764602,551.43,547,0,0,"Hemiscyllium michaeli"
"Orectolobus_floridus",29.3869383244323,30.8037209758335,8.67809417404991,551.95,558.5,0,0,"Orectolobus floridus"
"Squatina_argentina",31.2999315375965,27.9895934567126,14.6558452539867,551.99,584,1,0.01,"Squatina argentina"
"Squalus_megalops",31.496663121999,33.8771330711978,13.4720210283446,552.22,480.5,0,0,"Squalus megalops"
"Bythaelurus_incanus",30.6873192650066,27.3976989947732,12.8310785868852,553.58,558.5,0,0,"Bythaelurus incanus"
"Sutorectus_tentaculatus",29.5678686159226,29.5568475663011,9.48605800004758,553.74,570,0,0,"Sutorectus tentaculatus"
"Haploblepharus_kistnasamyi",29.5831620509771,27.5512949772464,9.65029327310493,553.84,575.5,0,0,"Haploblepharus kistnasamyi"
"Anacanthobatis_folirostris",30.9601363578433,28.928332185558,14.5191444252347,554.25,533,0,0,"Anacanthobatis folirostris"
"Haploblepharus_pictus",29.2172977600545,28.7857042373909,7.95494261338605,554.29,578.5,0,0,"Haploblepharus pictus"
"Etmopterus_virens",28.8126774749923,29.3514129989677,6.77811935758845,555.45,517.5,0,0,"Etmopterus virens"
"Oxynotus_caribbaeus",29.1126713000371,29.02729605503,8.48616468074618,555.89,569,0,0,"Oxynotus caribbaeus"
"Bythaelurus_hispidus",30.5192210248861,27.6533370176226,12.7287544840069,556,544,0,0,"Bythaelurus hispidus"
"Scymnodalatias_oligodon",29.7489821268463,28.7507162662634,10.5677333587581,556.41,578.5,0,0,"Scymnodalatias oligodon"
"Scymnodalatias_garricki",29.8359142552672,27.6136648415398,10.7768168273804,556.7,589,0,0,"Scymnodalatias garricki"
"Squalus_brevirostris",31.2323026357042,33.3320611341065,13.4681983329313,558.02,514.5,0,0,"Squalus brevirostris"
"Okamejei_meerdervoortii",30.5040450926821,26.5611348944218,13.0278996558021,558.07,564,0,0,"Okamejei meerdervoortii"
"Anacanthobatis_ori",30.359594561242,27.7339149727322,12.3931852520325,559.24,573.5,0,0,"Anacanthobatis ori"
"Dasyatis_garouaensis",30.6816340253481,27.741111816033,13.5784920060463,559.5,527.5,0,0,"Dasyatis garouaensis"
"Myliobatis_peruvianus",29.7131993293226,26.949268008133,10.7899623995102,560.68,589,0,0,"Myliobatis peruvianus"
"Orectolobus_reticulatus",29.722468748088,28.6919033160434,10.9863861060133,561.48,577,0,0,"Orectolobus reticulatus"
"Orectolobus_maculatus",29.657068971159,27.8061144860934,10.6103605171578,561.6,611,0,0,"Orectolobus maculatus"
"Rhinoptera_jayakari",28.9134605427434,27.667468805954,8.8242529348228,562.1,513.5,0,0,"Rhinoptera jayakari"
"Oxynotus_japonicus",28.6808622941735,28.3368765747735,8.2942085224586,564.4,579,0,0,"Oxynotus japonicus"
"Anacanthobatis_marmoratus",30.2896279333217,28.1383549213653,12.9850496720518,564.61,566.5,1,0.01,"Anacanthobatis marmoratus"
"Halaelurus_buergeri",28.9046579164151,27.347763893676,8.84434678452897,564.92,556.5,0,0,"Halaelurus buergeri"
"Narke_dipterygia",29.5086028157267,26.7854065197245,10.4504231200899,565.75,562,0,0,"Narke dipterygia"
"Narke_japonica",29.8175804554674,27.3046914147798,11.5170661552205,566.67,602,0,0,"Narke japonica"
"Haploblepharus_fuscus",28.7055040381645,27.2232894303164,8.20125530881317,566.85,584,0,0,"Haploblepharus fuscus"
"Gurgesiella_furvescens",30.6878088475195,28.4925357242569,14.0966873809078,567.06,547.5,0,0,"Gurgesiella furvescens"
"Narke_capensis",29.5055036039999,27.3046914147798,10.9778963014676,567.65,573.5,0,0,"Narke capensis"
"Orectolobus_hutchinsi",28.8642193379515,29.7424376659219,9.04396081175192,569.97,605.5,0,0,"Orectolobus hutchinsi"
"Etmopterus_splendidus",28.499386213415,28.5687910339045,8.23586103045444,571.11,543,0,0,"Etmopterus splendidus"
"Himantura_jenkinsii",29.3446806804943,28.7842230909367,9.63366340668052,572.35,556,0,0,"Himantura jenkinsii"
"Scyliorhinus_retifer",28.8603809723451,26.933412198078,9.39383789614552,572.67,542,0,0,"Scyliorhinus retifer"
"Squalus_suckleyi",30.1474277602973,32.1868018866277,12.3722260729201,572.77,539.5,0,0,"Squalus suckleyi"
"Rhinoptera_steindachneri",28.503231867165,27.4335721932453,8.56001292501863,574.42,573,0,0,"Rhinoptera steindachneri"
"Etmopterus_lucifer",28.6447088336638,27.2061145602805,8.63074010987947,575.14,551.5,0,0,"Etmopterus lucifer"
"Carcharhinus_amblyrhynchos",29.1053303381013,26.6043104504797,10.4972047259069,576.21,564.5,0,0,"Carcharhinus amblyrhynchos"
"Etmopterus_polli",28.0774890049551,28.8152313086283,7.0798278824122,577.04,521,0,0,"Etmopterus polli"
"Lamiopsis_temminckii",27.8213027417869,27.2469674969752,6.4159887631434,577.44,584,0,0,"Lamiopsis temminckii"
"Anacanthobatis_nanhaiensis",29.7671268955497,27.9191825101942,13.7227382317309,577.84,579,1,0.01,"Anacanthobatis nanhaiensis"
"Orectolobus_wardi",29.2794243443117,26.990975552265,11.9217738972332,578.33,613,0,0,"Orectolobus wardi"
"Lamiopsis_tephrodes",27.8213027417869,27.2469674969752,6.4159887631434,578.44,585,0,0,"Lamiopsis tephrodes"
"Orectolobus_leptolineatus",28.8351601870723,27.7478715671257,9.86710783563407,578.82,618,0,0,"Orectolobus leptolineatus"
"Orectolobus_halei",28.805484642421,28.0309745943556,9.84332616369642,579.54,603.5,0,0,"Orectolobus halei"
"Mobula_diabolus",29.0144940151878,26.0486394158919,10.8070272949412,580.99,597,0,0,"Mobula diabolus"
"Halaelurus_maculosus",28.2306177809186,27.2047420785542,8.02633863721385,581.77,614,0,0,"Halaelurus maculosus"
"Orectolobus_japonicus",28.5058627635639,28.1197070514738,9.12755927773974,581.79,614.5,0,0,"Orectolobus japonicus"
"Manta_birostris",28.6312912647098,28.3626432717644,9.81021465808049,582.16,570,0,0,"Manta birostris"
"Dasyatis_laevigata",30.1894199227642,27.576921681983,13.5820818620613,582.78,543.5,0,0,"Dasyatis laevigata"
"Manta_alfredi",28.6312912647098,28.3626432717644,9.81021465808049,583.16,571,0,0,"Manta alfredi"
"Haploblepharus_edwardsii",28.2371464106395,26.8951756972848,8.32043475404029,583.4,604,0,0,"Haploblepharus edwardsii"
"Orectolobus_parvimaculatus",28.3050594062354,28.6362750553645,8.86039569186221,583.97,590,0,0,"Orectolobus parvimaculatus"
"Etmopterus_fusus",28.0289126606352,26.8288250318839,8.41526678286394,586.25,549,0,0,"Etmopterus fusus"
"Himantura_pastinacoides",28.5231860480433,26.9084460609304,9.04148230161518,586.45,581.5,0,0,"Himantura pastinacoides"
"Dasyatis_guttata",29.3700023510125,27.4707159170571,12.0591373566193,587.16,581.5,0,0,"Dasyatis guttata"
"Rhinobatos_formosensis",28.5518591935522,27.9840173471736,10.1001695589642,587.23,617,0,0,"Rhinobatos formosensis"
"Anacanthobatis_longirostris",29.7161031358224,26.8265557511533,13.9868566041077,587.24,592.5,0,0,"Anacanthobatis longirostris"
"Rhinobatos_schlegelii",28.5647984196583,27.9040213324338,10.1478516606277,587.5,610.5,0,0,"Rhinobatos schlegelii"
"Dasyatis_marmorata",29.4937656747207,27.8573858669371,12.6403289634178,589.05,561.5,0,0,"Dasyatis marmorata"
"Squalus_acanthias",29.4861100816941,28.8241045986312,12.318212237412,589.85,586,0,0,"Squalus acanthias"
"Sympterygia_acuta",27.498324594713,28.4699127542222,5.96692146115498,590.12,542.5,0,0,"Sympterygia acuta"
"Heliotrygon_gomesi",28.2996209898013,26.1160529147154,9.91028518879526,590.35,590,0,0,"Heliotrygon gomesi"
"Heliotrygon_rosai",28.2996209898013,26.1160529147154,9.91028518879526,591.35,591,0,0,"Heliotrygon rosai"
"Halaelurus_quagga",27.830817825463,26.1256744365546,8.48114624178512,592.27,603.5,0,0,"Halaelurus quagga"
"Dasyatis_marianae",30.0524015923219,25.8304663823961,14.9906825951652,593.63,636.5,0,0,"Dasyatis marianae"
"Anacanthobatis_americanus",30.6228463237977,26.1260516695571,17.7754278313993,594.45,611.5,1,0.01,"Anacanthobatis americanus"
"Heteronarce_mollis",27.6162834290589,27.304850857701,7.38884071812085,594.59,585.5,0,0,"Heteronarce mollis"
"Himantura_uarnak",27.0053643696233,27.1918963957534,3.42970025014646,594.86,643.5,0,0,"Himantura uarnak"
"Dasyatis_hypostigma",29.3816913943438,27.7824933175267,13.3409682000422,595.05,571.5,0,0,"Dasyatis hypostigma"
"Squatina_californica",27.4674377659319,26.813111192007,7.5010377327346,596.44,613.5,0,0,"Squatina californica"
"Dasyatis_sinensis",30.259186957248,26.165711740715,15.6570138833442,596.57,601.5,0,0,"Dasyatis sinensis"
"Proscymnodon_plunketi",27.3406714415318,28.5828036093706,6.81450318491795,596.81,594.5,0,0,"Proscymnodon plunketi"
"Proscymnodon_macracanthus",27.3406714415318,28.5828036093706,6.81450318491795,597.81,595.5,0,0,"Proscymnodon macracanthus"
"Himantura_uarnacoides",28.4310542696101,27.1762518699108,10.0049244385526,598.47,579.5,0,0,"Himantura uarnacoides"
"Carcharhinus_falciformis",27.7723699317722,26.4220256289145,8.9814352992842,598.52,543,0,0,"Carcharhinus falciformis"
"Mobula_mobular",27.9980333692987,26.6059609377032,9.30358816089451,598.57,593,0,0,"Mobula mobular"
"Himantura_undulata",26.8618501509395,27.0087591071825,3.67504176724121,600.12,643.5,0,0,"Himantura undulata"
"Urobatis_concentricus",26.8152014739959,26.2398904840472,4.97815783629831,600.2,610,0,0,"Urobatis concentricus"
"Squatina_dumeril",27.6366235815612,26.9679234832373,8.39188918357343,600.77,612,0,0,"Squatina dumeril"
"Prionace_glauca",27.4514779629708,26.4212916955302,8.31022445983802,601.84,547.5,0,0,"Prionace glauca"
"Scyliorhinus_torrei",28.801058673686,24.8253674302017,12.3898146324827,602.02,634,0,0,"Scyliorhinus torrei"
"Urobatis_maculatus",26.7445861507357,26.215108366616,5.06118238665735,602.61,612,0,0,"Urobatis maculatus"
"Sphyrna_tudes",26.4122333118873,26.4858311457917,3.24420031634404,603.05,620.5,0,0,"Sphyrna tudes"
"Carcharhinus_albimarginatus",28.0402981454057,26.2016010531438,10.0784669506593,603.08,619,0,0,"Carcharhinus albimarginatus"
"Carcharhinus_macloti",27.0457508439175,28.5557130845335,6.46610573678331,603.11,540.5,0,0,"Carcharhinus macloti"
"Urolophus_aurantiacus",27.3237825245977,26.792653643631,7.32267784456949,603.6,575.5,0,0,"Urolophus aurantiacus"
"Gurgesiella_dorsalifera",29.1060635361119,28.4151623071779,13.5072144477847,604.02,580.5,0,0,"Gurgesiella dorsalifera"
"Sphyrna_media",26.4122333118873,26.4858311457917,3.24420031634404,604.05,621.5,0,0,"Sphyrna media"
"Breviraja_spinosa",29.6693407217385,26.2210355848996,14.7926143771655,604.61,606,0,0,"Breviraja spinosa"
"Dasyatis_gigantea",28.9741162301419,27.2513416372542,12.7845499710921,606.28,617.5,0,0,"Dasyatis gigantea"
"Dasyatis_hastata",28.8288477067471,26.4645034820703,12.8126459975574,606.7,575,0,0,"Dasyatis hastata"
"Dasyatis_colarensis",29.5642960507063,25.7787027429736,14.6726193792029,607.05,597,0,0,"Dasyatis colarensis"
"Anacanthobatis_stenosoma",29.1917955959587,24.8831886513591,14.4329458871959,607.78,596.5,0,0,"Anacanthobatis stenosoma"
"Gurgesiella_atlantica",29.4302127254707,28.2891762713628,14.2883808581892,608.84,596.5,0,0,"Gurgesiella atlantica"
"Etmopterus_sheikoi",28.1098731531407,25.2922104523268,10.956050631621,609.99,637.5,0,0,"Etmopterus sheikoi"
"Himantura_dalyensis",27.7749002886352,25.6408553059974,9.49637761215403,610.11,618.5,0,0,"Himantura dalyensis"
"Torpedo_puelcha",29.5145237020907,24.8660246309476,15.9829141906016,610.61,621,1,0.01,"Torpedo puelcha"
"Squatina_nebulosa",26.7687287083118,27.8361350339761,6.26262780176327,611.82,609.5,0,0,"Squatina nebulosa"
"Scyliorhinus_haeckelii",28.1406325422113,25.987146401546,11.2440608612261,611.98,641,0,0,"Scyliorhinus haeckelii"
"Squatina_formosa",26.760954440808,27.8845939362383,6.33267760660995,612.19,599,0,0,"Squatina formosa"
"Dasyatis_multispinosa",28.5873374948562,26.6836587483266,12.4960208693961,613.18,634,0,0,"Dasyatis multispinosa"
"Dasyatis_acutirostra",28.5706710706952,26.0400046726686,13.1377906912413,614.02,600,0,0,"Dasyatis acutirostra"
"Scyliorhinus_cervigoni",28.3494226571539,25.8090129285255,11.6020164608952,614.07,626.5,0,0,"Scyliorhinus cervigoni"
"Scyliorhinus_besnardi",28.3253817689124,25.5850960880328,12.2661096196346,614.85,666,0,0,"Scyliorhinus besnardi"
"Heteronarce_prabhui",27.2199258936762,26.7011305511875,8.55831035048783,615.75,653.5,0,0,"Heteronarce prabhui"
"Rhizoprionodon_acutus",28.4662337983747,24.3637351472646,12.3909063870215,616.34,696,0,0,"Rhizoprionodon acutus"
"Mobula_rochebrunei",27.8086743630549,25.1861618152214,11.1179699190135,616.5,654,0,0,"Mobula rochebrunei"
"Heteronarce_garmani",27.4190812612396,25.3620204006129,9.33525953994624,616.74,642.5,0,0,"Heteronarce garmani"
"Heteronarce_bentuviai",27.5171559892442,25.6668709132404,10.5119160552591,617.06,640,1,0.01,"Heteronarce bentuviai"
"Dasyatis_tortonesei",28.8750291538747,25.5775277233048,13.9013949653876,617.13,655.5,0,0,"Dasyatis tortonesei"
"Himantura_kittipongi",27.2077434914333,25.8055030228158,8.7180358259134,617.88,625,0,0,"Himantura kittipongi"
"Scyliorhinus_boa",28.5370601234476,26.0221885171575,12.8144893316357,618.97,644,0,0,"Scyliorhinus boa"
"Urolophus_westraliensis",26.779893015224,26.2416923519681,7.26345254731469,619.24,607,0,0,"Urolophus westraliensis"
"Brochiraja_microspinifera",26.7670556921686,26.1557583549304,7.58735942149634,619.36,548,0,0,"Brochiraja microspinifera"
"Scyliorhinus_comoroensis",28.8149333435639,24.9426440414768,14.3254899461293,620.74,679.5,0,0,"Scyliorhinus comoroensis"
"Sympterygia_bonapartii",26.6080714323885,26.4739966767795,6.77179455717615,621.02,576.5,0,0,"Sympterygia bonapartii"
"Galeus_arae",26.8040326992328,25.6566541404993,7.91848428339345,623.47,626,0,0,"Galeus arae"
"Acroteriobatus_variegatus",27.4673165518906,25.2378661766744,10.8071480665557,628.05,674.5,0,0,"Acroteriobatus variegatus"
"Rhinobatos_annandalei",27.4663031663224,25.2378661766744,10.8083436748171,628.07,674.5,0,0,"Rhinobatos annandalei"
"Rhinoptera_marginata",28.1318799157915,24.4436007110863,13.7776009594914,629.31,685,0,0,"Rhinoptera marginata"
"Mobula_eregoodootenkee",27.2807056280791,24.7712359359259,10.2939803010581,629.45,665,0,0,"Mobula eregoodootenkee"
"Urolophus_papilio",28.3833552636901,25.8326764181075,14.6907383741585,630.19,648.5,0,0,"Urolophus papilio"
"Dasyatis_geijskesi",28.743499877258,24.5545961935073,15.0863580575805,630.69,610.5,0,0,"Dasyatis geijskesi"
"Dasyatis_rudis",28.3461952981078,25.0720023538164,13.4268537461078,632.5,656,0,0,"Dasyatis rudis"
"Dasyatis_izuensis",28.5209859494535,24.7182935288572,14.4673936145861,633.15,656.5,0,0,"Dasyatis izuensis"
"Mobula_thurstoni",26.0744614687719,26.027093513661,6.69760174442698,633.39,609.5,0,0,"Mobula thurstoni"
"Himantura_randalli",26.4842259417548,24.5587226248626,8.37954090660403,633.81,637.5,0,0,"Himantura randalli"
"Mobula_kuhlii",26.0643563892398,25.7570929094693,6.69476974877198,634.76,629.5,0,0,"Mobula kuhlii"
"Fenestraja_plutonia",27.9777512596094,25.576443939885,12.8190491606745,635.11,676.5,0,0,"Fenestraja plutonia"
"Okamejei_hollandi",26.9927907855205,25.750405862437,10.0314036766781,635.35,668.5,0,0,"Okamejei hollandi"
"Breviraja_nigriventralis",27.8338371247173,24.180305562228,12.6952230245244,635.53,661.5,0,0,"Breviraja nigriventralis"
"Scyliorhinus_tokubee",27.9532365069616,24.850012347391,14.9597612673245,635.57,656,1,0.01,"Scyliorhinus tokubee"
"Rhinoptera_peli",27.3887006284431,23.5128188069592,11.6781482691117,637.54,669.5,0,0,"Rhinoptera peli"
"Scyliorhinus_garmani",26.9754233290572,24.9333075144887,10.0240987692121,637.89,674.5,0,0,"Scyliorhinus garmani"
"Breviraja_claramaculata",27.2492428939546,25.7666358803043,11.7398636167766,639.45,631,0,0,"Breviraja claramaculata"
"Raja_undulata",26.9184939086553,25.1510738962518,10.8698884631729,641.35,650,0,0,"Raja undulata"
"Breviraja_colesi",28.4454985865035,24.5865014781819,15.6024884250387,641.78,696,0,0,"Breviraja colesi"
"Etmopterus_compagnoi",27.2042807125223,25.0298245686978,11.6022845394803,641.88,664,0,0,"Etmopterus compagnoi"
"Scyliorhinus_hesperius",27.5914928530987,25.5856001508744,13.0164008527338,643.78,681,0,0,"Scyliorhinus hesperius"
"Torpedo_semipelagica",26.8800069605154,24.3244956897493,11.1944072057118,644.74,647.5,0,0,"Torpedo semipelagica"
"Torpedo_suessii",27.1181943326402,24.3977026947402,11.3546243603034,645.27,676.5,0,0,"Torpedo suessii"
"Dasyatis_parvonigra",27.8603633418485,24.1071809151115,13.8985549020937,645.7,649,0,0,"Dasyatis parvonigra"
"Himantura_marginata",26.1992796805833,24.5314513159733,8.81525748318215,646.86,638,0,0,"Himantura marginata"
"Etmopterus_hillianus",26.9070128078262,24.693759590534,10.7983318479882,647.69,675,0,0,"Etmopterus hillianus"
"Galeus_springeri",28.1241229462347,25.0638524318606,15.3784188301961,648.26,678,0,0,"Galeus springeri"
"Squatina_guggenheim",25.7417076974363,26.7544136151344,6.69291657093747,649.39,647.5,0,0,"Squatina guggenheim"
"Torpedo_alexandrinsis",26.8236397245562,23.1625799262791,11.1713507498677,654.24,678.5,0,0,"Torpedo alexandrinsis"
"Scyliorhinus_meadi",26.6151072370554,24.8999815306941,11.0172662344596,654.37,668,0,0,"Scyliorhinus meadi"
"Squatina_occulta",25.5725331875653,26.4661993161454,6.75544527140424,654.81,658,0,0,"Squatina occulta"
"Torpedo_formosa",26.5612123140235,24.798256406966,10.9825734346555,656.92,672,0,0,"Torpedo formosa"
"Galeus_antillensis",27.360786532428,24.3857807587737,14.026560864792,657.25,696.5,0,0,"Galeus antillensis"
"Raja_miraletus",26.2801500454491,24.7785866847107,10.6630327425503,657.46,682.5,0,0,"Raja miraletus"
"Hemitriakis_indroyonoi",26.0457780003796,24.6569834821754,8.88104399861251,657.8,727,0,0,"Hemitriakis indroyonoi"
"Urotrygon_venezuelae",26.2670605251523,23.9829260654481,10.2947924897971,658.59,713,0,0,"Urotrygon venezuelae"
"Rhinoptera_adspersa",26.0017438180307,24.0768878480625,9.27788870172768,659.24,707.5,0,0,"Rhinoptera adspersa"
"Hemitriakis_abdita",25.8345099546646,24.0059597840397,8.53241717756452,660.16,700.5,0,0,"Hemitriakis abdita"
"Etmopterus_joungi",26.0228133854801,24.5120073576819,9.53402998792544,661.64,686,0,0,"Etmopterus joungi"
"Etmopterus_schmidti",26.2369910546709,24.1187133209159,10.6422873044044,663.98,667,0,0,"Etmopterus schmidti"
"Fenestraja_sinusmexicanus",26.17552382002,25.0751082063098,10.8047053061532,664.91,683,0,0,"Fenestraja sinusmexicanus"
"Carcharhinus_brachyurus",25.0222428527019,26.3442344367949,6.17698430790688,666.31,650,0,0,"Carcharhinus brachyurus"
"Urotrygon_simulatrix",26.0545122239317,25.8320223419395,10.6198188162502,666.86,615.5,0,0,"Urotrygon simulatrix"
"Malacoraja_obscura",25.9576543213085,24.6143020632141,9.82456047140236,666.89,669,0,0,"Malacoraja obscura"
"Galeus_cadenati",27.1246720974459,22.6198877726112,14.9540468071944,667.18,698.5,0,0,"Galeus cadenati"
"Etmopterus_villosus",26.2683501573224,22.635282918727,11.4104907871782,667.36,666.5,0,0,"Etmopterus villosus"
"Fenestraja_ishiyamai",26.0982799815957,25.2592646800142,10.3162589451469,667.78,686.5,0,0,"Fenestraja ishiyamai"
"Fenestraja_atripinna",26.0718762964596,24.5420353225136,10.0816126964429,667.85,686.5,0,0,"Fenestraja atripinna"
"Carcharhinus_isodon",24.840003833449,26.1714817713183,5.9266876194114,669.07,646.5,0,0,"Carcharhinus isodon"
"Mustelus_californicus",25.6026191846854,27.1980396261811,8.79356383963956,669.54,633,0,0,"Mustelus californicus"
"Malacoraja_senta",26.3370111572474,24.4369420881948,11.5991352699615,670.4,702.5,0,0,"Malacoraja senta"
"Galeus_schultzi",26.8169229874331,22.8380212703465,13.1531051030617,670.78,715,0,0,"Galeus schultzi"
"Urolophus_gigas",26.3859175412825,23.6358790432002,12.1474226755658,670.81,675.5,0,0,"Urolophus gigas"
"Etmopterus_burgessi",26.0178882842796,23.4413139134175,11.3107479008461,671.46,709,0,0,"Etmopterus burgessi"
"Etmopterus_evansi",25.9407933973237,23.5103615731599,10.3260636098836,671.85,716.5,0,0,"Etmopterus evansi"
"Carcharhinus_dussumieri",24.7695759098593,25.5073737633037,5.74269730023582,672.14,661,0,0,"Carcharhinus dussumieri"
"Leucoraja_ocellata",25.0654493446448,25.4771683399723,7.55815724638869,672.32,627.5,0,0,"Leucoraja ocellata"
"Galeus_nipponensis",27.7105837211001,22.4472349895381,16.5131054171553,672.36,734.5,0,0,"Galeus nipponensis"
"Etmopterus_decacuspidatus",26.4933945715308,24.3849628092937,12.3712432724094,672.38,686.5,0,0,"Etmopterus decacuspidatus"
"Fenestraja_sibogae",26.0978248638244,23.0268661980799,11.9053437121538,672.47,675.5,0,0,"Fenestraja sibogae"
"Etmopterus_bullisi",25.4974219070289,23.9090775799285,8.98575206274932,673.11,671.5,0,0,"Etmopterus bullisi"
"Mustelus_norrisi",25.322564158553,28.3347166922666,8.02922564966187,673.68,586,0,0,"Mustelus norrisi"
"Rhinoptera_brasiliensis",25.3675320137742,24.3351955083705,8.92128670704465,674.85,677,0,0,"Rhinoptera brasiliensis"
"Torpedo_peruana",25.7930860316605,23.4499396055203,10.0508793706884,675.09,691.5,0,0,"Torpedo peruana"
"Leucoraja_erinacea",24.9130412156961,24.1001215691867,7.3543391569581,676.71,645,0,0,"Leucoraja erinacea"
"Carcharhinus_brevipinna",24.6470758077724,25.7573240722218,6.09329051570585,677.24,653.5,0,0,"Carcharhinus brevipinna"
"Urolophus_kaianus",27.932579951116,21.463082324767,17.287976387884,677.28,724.5,2,0.02,"Urolophus kaianus"
"Rhinoptera_sewelli",25.511957674999,23.6514097772027,9.70729968648186,678.06,688,0,0,"Rhinoptera sewelli"
"Fenestraja_cubensis",25.8743310436657,22.8059526887223,11.641643390152,678.32,656,0,0,"Fenestraja cubensis"
"Etmopterus_perryi",26.08410927785,23.6967895130422,12.216473451512,679.76,709.5,0,0,"Etmopterus perryi"
"Rhinoptera_hainanensis",25.5465091022659,24.3693548444611,10.2312590914721,680.48,682,0,0,"Rhinoptera hainanensis"
"Galeus_priapus",26.3402956582456,22.0666274151362,13.0291931269686,681.12,676.5,0,0,"Galeus priapus"
"Etmopterus_robinsi",25.632634826313,22.3818685598958,10.315106560401,682.35,712,0,0,"Etmopterus robinsi"
"Etmopterus_viator",25.7961633762093,23.2672219831503,11.5349640059279,682.54,728,0,0,"Etmopterus viator"
"Parmaturus_lanatus",25.5244759153837,24.1026694802238,10.102350043947,682.59,723.5,0,0,"Parmaturus lanatus"
"Himantura_walga",24.1328798682095,24.285094713941,3.08655354563036,682.61,726,0,0,"Himantura walga"
"Etmopterus_carteri",25.2146556985243,23.0644945104448,9.7775721813845,685.03,733.5,0,0,"Etmopterus carteri"
"Carcharhinus_sorrah",24.8028974960022,22.7039121206132,8.30553597504371,685.15,656.5,0,0,"Carcharhinus sorrah"
"Apristurus_macrostomus",26.7719304477971,23.1352388470517,15.9538611689374,685.55,750,0,0,"Apristurus macrostomus"
"Urolophus_mitosis",25.4621416511182,23.313131555568,11.1008434601648,686.18,703,0,0,"Urolophus mitosis"
"Rhizoprionodon_longurio",24.3328823189663,25.3038382799675,5.43633215171827,686.67,654.5,0,0,"Rhizoprionodon longurio"
"Torpedo_marmorata",25.0519914638708,24.479959744125,8.95028868856735,687.14,692.5,0,0,"Torpedo marmorata"
"Apristurus_gibbosus",25.8569880605971,22.74531301645,11.8491096283572,687.7,720,0,0,"Apristurus gibbosus"
"Carcharhinus_sealei",24.317904076815,24.683064113956,5.70671555547933,687.91,663,0,0,"Carcharhinus sealei"
"Torpedo_tremens",25.6054017412692,22.2301720974371,11.8319341744125,688.01,709.5,0,0,"Torpedo tremens"
"Urolophus_circularis",26.5776361168273,22.5801731120829,14.6627561368248,688.28,740.5,1,0.01,"Urolophus circularis"
"Galeus_gracilis",26.2877311783197,22.2315928678384,14.3931859171126,688.3,728.5,0,0,"Galeus gracilis"
"Torpedo_adenensis",25.4021040887198,22.5823194341359,10.7487915790718,688.57,696,0,0,"Torpedo adenensis"
"Apristurus_riveri",25.7178889318319,22.2253530984699,11.3857434536765,688.82,758.5,0,0,"Apristurus riveri"
"Torpedo_panthera",25.9089544646882,21.9352480566613,12.3664405400535,689.14,778,0,0,"Torpedo panthera"
"Torpedo_zugmayeri",25.5531067687356,22.317590482387,11.5215439616666,689.22,705,0,0,"Torpedo zugmayeri"
"Etmopterus_sculptus",26.2016817777369,24.3693515519623,13.5652130401623,689.3,730,0,0,"Etmopterus sculptus"
"Malacoraja_spinacidermis",25.0186705174426,23.574756292896,9.34053699056866,689.87,701,0,0,"Malacoraja spinacidermis"
"Rhizoprionodon_lalandii",24.1712521064266,24.906328852294,5.37458441787092,690.21,656.5,0,0,"Rhizoprionodon lalandii"
"Fenestraja_maceachrani",25.1616296972552,23.128393547508,10.6643309559443,690.9,711.5,0,0,"Fenestraja maceachrani"
"Squatina_albipunctata",24.1809841164987,24.9585836806775,5.20266523687101,691.3,694,0,0,"Squatina albipunctata"
"Triaenodon_obesus",24.7003007085099,23.9368895341468,8.70237705161153,691.54,657.5,0,0,"Triaenodon obesus"
"Torpedo_bauchotae",25.3494445918189,22.8055656583415,11.101605095256,692.17,693.5,0,0,"Torpedo bauchotae"
"Scyliorhinus_stellaris",24.3008177912076,24.4187540563762,6.78736953551126,692.27,640,0,0,"Scyliorhinus stellaris"
"Urotrygon_microphthalmum",25.3133037888393,22.264065223673,10.8331950225936,692.66,702.5,0,0,"Urotrygon microphthalmum"
"Etmopterus_litvinovi",25.4543691503328,23.651274231127,12.5981445835809,693.51,723,1,0.01,"Etmopterus litvinovi"
"Etmopterus_molleri",24.2306382831198,24.3012774268745,6.62942307267083,693.78,670.5,0,0,"Etmopterus molleri"
"Parmaturus_xaniurus",24.9667195502454,23.480890568067,9.58856106806753,695.59,702,0,0,"Parmaturus xaniurus"
"Neoraja_iberica",25.1089214591306,22.8589969371853,9.90723051930538,696.17,718.5,0,0,"Neoraja iberica"
"Torpedo_tokionis",24.9643545203866,22.3712429383337,9.50218943771851,696.57,748.5,0,0,"Torpedo tokionis"
"Parmaturus_bigus",25.1762870896076,23.5359214772461,10.5088939301648,697.68,708,0,0,"Parmaturus bigus"
"Fenestraja_mamillidens",25.314703956676,22.088804681368,11.471503542392,699.68,726.5,0,0,"Fenestraja mamillidens"
"Urolophus_neocaledoniensis",26.6646120513539,21.3321310676037,16.6804648212903,699.97,767,2,0.02,"Urolophus neocaledoniensis"
"Urotrygon_aspidura",25.0498588468628,23.5657655179712,10.199561187473,700.77,714,0,0,"Urotrygon aspidura"
"Etmopterus_pycnolepis",24.8832597469251,23.0702924380508,10.2490563648038,701.76,720.5,0,0,"Etmopterus pycnolepis"
"Apristurus_saldanha",25.5624871042661,22.2016275345414,12.1599167835463,701.93,737,0,0,"Apristurus saldanha"
"Apristurus_canutus",25.9602953747863,21.2644709754076,13.6782074786444,702.27,787.5,0,0,"Apristurus canutus"
"Neoraja_stehmanni",24.6983744306151,23.3008519691918,9.59360329381104,702.6,716.5,0,0,"Neoraja stehmanni"
"Urotrygon_caudispinosus",24.8113737389461,22.8937407086258,10.4586630775484,702.66,710,0,0,"Urotrygon caudispinosus"
"Urolophus_orarius",24.6598507265896,22.7071523720041,10.1617992405028,702.86,730,0,0,"Urolophus orarius"
"Torpedo_microdiscus",24.807721538448,21.404077809743,9.99042741840952,702.87,750.5,0,0,"Torpedo microdiscus"
"Glyphis_garricki",23.7591859350934,24.0179844528856,5.33642876496174,703.1,668.5,0,0,"Glyphis garricki"
"Parmaturus_melanobranchus",25.4104428794872,22.0996653940225,12.0279808301956,703.78,750.5,0,0,"Parmaturus melanobranchus"
"Dipturus_kwangtungensis",25.2563288727578,24.6162765570287,11.5464272482525,704.03,721,0,0,"Dipturus kwangtungensis"
"Etmopterus_caudistigmus",24.8167206921305,23.0980212874119,10.4212516146928,704.37,721.5,0,0,"Etmopterus caudistigmus"
"Malacoraja_kreffti",24.5176177598578,23.8214337809494,9.08067449937631,705.41,738.5,0,0,"Malacoraja kreffti"
"Torpedo_polleni",24.5777686713086,21.1737684180699,10.3619206540415,705.47,756.5,0,0,"Torpedo polleni"
"Galeus_mincaronei",25.7065321068292,21.6473357294964,13.0625158700862,705.48,787,0,0,"Galeus mincaronei"
"Urolophus_armatus",25.3858374700977,20.7998406635665,13.2492065570189,706.78,780,0,0,"Urolophus armatus"
"Sympterygia_lima",23.7011226656797,22.6609486386115,6.37711427377869,706.89,728.5,0,0,"Sympterygia lima"
"Parmaturus_albimarginatus",24.6725436131764,22.566782051949,9.5102873357602,707.31,748,0,0,"Parmaturus albimarginatus"
"Etmopterus_dislineatus",23.8188143247717,23.0079565787448,6.45071979805672,708.7,707,0,0,"Etmopterus dislineatus"
"Urolophus_deforgesi",25.2404319399051,20.8387206713602,13.0949601142279,708.75,738.5,0,0,"Urolophus deforgesi"
"Urolophus_kapalensis",23.9834238096869,23.4849509952307,7.633328050699,708.81,703.5,0,0,"Urolophus kapalensis"
"Urotrygon_chilensis",24.605805964517,22.1446437461038,10.0703077799542,708.99,779.5,0,0,"Urotrygon chilensis"
"Galeus_piperatus",25.2927919541244,22.4542436754627,11.7560565476785,709,766.5,0,0,"Galeus piperatus"
"Glyphis_glyphis",23.5828236452287,23.2281648028872,5.23085718521232,709.01,675.5,0,0,"Glyphis glyphis"
"Apristurus_herklotsi",25.9093734921997,21.2218761929084,14.4055131278839,709.29,766.5,0,0,"Apristurus herklotsi"
"Scyliorhinus_canicula",23.7493470446097,22.5764869939568,6.21431254216518,709.69,671.5,0,0,"Scyliorhinus canicula"
"Urolophus_javanicus",25.0466201525435,21.4661832950798,12.7335420872379,710.5,736.5,0,0,"Urolophus javanicus"
"Carcharhinus_leucas",24.0573260585145,22.8561012398682,8.21921648248856,711.09,718.5,0,0,"Carcharhinus leucas"
"Raja_stellulata",23.6311947148139,24.1078483733874,5.69039316498847,712.55,712,0,0,"Raja stellulata"
"Urotrygon_cimar",24.5085309327777,21.5601295742261,9.69391009464838,712.73,777.5,0,0,"Urotrygon cimar"
"Raja_rhina",23.6311947148139,24.1078483733874,5.69039316498847,713.55,713,0,0,"Raja rhina"
"Parmaturus_albipenis",24.7868661044359,22.0066314635657,10.5226682584337,713.88,770,0,0,"Parmaturus albipenis"
"Sympterygia_brevicaudata",23.5122573399705,22.5009440126572,6.14080362003662,713.94,730.5,0,0,"Sympterygia brevicaudata"
"Torpedo_fairchildi",24.3408138231849,21.6899157193911,9.52306440444416,714.07,759.5,0,0,"Torpedo fairchildi"
"Leucoraja_caribbaea",24.5392122091782,21.3283282643136,11.297358374655,714.54,736.5,0,0,"Leucoraja caribbaea"
"Torpedo_andersoni",24.6019463155297,22.3203286485753,10.1568240837173,714.69,792,0,0,"Torpedo andersoni"
"Apristurus_internatus",25.9313318219126,21.9310169428452,15.4025679165567,715.06,777.5,0,0,"Apristurus internatus"
"Urotrygon_nana",24.8534187232319,22.2806139159302,11.0417943389122,715.24,795,0,0,"Urotrygon nana"
"Parmaturus_campechiensis",24.1656857606938,22.2853019907636,8.68652960646838,715.51,757.5,0,0,"Parmaturus campechiensis"
"Parmaturus_pilosus",24.5194130392486,22.3992628184725,9.98541275304925,715.67,742.5,0,0,"Parmaturus pilosus"
"Squatina_pseudocellata",23.4451619209488,24.2550388170045,5.02930187813886,716.81,718,0,0,"Squatina pseudocellata"
"Urolophus_piperatus",24.6493658964502,22.5178952301092,11.4065655151109,716.99,750,0,0,"Urolophus piperatus"
"Squatina_tergocellata",23.4210112798583,24.2550388170045,5.04425142562294,717.13,720.5,0,0,"Squatina tergocellata"
"Urotrygon_rogersi",23.7408716309975,22.9956330099381,7.66808581888217,717.3,730,0,0,"Urotrygon rogersi"
"Urotrygon_reticulata",24.073358480171,22.100262861309,9.58609648061862,717.54,757.5,0,0,"Urotrygon reticulata"
"Apristurus_investigatoris",24.7497419371931,21.6478169891109,11.9432662356114,718.53,743,0,0,"Apristurus investigatoris"
"Neoraja_africana",23.9649417227135,22.858141441196,8.60817576351465,719.03,741.5,0,0,"Neoraja africana"
"Galeus_longirostris",24.7126661330272,21.0907563478758,11.9459826082311,720,751,0,0,"Galeus longirostris"
"Urotrygon_peruanus",24.3599965566479,21.7567374166124,9.75758441054024,720.22,741.5,0,0,"Urotrygon peruanus"
"Parmaturus_sp.",24.2865451021883,21.2815193197015,9.63150518386312,720.27,771,0,0,"Parmaturus sp."
"Apristurus_bucephalus",24.3850394003479,21.5490788682113,10.3210652119329,720.92,764,0,0,"Apristurus bucephalus"
"Urotrygon_serrula",24.3647554597356,22.536466025023,10.41993689664,721.49,763.5,0,0,"Urotrygon serrula"
"Urotrygon_munda",23.9758735670565,23.0502475648845,9.33023578428854,723.45,751.5,0,0,"Urotrygon munda"
"Torpedo_mackayana",23.858752553944,21.4742712194667,8.83192028042346,727.98,773,0,0,"Torpedo mackayana"
"Apristurus_sibogae",24.399942963507,22.0779717741323,12.5589618716442,730.52,793.5,0,0,"Apristurus sibogae"
"Parmaturus_macmillani",23.812276497238,22.8176762860947,8.92680231643143,731.07,768,0,0,"Parmaturus macmillani"
"Apristurus_parvipinnis",25.5990483065367,20.7157089097174,15.9208811746291,731.84,781.5,0,0,"Apristurus parvipinnis"
"Okamejei_arafurensis",24.0994846915476,22.6307954244017,10.7403534103842,731.93,733,0,0,"Okamejei arafurensis"
"Okamejei_porosa",24.0628669926171,21.7553024778694,11.3842103721898,732.06,773.5,0,0,"Okamejei porosa"
"Neoraja_carolinensis",23.8345805787668,22.795495904026,9.32259796523817,732.2,789,0,0,"Neoraja carolinensis"
"Carcharhinus_tjutjot",23.9455626278616,22.4571967927087,10.0730649832517,733.6,769.5,0,0,"Carcharhinus tjutjot"
"Dasyatis_matsubarai",23.5722222221675,23.8602432144402,7.87277949178229,734.36,748,0,0,"Dasyatis matsubarai"
"Dasyatis_brevicaudata",23.5315455469014,23.194851057657,7.84916490410119,736.2,768,0,0,"Dasyatis brevicaudata"
"Apristurus_stenseni",24.4434028696964,21.3976378258797,13.0208824285772,738.26,775,1,0.01,"Apristurus stenseni"
"Squalus_blainville",24.7976040006848,22.7145056849006,13.3827754828255,739.9,808.5,0,0,"Squalus blainville"
"Okamejei_acutispina",23.4184501202283,21.3045156313772,8.99427388039778,740.33,781.5,0,0,"Okamejei acutispina"
"Squalus_altipinnis",24.8090148126572,22.6223003904623,13.2905821162762,740.68,817,0,0,"Squalus altipinnis"
"Apristurus_nasutus",23.6037442001138,21.095968396275,10.3050672366936,741.15,779.5,0,0,"Apristurus nasutus"
"Torpedo_nobiliana",22.5401108455668,22.3578440133369,4.43969037483353,741.39,779,0,0,"Torpedo nobiliana"
"Mustelus_mustelus",23.1001931959662,25.3639111149991,6.98246278786719,741.87,681.5,0,0,"Mustelus mustelus"
"Mustelus_henlei",23.0245246437459,25.001603753619,6.64121724136172,741.91,703,0,0,"Mustelus henlei"
"Squalus_formosus",25.1461050057215,22.2387641051904,14.9914509225168,742.23,813.5,0,0,"Squalus formosus"
"Mustelus_mento",24.0543846533836,21.9598161483399,11.8943715240573,743.88,784,0,0,"Mustelus mento"
"Rajella_leopardus",23.2410108934534,20.7896295991986,8.99334095640674,745.08,741.5,0,0,"Rajella leopardus"
"Torpedo_macneilli",22.4210129084976,21.9152752880652,4.42329480102412,745.17,795.5,0,0,"Torpedo macneilli"
"Mustelus_whitneyi",23.9685865093995,20.9980113769151,11.5707425828284,745.89,794.5,0,0,"Mustelus whitneyi"
"Leucoraja_lentiginosa",23.6577957730946,20.0886924694425,10.878649073704,745.92,789,0,0,"Leucoraja lentiginosa"
"Apristurus_spongiceps",23.8611247607263,21.2512804158194,11.8055154096591,746,773.5,0,0,"Apristurus spongiceps"
"Carcharhinus_cautus",22.7251721359837,23.201468977565,5.96429945951024,748.47,728,0,0,"Carcharhinus cautus"
"Hemitriakis_complicofasciata",22.5881478748756,23.5460312559612,5.06879889905855,748.89,744.5,0,0,"Hemitriakis complicofasciata"
"Hemitriakis_falcata",22.5809530119292,23.6959574518319,5.12189280474188,748.95,743,0,0,"Hemitriakis falcata"
"Mustelus_albipinnis",23.5327013892455,21.1978169877548,10.4229982349366,749.15,753,0,0,"Mustelus albipinnis"
"Carcharhinus_melanopterus",22.6698141562287,23.1739424367788,5.8991115461075,750.28,727,0,0,"Carcharhinus melanopterus"
"Okamejei_philipi",23.3929342895077,22.1626725344123,10.6031600902674,751.17,804,0,0,"Okamejei philipi"
"Mustelus_dorsalis",24.0179779741147,20.2014778823275,12.6781717797505,751.43,808.5,0,0,"Mustelus dorsalis"
"Squalus_bucephalus",24.0485495791895,21.295689644901,12.2832363098959,751.43,797,0,0,"Squalus bucephalus"
"Apristurus_micropterygeus",23.3055358895358,19.740937874871,10.3484069324148,751.63,805.5,0,0,"Apristurus micropterygeus"
"Potamotrygon_falkneri",22.366650528565,21.4308133968962,6.6483835305443,751.95,766,0,0,"Potamotrygon falkneri"
"Neoraja_caerulea",23.1021112996403,21.433454003759,8.96862711105682,752.61,786.5,0,0,"Neoraja caerulea"
"Etmopterus_dianthus",22.3169361185521,22.4484473750575,5.40534991187123,753.84,715,0,0,"Etmopterus dianthus"
"Squalus_griffini",24.56705369538,22.0696929985224,14.0964428928025,755.03,820.5,0,0,"Squalus griffini"
"Mustelus_canis",22.554117814922,23.4445676101291,6.30374078784371,755.53,749.5,0,0,"Mustelus canis"
"Leucoraja_compagnoi",23.9876873722031,20.759528245429,12.5746337474666,755.58,812,0,0,"Leucoraja compagnoi"
"Hemitriakis_leucoperiptera",22.3384724941637,23.7443575612773,4.7646170138949,756.63,759,0,0,"Hemitriakis leucoperiptera"
"Hemitriakis_japanica",22.3316131507247,24.0694721664228,4.75951242661432,756.7,762.5,0,0,"Hemitriakis japanica"
"Squalus_crassispinus",23.456282387852,23.2945307580997,10.1182279914903,756.76,756.5,0,0,"Squalus crassispinus"
"Carcharhinus_longimanus",22.4167263173885,23.9518718017098,5.69415728012923,758.96,734.5,0,0,"Carcharhinus longimanus"
"Squalus_grahami",23.486983102634,22.9312985849405,10.504150081573,759.23,777.5,0,0,"Squalus grahami"
"Rajella_bathyphila",23.0877853074618,22.5391761829443,9.85752353124116,759.36,774.5,0,0,"Rajella bathyphila"
"Mustelus_schmitti",22.6939736664041,25.2253970505801,7.70584896492822,762.52,675,0,0,"Mustelus schmitti"
"Dipturus_pullopunctata",22.9832263837907,20.0885614946288,10.1854359240364,764.54,812,0,0,"Dipturus pullopunctata"
"Hydrolagus_trolli",21.6304041652836,21.2501310299197,2.73193464924281,765.67,775.5,0,0,"Hydrolagus trolli"
"Isogomphodon_oxyrhynchus",22.4500641483566,20.9216604090013,8.33933316987663,766.77,783,0,0,"Isogomphodon oxyrhynchus"
"Okamejei_leptoura",22.4411078314224,21.1884944390096,8.67340052985736,770.29,789,0,0,"Okamejei leptoura"
"Mustelus_minicanis",23.5912408108419,20.0973071459916,13.1232958211982,771.28,834,0,0,"Mustelus minicanis"
"Hydrolagus_mirabilis",21.4782301742391,21.5901928445306,2.71115825421605,771.59,788.5,0,0,"Hydrolagus mirabilis"
"Cephaloscyllium_signourum",22.8393725756847,20.4111045022602,10.8279659505653,772.02,849.5,0,0,"Cephaloscyllium signourum"
"Cephaloscyllium_umbratile",22.0630571604872,20.5844497604776,7.98239189260939,773.66,823,0,0,"Cephaloscyllium umbratile"
"Okamejei_heemstrai",22.3966465185597,21.1038250850076,9.23264642996391,773.78,814,0,0,"Okamejei heemstrai"
"Okamejei_schmidti",22.4607982070441,20.3874219984686,9.41865715491283,774.28,851.5,0,0,"Okamejei schmidti"
"Cephaloscyllium_pardelotum",22.098473613667,20.9950812505726,8.46297531674613,774.3,781.5,0,0,"Cephaloscyllium pardelotum"
"Squalus_melanurus",24.1764888422318,21.3616700847964,15.4522792328715,776.81,810,0,0,"Squalus melanurus"
"Leucoraja_pristispina",22.6500202470748,20.3791514361134,9.81051088361536,777.54,830.5,0,0,"Leucoraja pristispina"
"Apristurus_indicus",22.5070296923384,20.5382437533727,10.4454953283466,778.8,834.5,0,0,"Apristurus indicus"
"Centroscyllium_kamoharai",21.9906074725569,21.1772267570863,6.69669596304402,779.36,835.5,0,0,"Centroscyllium kamoharai"
"Hydrolagus_affinis",21.2418265075585,21.1233426509962,2.75996630515017,779.75,782,0,0,"Hydrolagus affinis"
"Centroscyllium_excelsum",21.8766392147181,21.5918068528704,6.11173180947202,779.93,808,0,0,"Centroscyllium excelsum"
"Okamejei_mengae",22.2972307960754,20.7946206832412,9.36167810180821,780.06,817,0,0,"Okamejei mengae"
"Cephaloscyllium_sarawakensis",22.5277843115218,18.1235929157092,10.6184386443952,781.73,863.5,0,0,"Cephaloscyllium sarawakensis"
"Mustelus_lunulatus",21.8456845988404,24.0292968499538,6.15840600076856,782.8,725,0,0,"Mustelus lunulatus"
"Mustelus_fasciatus",22.8668065621655,19.4180437265704,11.8050889215025,782.99,847,0,0,"Mustelus fasciatus"
"Okamejei_powelli",22.3942987822474,20.9503845452587,10.379048941486,783.13,815,0,0,"Okamejei powelli"
"Leucoraja_virginica",22.3787601792215,20.554630507076,9.31320154779639,783.27,842.5,0,0,"Leucoraja virginica"
"Okamejei_cairae",22.0434190589861,21.3397306140933,8.67331394051159,783.81,822,0,0,"Okamejei cairae"
"Asymbolus_funebris",22.3300749041108,20.4575425618883,10.0818213295057,786.76,822.5,0,0,"Asymbolus funebris"
"Rhinoptera_javanica",21.4592429308914,21.2698784182026,5.07606849885701,786.81,817,0,0,"Rhinoptera javanica"
"Okamejei_pita",22.0507710498942,19.5239588099037,9.1542436864351,786.95,838.5,0,0,"Okamejei pita"
"Rhinoptera_neglecta",21.3954522805819,21.1577665975485,5.00213686681663,787.97,824.5,0,0,"Rhinoptera neglecta"
"Dasyatis_ushiei",21.7311685439855,22.8023654873628,6.42461806954599,787.99,803,0,0,"Dasyatis ushiei"
"Carcharhinus_hemiodon",22.1975786042467,19.5510499409265,9.96546358495903,789.25,857.5,0,0,"Carcharhinus hemiodon"
"Squalus_albifrons",23.0489689143089,20.563519753663,12.894336191305,789.33,835,0,0,"Squalus albifrons"
"Centroscyllium_fabricii",21.4390745972497,22.4958385370225,4.57488381994409,789.57,781.5,0,0,"Centroscyllium fabricii"
"Squalus_notocaudatus",22.695375736846,21.1534348128653,11.6990596204746,790.23,826,0,0,"Squalus notocaudatus"
"Urolophus_lobatus",21.2232850103584,20.0167293682094,5.76257643053333,790.31,811,0,0,"Urolophus lobatus"
"Asymbolus_occiduus",21.7613968053159,20.5063133349516,7.8463283688141,790.69,849,0,0,"Asymbolus occiduus"
"Centroscyllium_ritteri",21.4343643106917,22.7966392652348,4.90430177607964,791.52,778.5,0,0,"Centroscyllium ritteri"
"Carcharhinus_coatesi",21.8646753371145,20.3650581871722,8.87011426222858,792.12,856,0,0,"Carcharhinus coatesi"
"Mustelus_walkeri",22.7892833316676,19.8994765494689,12.6458921565786,792.28,841,0,0,"Mustelus walkeri"
"Leucoraja_yucatanensis",22.100377100647,18.7072703301834,9.80634868801724,792.57,876,0,0,"Leucoraja yucatanensis"
"Carcharhinus_wheeleri",21.5265478048513,20.7884983788048,7.73268262358441,792.64,819,0,0,"Carcharhinus wheeleri"
"Mustelus_griseus",21.9318320897804,21.2844929268649,9.44076617096689,793.44,837,0,0,"Mustelus griseus"
"Cephaloscyllium_silasi",21.7791452906476,19.8039872195963,8.46981399314616,794.15,854,0,0,"Cephaloscyllium silasi"
"Carcharhinus_amboinensis",21.9070017084908,20.405413273369,8.67053837324834,794.28,872,0,0,"Carcharhinus amboinensis"
"Asymbolus_pallidus",21.9037472175498,20.2363926019325,8.79401188109371,795.19,822.5,0,0,"Asymbolus pallidus"
"Urolophus_expansus",20.85346032706,21.2461157859947,4.30086047420102,796.31,777.5,0,0,"Urolophus expansus"
"Apristurus_microps",21.2842077345964,20.9044198641746,6.70788941679026,796.72,817,0,0,"Apristurus microps"
"Glyphis_siamensis",21.3256190792325,20.4069286758138,6.67719586668816,798.72,829,0,0,"Glyphis siamensis"
"Squalus_rancureli",22.8873293227356,20.3204032121624,13.088960207563,799.87,879,0,0,"Squalus rancureli"
"Centroscyllium_ornatum",21.2768262522117,21.301472067965,5.94121995360888,800.76,837,0,0,"Centroscyllium ornatum"
"Urolophus_viridis",20.7576919557324,21.0739465800499,4.25749107146903,802.22,802.5,0,0,"Urolophus viridis"
"Urolophus_paucimaculatus",20.9688736102151,19.7618376562758,6.1431916365115,802.62,830,0,0,"Urolophus paucimaculatus"
"Mustelus_higmani",22.2480570143004,19.8443393205894,11.4530043775169,803.01,875.5,0,0,"Mustelus higmani"
"Squalus_lalannei",22.8590142566633,20.4374380330568,13.2854258733473,803.07,908,0,0,"Squalus lalannei"
"Cephaloscyllium_fasciatum",21.4386638622558,18.5697780405213,9.38194427526722,804.04,837.5,0,0,"Cephaloscyllium fasciatum"
"Glyphis_sp.1",21.1787734612977,20.5615900048558,6.89454650534303,806.18,828.5,0,0,"Glyphis sp.1"
"Asymbolus_vincenti",21.3843107363475,19.5525782343216,7.89983912674279,806.31,859,0,0,"Asymbolus vincenti"
"Asymbolus_galacticus",21.6179627822915,19.2737198197811,9.36148219973102,807.92,863.5,0,0,"Asymbolus galacticus"
"Carcharhinus_cerdale",21.4157200152444,20.68525798132,8.19469335450104,808.48,847.5,0,0,"Carcharhinus cerdale"
"Cephaloscyllium_speccum",21.0549073534603,18.7118088216392,8.11901570500903,809.77,855,0,0,"Cephaloscyllium speccum"
"Carcharhinus_porosus",20.7561736599221,20.5506757215545,6.43263238994347,811.12,829.5,0,0,"Carcharhinus porosus"
"Asymbolus_analis",21.1701784406282,19.5459240224657,8.20123627640145,811.16,865,0,0,"Asymbolus analis"
"Rhizoprionodon_porosus",20.7174803329229,21.3188043479545,4.06008978879235,811.59,806,0,0,"Rhizoprionodon porosus"
"Potamotrygon_hystrix",20.5324016043235,19.7576536621182,5.95139033057914,811.73,876.5,0,0,"Potamotrygon hystrix"
"Leucoraja_leucosticta",21.4468897520751,19.2967173264752,9.6481255157944,812.35,878,0,0,"Leucoraja leucosticta"
"Cephaloscyllium_stevensi",21.0159442675619,19.0333330009724,8.5736604137988,813.82,831,0,0,"Cephaloscyllium stevensi"
"Rhizoprionodon_terraenovae",20.6498606563033,21.3516934411617,4.0521372057177,813.85,806,0,0,"Rhizoprionodon terraenovae"
"Galeus_atlanticus",20.5634252373673,20.018397433915,5.25230080688563,815.36,862,0,0,"Galeus atlanticus"
"Leucoraja_circularis",20.7503584123871,18.9741139675114,7.14388430255355,815.38,838,0,0,"Leucoraja circularis"
"Cephaloscyllium_maculatum",21.0210014012167,18.4243344472082,8.46941828964372,815.41,867.5,0,0,"Cephaloscyllium maculatum"
"Dasyatis_fluviorum",21.0614119677097,19.2774590696573,8.07957259129502,815.89,848,0,0,"Dasyatis fluviorum"
"Cephaloscyllium_isabellum",20.8840193608645,18.9666103647734,7.90092734227628,816.66,849,0,0,"Cephaloscyllium isabellum"
"Apristurus_albisoma",20.7373983784018,19.9599867294012,6.83167764521975,816.69,839.5,0,0,"Apristurus albisoma"
"Mustelus_mangalorensis",21.8786432788704,19.1417412356392,13.3688358612046,817.46,902,0,0,"Mustelus mangalorensis"
"Raja_africana",21.8271520269263,18.5745534619435,12.044308842597,818.01,855,0,0,"Raja africana"
"Apristurus_ampliceps",20.8998829961338,20.1089705164133,7.19698681021747,818.05,859.5,0,0,"Apristurus ampliceps"
"Raja_montagui",20.9443027909634,19.7429219120706,7.44013083182201,819.02,834,0,0,"Raja montagui"
"Squalus_raoulensis",22.4035873580384,20.1478059061046,14.2087612930232,819.81,872.5,0,0,"Squalus raoulensis"
"Apristurus_aphyodes",20.3974544827284,20.7466854129841,4.72547879193344,820.76,810,0,0,"Apristurus aphyodes"
"Dasyatis_akajei",20.9202303996309,19.7192866513355,8.13906215604271,821.42,877.5,0,0,"Dasyatis akajei"
"Cephaloscyllium_zebrum",20.9606087003087,18.5394515518086,9.31058109494266,821.55,855,0,0,"Cephaloscyllium zebrum"
"Apristurus_japonicus",20.4993481256092,20.2622169660548,5.93483202677966,822.53,841.5,0,0,"Apristurus japonicus"
"Galeus_polli",20.2701717802508,19.4924842509453,5.39318794941672,825.36,835.5,0,0,"Galeus polli"
"Asymbolus_submaculatus",20.7822548143536,19.0634604222298,8.10307410844899,826.44,880,0,0,"Asymbolus submaculatus"
"Apristurus_manis",20.5293318818622,19.584552510582,7.14603789284792,828.99,863.5,0,0,"Apristurus manis"
"Centroscyllium_nigrum",20.3073780721859,21.3557559715443,4.28778230759138,831.85,837,0,0,"Centroscyllium nigrum"
"Apristurus_brunneus",20.3136526313079,19.5188259396044,6.8691561467871,831.95,876.5,0,0,"Apristurus brunneus"
"Rajella_barnardi",20.4757747789428,21.3237312337287,7.64807894219403,833.08,867.5,0,0,"Rajella barnardi"
"Cephaloscyllium_pictum",20.0321838492747,19.0303129168218,5.93943839784794,833.14,857.5,0,0,"Cephaloscyllium pictum"
"Rajella_kukujevi",20.5352752072651,20.8100243615235,7.77992512577954,833.28,858.5,0,0,"Rajella kukujevi"
"Apristurus_laurussonii",20.2173725803822,19.4715086750701,6.83215206247584,834.39,894,0,0,"Apristurus laurussonii"
"Raja_macrorynchus",21.38807813158,17.6641845919006,11.9872740418099,834.57,911.5,0,0,"Raja macrorynchus"
"Centroscyllium_granulatum",20.1779955127225,20.9768323026418,4.20289894811822,835.06,838.5,0,0,"Centroscyllium granulatum"
"Cephaloscyllium_cooki",20.5168070919386,18.0537855459887,8.99760645628497,835.47,899,0,0,"Cephaloscyllium cooki"
"Potamotrygon_yepezi",19.707416970546,19.3470451551607,5.40273769715017,838.79,882,0,0,"Potamotrygon yepezi"
"Raja_bahamensis",21.2755770921328,17.4041539258418,12.828015256097,839.55,912,0,0,"Raja bahamensis"
"Raja_cervigoni",20.8224454527162,18.5365957525919,11.0459053367787,840.96,923,0,0,"Raja cervigoni"
"Dipturus_springeri",20.2638429225492,17.7792324489398,8.85055082103057,841.53,895.5,0,0,"Dipturus springeri"
"Raja_equatorialis",20.6655305436381,18.2476840063099,10.8415410475037,841.88,916,0,0,"Raja equatorialis"
"Torpedo_sinuspersici",19.5091692037964,18.961071102427,3.67110208255097,843.07,852.5,0,0,"Torpedo sinuspersici"
"Raja_texana",20.601713814853,18.119814393929,10.2159456643052,843.18,919,0,0,"Raja texana"
"Psammobatis_parvacauda",19.903094368101,17.8879295228712,6.88694304065965,844.28,892.5,0,0,"Psammobatis parvacauda"
"Psammobatis_rutrum",19.9084441702923,17.7038667262003,7.82176022794308,848.33,892.5,0,0,"Psammobatis rutrum"
"Apristurus_melanoasper",19.7667491608251,18.0968307411708,6.21255457851099,848.52,881.5,0,0,"Apristurus melanoasper"
"Galeus_melastomus",19.7689205150965,18.9976608610648,5.6429002453675,849.77,867.5,0,0,"Galeus melastomus"
"Nasolamia_velox",19.7623486138116,20.6800967355702,4.38916417100856,850.26,850.5,0,0,"Nasolamia velox"
"Psammobatis_bergi",19.7441936226784,17.5080901386324,8.09771791824054,850.83,894.5,0,0,"Psammobatis bergi"
"Asymbolus_parvus",19.7842639392481,19.5568867905015,5.76928216959721,851.06,885,0,0,"Asymbolus parvus"
"Raja_atriventralis",20.5064859218786,17.4669057008524,11.1936947416147,852.34,909,0,0,"Raja atriventralis"
"Rajella_bigelowi",19.9400765487083,20.4483604431875,7.63578962760381,853.11,881.5,0,0,"Rajella bigelowi"
"Dasyatis_laosensis",19.8393336141768,18.9059868008766,7.10406029227229,855.27,888.5,0,0,"Dasyatis laosensis"
"Raja_polystigma",20.0662475913634,18.7455318516421,9.44640318022785,855.53,892.5,0,0,"Raja polystigma"
"Carcharhinus_acronotus",19.6365574788091,20.584808144588,4.52946407117191,855.86,851.5,0,0,"Carcharhinus acronotus"
"Raja_cortezensis",20.2428243482269,17.8267073392073,10.3039980975351,857.56,926.5,0,0,"Raja cortezensis"
"Asymbolus_rubiginosus",19.5368152064507,18.7912097726179,5.61517011054334,858.12,882.5,0,0,"Asymbolus rubiginosus"
"Raja_rondeleti",19.9291034887462,17.5449589008335,9.14119345455679,858.42,914,0,0,"Raja rondeleti"
"Himantura_astra",19.0727378553947,19.0665559225742,3.98000092284775,858.68,890.5,0,0,"Himantura astra"
"Himantura_toshi",19.08176550156,19.0665559225742,3.96497642720315,859.18,891.5,0,0,"Himantura toshi"
"Cephaloscyllium_sufflans",19.4059773169925,17.7090553480219,7.03464641799306,860.18,926,0,0,"Cephaloscyllium sufflans"
"Psammobatis_normani",19.3829778836522,18.5840270519842,6.33208512319768,860.2,900.5,0,0,"Psammobatis normani"
"Raja_ackleyi",19.6283871632115,18.3868862554924,8.49389552275368,861.96,902.5,0,0,"Raja ackleyi"
"Raja_herwigi",19.8479736689489,17.7697385280914,9.12599833785002,862.51,929.5,0,0,"Raja herwigi"
"Raja_rouxi",19.8055073805092,18.208981032955,9.55627079314827,863.96,933.5,0,0,"Raja rouxi"
"Raja_chinensis",19.6848724561384,17.0888484762824,9.36964525177993,865.4,936,0,0,"Raja chinensis"
"Raja_brachyura",19.4250878043624,20.2161364235292,6.66441572667355,868.43,841.5,0,0,"Raja brachyura"
"Pavoraja_alleni",19.0248025896968,19.5101264014296,5.36121728678897,871.63,866.5,0,0,"Pavoraja alleni"
"Leucoraja_fullonica",19.1360076402783,18.1242007817887,6.53785976274966,873.89,925.5,0,0,"Leucoraja fullonica"
"Psammobatis_extenta",18.812752796036,18.0155332700291,6.04979673298591,875.26,922.5,0,0,"Psammobatis extenta"
"Psammobatis_scobina",18.9484423174316,17.2107948226971,7.2669370629468,877.94,959,0,0,"Psammobatis scobina"
"Dasyatis_thetidis",19.0764537583984,19.7390932635498,5.45504579610237,880.06,882.5,0,0,"Dasyatis thetidis"
"Dasyatis_centroura",19.0653924369736,19.864316968209,5.4840647229545,880.79,888,0,0,"Dasyatis centroura"
"Apristurus_pinguis",18.8904090420338,18.5727836835729,5.00259510861053,882.19,874.5,0,0,"Apristurus pinguis"
"Squalus_hemipinnis",19.2583645063556,20.6639720182379,7.2411676095956,882.86,869,0,0,"Squalus hemipinnis"
"Torpedo_torpedo",18.3511386976783,18.2752584149276,3.0060372990779,884.03,922,0,0,"Torpedo torpedo"
"Apristurus_profundorum",18.8180495758072,18.9117371201638,4.63464535054336,884.12,887,0,0,"Apristurus profundorum"
"Squalus_edmundsi",19.1742929292566,20.2106017806584,7.1364888885356,885.02,866,0,0,"Squalus edmundsi"
"Raja_microocellata",18.8217540894873,18.5203715635003,6.18058617855699,885.72,879,0,0,"Raja microocellata"
"Brochiraja_heuresa",18.2370951043418,17.7625050377676,6.35243524527507,887.93,919,0,0,"Brochiraja heuresa"
"Leucoraja_melitensis",18.7719801484257,17.7827996672067,6.37913777675142,888.21,931.5,0,0,"Leucoraja melitensis"
"Dipturus_laevis",18.9065484441565,16.3913692584713,8.15172449717116,888.29,954.5,0,0,"Dipturus laevis"
"Squalus_cubensis",18.9736310141732,20.7872348928118,6.88589420681835,889.62,846.5,0,0,"Squalus cubensis"
"Torpedo_fuscomaculata",18.1832859881019,18.5045369552224,3.36713921935595,890.3,907,0,0,"Torpedo fuscomaculata"
"Potamotrygon_dumerilii",18.2436867291931,16.6521956261026,6.41894351621642,890.46,909,0,0,"Potamotrygon dumerilii"
"Raja_radula",18.8032553574463,16.8101764840143,8.20259183126361,890.79,949,0,0,"Raja radula"
"Potamotrygon_humerosa",18.2664686982108,17.2498145720064,6.59461442259574,895.11,945,0,0,"Potamotrygon humerosa"
"Cephaloscyllium_laticeps",18.2884427816861,17.7410125327963,4.20838368223132,895.78,883,0,0,"Cephaloscyllium laticeps"
"Rajella_lintea",18.6827539676586,17.7235383633277,7.87766339392546,896.08,957,0,0,"Rajella lintea"
"Potamotrygon_scobina",18.1765137404767,16.3807982710057,6.71715884171217,896.44,976,0,0,"Potamotrygon scobina"
"Rajella_sadowskii",18.7131760584307,17.7470503994147,8.07043733756172,896.75,946,0,0,"Rajella sadowskii"
"Psammobatis_lentiginosa",18.1155728548707,17.4439729971889,4.83299065151677,897.3,898,0,0,"Psammobatis lentiginosa"
"Cephaloscyllium_variegatum",18.2186697501292,17.7975690069279,4.4819702944847,897.92,905.5,0,0,"Cephaloscyllium variegatum"
"Potamotrygon_leopoldi",18.1977457228692,17.5407298778056,6.42915399923835,899.6,942,0,0,"Potamotrygon leopoldi"
"Etmopterus_unicolor",18.322980313848,17.5782251623957,4.20370025303279,899.71,910.5,0,0,"Etmopterus unicolor"
"Potamotrygon_schuemacheri",18.1608538905094,16.3177806230942,7.01610641657881,899.96,987.5,0,0,"Potamotrygon schuemacheri"
"Pavoraja_mosaica",18.1949451022773,17.2502404867097,6.50503411250389,901.75,913.5,0,0,"Pavoraja mosaica"
"Rajella_caudaspinosa",18.5266398648989,19.5913074955722,6.84958375345225,902.23,915,0,0,"Rajella caudaspinosa"
"Rajella_annandalei",18.2928331738437,15.9480046112235,7.69154984960044,902.28,981,0,0,"Rajella annandalei"
"Himantura_imbricata",17.69140008467,17.8008631878864,1.87020795380898,902.84,960.5,0,0,"Himantura imbricata"
"Dasyatis_lata",17.6916044206188,17.8008631878864,1.86965329787086,903.64,961.5,0,0,"Dasyatis lata"
"Rajella_fyllae",18.4388158408266,19.7327375706465,6.62126027082463,903.73,937,0,0,"Rajella fyllae"
"Pavoraja_nitida",17.9733157527903,17.5394460322412,5.29399281676974,904.75,934.5,0,0,"Pavoraja nitida"
"Raja_asterias",18.2608258853617,17.4100942841662,7.4496090338543,906.6,954.5,0,0,"Raja asterias"
"Carcharhinus_plumbeus",18.1821144780993,17.7684981410042,4.72647058469943,906.84,915.5,0,0,"Carcharhinus plumbeus"
"Squalus_japonicus",18.4817768923959,19.6388205461918,6.70008904282427,906.92,904.5,0,0,"Squalus japonicus"
"Squalus_nasutus",18.4948550524073,19.9669017832087,6.70716651828253,907.01,912.5,0,0,"Squalus nasutus"
"Brochiraja_vittacauda",17.8059057389856,17.0924491167459,6.50621842246898,907.31,968,0,0,"Brochiraja vittacauda"
"Psammobatis_rudis",17.791965321011,17.6417462104076,4.46579206575383,907.42,920.5,0,0,"Psammobatis rudis"
"Potamotrygon_ocellata",17.7433345253676,16.7380279439374,7.21910991229752,908.33,984.5,0,0,"Potamotrygon ocellata"
"Etmopterus_granulosus",18.0816207254582,17.8853145861382,4.31124310010143,908.72,906,0,0,"Etmopterus granulosus"
"Mustelus_manazo",18.3144105723938,19.8752919256276,5.78185381761053,909.44,861,0,0,"Mustelus manazo"
"Carcharhinus_altimus",18.104384565072,17.843648926846,4.79468100498913,909.72,915.5,0,0,"Carcharhinus altimus"
"Potamotrygon_schroederi",17.7853127011598,16.1734834242424,6.5355137042104,911.28,994.5,0,0,"Potamotrygon schroederi"
"Brochiraja_aenigma",17.6772338026308,17.3032050983973,6.23176277426205,912.19,948.5,0,0,"Brochiraja aenigma"
"Glyphis_fowlerae",17.9771649180778,18.613727739929,3.7056880544487,912.71,908,0,0,"Glyphis fowlerae"
"Glyphis_gangeticus",17.9689521060053,18.5126932054346,3.71934679681001,913.11,907,0,0,"Glyphis gangeticus"
"Okamejei_kenojei",17.9236468661474,17.9856215518125,5.3224503957257,913.35,927.5,0,0,"Okamejei kenojei"
"Apristurus_kampae",17.8268042272621,18.258851186405,3.69490589734155,917.13,918,0,0,"Apristurus kampae"
"Rajella_dissimilis",17.9986183803992,16.352587248236,8.06399654828912,918.28,967.5,0,0,"Rajella dissimilis"
"Rajella_purpuriventralis",18.0706699539886,16.9881444382185,8.01083104234657,919.21,978,0,0,"Rajella purpuriventralis"
"Potamotrygon_marinae",17.6392501426902,16.4315964466534,6.48612136382635,919.63,969,0,0,"Potamotrygon marinae"
"Okamejei_boesemani",17.7327930562068,17.2175226547285,5.25137371091346,919.92,930,0,0,"Okamejei boesemani"
"Leucoraja_naevus",17.7127920248565,17.2596382219688,4.4172652713726,921.71,928,0,0,"Leucoraja naevus"
"Plesiotrygon_iwamae",17.3107729206914,16.9410010330433,3.87127354378915,921.82,942,0,0,"Plesiotrygon iwamae"
"Apristurus_fedorovi",17.62667137166,18.013221685695,3.78801946831942,922.37,919,0,0,"Apristurus fedorovi"
"Plesiotrygon_nana",17.3107729206914,16.9410010330433,3.87127354378915,922.82,943,0,0,"Plesiotrygon nana"
"Rajella_eisenhardti",17.7910775784007,16.8901143210217,7.12018242526173,924.08,971,0,0,"Rajella eisenhardti"
"Pavoraja_arenaria",17.454491545993,17.0942053946343,5.21252147902757,926.32,950,0,0,"Pavoraja arenaria"
"Dipturus_ecuadoriensis",17.5540438837277,15.9099663551544,8.69219182242295,926.39,1008.5,0,0,"Dipturus ecuadoriensis"
"Dipturus_mennii",17.3890431951396,14.9453991003395,8.24090183441437,926.53,996.5,0,0,"Dipturus mennii"
"Potamotrygon_constellata",17.3139753312205,16.3204564641563,6.04344291894751,927.93,957,0,0,"Potamotrygon constellata"
"Dipturus_intermedia",17.7160275507173,14.9760773269267,9.60582916363045,928.51,1041.5,0,0,"Dipturus intermedia"
"Leucoraja_wallacei",17.4874743832283,17.3544721287685,4.69173874588789,929.47,933,0,0,"Leucoraja wallacei"
"Rajella_nigerrima",17.5919189168344,16.727919727449,7.0108102792272,931.76,996,0,0,"Rajella nigerrima"
"Dipturus_stenorhynchus",17.6082114853545,15.1914062647757,9.54047992800745,932.39,1018,0,0,"Dipturus stenorhynchus"
"Rajella_alia",17.5786828403871,16.7198789883332,7.20055281753723,932.93,991.5,0,0,"Rajella alia"
"Apristurus_platyrhynchus",17.198517150837,16.89342953829,3.85561477907532,933.48,942.5,0,0,"Apristurus platyrhynchus"
"Dipturus_gigas",17.5580607796778,16.2041364219459,9.39761148745318,934.23,1017,0,0,"Dipturus gigas"
"Apristurus_sinensis",17.2487928221407,17.2118702235207,3.90900083108901,934.36,944.5,0,0,"Apristurus sinensis"
"Dipturus_bullisi",17.1825819671942,15.9552696827618,8.27096001154183,934.41,1028.5,0,0,"Dipturus bullisi"
"Mustelus_mosis",17.4881800866376,19.029541894817,4.60707172540665,935.13,914.5,0,0,"Mustelus mosis"
"Potamotrygon_tatianae",16.8588076293443,15.6586471148951,6.07694698619678,935.9,1010,0,0,"Potamotrygon tatianae"
"Pavoraja_pseudonitida",17.1674681406577,16.4312813510654,5.86186151063628,936.05,967,0,0,"Pavoraja pseudonitida"
"Potamotrygon_magdalenae",17.1530441840872,15.5950528346577,6.4544148576121,936.56,963.5,0,0,"Potamotrygon magdalenae"
"Potamotrygon_brachyura",17.0002558290019,16.1793253438487,6.02624903523573,936.72,985,0,0,"Potamotrygon brachyura"
"Dipturus_apricus",17.2822653990379,15.4170153562011,8.58870673896592,936.92,1012.5,0,0,"Dipturus apricus"
"Rajella_fuliginea",17.5580174702367,16.3919273484248,8.01762350770655,937.79,974.5,0,0,"Rajella fuliginea"
"Potamotrygon_tigrina",17.0410478888133,16.1750618926496,5.62299167064795,939.15,954.5,0,0,"Potamotrygon tigrina"
"Dipturus_wengi",17.3769523584049,15.3691404203668,8.65628275391936,939.48,1010.5,0,0,"Dipturus wengi"
"Potamotrygon_signata",16.9033888470522,16.4907343670385,5.64900006574456,940.91,983.5,0,0,"Potamotrygon signata"
"Rajella_ravidula",17.3393689411933,16.6819660230654,7.29383921236024,941.11,970,0,0,"Rajella ravidula"
"Cephaloscyllium_hiscosellum",16.8414777161258,16.6715153433246,3.15931007388268,943.4,947.5,0,0,"Cephaloscyllium hiscosellum"
"Dipturus_oculus",16.8777135002266,14.8129174901398,7.97649041482704,946.48,978.5,0,0,"Dipturus oculus"
"Etmopterus_princeps",17.0076247654454,17.4844341309253,3.37992927789005,946.9,943.5,0,0,"Etmopterus princeps"
"Rajella_challengeri",17.0069819572439,16.3000167692804,6.98639144358882,947.78,1015,0,0,"Rajella challengeri"
"Dipturus_garricki",16.774930757554,15.5433760464249,7.13838104081264,948.28,984.5,0,0,"Dipturus garricki"
"Cephaloscyllium_albipinnum",16.7006662752458,16.6013064074131,3.17284050270255,949.52,951.5,0,0,"Cephaloscyllium albipinnum"
"Pavoraja_umbrosa",16.9311116153517,16.5591582973361,6.17735947931194,950.07,999,0,0,"Pavoraja umbrosa"
"Dipturus_flavirostris",16.5420188752874,15.1177490608293,7.63763664339961,950.73,1039.5,0,0,"Dipturus flavirostris"
"Etmopterus_spinax",16.9456077617736,17.4131292241003,3.52955445365231,950.78,956,0,0,"Etmopterus spinax"
"Dipturus_grahami",17.041408640586,15.5230477296619,9.2479418473358,950.93,1031,0,0,"Dipturus grahami"
"Dipturus_endeavouri",16.4749702538575,14.8137760652327,7.86663213655349,958.68,1030.5,0,0,"Dipturus endeavouri"
"Potamotrygon_boesemani",16.1316761911897,14.8631134069037,5.13830041949329,962.22,1033.5,0,0,"Potamotrygon boesemani"
"Dipturus_queenslandicus",16.405406070383,14.1516716525966,8.26182752174321,962.62,1030,0,0,"Dipturus queenslandicus"
"Potamotrygon_henlei",16.2195616554686,16.3695273523502,4.1372044345797,963.07,951,0,0,"Potamotrygon henlei"
"Dipturus_wuhanlingi",16.3840558234405,15.1693255494427,7.36563258451987,964.46,1027,0,0,"Dipturus wuhanlingi"
"Urolophus_cruciatus",16.2793155341516,16.0899552543408,3.12547600125139,966.24,988.5,0,0,"Urolophus cruciatus"
"Urolophus_sufflavus",16.2836153051816,16.0899552543408,3.11825781900482,966.37,988.5,0,0,"Urolophus sufflavus"
"Dipturus_lanceorostratus",16.2945200250416,14.375173998695,8.43907173869981,966.75,1050.5,0,0,"Dipturus lanceorostratus"
"Dipturus_nidarosiensis",16.1110589535832,15.2835851271224,7.30488154972636,967.75,1035.5,0,0,"Dipturus nidarosiensis"
"Spiniraja_whitleyi",16.341722916209,14.0292958728254,8.80665071299513,969.09,1043.5,0,0,"Spiniraja whitleyi"
"Bathyraja_aleutica",15.6670636532281,14.7373052036124,5.6490591537138,970.1,1034,0,0,"Bathyraja aleutica"
"Dipturus_falloargus",16.209601531835,14.1204170500601,7.50605326227984,971.95,1029,0,0,"Dipturus falloargus"
"Dipturus_teevani",15.8765276371613,14.7419625488979,7.036908974128,974.66,1036,0,0,"Dipturus teevani"
"Carcharhinus_limbatus",16.2849904079763,17.0167604442339,3.85531332556426,975.04,968,0,0,"Carcharhinus limbatus"
"Amblyraja_georgiana",16.1300003844939,12.6590752829694,9.82373431775389,975.65,1067.5,0,0,"Amblyraja georgiana"
"Dipturus_canutus",16.2450544917379,14.6379419269165,8.43325963311516,976.43,1013.5,0,0,"Dipturus canutus"
"Bathyraja_longicauda",16.0873428568307,13.3434124257919,11.3157495110505,978.53,1062.5,0,0,"Bathyraja longicauda"
"Dipturus_polyommata",16.0137516751846,14.9771771512955,7.88795006427408,978.91,1035.5,0,0,"Dipturus polyommata"
"Bathyraja_shuntovi",15.6372238845045,13.7265702517444,5.78363211902742,979.03,1032.5,0,0,"Bathyraja shuntovi"
"Dipturus_crosnieri",15.8890897969878,15.3226751262999,6.02238522526352,979.85,1023.5,0,0,"Dipturus crosnieri"
"Dipturus_healdi",15.9824664306098,14.5318560426593,6.41585166800669,980.28,1020,0,0,"Dipturus healdi"
"Bathyraja_scaphiops",15.4842616563108,14.5975697384691,5.94983881203893,981.48,1025,0,0,"Bathyraja scaphiops"
"Dipturus_melanospilus",16.1089390978592,14.4702377590753,9.1777927837979,981.76,1052,0,0,"Dipturus melanospilus"
"Rhinoraja_multispinis",15.4328466080557,12.8398729733548,7.05291947029589,982.35,1064.5,0,0,"Rhinoraja multispinis"
"Dipturus_doutrei",15.8652635894964,14.766413226879,7.1929024000172,982.43,1026.5,0,0,"Dipturus doutrei"
"Dipturus_acrobelus",15.7906327203623,15.5779310105604,7.52953317956821,982.89,1033.5,0,0,"Dipturus acrobelus"
"Bathyraja_smithii",15.6553116717834,12.4678860005807,9.76423613807873,984.26,1075.5,0,0,"Bathyraja smithii"
"Bathyraja_peruana",15.2860467215158,13.8161441052616,6.6712811240872,985.47,1057,0,0,"Bathyraja peruana"
"Bathyraja_matsubarai",15.2825787425462,13.4926719123053,7.90089649513309,986.45,1056.5,0,0,"Bathyraja matsubarai"
"Dipturus_campbelli",15.4789708981542,14.371608971917,6.53122896827111,986.6,1033.5,0,0,"Dipturus campbelli"
"Bathyraja_andriashevi",15.3757245589478,12.8933323136322,8.1162535686496,987.21,1078.5,0,0,"Bathyraja andriashevi"
"Bathyraja_maccaini",15.2598823943713,14.3382453907098,6.07251529419699,987.31,1062.5,0,0,"Bathyraja maccaini"
"Dipturus_olseni",15.576522151886,14.2532280234012,6.75865917935108,987.74,1027,0,0,"Dipturus olseni"
"Bathyraja_griseocauda",15.3404946445808,14.718475349545,6.41535228940188,987.95,1039,0,0,"Bathyraja griseocauda"
"Carcharhinus_obscurus",15.9857780738683,16.6073347264158,3.74424800525782,989.02,981.5,0,0,"Carcharhinus obscurus"
"Carcharhinus_galapagensis",15.9762116728908,16.6073347264158,3.75714775687174,989.84,981.5,0,0,"Carcharhinus galapagensis"
"Dipturus_johannisdavesi",15.348193151501,12.889719840822,8.0642724944398,990.63,1086,0,0,"Dipturus johannisdavesi"
"Rhinoraja_odai",15.0300197929404,12.1712619741427,7.7354195401297,991.27,1053,0,0,"Rhinoraja odai"
"Bathyraja_meridionalis",15.0594450697574,14.0017535828673,5.57491050914039,992.15,1049.5,0,0,"Bathyraja meridionalis"
"Squalus_mitsukurii",15.9251873828833,17.2122157720711,5.5982493746288,992.81,1019.5,0,0,"Squalus mitsukurii"
"Carcharhinus_leiodon",15.7332358394228,15.6879688596207,3.81971112054142,994.54,999.5,0,0,"Carcharhinus leiodon"
"Bathyraja_leucomelanos",15.6109855874011,14.0304808507268,8.82644876126446,994.62,1043.5,0,0,"Bathyraja leucomelanos"
"Dipturus_oregoni",15.479210116441,14.2643071478163,7.20890092198822,994.89,1059.5,0,0,"Dipturus oregoni"
"Bathyraja_tunae",15.2115034353779,13.5617645626015,8.14384620261153,995.46,1062.5,0,0,"Bathyraja tunae"
"Amblyraja_taaf",15.2000435445968,13.0518843039638,8.62491179799238,996.54,1102,0,0,"Amblyraja taaf"
"Bathyraja_trachura",14.7837070486666,13.6102340290407,5.9429452271677,996.58,1073.5,0,0,"Bathyraja trachura"
"Squalus_montalbani",15.7878641609655,17.2131717910872,5.29216998859111,997.21,1005.5,0,0,"Squalus montalbani"
"Bathyraja_aguja",15.133685548611,13.560416709871,8.16337760935536,997.8,1082,0,0,"Bathyraja aguja"
"Squalus_chloroculus",15.8217478574136,17.0005023588567,5.42969594539617,997.98,1005,0,0,"Squalus chloroculus"
"Bathyraja_pallida",14.951565857177,14.0157632809826,5.79768920247317,998.03,1051,0,0,"Bathyraja pallida"
"Bathyraja_minispinosa",14.7569238933769,14.0488759288035,5.30410461163945,998.38,1065,0,0,"Bathyraja minispinosa"
"Bathyraja_trachouros",14.9483495778553,12.5876653665041,8.36783726684706,998.75,1070,0,0,"Bathyraja trachouros"
"Rhinoraja_longicauda",15.0367046228862,12.8989538717821,8.26282887346243,998.88,1073.5,0,0,"Rhinoraja longicauda"
"Carcharhinus_tilstoni",15.5666616218644,16.6205856759757,3.42875834929003,1001.05,992.5,0,0,"Carcharhinus tilstoni"
"Carcharhinus_amblyrhynchoides",15.5057598598828,16.5832499593054,3.43971340528787,1004.35,1001,0,0,"Carcharhinus amblyrhynchoides"
"Bathyraja_abyssicola",14.8704345763064,13.5895099291815,6.41164766567909,1004.56,1050,0,0,"Bathyraja abyssicola"
"Raja_straeleni",15.496407536143,15.6801429065957,5.19715643947485,1004.65,1010,0,0,"Raja straeleni"
"Bathyraja_cousseauae",14.7896920886942,13.8496334973274,5.60197627265464,1005.58,1073,0,0,"Bathyraja cousseauae"
"Bathyraja_notoroensis",14.7835251041046,12.3525441913733,8.0959403235686,1007.61,1088,0,0,"Bathyraja notoroensis"
"Brochiraja_albilabiata",14.9434815853993,14.6791730668972,3.32498745003735,1007.71,1018.5,0,0,"Brochiraja albilabiata"
"Bathyraja_panthera",14.5682706964656,13.3905931164794,7.81670479870684,1009.47,1083.5,0,0,"Bathyraja panthera"
"Bathyraja_isotrachys",14.4460971757679,13.1447512280416,6.54720331283329,1009.51,1091.5,0,0,"Bathyraja isotrachys"
"Brochiraja_leviveneta",14.8999943305803,14.6457056040365,3.70450442159358,1011.18,1030.5,0,0,"Brochiraja leviveneta"
"Bathyraja_tzinovskii",14.163561450784,11.7333274829248,6.83122251820354,1013.07,1119.5,0,0,"Bathyraja tzinovskii"
"Bathyraja_microtrachys",14.8385098118608,12.3330573237988,8.23506320142518,1013.41,1071.5,0,0,"Bathyraja microtrachys"
"Amblyraja_frerichsi",14.7213964613645,13.7238605729641,6.93878277860205,1013.6,1093,0,0,"Amblyraja frerichsi"
"Dasyatis_bennetti",15.1268786643468,15.0979608712506,4.00359872666074,1017.46,1031.5,0,0,"Dasyatis bennetti"
"Dasyatis_navarrae",15.1218489668907,15.0979608712506,4.00460112852007,1017.53,1030.5,0,0,"Dasyatis navarrae"
"Amblyraja_robertsi",14.5321052003386,12.1907696145329,7.59663480520963,1018.44,1078.5,0,0,"Amblyraja robertsi"
"Bathyraja_simoterus",14.4124260161766,11.6808314105213,8.27641963037959,1019.26,1096,0,0,"Bathyraja simoterus"
"Bathyraja_fedorovi",14.2466787653925,12.2441919007743,7.24018814579996,1020.99,1088,0,0,"Bathyraja fedorovi"
"Amblyraja_radiata",14.8680406057062,13.9382957095466,4.89243032509045,1021.62,1050.5,0,0,"Amblyraja radiata"
"Bathyraja_spinosissima",14.245355722985,12.5024671771156,7.84249991882563,1025.53,1100.5,0,0,"Bathyraja spinosissima"
"Bathyraja_bergi",14.0696179811797,12.9722266314256,5.75609140383467,1026.44,1071.5,0,0,"Bathyraja bergi"
"Amblyraja_reversa",14.1631316892061,11.699117963118,7.94602313182086,1026.82,1103,0,0,"Amblyraja reversa"
"Bathyraja_richardsoni",13.8022985417929,12.740345853387,5.02613622444537,1027.24,1086,0,0,"Bathyraja richardsoni"
"Zearaja_nasuta",14.5420043134513,13.9175381569711,5.81009764258284,1029.98,1062,0,0,"Zearaja nasuta"
"Bathyraja_hesperafricana",14.0530084344956,11.6699182359722,6.19083612171512,1030.19,1082,0,0,"Bathyraja hesperafricana"
"Rhinoraja_kujiensis",13.872820795155,12.379353792813,7.00555287833744,1030.4,1097.5,0,0,"Rhinoraja kujiensis"
"Bathyraja_diplotaenia",13.5658232256655,11.9370082582228,5.48315212737487,1031.81,1119,0,0,"Bathyraja diplotaenia"
"Zearaja_argentinensis",14.4750541761602,13.8732983088648,5.91592004167132,1032.18,1070.5,0,0,"Zearaja argentinensis"
"Bathyraja_spinicauda",14.1159802590898,13.1917905063153,5.96748385606697,1033.05,1070.5,0,0,"Bathyraja spinicauda"
"Zearaja_chilensis",14.4554532532239,13.6092513021747,6.07782166546238,1033.97,1080.5,0,0,"Zearaja chilensis"
"Bathyraja_papilionifera",13.6857123118763,11.8319553053537,6.15873119980766,1034.05,1091,0,0,"Bathyraja papilionifera"
"Bathyraja_ishiharai",14.0628978497256,12.3416326546454,7.68863206875895,1034.11,1091,0,0,"Bathyraja ishiharai"
"Bathyraja_eatonii",13.8341867945538,12.096263339002,6.74043925189888,1034.64,1115.5,0,0,"Bathyraja eatonii"
"Raja_clavata",14.525899740122,14.3703876930042,4.82484811487349,1039.77,1043.5,0,0,"Raja clavata"
"Raja_maderensis",14.4638126267156,14.5745181579053,4.83044577606058,1040.51,1046,0,0,"Raja maderensis"
"Bathyraja_schroederi",13.5920201849414,12.0781360465606,6.71120891666191,1042.12,1097.5,0,0,"Bathyraja schroederi"
"Zearaja_maugeana",14.0081798576885,13.664319360192,5.66916327757021,1046.5,1087.5,0,0,"Zearaja maugeana"
"Mustelus_stevensi",14.3588380080555,15.4266431061121,4.34971938701686,1047.86,1036.5,0,0,"Mustelus stevensi"
"Mustelus_ravidus",14.2986826385725,15.4130066596464,3.64641700197381,1048.07,1046.5,0,0,"Mustelus ravidus"
"Mustelus_widodoi",14.3017016452035,15.4130066596464,3.62115685074605,1048.17,1047.5,0,0,"Mustelus widodoi"
"Dipturus_gudgeri",13.876879567667,13.788633893307,4.48068783323544,1051.72,1062.5,0,0,"Dipturus gudgeri"
"Mustelus_palumbes",14.1340131745855,14.9802169210685,3.9938661928366,1053.99,1043,0,0,"Mustelus palumbes"
"Mustelus_asterias",14.1158819481429,15.0455916244287,4.01402034501715,1054.53,1044,0,0,"Mustelus asterias"
"Dipturus_oxyrinchus",13.8890077050137,14.0355119965673,4.55550819871539,1054.83,1070,0,0,"Dipturus oxyrinchus"
"Dipturus_innominatus",13.6242076637262,13.2029574883672,4.89670678490613,1055.56,1065.5,0,0,"Dipturus innominatus"
"Dipturus_batis",13.6809691487442,13.5244504710686,4.5504053585222,1061.01,1078,0,0,"Dipturus batis"
"Mustelus_lenticulatus",13.9230238411374,14.8283271147319,3.95730340965183,1062.03,1056.5,0,0,"Mustelus lenticulatus"
"Mustelus_antarcticus",13.9213154844626,14.9339613206832,4.01013977908043,1062.72,1057.5,0,0,"Mustelus antarcticus"
"Insentiraja_subtilispinosa",13.4491541909388,13.2383463842562,3.40920467629036,1063.99,1073.5,0,0,"Insentiraja subtilispinosa"
"Insentiraja_laxipella",13.4491541909388,13.2383463842562,3.40920467629036,1064.99,1074.5,0,0,"Insentiraja laxipella"
"Brochiraja_spinifera",13.2664220452209,12.9054095280889,2.3532234209235,1066.96,1077,0,0,"Brochiraja spinifera"
"Potamotrygon_motoro",13.1297613495465,12.9980865290572,2.49521204512975,1072.95,1084.5,0,0,"Potamotrygon motoro"
"Brochiraja_asperula",13.073906182332,13.0294345649818,2.46108155210457,1074.46,1078.5,0,0,"Brochiraja asperula"
"Bathyraja_brachyurops",12.5798182848677,12.5307838576125,2.81894223551572,1084.75,1097.5,0,0,"Bathyraja brachyurops"
"Potamotrygon_orbignyi",12.692634471266,12.9086566088281,2.40763410913842,1084.83,1098,0,0,"Potamotrygon orbignyi"
"Potamotrygon_castexi",12.5662182189076,12.50528936978,2.37524424804706,1088.82,1099,0,0,"Potamotrygon castexi"
"Rhinoraja_magellanica",12.3042155973993,11.9756795606358,3.00939277722682,1089.62,1102,0,0,"Rhinoraja magellanica"
"Bathyraja_irrasa",11.7846287083518,11.5324985480726,2.56358417595822,1100.32,1130,0,0,"Bathyraja irrasa"
"Rhinoraja_murrayi",11.5938408646941,11.6409835810742,2.59937767131002,1102.98,1130,0,0,"Rhinoraja murrayi"
"Dipturus_trachydermus",11.6119754964051,11.2941712739948,3.56419992878166,1116.83,1126.5,0,0,"Dipturus trachydermus"
"Dipturus_leptocaudus",11.6093446529767,11.2941712739948,3.56723052998441,1117.04,1126,0,0,"Dipturus leptocaudus"
"Bathyraja_smirnovi",10.8908168048939,10.8270812589664,2.83551512349388,1121.87,1145.5,0,0,"Bathyraja smirnovi"
"Bathyraja_parmifera",10.9516173869342,10.952690378642,2.85997790856485,1121.99,1139.5,0,0,"Bathyraja parmifera"
"Notoraja_lira",10.9505286345115,10.788162560544,3.07243835768393,1122.06,1144.5,0,0,"Notoraja lira"
"Notoraja_alisae",10.9846273353503,10.398284400678,3.42490894422759,1125.21,1140,0,0,"Notoraja alisae"
"Notoraja_inusitata",10.7769253012988,10.1718801845917,3.13422610488684,1126.73,1145,0,0,"Notoraja inusitata"
"Notoraja_tobitukai",10.8036616194516,10.412353444028,3.00698669829773,1127.2,1147.5,0,0,"Notoraja tobitukai"
"Notoraja_fijiensis",10.7636675043202,10.3095149310778,3.3584703560076,1127.42,1146.5,0,0,"Notoraja fijiensis"
"Notoraja_ochroderma",10.7944031174946,10.0387844254962,3.23770670141931,1128.81,1146.5,0,0,"Notoraja ochroderma"
"Amblyraja_doellojuradoi",11.2404835370125,11.5376649626644,2.97206300101946,1128.84,1129,0,0,"Amblyraja doellojuradoi"
"Notoraja_sapphira",10.5902387038102,9.84499527452849,3.14512828287669,1130.41,1155.5,0,0,"Notoraja sapphira"
"Notoraja_longiventralis",10.5574165256538,10.0885181748647,2.88626054422913,1130.76,1149.5,0,0,"Notoraja longiventralis"
"Rhinoraja_macloviana",10.3173497696715,10.1195288115578,2.55935810753285,1134.32,1149.5,0,0,"Rhinoraja macloviana"
"Rhinoraja_albomaculata",10.3010184108528,10.0954367202702,2.56251185853566,1134.77,1152.5,0,0,"Rhinoraja albomaculata"
"Notoraja_azurea",10.3932892798149,9.74231552901729,2.92545563359375,1135.65,1148.5,0,0,"Notoraja azurea"
"Notoraja_sticta",10.5195672347544,10.0963505774737,3.15148332612011,1135.87,1156,0,0,"Notoraja sticta"
"Dipturus_macrocauda",10.6797816284967,10.1902497978647,3.60101977372412,1137.28,1150,0,0,"Dipturus macrocauda"
"Dipturus_tengu",10.678639961424,10.1902497978647,3.60185831699625,1137.41,1150,0,0,"Dipturus tengu"
"Dipturus_australis",10.4742034855027,10.3904422095064,3.18475770184169,1137.79,1146,0,0,"Dipturus australis"
"Bathyraja_lindbergi",10.0930068942478,9.62669145312738,2.6091187116293,1138.6,1157.5,0,0,"Bathyraja lindbergi"
"Bathyraja_maculata",10.07721706904,9.6215254076832,2.62719143331153,1138.78,1158,0,0,"Bathyraja maculata"
"Notoraja_hirticauda",10.2600087529415,9.82787856648078,2.96720637018776,1139.35,1154,0,0,"Notoraja hirticauda"
"Rhinoraja_taranetzi",10.1384590400475,10.1052138484292,2.40365155011929,1142.85,1151,0,0,"Rhinoraja taranetzi"
"Dentiraja_lemprieri",9.22530285907222,9.46193314620631,2.72415996677409,1161.84,1167,0,0,"Dentiraja lemprieri"
"Dentiraja_flindersi",9.22530285907222,9.46193314620631,2.72415996677409,1162.84,1168,0,0,"Dentiraja flindersi"
"Dipturus_cerva",9.21587206015858,9.79588523545188,2.40912221157069,1163.85,1165,0,0,"Dipturus cerva"
"Dipturus_confusus",9.17914713358734,9.63699425674837,2.32588607245279,1163.9,1166,0,0,"Dipturus confusus"
"Amblyraja_jenseni",8.96689426693627,8.95542948237865,2.25053129407344,1168.77,1170.5,0,0,"Amblyraja jenseni"
"Amblyraja_hyperborea",8.99890098014986,8.98550863347406,2.22374602880098,1168.82,1170,0,0,"Amblyraja hyperborea"
"Amblyraja_badia",8.97018878081085,9.09112979773745,2.3095600665849,1169.27,1171,0,0,"Amblyraja badia"
"Bathyraja_mariposa",7.46188254008963,7.44802457963164,1.59883844121611,1182.28,1187.5,0,0,"Bathyraja mariposa"
"Bathyraja_violacea",7.44713524886756,7.43979844457976,1.66928884147703,1182.45,1186.5,0,0,"Bathyraja violacea"
"Bathyraja_kincaidii",7.40877513437417,7.43910822182832,1.63172089809156,1182.85,1186.5,0,0,"Bathyraja kincaidii"
