"tip.label","mean_ED","median_ED","sd_ED","mean_rank","median_rank","top20_count","top20_frequency","species","length","trophic.level","max.depth","vertical.position","reproductive.guild","growth.ratio","shape.pc1","shape.pc2","top20_ED_100tree"
"Zanobatus_schoenleinii",188.530753024009,189.134158176953,21.2235358917863,1.2,1,100,1,"Zanobatus schoenleinii",NA,NA,NA,NA,NA,NA,NA,NA,"Top 20 ED"
"Hypnos_monopterygius",162.641586025615,159.176651212908,29.3790286665828,2.72,2,100,1,"Hypnos monopterygius",NA,NA,NA,NA,NA,NA,NA,NA,"Top 20 ED"
"Hexatrygon_bickelli",137.627250802167,137.487954337562,14.8071687048578,3.73,3,100,1,"Hexatrygon bickelli",NA,NA,NA,NA,NA,NA,NA,NA,"Top 20 ED"
"Platyrhinoidis_triseriata",135.708988663987,135.087951684551,16.0577715738223,4.19,4,100,1,"Platyrhinoidis triseriata",NA,NA,NA,NA,NA,NA,NA,NA,"Top 20 ED"
"Mitsukurina_owstoni",129.411746375605,135.464094040999,24.5190164659539,4.99,4,100,1,"Mitsukurina owstoni",2.64017143849147,0.0979486643287946,1.01642259185827,"bathydemersal","aplacental viviparous",0.969480226289893,0.379236646145407,-0.843735359302121,"Top 20 ED"
"Plesiobatis_daviesi",117.820879981398,118.09918753752,13.205584932093,7.79,8,100,1,"Plesiobatis daviesi",NA,NA,NA,NA,NA,NA,NA,NA,"Top 20 ED"
"Anoxypristis_cuspidata",116.972731763834,125.545741149437,27.8106630049424,9.27,7,95,0.95,"Anoxypristis cuspidata",NA,NA,NA,NA,NA,NA,NA,NA,"Top 20 ED"
"Carcharias_taurus",103.39903460905,107.559875999308,18.4367445795098,12.48,12,100,1,"Carcharias taurus",1.7981441502997,0.929049968037336,-0.570651005729847,"reef-associated","aplacental viviparous",-0.42275241009309,0.749105018824112,-0.368332483122051,"Top 20 ED"
"Notorynchus_cepedianus",103.410724485802,104.87653855816,14.8533261063967,12.95,12.5,95,0.95,"Notorynchus cepedianus",1.6698974216658,1.27189052063051,0.334138710850279,"demersal","aplacental viviparous",1.17922828950003,-0.361957341444002,-1.4931310271977,"Top 20 ED"
"Leptocharias_smithii",103.912931441747,105.504111744875,23.673148706605,16.15,13,68,0.68,"Leptocharias smithii",-0.117056713128073,-0.951400492369834,-1.34421311801678,"demersal","viviparous",-0.14668086731344,0.988205236361637,0.434050004200731,"Top 20 ED"
"Alopias_superciliosus",99.9229754464612,106.247182959075,21.2890750481972,17.4,14,77,0.77,"Alopias superciliosus",2.32452120903396,1.00904962264125,0.53887619032808,"pelagic-oceanic","aplacental viviparous",-0.100054617636248,1.24497933274401,-2.97305361067656,"Top 20 ED"
"Cetorhinus_maximus",95.3954978354848,98.8145727814342,16.1598985604033,19.89,20,59,0.59,"Cetorhinus maximus",3.59018552065523,-2.56015128415455,1.37290801940713,"pelagic-oceanic","aplacental viviparous",1.05355254411919,1.09220292855965,-1.47210468532509,"Top 20 ED"
"Rhina_ancylostoma",98.9138309904424,106.55589099403,23.3149395373682,19.91,14,75,0.75,"Rhina ancylostoma",NA,NA,NA,NA,NA,NA,NA,NA,"Top 20 ED"
"Chlamydoselachus_anguineus",95.1261754065078,91.2888706830084,16.3156448554668,22.26,21,49,0.49,"Chlamydoselachus anguineus",1.12431484279729,1.08851415849481,1.1725867421047,"bathydemersal","aplacental viviparous",-0.113259701405303,-0.550998226826078,0.0542628609352321,"Top 20 ED"
"Chlamydoselachus_africana",95.1261754065078,91.2888706830084,16.3156448554668,23.26,22,48,0.48,"Chlamydoselachus africana",0.295191901544862,0.368028269658375,1.07774910029467,"benthopelagic","viviparous",-1.39571182845617,-0.450891832524269,0.0293418188633242,"Top 20 ED"
"Brachaelurus_colcloughi",91.9660232958534,97.3689277192497,16.9502424577073,24.38,23,28,0.28,"Brachaelurus colcloughi",-0.177639327274007,-1.89707707689491,-0.465038485024947,"demersal","aplacental viviparous",-0.0231187553610816,-1.17672414121711,-0.632831210583723,"Top 20 ED"
"Pliotrema_warreni",92.5401266121353,97.2848405160258,18.2176021546398,24.8,23,32,0.32,"Pliotrema warreni",0.905633888758967,0.0979486643287946,0.725798090483543,"demersal","aplacental viviparous",0.206074808663343,-1.57186990000429,-0.0610816683949135,"Top 20 ED"
"Hemipristis_elongata",91.6550978372017,95.1657169689904,16.1222615103009,25.07,25,12,0.12,"Hemipristis elongata",1.36964166167718,1.08851415849481,-0.889033731222654,"demersal","viviparous",0.280902262071776,1.13080045517578,-0.590612913964601,"Top 20 ED"
"Brachaelurus_waddi",91.9660232958534,97.3689277192497,16.9502424577073,25.38,24,22,0.22,"Brachaelurus waddi",0.459203451981922,-0.764801308194728,-0.827707222786261,"reef-associated","aplacental viviparous",1.06316698419382,-2.0075238822939,-0.411176807683266,"Top 20 ED"
"Trigonognathus_kabeyai",91.1287915284328,94.9785521144084,18.8298191415231,26.81,28,24,0.24,"Trigonognathus kabeyai",-0.728988315796768,0.929049968037336,-0.0461376947159937,"bathydemersal","viviparous",-0.745182367473637,-0.539813538888994,0.850470092005181,"Top 20 ED"
"Pristis_pristis",92.631614995559,98.8729949333725,23.1791082333288,28.02,20.5,50,0.5,"Pristis pristis",NA,NA,NA,NA,NA,NA,NA,NA,"Other species"
"Dasyatis_microps",87.3849140723652,86.0046792245877,7.65109290698613,29.33,33,23,0.23,"Dasyatis microps",NA,NA,NA,NA,NA,NA,NA,NA,"Other species"
"Galeocerdo_cuvier",84.1280796149214,87.1055551780582,14.0771867983852,33.9,34,0,0,"Galeocerdo cuvier",2.90283276059477,0.875415999668455,0.614650713676118,"benthopelagic","aplacental viviparous",2.08346922725642,1.30054690127452,-0.943046620812237,"Other species"
"Aetobatus_flagellum",81.0989214684285,81.24503765935,9.10088816693492,37.48,40,11,0.11,"Aetobatus flagellum",NA,NA,NA,NA,NA,NA,NA,NA,"Other species"
"Aetobatus_narinari",81.0989214684285,81.24503765935,9.10088816693492,38.48,41,8,0.08,"Aetobatus narinari",NA,NA,NA,NA,NA,NA,NA,NA,"Other species"
"Zapteryx_exasperata",83.7432533077813,88.8810072874963,22.5294294459674,43.85,33,33,0.33,"Zapteryx exasperata",NA,NA,NA,NA,NA,NA,NA,NA,"Other species"
"Pristis_clavata",80.449351808269,86.2758594967058,19.7751609592831,46.33,35,0,0,"Pristis clavata",NA,NA,NA,NA,NA,NA,NA,NA,"Other species"
"Heptranchias_perlo",76.8424518562018,78.3994749923621,11.040447740271,47.05,47,0,0,"Heptranchias perlo",0.629888318358578,0.465251998599675,0.799308510732174,"bathydemersal","aplacental viviparous",0.413823421559699,-0.268675019873142,-0.986297446722103,"Other species"
"Platyrhina_sinensis",78.5926277742485,74.6145723633487,16.5990423634177,48.52,47.5,11,0.11,"Platyrhina sinensis",NA,NA,NA,NA,NA,NA,NA,NA,"Other species"
"Platyrhina_tangi",77.2299709258995,76.4972038647818,13.1045399482422,48.98,48.5,9,0.09,"Platyrhina tangi",NA,NA,NA,NA,NA,NA,NA,NA,"Other species"
"Platyrhina_hyugaensis",77.8922139990985,76.0437662712531,14.953658925373,49.63,50,12,0.12,"Platyrhina hyugaensis",NA,NA,NA,NA,NA,NA,NA,NA,"Other species"
"Zapteryx_brevirostris",79.4458754499125,73.7000660846432,22.4695476187976,53.69,44.5,27,0.27,"Zapteryx brevirostris",NA,NA,NA,NA,NA,NA,NA,NA,"Other species"
"Callorhinchus_callorynchus",72.3753182276553,72.3044752342551,2.62976307057283,57.43,62.5,10,0.1,"Callorhinchus callorynchus",NA,NA,NA,NA,NA,NA,NA,NA,"Other species"
"Pristis_zijsron",74.385231769029,79.991546565688,18.0789245170245,58.32,47,0,0,"Pristis zijsron",NA,NA,NA,NA,NA,NA,NA,NA,"Other species"
"Pristis_pectinata",74.385231769029,79.991546565688,18.0789245170245,59.32,48,0,0,"Pristis pectinata",NA,NA,NA,NA,NA,NA,NA,NA,"Other species"
"Callorhinchus_milii",70.9824183253953,70.4151837561174,2.51371698996345,62.19,67,4,0.04,"Callorhinchus milii",NA,NA,NA,NA,NA,NA,NA,NA,"Other species"
"Callorhinchus_capensis",70.9824183253953,70.4151837561174,2.51371698996345,63.19,68,2,0.02,"Callorhinchus capensis",NA,NA,NA,NA,NA,NA,NA,NA,"Other species"
"Taeniura_lymma",69.9811216491915,70.8179258407586,9.50321321001662,63.98,62.5,0,0,"Taeniura lymma",NA,NA,NA,NA,NA,NA,NA,NA,"Other species"
"Trygonorrhina_melaleuca",76.8604008564394,71.2277911720392,28.0300210250394,64.95,65,14,0.14,"Trygonorrhina melaleuca",NA,NA,NA,NA,NA,NA,NA,NA,"Other species"
"Carcharodon_carcharias",68.8346488501615,70.4437278665887,9.62871307538665,65.12,67,0,0,"Carcharodon carcharias",2.68941824068939,1.03559690478425,0.950184916683047,"pelagic-oceanic","aplacental viviparous",0.236971462549769,1.41700852201882,-0.923805885701418,"Other species"
"Trygonorrhina_dumerilii",73.6332664169169,70.603685485092,21.3150871087443,66.46,62.5,8,0.08,"Trygonorrhina dumerilii",NA,NA,NA,NA,NA,NA,NA,NA,"Other species"
"Trygonorrhina_fasciata",74.9145638340903,70.318637126582,23.1089808482551,66.66,61,12,0.12,"Trygonorrhina fasciata",NA,NA,NA,NA,NA,NA,NA,NA,"Other species"
"Echinorhinus_brucus",74.1140267863952,70.5973242126675,22.1809849855767,70.05,65.5,17,0.17,"Echinorhinus brucus",1.71401849580675,1.08851415849481,0.71211961101502,"bathydemersal","aplacental viviparous",0.868690588201734,-1.20710126829846,0.143628186176265,"Other species"
"Echinorhinus_cookei",74.1140267863952,70.5973242126675,22.1809849855767,71.05,66.5,17,0.17,"Echinorhinus cookei",2.05699442173765,0.794508282980936,0.878180464396212,"benthopelagic","aplacental viviparous",1.74260460765054,-0.988026390672254,-0.492850231669656,"Other species"
"Zapteryx_xyster",70.4591776592676,68.6961947821917,19.8437893508063,72.58,81,8,0.08,"Zapteryx xyster",NA,NA,NA,NA,NA,NA,NA,NA,"Other species"
"Heterodontus_francisci",77.7031126488292,70.9222807919477,30.2518020442905,77.63,62,23,0.23,"Heterodontus francisci",0.459203451981922,-1.56240976813618,-0.759652797887665,"demersal","oviparous",1.25233571766996,0.866603515319521,-0.720190250460212,"Other species"
"Lamna_ditropis",63.8250660728048,65.2416867010072,9.27014271192409,84.45,84,0,0,"Lamna ditropis",1.69213879091089,1.08851415849481,0.442823083183316,"pelagic-oceanic","aplacental viviparous",-0.0305655707464857,1.60037471197387,-0.938729785234334,"Other species"
"Lamna_nasus",63.8250660728048,65.2416867010072,9.27014271192409,85.45,85,0,0,"Lamna nasus",1.8773182915574,0.713045766188822,1.05376106806353,"pelagic-oceanic","aplacental viviparous",0.323127922465816,1.89771933340257,-0.650819422008595,"Other species"
"Iago_garricki",64.8122692409941,67.6139334119853,14.4737625845994,88.56,83.5,0,0,"Iago garricki",-0.195461736214918,1.08851415849481,0.183262304899405,"bathydemersal","viviparous",-0.596264651059104,0.939848694504757,0.592904518069834,"Other species"
"Aetomylaeus_vespertilio",69.6362519732553,75.3856643820525,18.1797833969558,88.96,45.5,0,0,"Aetomylaeus vespertilio",NA,NA,NA,NA,NA,NA,NA,NA,"Other species"
"Iago_omanensis",64.8122692409941,67.6139334119853,14.4737625845994,89.56,84.5,0,0,"Iago omanensis",-0.810063146225747,-0.34047392241289,1.44989708450772,"bathydemersal","viviparous",-0.868572901744787,1.26832395782053,0.685115912831607,"Other species"
"Isurus_oxyrinchus",62.7318668879915,64.0909638983039,8.62071024076224,90.27,91,0,0,"Isurus oxyrinchus",2.20044551783062,0.603552790042962,0.561243205064146,"pelagic-oceanic","aplacental viviparous",0.966669846993093,1.22549544788909,-1.19563045922887,"Other species"
"Isurus_paucus",62.7318668879915,64.0909638983039,8.62071024076224,91.27,92,0,0,"Isurus paucus",2.12903738945806,1.08851415849481,1.26335210495391,"pelagic-oceanic","aplacental viviparous",-0.143524130378789,1.5647102060602,-2.3336484702002,"Other species"
"Aptychotrema_vincentiana",63.8659230852768,67.5665458878015,14.1719829627009,91.81,78.5,0,0,"Aptychotrema vincentiana",NA,NA,NA,NA,NA,NA,NA,NA,"Other species"
"Narcine_westraliensis",63.4953113223963,63.639753541324,6.76854460554877,93.66,98.5,4,0.04,"Narcine westraliensis",NA,NA,NA,NA,NA,NA,NA,NA,"Other species"
"Aptychotrema_rostrata",62.9972899186477,66.0684892872629,13.9753000340133,94.66,92,0,0,"Aptychotrema rostrata",NA,NA,NA,NA,NA,NA,NA,NA,"Other species"
"Neoharriotta_pinnata",65.9056152477458,60.5667830768252,14.6157757817998,95.83,80.5,8,0.08,"Neoharriotta pinnata",NA,NA,NA,NA,NA,NA,NA,NA,"Other species"
"Eucrossorhinus_dasypogon",65.6299002458368,69.0579270111199,18.8341056007834,97.35,80.5,0,0,"Eucrossorhinus dasypogon",1.93746560979078,-0.370285490918501,-1.67974732102371,"reef-associated","aplacental viviparous",2.98016633983591,-1.50596599076598,-0.308403620371082,"Other species"
"Neoharriotta_pumila",64.8306738394118,59.2077940972978,14.4662570072043,99.34,91,8,0.08,"Neoharriotta pumila",NA,NA,NA,NA,NA,NA,NA,NA,"Other species"
"Okamejei_jensenae",61.5796468429807,63.9940726022893,13.3376821514935,99.5,98,0,0,"Okamejei jensenae",NA,NA,NA,NA,NA,NA,NA,NA,"Other species"
"Makararaja_chindwinensis",65.6233042528094,61.8491134618744,17.3957869466027,101.78,75.5,6,0.06,"Makararaja chindwinensis",NA,NA,NA,NA,NA,NA,NA,NA,"Other species"
"Neoharriotta_carri",63.3579333494528,59.5875634985802,12.6142977437078,102.1,91,1,0.01,"Neoharriotta carri",NA,NA,NA,NA,NA,NA,NA,NA,"Other species"
"Aptychotrema_timorensis",62.0725948705647,61.8311308377017,16.0045668521779,105.29,108.5,3,0.03,"Aptychotrema timorensis",NA,NA,NA,NA,NA,NA,NA,NA,"Other species"
"Hexanchus_vitulus",60.066445527016,59.7907426066961,10.7525835566143,106.83,104,0,0,"Hexanchus vitulus",NA,NA,NA,NA,NA,NA,NA,NA,"Other species"
"Hexanchus_nakamurai",60.1150326269471,59.5300592212477,11.6314081232421,108.24,107.5,0,0,"Hexanchus nakamurai",0.982544661605328,-0.370285490918501,0.37658540800809,"bathydemersal","aplacental viviparous",0.0319727714212626,-0.265249660708527,-0.973484530356907,"Other species"
"Hexanchus_griseus",59.828533239404,59.9167662668877,10.8368285613838,108.61,108,0,0,"Hexanchus griseus",2.30791614349452,0.875415999668455,1.55756581646319,"bathydemersal","aplacental viviparous",1.05294567732726,-0.593454892931828,-1.68749465037648,"Other species"
"Heterodontus_mexicanus",66.732651166809,60.7982906370804,24.4095229517603,109.31,92,5,0.05,"Heterodontus mexicanus",0.905633888758967,0.126609483574854,-1.67974732102371,"demersal","oviparous",2.14021126828024,1.14170010301466,0.0427325026369917,"Other species"
"Trygonoptera_ovalis",61.8547546777912,65.0670265803167,12.3178196992962,109.51,83,0,0,"Trygonoptera ovalis",NA,NA,NA,NA,NA,NA,NA,NA,"Other species"
"Galeorhinus_galeus",62.840235218251,68.07033504493,17.4078557623174,111.1,79.5,0,0,"Galeorhinus galeus",1.08332977987206,0.548425527244947,0.878180464396212,"benthopelagic","aplacental viviparous",0.534206561751079,1.23352794192211,-0.821998932150213,"Other species"
"Dalatias_licha",70.6318992979005,68.2824180026758,26.890556607791,111.22,61.5,3,0.03,"Dalatias licha",0.997413014028746,0.548425527244947,1.28571911968998,"bathydemersal","aplacental viviparous",0.403446921747364,-0.21407999383752,0.238827387300082,"Other species"
"Alopias_vulpinus",65.7755882470029,63.4506507099522,20.8365522468157,113.95,68.5,0,0,"Alopias vulpinus",2.51250249114001,0.740262052583538,0.442823083183316,"pelagic-oceanic","aplacental viviparous",-0.0551641063543572,1.41596392072845,-1.13544897702413,"Other species"
"Alopias_pelagicus",64.3620027273968,57.4600368724473,20.8039273157382,117.57,83,0,0,"Alopias pelagicus",2.07536999500424,1.08851415849481,-0.197014100666867,"pelagic-oceanic","aplacental viviparous",-1.24016089472715,1.0626259997232,-1.53395909674712,"Other species"
"Hypogaleus_hyugaensis",62.443221071494,67.6388788942267,17.4640464298733,117.86,80.5,0,0,"Hypogaleus hyugaensis",0.486497941662886,-0.571244772841618,-0.416891219974651,"demersal","viviparous (with a yolk-sac placenta)",-0.222368416506987,0.321597173029653,-0.666067485342372,"Other species"
"Squaliolus_laticaudus",62.6073009161602,60.9673537537024,17.7832758748572,118.36,88,0,0,"Squaliolus laticaudus",-1.7569817173333,0.268884941781409,0.950184916683047,"bathypelagic","aplacental viviparous",-1.00729682067502,0.229452809450397,0.867932266140738,"Other species"
"Eusphyra_blochii",56.2210212390519,57.6542330542371,9.09153567314284,125.42,125.5,0,0,"Eusphyra blochii",1.02666573574628,0.249124850699323,-0.0698970332776825,"benthopelagic","viviparous",0.252784585009537,2.32896886011555,0.106904771576646,"Other species"
"Loxodon_macrorhinus",54.8162357131403,55.3869478355764,7.83200245715894,132.36,135,0,0,"Loxodon macrorhinus",0.164451062459566,0.520765668846713,-1.10614781234875,"demersal","viviparous (with a yolk-sac placenta)",-1.2618727848158,0.936462858994209,-0.502293991242949,"Other species"
"Aulohalaelurus_labiosus",56.1543865917715,56.1928660505783,11.9246535366233,134.68,135.5,0,0,"Aulohalaelurus labiosus",-0.347236217791636,-0.770111029613995,-1.15756745541157,"demersal","oviparous",0.713401070953144,-1.77911476317145,0.0445645746351127,"Other species"
"Megachasma_pelagios",62.6132057658812,58.632115479936,22.9514132985602,134.75,127,8,0.08,"Megachasma pelagios",2.66609016351351,-1.30130247035033,0.37658540800809,"pelagic-oceanic","aplacental viviparous",-0.293496758387511,0.757648486974935,-2.91495258102567,"Other species"
"Aulohalaelurus_kanakorum",56.1543865917715,56.1928660505783,11.9246535366233,135.68,136.5,0,0,"Aulohalaelurus kanakorum",-0.125546155820293,-0.794072181479528,-1.69646565057368,"reef-associated","oviparous",0.812261539321638,-1.13189700876675,-0.76221937668938,"Other species"
"Pristiophorus_japonicus",60.5181077867796,56.3157683401689,18.0177064469174,135.93,89.5,0,0,"Pristiophorus japonicus",0.605378128770351,-0.795698344636161,0.225709002057216,"demersal","aplacental viviparous",0.495803187186547,-0.945354752303949,-0.14657594950578,"Other species"
"Rhincodon_typus",60.6770658561575,55.1894391022186,19.272274733173,137.54,123,4,0.04,"Rhincodon typus",4.11770645648081,-1.04581082089186,1.34256750297508,"pelagic-oceanic","aplacental viviparous",4.06566861965754,-0.865874162309821,-1.60432937994678,"Other species"
"Pseudotriakis_microdon",58.4177789287352,56.167504845553,17.6306514954865,138.31,117.5,0,0,"Pseudotriakis microdon",1.58663959835628,0.470302992041292,1.32609440358444,"bathydemersal","aplacental viviparous",-1.46426624567357,-0.819946262234461,-0.327201167509334,"Other species"
"Pseudocarcharias_kamoharai",61.2795746826228,56.6332701219552,22.8951221924137,139.08,142,6,0.06,"Pseudocarcharias kamoharai",0.391345097154112,0.297137346716398,0.362677027394422,"pelagic-oceanic","aplacental viviparous",-0.842970903098709,0.0818732590905661,-0.90582628059454,"Other species"
"Stegostoma_fasciatum",60.028889120862,54.5866015623653,18.1077532173709,139.55,129,4,0.04,"Stegostoma fasciatum",NA,NA,NA,NA,NA,NA,NA,NA,"Other species"
"Aetomylaeus_maculatus",55.3546792389621,55.3133680672367,10.5821082271661,148.54,105.5,0,0,"Aetomylaeus maculatus",NA,NA,NA,NA,NA,NA,NA,NA,"Other species"
"Centroselachus_crepidater",56.073115161417,61.3862900500543,14.9383950345586,148.57,119,0,0,"Centroselachus crepidater",0.544665325257252,1.08851415849481,1.1348427137391,"bathydemersal","aplacental viviparous",-0.0698402945627857,0.294211604346768,-0.00596155678630901,"Other species"
"Ginglymostoma_cirratum",54.87355080161,54.8841204962552,10.4348427812452,149.27,127,0,0,"Ginglymostoma cirratum",2.1543070936817,0.548425527244947,-0.889033731222654,"reef-associated","aplacental viviparous",2.58488621742086,-1.46379186179223,-0.445672304524625,"Other species"
"Galeus_eastmani",53.277888515116,56.1339873865403,11.0054932290821,150.7,140,0,0,"Galeus eastmani",-1.04130007507204,-0.795698344636161,0.583521865540399,"bathydemersal","oviparous",-1.22050022669378,0.736465692290298,-0.1210578052174,"Other species"
"Chaenogaleus_macrostoma",52.4491091480335,54.4533448960976,8.6814856852722,151.18,153,0,0,"Chaenogaleus macrostoma",0.191635263856933,0.297137346716398,-1.54277929568651,"demersal","viviparous (with a yolk-sac placenta)",0.323127922465816,1.27386206683973,0.148177223972687,"Other species"
"Galeus_sauteri",53.277888515116,56.1339873865403,11.0054932290821,151.7,141,0,0,"Galeus sauteri",-0.991764216145976,-0.352577628165491,-1.19333671206591,"demersal","oviparous",0.380729243006411,-0.764436590009963,-1.132247205296,"Other species"
"Cirrhoscyllium_formosanum",57.6854516122739,55.3036405040571,18.5048812961371,152.75,141,5,0.05,"Cirrhoscyllium formosanum",-1.07536701374357,-0.130307675177274,-0.143606592054896,"demersal","oviparous",0.0741232641212771,-1.09750922924805,0.207892939540937,"Other species"
"Nebrius_ferrugineus",54.7591703121546,53.7459021542984,11.8129884345147,154.08,127,0,0,"Nebrius ferrugineus",1.75673866174903,-0.430133999435993,-1.40130673146122,"reef-associated","oviparous",0.828665757653448,-1.47151387248799,-0.954650986879308,"Other species"
"Heterodontus_ramalheira",56.9787259017831,56.6467902355782,18.2419476274792,155.14,131,1,0.01,"Heterodontus ramalheira",-0.222645937612286,-1.89707707689491,-0.183335621198343,"demersal","oviparous",-0.0916158421386896,1.38242543657952,0.0791018240155578,"Other species"
"Rhinobatos_lentiginosus",65.2642909270637,58.0397976727485,29.6541150418134,155.49,99.5,21,0.21,"Rhinobatos lentiginosus",NA,NA,NA,NA,NA,NA,NA,NA,"Other species"
"Rhinochimaera_pacifica",52.6947375748041,53.5423285230135,5.01616956530116,157.12,141.5,0,0,"Rhinochimaera pacifica",NA,NA,NA,NA,NA,NA,NA,NA,"Other species"
"Harriotta_raleighana",52.6475325212682,50.7559813723654,6.31802279089488,157.21,155.5,0,0,"Harriotta raleighana",NA,NA,NA,NA,NA,NA,NA,NA,"Other species"
"Harriotta_haeckeli",52.6475325212682,50.7559813723654,6.31802279089488,158.21,156.5,0,0,"Harriotta haeckeli",NA,NA,NA,NA,NA,NA,NA,NA,"Other species"
"Sphyrna_mokarran",51.2344905500748,52.4086677927931,7.74301089655218,159.74,159,0,0,"Sphyrna mokarran",2.62481836985125,0.902263251355106,-0.197014100666867,"pelagic-oceanic","viviparous",1.77645450187238,1.60437764265352,-0.794704079575516,"Other species"
"Cirrhoscyllium_japonicum",57.3808213111433,54.9518313601668,19.2393662210367,159.75,141.5,4,0.04,"Cirrhoscyllium japonicum",-0.775111253754955,0.0324191818980944,-0.225068623472227,"bathydemersal","oviparous",-0.00838421668952233,-1.39806781972116,0.236327423247413,"Other species"
"Trygonoptera_personata",53.4891679072338,55.5138263605349,10.2994111730744,159.87,126,0,0,"Trygonoptera personata",NA,NA,NA,NA,NA,NA,NA,NA,"Other species"
"Pseudoginglymostoma_brevicaudatum",57.1699868456184,53.047482298504,18.0187539286631,160.35,148.5,5,0.05,"Pseudoginglymostoma brevicaudatum",-0.195461736214918,-0.797269146214996,-1.59106315711557,"reef-associated","oviparous",0.819023003475599,-1.45557088062504,-0.226788144401875,"Other species"
"Cirrhoscyllium_expolitum",56.2540880203189,53.7332555510608,17.4861887573622,160.8,149,2,0.02,"Cirrhoscyllium expolitum",-1.25998102911036,-0.853332672327824,-0.574995000831608,"demersal","oviparous",-0.109792626315242,-1.3051533537822,0.596560845866259,"Other species"
"Cirrhigaleus_asper",59.8617289663649,67.6098790869185,21.4036275265885,163.67,78,0,0,"Cirrhigaleus asper",0.408633200536031,1.08851415849481,0.442823083183316,"bathydemersal","aplacental viviparous",0.0770877533640637,0.996665503600902,0.94062151378921,"Other species"
"Rhinochimaera_africana",51.5319112800518,51.2038534594044,5.53821968071988,167.4,149,0,0,"Rhinochimaera africana",NA,NA,NA,NA,NA,NA,NA,NA,"Other species"
"Rhinobatos_penggali",58.324551347309,56.8386691357746,21.2220008759766,169.94,116.5,0,0,"Rhinobatos penggali",NA,NA,NA,NA,NA,NA,NA,NA,"Other species"
"Pristiophorus_nudipinnis",54.2455538448516,52.9543488259178,15.9678947718518,171.61,130,0,0,"Pristiophorus nudipinnis",0.459203451981922,-0.435882284557873,-0.691741655677787,"demersal","aplacental viviparous",0.0050504917386656,-1.13987045737836,0.142463602771252,"Other species"
"Centroscymnus_coelolepis",53.3090083157222,59.6990885859313,14.8550382958279,172.8,121.5,0,0,"Centroscymnus coelolepis",0.448128721124742,0.240566269267659,1.88199207864111,"bathydemersal","aplacental viviparous",-0.047420579263261,0.47926363146615,0.303771459542471,"Other species"
"Heterodontus_quoyi",55.6983852022957,51.1992194646741,22.2163810498506,175.91,171.5,4,0.04,"Heterodontus quoyi",0.282674860554497,-1.76207671714819,-1.86440511807977,"reef-associated","oviparous",0.794502133523008,0.320315295019131,-0.937451744752397,"Other species"
"Planonasus_parini",53.3647351343152,52.9812895631374,16.7874298882045,177.24,162.5,1,0.01,"Planonasus parini",-0.652522121650108,0.177891288313196,0.893091303238612,"bathydemersal","oviparous",-0.348847692241206,-0.131521878304312,-0.664686514831012,"Other species"
"Heterodontus_omanensis",53.9971701705798,50.6861099452666,18.619922064281,180.93,178,2,0.02,"Heterodontus omanensis",-0.529784434875065,-0.3686013081127,-1.29080560940481,"demersal","oviparous",0.12044961011654,1.05510614071464,-0.577340917510273,"Other species"
"Heterodontus_japonicus",54.6657409067549,49.3984460762785,21.1557312229981,181.64,180,5,0.05,"Heterodontus japonicus",0.436962082736822,-1.49659295815412,-1.10614781234875,"demersal","oviparous",0.912263976169507,0.883370539190253,-0.938626256659595,"Other species"
"Narcine_lasti",49.7083585353963,49.511865178282,6.02586970394365,184.62,184.5,0,0,"Narcine lasti",NA,NA,NA,NA,NA,NA,NA,NA,"Other species"
"Narcine_tasmaniensis",49.7083585353963,49.511865178282,6.02586970394365,185.62,185.5,0,0,"Narcine tasmaniensis",NA,NA,NA,NA,NA,NA,NA,NA,"Other species"
"Urobatis_jamaicensis",53.5075537822059,57.250721877863,15.2756328756864,187.44,110,0,0,"Urobatis jamaicensis",NA,NA,NA,NA,NA,NA,NA,NA,"Other species"
"Rhinochimaera_atlantica",49.6744337613401,48.3282540575862,6.58074271685605,187.81,184,0,0,"Rhinochimaera atlantica",NA,NA,NA,NA,NA,NA,NA,NA,"Other species"
"Odontaspis_noronhai",52.1675959774033,51.9599075517547,15.8880666562616,189.62,168,0,0,"Odontaspis noronhai",1.86379483899934,0.501344529774576,0.799308510732174,"pelagic-oceanic","aplacental viviparous",-0.427878500314983,0.439738538627932,-0.727183926638076,"Other species"
"Odontaspis_ferox",52.1675959774033,51.9599075517547,15.8880666562616,190.62,169,0,0,"Odontaspis ferox",2.2154800005343,0.155201323646546,1.37290801940713,"benthopelagic","aplacental viviparous",0.0567957659467289,0.942689118846349,-0.438569747259126,"Other species"
"Cephalurus_cephalus",58.4098913265375,49.5177924520743,28.3153125524341,192.22,185,10,0.1,"Cephalurus cephalus",-1.5212319652409,-0.1416461792995,0.736580382000301,"bathydemersal","oviparous",-0.648501276964899,-1.1183759665357,-0.21158032728189,"Other species"
"Aetomylaeus_nichofii",50.9890228859413,47.9466074723205,13.4671547392925,192.65,185.5,1,0.01,"Aetomylaeus nichofii",NA,NA,NA,NA,NA,NA,NA,NA,"Other species"
"Pristiophorus_cirratus",51.197725954301,50.2004759459751,14.0580929261253,194.47,163.5,0,0,"Pristiophorus cirratus",0.615235844678327,0.183724515776882,-0.169879565912484,"demersal","aplacental viviparous",-0.148735182539116,-1.04141167114451,0.280013337493557,"Other species"
"Furgaleus_macki",51.236130137417,57.6968657996102,14.9335008947415,194.5,126.5,0,0,"Furgaleus macki",0.824059082808673,-1.07744839968434,-0.453676350009759,"demersal","aplacental viviparous",0.955378662830766,0.298009800025958,0.374201607261555,"Other species"
"Sphyrna_zygaena",47.6007768248815,48.6332072873175,6.99209972384569,195.31,193.5,0,0,"Sphyrna zygaena",2.35725018172626,0.821538792515868,-0.532548303673797,"pelagic-oceanic","viviparous",1.51052196911774,1.58463458532113,-0.835970997102393,"Other species"
"Schroederichthys_bivius",53.2326719692998,50.4612975147521,19.4812214085936,195.95,173.5,0,0,"Schroederichthys bivius",-0.288296626311929,-0.642010511511783,-1.31175683394674,"demersal","oviparous",-0.0744787381638787,0.974149655343417,0.127545174341236,"Other species"
"Gymnura_japonica",54.6525698000209,49.8703372711098,19.0008873510175,196.17,183.5,2,0.02,"Gymnura japonica",NA,NA,NA,NA,NA,NA,NA,NA,"Other species"
"Heterodontus_portusjacksoni",50.2768774670185,49.5302291622737,15.4874851516685,197.45,186,1,0.01,"Heterodontus portusjacksoni",0.865464571359343,-2.06801389385034,-0.269018552953703,"demersal","oviparous",1.0183950802194,0.705246439963642,-1.71067451464027,"Other species"
"Schroederichthys_saurisqualus",52.6662790375216,49.8126868759735,19.0502549243754,200.69,191.5,3,0.03,"Schroederichthys saurisqualus",-0.415198479254493,-0.239790486132197,0.110465579534703,"bathydemersal","oviparous",1.03480859905383,0.209068780692544,0.51140442926024,"Other species"
"Pentanchus_profundicolus",57.9135989263562,51.4633007617227,25.5615785373334,201.52,153,7,0.07,"Pentanchus profundicolus",-0.714398450241856,0.189014589833606,0.854524262350615,"bathydemersal","oviparous",-0.407053512285885,-0.374626512060057,-0.806635035973006,"Other species"
"Schroederichthys_chilensis",52.6106886525177,46.9441635583766,19.4462040471985,201.63,210,2,0.02,"Schroederichthys chilensis",-0.451596422062583,-0.316990660204925,-0.780856546317929,"demersal","oviparous",0.417753049182558,-0.532942445108352,-0.205965752829841,"Other species"
"Hemigaleus_microstoma",47.1564732447375,48.8247759218513,7.9841793061366,201.75,203.5,0,0,"Hemigaleus microstoma",0.3679432515945,1.08851415849481,-0.958093688005001,"demersal","viviparous (with a yolk-sac placenta)",-0.0231187553610816,0.939592797220342,0.207022695588561,"Other species"
"Heterodontus_galeatus",49.4856102706983,48.6901040156907,14.0616440426832,202.63,198.5,0,0,"Heterodontus galeatus",0.75504025166635,-1.33362875918186,-1.16620217731153,"reef-associated","oviparous",1.23244071202604,1.22273186135101,-0.144023999239606,"Other species"
"Hemigaleus_australiensis",47.1564732447375,48.8247759218513,7.9841793061366,202.75,204.5,0,0,"Hemigaleus australiensis",0.319881992490838,0.225818346466906,-0.667037457961342,"demersal","viviparous",-0.312029662921441,1.15925792654314,-0.349097471430301,"Other species"
"Schroederichthys_tenuis",52.016947638907,48.4785907758814,18.1437976271416,202.87,195.5,3,0.03,"Schroederichthys tenuis",-0.288296626311929,0.433257155705692,0.0614850621197836,"bathydemersal","oviparous",-0.317022821412507,0.324470041480284,0.54549970690925,"Other species"
"Gollum_attenuatus",48.8990400609903,49.8417985764179,12.7151714863505,204.85,188,0,0,"Gollum attenuatus",0.296437206289899,-0.400172057159736,0.455457361672128,"bathydemersal","aplacental viviparous",-0.831805031879192,0.531256352526568,0.920924222287157,"Other species"
"Gollum_suluensis",48.8990400609903,49.8417985764179,12.7151714863505,205.85,189,0,0,"Gollum suluensis",-0.529784434875065,0.184006642007201,0.119819315638341,"benthopelagic","viviparous",-0.946317606820146,0.737696816304983,0.835704156877399,"Other species"
"Himantura_schmardae",46.8159500147168,46.6882014138542,6.10806778088798,205.88,217,0,0,"Himantura schmardae",NA,NA,NA,NA,NA,NA,NA,NA,"Other species"
"Himantura_pacifica",46.8159500147168,46.6882014138542,6.10806778088798,206.88,218,0,0,"Himantura pacifica",NA,NA,NA,NA,NA,NA,NA,NA,"Other species"
"Atelomycterus_marmoratus",47.0949621799261,47.9637540737018,7.39289746291062,206.89,196,0,0,"Atelomycterus marmoratus",-0.288296626311929,-0.989497181279655,-2.12625926433269,"reef-associated","oviparous",0.725965421123077,-1.3804750985238,0.0303041345469061,"Other species"
"Schroederichthys_maculatus",50.9017659468736,47.9075848206533,17.2220578147866,206.9,200.5,1,0.01,"Schroederichthys maculatus",-1.27991579673199,0.685766985396205,0.0655119759864418,"bathydemersal","oviparous",-0.791804280571778,0.295202881262291,0.749279673571291,"Other species"
"Atelomycterus_baliensis",47.0561971781381,47.5846286915826,7.42613529239963,207.73,199,0,0,"Atelomycterus baliensis",-0.812898872564721,-0.433743669974162,-1.05657900038768,"demersal","oviparous",0.261827101496231,-1.61903242906433,0.301549571792355,"Other species"
"Squaliolus_aliae",49.3412988161515,50.6910898491313,14.5333121077833,209.11,177.5,0,0,"Squaliolus aliae",-1.84573292537849,0.685766985396205,1.37290801940713,"bathypelagic","aplacental viviparous",-1.35813514162368,0.283701230641605,1.22623307092948,"Other species"
"Trygonoptera_testacea",46.9336883508028,48.1178026439875,7.71797137440719,209.67,193,0,0,"Trygonoptera testacea",NA,NA,NA,NA,NA,NA,NA,NA,"Other species"
"Gymnura_australis",54.5573789446925,48.6779806212261,21.6853635341392,210.46,178,2,0.02,"Gymnura australis",NA,NA,NA,NA,NA,NA,NA,NA,"Other species"
"Parascyllium_sparsimaculatum",50.5876638957948,46.4119606854367,17.3180024895641,213.85,217,3,0.03,"Parascyllium sparsimaculatum",-0.140963473408357,0.0691501233650939,-0.36460883616771,"bathydemersal","oviparous",-0.1394513323385,-1.17193889927767,0.231300455343236,"Other species"
"Gymnura_poecilura",51.3445614193948,47.6117037141192,16.431170857449,213.86,187,0,0,"Gymnura poecilura",NA,NA,NA,NA,NA,NA,NA,NA,"Other species"
"Rostroraja_alba",46.4372303908807,47.8106582541985,10.1281046881983,216.27,218,0,0,"Rostroraja alba",NA,NA,NA,NA,NA,NA,NA,NA,"Other species"
"Parascyllium_collare",52.0994132104381,45.8104405166073,22.3478149784474,216.91,218.5,3,0.03,"Parascyllium collare",-0.011307824187633,-0.693256295146551,-0.416891219974651,"reef-associated","oviparous",0.653106512696001,-1.38237797529829,0.412033517625247,"Other species"
"Euprotomicrus_bispinatus",48.6257288959819,47.12356969749,14.3379168402548,217.98,191,0,0,"Euprotomicrus bispinatus",-1.40615570589879,-0.0621231573300218,1.28571911968998,"bathypelagic","aplacental viviparous",-0.232158237016033,-1.57099500569239,0.8414859597276,"Other species"
"Taeniurops_grabata",47.3533836029008,50.6056486770169,12.6165848818938,218.38,196.5,0,0,"Taeniurops grabata",NA,NA,NA,NA,NA,NA,NA,NA,"Other species"
"Parascyllium_ferrugineum",49.9404934672961,44.4731240626673,19.7955208017011,219.3,213,1,0.01,"Parascyllium ferrugineum",-0.108620496131684,-0.332054592037694,-0.770613609341825,"demersal","oviparous",0.198976458490947,-1.34491624626252,0.135204600289845,"Other species"
"Taeniurops_meyeni",47.3533836029008,50.6056486770169,12.6165848818938,219.38,197.5,0,0,"Taeniurops meyeni",NA,NA,NA,NA,NA,NA,NA,NA,"Other species"
"Heterodontus_zebra",47.6205050742186,47.1024505611119,13.6090464933473,219.76,229,0,0,"Heterodontus zebra",0.49189102384555,-0.281074279586622,-0.532548303673797,"reef-associated","oviparous",1.36923340116805,0.865682508619075,-0.750863388933397,"Other species"
"Squatina_africana",50.5631147061394,49.5107924685097,17.9430152592547,220.08,200.5,0,0,"Squatina africana",0.108377440547415,-0.292899335517739,0.215718588969449,"demersal","aplacental viviparous",-0.564499576628132,0.552376823156932,0.107992802079968,"Other species"
"Rhinobatos_jimbaranensis",52.0415349852251,49.9801937540322,20.5898154423284,221.58,184.5,0,0,"Rhinobatos jimbaranensis",NA,NA,NA,NA,NA,NA,NA,NA,"Other species"
"Squatina_squatina",47.3187860123341,49.3400261665623,12.6140888357934,221.76,200,0,0,"Squatina squatina",1.21220690074203,-0.104636821441622,-0.770613609341825,"demersal","aplacental viviparous",1.26179472744022,-1.59990925282021,0.966871427565402,"Other species"
"Parascyllium_elongatum",49.1874719940479,46.1869440604895,16.2875793222321,223.43,209,1,0.01,"Parascyllium elongatum",-0.972449499737412,-0.283072633466932,-1.67974732102371,"benthopelagic","oviparous",-0.117236283375081,-1.13001280923681,0.596615935664936,"Other species"
"Gymnura_zonura",50.9838039567927,46.9781490029634,17.5807514810587,224.23,222,0,0,"Gymnura zonura",NA,NA,NA,NA,NA,NA,NA,NA,"Other species"
"Isistius_plutodus",49.468875115278,47.0161054254983,17.8394388707737,226.36,212,0,0,"Isistius plutodus",-0.966072343854174,0.0339075592191206,-0.532548303673797,"pelagic-neritic","viviparous",-0.492993450038013,-1.07091527115131,0.866068470916514,"Other species"
"Isistius_brasiliensis",48.4847656511195,47.7550461855003,15.4768787690888,227.05,203.5,0,0,"Isistius brasiliensis",-0.768228516480791,-0.920096379881439,1.88199207864111,"bathypelagic","aplacental viviparous",-0.479159229572833,-1.38819789133817,0.511786962085878,"Other species"
"Parascyllium_variolatum",48.8089849832585,44.2818625993879,16.6967789153201,227.39,216,0,0,"Parascyllium variolatum",0.0647334350883899,-0.456670419114703,-0.619737203390951,"demersal","oviparous",0.510627871474871,-0.949044947469114,0.178515039567033,"Other species"
"Ctenacis_fehlmanni",52.6564307073198,49.7968069426729,21.992500712908,228.15,163,3,0.03,"Ctenacis fehlmanni",-0.68827001367172,-1.89707707689491,-0.667037457961342,"demersal","oviparous",-0.683211802413685,1.26090756137701,0.626310807926435,"Other species"
"Discopyge_castelloi",51.7411966768521,46.1857208700367,23.3531850277166,228.99,225.5,3,0.03,"Discopyge castelloi",NA,NA,NA,NA,NA,NA,NA,NA,"Other species"
"Pristiophorus_delicatus",47.4878568167863,44.3663857891297,13.8702334839817,229.73,214.5,0,0,"Pristiophorus delicatus",-0.222645937612286,0.424159044425775,0.0513312026229076,"pelagic-oceanic","viviparous",-0.601452926686227,-1.25219019684266,-0.184440408772398,"Other species"
"Hydrolagus_colliei",49.3816439765255,48.161612123618,15.2650405229439,229.76,187.5,0,0,"Hydrolagus colliei",NA,NA,NA,NA,NA,NA,NA,NA,"Other species"
"Discopyge_tschudii",51.7411966768521,46.1857208700367,23.3531850277166,229.99,226.5,3,0.03,"Discopyge tschudii",NA,NA,NA,NA,NA,NA,NA,NA,"Other species"
"Squatina_aculeata",46.6660429435356,48.4410704116139,12.5385583513383,230.96,208,0,0,"Squatina aculeata",1.04105701948777,0.0979486643287946,0.225709002057216,"demersal","aplacental viviparous",0.621633853194583,-0.371021213714721,-0.189806325656683,"Other species"
"Chiloscyllium_punctatum",46.3898667651036,47.3599236348533,10.6533005996074,231.14,176,0,0,"Chiloscyllium punctatum",0.565208811370727,-0.133861691814372,-1.2406369666363,"reef-associated","oviparous",1.4136688695419,-1.07831270907099,0.134982840218567,"Other species"
"Isistius_labialis",48.5790003419033,47.0555484201114,16.3214915909439,231.51,230,0,0,"Isistius labialis",NA,NA,NA,NA,NA,NA,NA,NA,"Other species"
"Heteroscymnoides_marleyi",49.9748747141201,46.0893722375752,19.6676742188294,232.31,237.5,3,0.03,"Heteroscymnoides marleyi",-1.4740140607266,0.0533124902659487,0.229012516091533,"benthopelagic","viviparous",-6.01334090954118,0.710448063512619,1.39663731853151,"Other species"
"Dasyatis_margaritella",44.7083990660745,44.244015339831,3.1906577768161,233.27,264.5,0,0,"Dasyatis margaritella",NA,NA,NA,NA,NA,NA,NA,NA,"Other species"
"Dasyatis_margarita",44.7083990660745,44.244015339831,3.1906577768161,234.27,265.5,0,0,"Dasyatis margarita",NA,NA,NA,NA,NA,NA,NA,NA,"Other species"
"Gogolia_filewoodi",48.7461010685641,45.3031463773741,17.742947692404,235.1,227.5,1,0.01,"Gogolia filewoodi",-0.213523379257849,-0.228982317971207,-1.36658013275285,"demersal","aplacental viviparous",-0.488679804481288,1.08051992695717,-1.18512407584763,"Other species"
"Chimaera_phantasma",49.14775841086,44.9365542661952,15.7346916913078,236.42,202.5,0,0,"Chimaera phantasma",NA,NA,NA,NA,NA,NA,NA,NA,"Other species"
"Somniosus_rostratus",45.566067783702,49.4803882879636,11.6151156698654,238.14,193,0,0,"Somniosus rostratus",0.672912053891157,-0.763738883806695,1.03530240313686,"bathydemersal","aplacental viviparous",0.640002525963159,0.390868759204878,0.418164303690401,"Other species"
"Euprotomicroides_zantedeschia",48.9446256881395,44.6645780319613,19.1066338876971,242.06,232.5,2,0.02,"Euprotomicroides zantedeschia",-0.975649386372396,-0.0618633167749299,-0.512114446555174,"benthopelagic","viviparous",-1.19161579898502,0.757163187492482,1.39979339618826,"Other species"
"Centrophorus_squamosus",52.1178725511949,59.2563504140346,21.1903211729541,242.44,123.5,0,0,"Centrophorus squamosus",0.857284775936532,0.821538792515868,1.523784425358,"bathydemersal","aplacental viviparous",0.190181003419979,0.654495988395447,1.16627421500133,"Other species"
"Hydrolagus_barbouri",48.238752462541,44.5337189353045,15.5557773547526,244.08,213.5,0,0,"Hydrolagus barbouri",NA,NA,NA,NA,NA,NA,NA,NA,"Other species"
"Himantura_lobistoma",47.0541738221076,50.8110131104367,10.6845216339134,244.49,181,0,0,"Himantura lobistoma",NA,NA,NA,NA,NA,NA,NA,NA,"Other species"
"Atelomycterus_fasciatus",43.8673204366221,45.3034049021062,7.28407170963024,245.49,226.5,0,0,"Atelomycterus fasciatus",-0.882814496275384,-0.25205925577634,-0.941592926929357,"demersal","oviparous",0.0222680874286942,-0.992720661749985,-0.0305168318087904,"Other species"
"Atelomycterus_marnkalha",43.8607134647733,45.3034049021062,7.18950796262405,245.73,227,0,0,"Atelomycterus marnkalha",-0.804409451666734,-0.164313626765991,-1.35532105884578,"benthopelagic","oviparous",-0.0320582296290492,-0.877240285425712,-0.152986913088132,"Other species"
"Mollisquama_parini",48.7554652320959,45.7960688625736,19.8145059641479,246.12,225.5,4,0.04,"Mollisquama parini",-0.912231166398159,0.035007558537597,-0.11814214700283,"bathypelagic","oviparous",-0.644888856567296,-0.560896651849233,-0.156892031457936,"Other species"
"Pristiophorus_nancyae",45.6737707214635,44.9779074811932,12.3909849683839,246.3,245,0,0,"Pristiophorus nancyae",-0.454855816246678,0.534006264888353,0.334138710850279,"pelagic-oceanic","viviparous",-0.633852803047825,-0.685587842007892,-0.292638913034511,"Other species"
"Cruriraja_hulleyi",52.5934754491322,48.8973510958314,24.3300286756123,247.26,186,7,0.07,"Cruriraja hulleyi",NA,NA,NA,NA,NA,NA,NA,NA,"Other species"
"Gymnura_marmorata",49.7110250928223,44.07381181416,20.1686529254787,249.25,229,1,0.01,"Gymnura marmorata",NA,NA,NA,NA,NA,NA,NA,NA,"Other species"
"Arhynchobatis_asperrimus",44.6494419896178,44.5013584299477,7.56518552894453,250.45,237.5,0,0,"Arhynchobatis asperrimus",NA,NA,NA,NA,NA,NA,NA,NA,"Other species"
"Atelomycterus_macleayi",44.9602504314791,42.2501799596314,12.2766143366229,251.09,268,0,0,"Atelomycterus macleayi",-0.495717496203534,-1.06591296906088,-3.7698614411607,"reef-associated","oviparous",0.696499128948304,-1.34899128196145,0.0824590166878576,"Other species"
"Pteromylaeus_bovinus",44.1833032966012,43.307786493794,10.1427677589507,253.09,247,0,0,"Pteromylaeus bovinus",NA,NA,NA,NA,NA,NA,NA,NA,"Other species"
"Pteromylaeus_asperrimus",44.1833032966012,43.307786493794,10.1427677589507,254.09,248,0,0,"Pteromylaeus asperrimus",NA,NA,NA,NA,NA,NA,NA,NA,"Other species"
"Pristiophorus_schroederi",44.1966194065684,42.4311977097701,10.849685426288,259.05,246.5,0,0,"Pristiophorus schroederi",-0.108620496131684,-0.189669832185186,0.799308510732174,"bathydemersal","aplacental viviparous",0.0772265837862566,-1.24510854831991,-0.377409342136525,"Other species"
"Centrophorus_granulosus",50.1555664486696,51.640767244791,21.3526637060208,264.1,189,0,0,"Centrophorus granulosus",0.805002667008501,1.08851415849481,1.10106132263392,"bathydemersal","aplacental viviparous",-0.0845719575205928,-1.25615987380345,0.518760568568553,"Other species"
"Dasyatis_zugei",48.1667810411241,45.9932000103606,18.0704394323328,265.72,149,0,0,"Dasyatis zugei",NA,NA,NA,NA,NA,NA,NA,NA,"Other species"
"Dasyatis_sabina",47.5484099668674,44.7800329730194,17.1883814755612,266.45,245.5,0,0,"Dasyatis sabina",NA,NA,NA,NA,NA,NA,NA,NA,"Other species"
"Hydrolagus_melanophasma",44.8277726650329,44.8759207526723,12.4021049238434,271.17,227.5,0,0,"Hydrolagus melanophasma",NA,NA,NA,NA,NA,NA,NA,NA,"Other species"
"Gymnura_crebripunctata",47.9363085627905,42.1056074222307,19.9119729050859,275.24,244.5,1,0.01,"Gymnura crebripunctata",NA,NA,NA,NA,NA,NA,NA,NA,"Other species"
"Sinobatis_filicauda",47.215750644358,43.1039842680293,19.3064176650688,275.28,276,5,0.05,"Sinobatis filicauda",NA,NA,NA,NA,NA,NA,NA,NA,"Other species"
"Gymnura_micrura",48.1132365606371,40.8174564875207,21.1035262940234,277.98,244.5,1,0.01,"Gymnura micrura",NA,NA,NA,NA,NA,NA,NA,NA,"Other species"
"Centrophorus_moluccensis",52.442275349196,51.0236894984623,26.6952653725964,278.12,195,5,0.05,"Centrophorus moluccensis",0.191635263856933,0.631020787980185,0.638106591803705,"bathydemersal","aplacental viviparous",-0.880583915497706,0.452849413974691,-0.125018809203728,"Other species"
"Chiloscyllium_plagiosum",41.8965443975088,43.1742021651893,8.2722781816142,281.58,253,0,0,"Chiloscyllium plagiosum",0.0348305999612912,-0.370285490918501,-1.67974732102371,"reef-associated","oviparous",1.40404226144552,0.709564578624328,0.483700608655853,"Other species"
"Chiloscyllium_indicum",41.7380334613896,42.3901126945578,7.38081410562217,282.42,253,0,0,"Chiloscyllium indicum",-0.388014253683104,-0.370285490918501,-1.19333671206591,"demersal","oviparous",0.323127922465816,-0.973563359793672,0.37177954371775,"Other species"
"Sinobatis_melanosoma",46.6914296175962,40.4998892068414,19.5791655629247,282.58,269,3,0.03,"Sinobatis melanosoma",NA,NA,NA,NA,NA,NA,NA,NA,"Other species"
"Neotrygon_kuhlii",41.7565526131331,41.9695127598078,7.07132101081526,282.96,242,0,0,"Neotrygon kuhlii",NA,NA,NA,NA,NA,NA,NA,NA,"Other species"
"Triakis_semifasciata",43.0574492239821,42.3414487888908,12.7732106746241,284.51,248.5,0,0,"Triakis semifasciata",1.04819535030497,-0.310736976184318,-0.738157325271781,"demersal","aplacental viviparous",1.78641102611178,0.505925127022878,-0.525428577670757,"Other species"
"Neotrygon_ningalooensis",44.7196762112116,48.260549581095,12.7126535966824,284.89,199.5,0,0,"Neotrygon ningalooensis",NA,NA,NA,NA,NA,NA,NA,NA,"Other species"
"Sinobatis_borneensis",45.8834069954601,41.3619877563914,18.3919880577264,285.85,286.5,3,0.03,"Sinobatis borneensis",NA,NA,NA,NA,NA,NA,NA,NA,"Other species"
"Rhinobatos_horkelii",46.5627948012501,43.4152123342181,19.8343271536611,287.17,276,0,0,"Rhinobatos horkelii",NA,NA,NA,NA,NA,NA,NA,NA,"Other species"
"Triakis_scyllium",42.8583107328931,41.5397677661283,12.4601013638227,287.19,280,0,0,"Triakis scyllium",0.737217842725438,-0.764801308194728,-0.244263639510015,"demersal","aplacental viviparous",1.25851065399641,0.84612077252764,-0.214163236073743,"Other species"
"Rhinobatos_percellens",48.2533900636272,43.572887952671,22.3855404775818,287.5,258,0,0,"Rhinobatos percellens",NA,NA,NA,NA,NA,NA,NA,NA,"Other species"
"Sphyrna_lewini",40.3208163520515,40.9862197695387,5.56252667473155,288.89,293.5,0,0,"Sphyrna lewini",2.1543070936817,0.297137454360657,0.799308510732174,"pelagic-oceanic","viviparous",1.69552501757383,1.71144320577106,-0.0241956201768106,"Other species"
"Deania_quadrispinosa",43.4203789537171,48.5500289654495,13.8222230455353,290.61,214,0,0,"Deania quadrispinosa",0.379695048592761,1.08851415849481,1.05376106806353,"bathydemersal","aplacental viviparous",0.152373062341362,0.750434094314579,2.45226388381651,"Other species"
"Sinobatis_bulbicauda",44.9676141041555,41.9758681425946,17.3021676711911,291.18,264,2,0.02,"Sinobatis bulbicauda",NA,NA,NA,NA,NA,NA,NA,NA,"Other species"
"Deania_profundorum",43.4203789537171,48.5500289654495,13.8222230455353,291.61,215,0,0,"Deania profundorum",-0.125546155820293,1.08851415849481,1.28571911968998,"bathydemersal","aplacental viviparous",-1.05709122877082,-1.22145452014358,0.894049501552445,"Other species"
"Gymnura_natalensis",44.530087892121,41.4041147505067,15.4926354321854,292.4,252,0,0,"Gymnura natalensis",NA,NA,NA,NA,NA,NA,NA,NA,"Other species"
"Trygonoptera_galba",42.3190362676819,40.353174677465,12.6660861737827,294.27,283.5,1,0.01,"Trygonoptera galba",NA,NA,NA,NA,NA,NA,NA,NA,"Other species"
"Neotrygon_annotata",44.1674785607472,43.5446657166905,14.9266277506703,294.5,247.5,0,0,"Neotrygon annotata",NA,NA,NA,NA,NA,NA,NA,NA,"Other species"
"Gymnura_altavela",45.8683705191754,40.7902298138671,18.9520139216475,295.08,272.5,2,0.02,"Gymnura altavela",NA,NA,NA,NA,NA,NA,NA,NA,"Other species"
"Glaucostegus_cemiculus",43.1629227953249,41.0353675338093,14.6720260534352,295.26,283,0,0,"Glaucostegus cemiculus",NA,NA,NA,NA,NA,NA,NA,NA,"Other species"
"Pastinachus_stellurostris",39.8294351060691,40.0748865814145,4.72299639994967,295.39,311,0,0,"Pastinachus stellurostris",NA,NA,NA,NA,NA,NA,NA,NA,"Other species"
"Somniosus_longus",45.205368981541,42.4121697029849,22.2332922668375,296.04,303,3,0.03,"Somniosus longus",0.436401362167431,0.215901395778141,0.922130393877688,"bathydemersal","viviparous",0.280048882419077,0.833272633552181,0.420483649403068,"Other species"
"Pastinachus_solocirostris",39.8294351060691,40.0748865814145,4.72299639994967,296.39,312,0,0,"Pastinachus solocirostris",NA,NA,NA,NA,NA,NA,NA,NA,"Other species"
"Zameus_squamulosus",41.4605123307789,41.873588025502,11.4716292975459,298.52,303,0,0,"Zameus squamulosus",-0.0429698074320399,-0.400172057159736,1.45177997307117,"benthopelagic","viviparous",-0.0339254927050679,-0.0502270321863624,-0.0968951041596251,"Other species"
"Zameus_ichiharai",41.4605123307789,41.873588025502,11.4716292975459,299.52,304,0,0,"Zameus ichiharai",NA,NA,NA,NA,NA,NA,NA,NA,"Other species"
"Sinobatis_caerulea",44.6749631534551,39.6119773960034,19.4030559209487,300.47,286,3,0.03,"Sinobatis caerulea",NA,NA,NA,NA,NA,NA,NA,NA,"Other species"
"Scymnodon_ringens",41.389347424865,42.7026583206947,11.4159078198186,303.21,280,0,0,"Scymnodon ringens",0.319881992490838,0.0480470101378987,1.18825022235108,"bathypelagic","aplacental viviparous",-0.324015416558335,-0.82650318426235,-0.78559842864783,"Other species"
"Gymnura_hirundo",43.3733200915918,40.2106256554748,15.4709941071333,304.39,284.5,1,0.01,"Gymnura hirundo",NA,NA,NA,NA,NA,NA,NA,NA,"Other species"
"Cruriraja_parcomaculata",47.5673112156228,41.5033986270413,23.3238371136444,306.08,287,5,0.05,"Cruriraja parcomaculata",NA,NA,NA,NA,NA,NA,NA,NA,"Other species"
"Centrophorus_atromarginatus",46.8684814641521,51.5112791114251,19.8275850678326,306.36,172.5,0,0,"Centrophorus atromarginatus",0.0042480970822619,0.286758337500293,0.138520102340062,"bathydemersal","aplacental viviparous",-0.924570222505969,0.574336379239066,0.720400750182556,"Other species"
"Negaprion_acutidens",39.5114042787869,40.164244838105,6.9421469300967,307.14,297,0,0,"Negaprion acutidens",1.98797559059532,0.038621940188039,-1.17514852570566,"reef-associated","viviparous",0.723623657603894,1.01170807608248,-0.738457415679503,"Other species"
"Negaprion_brevirostris",39.5114042787869,40.164244838105,6.9421469300967,308.14,298,0,0,"Negaprion brevirostris",1.83831346769932,-0.520475908686757,-1.17514852570566,"reef-associated","viviparous",0.495847796629771,0.456736950035491,-1.99866780834361,"Other species"
"Mustelus_punctulatus",43.4134632333961,38.6754123026146,15.5625049323267,309.75,253.5,0,0,"Mustelus punctulatus",1.05529601165497,-0.968585716839685,-0.49880695819036,"demersal","aplacental viviparous",0.740072516916077,0.822537636587838,0.806136913655799,"Other species"
"Gymnura_crooki",42.2338296289328,38.9800167636529,14.681964941832,310.38,284,1,0.01,"Gymnura crooki",NA,NA,NA,NA,NA,NA,NA,NA,"Other species"
"Rhinobatos_glaucostigma",42.6107828972698,43.0644086299109,15.013594711822,311.67,283.5,0,0,"Rhinobatos glaucostigma",NA,NA,NA,NA,NA,NA,NA,NA,"Other species"
"Pastinachus_atrus",39.3885437785077,38.3631489059991,6.00010355986773,313.8,310.5,0,0,"Pastinachus atrus",NA,NA,NA,NA,NA,NA,NA,NA,"Other species"
"Gymnura_bimaculata",42.900822046306,40.021492532433,15.8758227855338,316.52,270.5,1,0.01,"Gymnura bimaculata",NA,NA,NA,NA,NA,NA,NA,NA,"Other species"
"Chimaera_fulva",41.29601919148,42.0183097116468,10.9202428313819,317.78,251,0,0,"Chimaera fulva",NA,NA,NA,NA,NA,NA,NA,NA,"Other species"
"Gymnura_afuerae",41.5899094434807,39.6858539450186,13.2989498691964,319.92,280,0,0,"Gymnura afuerae",NA,NA,NA,NA,NA,NA,NA,NA,"Other species"
"Cirrhigaleus_barbifer",42.6525000884649,47.9178403611316,14.8712293800187,320.44,210,0,0,"Cirrhigaleus barbifer",0.502612771436466,-0.34047392241289,0.442823083183316,"bathydemersal","aplacental viviparous",0.00733448680401128,1.0513049206897,0.833411083772681,"Other species"
"Cirrhigaleus_australis",42.6525000884649,47.9178403611316,14.8712293800187,321.44,211,0,0,"Cirrhigaleus australis",0.47018777586468,0.44139792851482,0.429992916620062,"pelagic-oceanic","viviparous",-0.360571295578126,0.443400514594221,2.25548370837513,"Other species"
"Rhinobatos_productus",41.7745616489266,40.7926914963573,14.626537250192,321.61,333.5,0,0,"Rhinobatos productus",NA,NA,NA,NA,NA,NA,NA,NA,"Other species"
"Hongeo_koreana",41.9653567932949,44.2902133006012,14.7352616597738,323.87,225.5,0,0,"Hongeo koreana",NA,NA,NA,NA,NA,NA,NA,NA,"Other species"
"Carcharhinus_signatus",41.51908501531,41.7020630976256,13.5940342788345,325.84,243,0,0,"Carcharhinus signatus",1.57706253156878,1.08851415849481,0.37658540800809,"benthopelagic","viviparous",-0.0133436915776412,1.52450826152948,-1.13425842214705,"Other species"
"Centrophorus_zeehaani",45.0643881983549,47.4624190502009,19.3431233067974,326.2,231.5,0,0,"Centrophorus zeehaani",0.148567787462058,0.426672196932291,0.505330932529286,"bathydemersal","aplacental viviparous",-0.482280759298492,0.450104335829304,0.352726914386115,"Other species"
"Aculeola_nigra",38.2178389005712,40.6202432646814,8.06922345698952,331.58,320.5,0,0,"Aculeola nigra",-0.495717496203534,-0.284766364209126,0.319491794563654,"demersal","aplacental viviparous",-0.13384150253273,-0.496618482406305,0.635381472079355,"Other species"
"Poroderma_pantherinum",38.6825646044611,38.3245573512762,9.0384268797679,332.14,346.5,0,0,"Poroderma pantherinum",-0.134089500096964,-0.133861691814372,-0.328264389110952,"reef-associated","oviparous",1.051689995583,-0.968702373040015,-0.723805005733294,"Other species"
"Chimaera_monstrosa",39.5607318240334,39.7517994776981,9.53913021720613,332.91,276,0,0,"Chimaera monstrosa",NA,NA,NA,NA,NA,NA,NA,NA,"Other species"
"Poroderma_africanum",38.6825646044611,38.3245573512762,9.0384268797679,333.14,347.5,0,0,"Poroderma africanum",0.150650200931703,-0.490285539667899,-1.10614781234875,"demersal","oviparous",0.78273805959607,-1.39279667186542,-0.616556196760137,"Other species"
"Cruriraja_poeyi",43.6236750256983,40.7955680809782,18.7741766815541,333.98,343.5,3,0.03,"Cruriraja poeyi",NA,NA,NA,NA,NA,NA,NA,NA,"Other species"
"Cruriraja_rugosa",41.8719857218951,38.904406119807,14.8894935705162,338.8,278.5,1,0.01,"Cruriraja rugosa",NA,NA,NA,NA,NA,NA,NA,NA,"Other species"
"Acroteriobatus_leucospilus",42.4685782109762,38.1987147411457,18.6305182013208,343.19,322.5,1,0.01,"Acroteriobatus leucospilus",NA,NA,NA,NA,NA,NA,NA,NA,"Other species"
"Cruriraja_cadenati",42.8848866369977,38.6840122952815,19.0823177848743,343.71,323.5,2,0.02,"Cruriraja cadenati",NA,NA,NA,NA,NA,NA,NA,NA,"Other species"
"Holohalaelurus_regani",41.0360742869991,36.304701986211,16.5409356151493,345.88,343,3,0.03,"Holohalaelurus regani",-0.307657711467705,0.0692188614603802,0.859155967538692,"bathydemersal","oviparous",0.78753064772862,0.782629589517611,0.855865231106756,"Other species"
"Atlantoraja_castelnaui",37.1708593110439,36.9254888295197,5.35039564997771,346.67,347,0,0,"Atlantoraja castelnaui",NA,NA,NA,NA,NA,NA,NA,NA,"Other species"
"Cruriraja_durbanensis",43.7237525560309,37.1374125602235,20.540112514626,348.9,334,2,0.02,"Cruriraja durbanensis",NA,NA,NA,NA,NA,NA,NA,NA,"Other species"
"Rhinobatos_prahli",42.8612084839367,38.4873684084094,20.2062833369333,348.93,322,2,0.02,"Rhinobatos prahli",NA,NA,NA,NA,NA,NA,NA,NA,"Other species"
"Deania_hystricosa",39.5112872671431,43.9927914852351,12.6018861536295,349.64,269,0,0,"Deania hystricosa",0.143696323939145,0.550831669333449,1.07419492518215,"bathydemersal","aplacental viviparous",-0.448084411968359,-0.484540931072985,-0.723354199999092,"Other species"
"Narcine_timlei",44.1917449050919,39.1983448911056,20.746580147465,349.81,332,3,0.03,"Narcine timlei",NA,NA,NA,NA,NA,NA,NA,NA,"Other species"
"Gymnura_tentaculata",40.4257010378457,37.5425687347803,15.3405071141592,349.94,329,1,0.01,"Gymnura tentaculata",NA,NA,NA,NA,NA,NA,NA,NA,"Other species"
"Trygonoptera_imitata",36.7309490076015,37.2562228590825,5.00764941411659,350.32,353,0,0,"Trygonoptera imitata",NA,NA,NA,NA,NA,NA,NA,NA,"Other species"
"Deania_calcea",39.5112872671431,43.9927914852351,12.6018861536295,350.64,270,0,0,"Deania calcea",NA,NA,NA,NA,NA,NA,NA,NA,"Other species"
"Trygonoptera_mucosa",36.697378671167,37.2562228590825,5.0713645659637,351.76,354,0,0,"Trygonoptera mucosa",NA,NA,NA,NA,NA,NA,NA,NA,"Other species"
"Rioraja_agassizii",38.0827629778437,39.0898047982421,8.59387027459127,352.44,314,0,0,"Rioraja agassizii",NA,NA,NA,NA,NA,NA,NA,NA,"Other species"
"Rhinobatos_planiceps",42.8502176360571,40.1137442647484,19.2791315434291,353.18,306,3,0.03,"Rhinobatos planiceps",NA,NA,NA,NA,NA,NA,NA,NA,"Other species"
"Acroteriobatus_annulatus",42.0310694287633,37.46407437794,18.5988281867906,353.81,328,0,0,"Acroteriobatus annulatus",NA,NA,NA,NA,NA,NA,NA,NA,"Other species"
"Squatina_armata",38.0719063738552,41.1206554998507,10.6595958037408,354.53,318.5,0,0,"Squatina armata",0.429792769549216,-0.435747331992692,-0.411335587632152,"demersal","aplacental viviparous",0.0895061640939315,0.187444061066363,0.452165009296041,"Other species"
"Rhinobatos_leucorhynchus",44.2476950021073,40.5411607168155,22.7808057094468,354.95,329.5,2,0.02,"Rhinobatos leucorhynchus",NA,NA,NA,NA,NA,NA,NA,NA,"Other species"
"Myliobatis_californicus",39.3360838981636,37.6740773881425,12.7240237526089,355.38,280,0,0,"Myliobatis californicus",NA,NA,NA,NA,NA,NA,NA,NA,"Other species"
"Holohalaelurus_melanostigma",40.721667837142,37.5275754000103,17.2198814947379,355.69,372,1,0.01,"Holohalaelurus melanostigma",-1.09622896271253,0.0204960488702984,0.4529458903465,"bathydemersal","oviparous",-0.835468674915995,0.507184833461961,0.0331583805141399,"Other species"
"Triakis_acutipinna",39.4481678803481,38.038913579422,14.4041295935853,355.81,349,0,0,"Triakis acutipinna",0.136706322748206,-0.265363200020381,-0.951536558028278,"demersal","aplacental viviparous",-0.0418934465026695,0.880164575844801,0.152167083086011,"Other species"
"Rhinobatos_albomaculatus",40.7677328195413,36.5139886682378,16.8223210179472,358.37,366.5,1,0.01,"Rhinobatos albomaculatus",NA,NA,NA,NA,NA,NA,NA,NA,"Other species"
"Holohalaelurus_punctatus",39.4612276295584,37.3768103806598,14.2898139113188,358.48,357,0,0,"Holohalaelurus punctatus",-1.40615570589879,0.183724515776882,0.119923158665198,"bathydemersal","oviparous",-0.668530913970394,-0.155369246622996,-0.135468612232162,"Other species"
"Irolita_waitii",37.6204053841911,35.2176227026622,9.56485942442327,359.04,348.5,0,0,"Irolita waitii",NA,NA,NA,NA,NA,NA,NA,NA,"Other species"
"Acroteriobatus_zanzibarensis",42.4603227532654,38.4364557876868,21.9574292923401,359.43,340,2,0.02,"Acroteriobatus zanzibarensis",NA,NA,NA,NA,NA,NA,NA,NA,"Other species"
"Squatina_australis",37.0987994495907,39.5536914978298,8.7191526095005,359.88,345,0,0,"Squatina australis",0.75504025166635,-0.34047392241289,-0.328264389110952,"demersal","aplacental viviparous",0.571575484207212,0.151759806940492,0.0538238985540717,"Other species"
"Apristurus_macrorhynchus",40.6405512101546,39.067365879793,14.9855433895931,359.89,292,0,0,"Apristurus macrorhynchus",-0.36747076756963,0.0458236967420432,0.590375004644709,"bathydemersal","oviparous",-0.362974764424686,-0.908417533315938,-0.48523322740843,"Other species"
"Irolita_westraliensis",37.6204053841911,35.2176227026622,9.56485942442327,360.04,349.5,0,0,"Irolita westraliensis",NA,NA,NA,NA,NA,NA,NA,NA,"Other species"
"Benthobatis_moresbyi",39.9355048713932,36.4430310013326,16.4898297453997,362.05,356.5,1,0.01,"Benthobatis moresbyi",NA,NA,NA,NA,NA,NA,NA,NA,"Other species"
"Acroteriobatus_ocellatus",41.6822671100539,38.2886978338111,19.2509685697818,362.44,353.5,1,0.01,"Acroteriobatus ocellatus",NA,NA,NA,NA,NA,NA,NA,NA,"Other species"
"Triakis_maculata",38.6740827032158,37.5138564860751,13.6008680314691,362.75,365,0,0,"Triakis maculata",0.982544661605328,-1.89707707689491,0.000589523609583658,"demersal","aplacental viviparous",0.380818271899438,0.85559633877682,-0.280658404912214,"Other species"
"Apristurus_exsanguis",40.6206640310907,39.0473441420979,15.477670476775,362.9,306,0,0,"Apristurus exsanguis",0.0617729242155962,-0.0158186160825702,0.950184916683047,"bathydemersal","oviparous",-0.18182861015856,-0.883468939104665,-0.551992286471788,"Other species"
"Cruriraja_andamanica",40.1988064847513,34.899148946037,15.8849944771108,363.26,328.5,1,0.01,"Cruriraja andamanica",NA,NA,NA,NA,NA,NA,NA,NA,"Other species"
"Glaucostegus_microphthalmus",40.8332261892195,36.836182465805,18.7087836564937,364.42,358,3,0.03,"Glaucostegus microphthalmus",NA,NA,NA,NA,NA,NA,NA,NA,"Other species"
"Somniosus_microcephalus",36.663435161515,39.389862428254,8.94782492007554,367,338.5,0,0,"Somniosus microcephalus",2.32594056410828,0.603552790042962,1.70623253040252,"benthopelagic","aplacental viviparous",1.91071828588049,-0.1118523775297,-0.491655199748263,"Other species"
"Myliobatis_goodei",41.4928898843592,33.7016179393852,18.9413873236453,367.77,355.5,0,0,"Myliobatis goodei",NA,NA,NA,NA,NA,NA,NA,NA,"Other species"
"Diplobatis_colombiensis",38.7537423087921,35.4188532361048,13.3696184660093,369.02,367,1,0.01,"Diplobatis colombiensis",NA,NA,NA,NA,NA,NA,NA,NA,"Other species"
"Scoliodon_macrorhynchos",35.4658186681303,35.915481882559,5.0361020650224,372.25,378.5,0,0,"Scoliodon macrorhynchos",-0.182072847605498,-0.356852313594203,-1.211219682791,"demersal","viviparous",0.559269773376967,0.828360153280924,0.174587712095067,"Other species"
"Halaelurus_sellus",37.9826252292476,39.5301446441386,10.7631619538284,372.67,319.5,0,0,"Halaelurus sellus",-1.08228516445578,-0.8051566683448,-0.69677224361123,"demersal","oviparous",-0.1719615853803,0.621167804209325,0.507814611610499,"Other species"
"Rhinobatos_sainsburyi",40.6559597640164,36.8743990553931,17.9025425686918,373.08,369,0,0,"Rhinobatos sainsburyi",NA,NA,NA,NA,NA,NA,NA,NA,"Other species"
"Scoliodon_laticaudus",35.4658186681303,35.915481882559,5.0361020650224,373.25,379.5,0,0,"Scoliodon laticaudus",0.191635263856933,0.0115489830270567,-2.79449005430358,"demersal","viviparous",1.12802882339071,0.671582961021508,-0.783348062516794,"Other species"
"Diplobatis_guamachensis",38.784444874693,35.7437299899733,13.3804930537984,373.61,399,1,0.01,"Diplobatis guamachensis",NA,NA,NA,NA,NA,NA,NA,NA,"Other species"
"Centrophorus_westraliensis",41.2195115183007,40.2969957487056,18.6101270366604,373.79,333.5,0,0,"Centrophorus westraliensis",0.0632539938616322,0.413205865700679,0.561243205064146,"bathydemersal","viviparous",-0.702600518170186,0.190207983669334,0.59982849195159,"Other species"
"Centrophorus_tessellatus",40.670615285597,40.7547439251123,17.285724821958,373.99,324.5,1,0.01,"Centrophorus tessellatus",0.0348305999612912,0.0538509854634739,0.541140293427487,"benthopelagic","aplacental viviparous",-0.522757986230692,1.25843930503738,0.79455880379639,"Other species"
"Benthobatis_marcida",38.4656160835566,34.2209822970224,13.6841315411762,376.52,376,1,0.01,"Benthobatis marcida",NA,NA,NA,NA,NA,NA,NA,NA,"Other species"
"Acroteriobatus_salalah",38.9989531584284,35.7192218240196,15.0115665673211,376.57,377,1,0.01,"Acroteriobatus salalah",NA,NA,NA,NA,NA,NA,NA,NA,"Other species"
"Proscyllium_magnificum",38.5188257079303,36.9864991078624,13.9782659715399,377,354.5,0,0,"Proscyllium magnificum",-0.768228516480791,0.353357893115384,-0.804395000447007,"pelagic-oceanic","viviparous",-1.29122244425054,0.483530808949283,0.60417449975063,"Other species"
"Diplobatis_pictus",38.0776481027881,35.8666361239,12.4291546621475,377.13,374,1,0.01,"Diplobatis pictus",NA,NA,NA,NA,NA,NA,NA,NA,"Other species"
"Rhinobatos_rhinobatos",42.8336864341554,35.6413645297538,23.136434708336,377.33,396.5,4,0.04,"Rhinobatos rhinobatos",NA,NA,NA,NA,NA,NA,NA,NA,"Other species"
"Holohalaelurus_grennian",37.7629197238977,35.6865957562322,13.1547357649637,378.93,398.5,1,0.01,"Holohalaelurus grennian",-0.419290238945249,0.195644715548924,-0.361238040604301,"pelagic-oceanic","oviparous",-0.319356400285489,0.383440643548187,-0.0958202808618519,"Other species"
"Apristurus_longicephalus",38.3089005438457,39.2521224227143,12.4537302336678,379.03,328.5,0,0,"Apristurus longicephalus",-0.495717496203534,0.111979297186043,0.756861813574363,"bathydemersal","oviparous",-0.252120198303077,-0.803365342210535,-0.560665825207331,"Other species"
"Acroteriobatus_blochii",40.9927817755962,37.2966456429564,19.3395469505713,379.42,372.5,1,0.01,"Acroteriobatus blochii",NA,NA,NA,NA,NA,NA,NA,NA,"Other species"
"Centrophorus_lusitanicus",40.6943777574046,39.5943536720687,19.7368345108155,379.57,323.5,2,0.02,"Centrophorus lusitanicus",0.824059082808673,0.902263251355106,1.07774910029467,"bathydemersal","aplacental viviparous",0.136241243140017,-0.172420967601594,0.369230765960085,"Other species"
"Rhinobatos_holcorhynchus",40.5045455783894,36.5861902462342,18.5119739032273,380.22,361.5,0,0,"Rhinobatos holcorhynchus",NA,NA,NA,NA,NA,NA,NA,NA,"Other species"
"Benthobatis_kreffti",38.1188728413715,34.2475349601936,13.3458929077225,380.87,376.5,0,0,"Benthobatis kreffti",NA,NA,NA,NA,NA,NA,NA,NA,"Other species"
"Rhinobatos_lionotus",40.042576783937,35.7591934266843,17.4915023540566,381.86,380.5,0,0,"Rhinobatos lionotus",NA,NA,NA,NA,NA,NA,NA,NA,"Other species"
"Glaucostegus_granulatus",38.9546643931483,35.4151758841722,16.6194633516535,381.87,391,1,0.01,"Glaucostegus granulatus",NA,NA,NA,NA,NA,NA,NA,NA,"Other species"
"Benthobatis_yangi",38.6243499581532,34.8023153744255,14.7875039955422,382.15,384.5,0,0,"Benthobatis yangi",NA,NA,NA,NA,NA,NA,NA,NA,"Other species"
"Proscyllium_habereri",38.4883989927828,37.4497146831844,14.7723470411274,382.69,379,0,0,"Proscyllium habereri",-0.473476126958435,0.0692185322722199,-1.10614781234875,"demersal","oviparous",0.0546664623045914,0.607229533959976,0.668197996115892,"Other species"
"Raja_velezi",36.1640634207607,35.1364887826437,9.74277899419451,384.29,385,0,0,"Raja velezi",NA,NA,NA,NA,NA,NA,NA,NA,"Other species"
"Myliobatis_australis",39.0990035701941,33.4780600148931,15.3322408731434,384.3,345.5,0,0,"Myliobatis australis",NA,NA,NA,NA,NA,NA,NA,NA,"Other species"
"Raja_eglanteria",36.1640634207607,35.1364887826437,9.74277899419451,385.29,386,0,0,"Raja eglanteria",NA,NA,NA,NA,NA,NA,NA,NA,"Other species"
"Glaucostegus_obtusus",39.2559402074025,35.5250828758962,18.0291438744574,385.79,385.5,2,0.02,"Glaucostegus obtusus",NA,NA,NA,NA,NA,NA,NA,NA,"Other species"
"Chiloscyllium_arabicum",35.8598308594203,34.8530396591153,8.89538075696975,386.49,384,0,0,"Chiloscyllium arabicum",-0.1865210242292,-0.133861691814372,-1.10614781234875,"demersal","oviparous",1.16707572676294,0.440514001506737,0.139059548740645,"Other species"
"Proscyllium_venustum",37.7954976613334,36.5349748485553,13.3570912678345,386.78,375.5,0,0,"Proscyllium venustum",-0.495717496203534,-0.317348869714039,-1.10614781234875,"demersal","oviparous",0.440371224103902,-0.79767801747484,-0.0453029334773826,"Other species"
"Holohalaelurus_favus",37.4096874161973,34.6802727515274,12.9742534724709,386.91,402,0,0,"Holohalaelurus favus",-0.701270812425079,0.152608992783608,0.799308510732174,"pelagic-oceanic","oviparous",-0.472425248851102,-0.767532898255209,-0.790484900952319,"Other species"
"Centrophorus_seychellorum",40.4802903231392,40.218703666344,18.8582087624834,390.11,359,1,0.01,"Centrophorus seychellorum",-0.242007079446607,0.33202972258587,0.799308510732174,"bathydemersal","viviparous",-0.466622570387719,0.96441092447264,1.45084002775494,"Other species"
"Squatina_japonica",37.6971980003111,35.0596338648653,12.7585836578639,391.22,345.5,0,0,"Squatina japonica",1.12431484279729,-1.89707707689491,-0.15029013466575,"demersal","aplacental viviparous",0.912263976169507,0.412438449830721,-0.178091492097815,"Other species"
"Diplobatis_ommata",36.4445582649074,34.9658662252671,9.97917368473194,392.68,400.5,0,0,"Diplobatis ommata",NA,NA,NA,NA,NA,NA,NA,NA,"Other species"
"Chiloscyllium_burmensis",35.9713260985361,34.1824135657402,10.0837982065678,395.04,389.5,0,0,"Chiloscyllium burmensis",NA,NA,NA,NA,NA,NA,NA,NA,"Other species"
"Glaucostegus_spinosus",38.249899463344,36.9840189625451,17.2470375577531,395.67,382,1,0.01,"Glaucostegus spinosus",NA,NA,NA,NA,NA,NA,NA,NA,"Other species"
"Mobula_japanica",36.6627357313072,36.3685281107743,10.3684196953201,396.6,360.5,0,0,"Mobula japanica",NA,NA,NA,NA,NA,NA,NA,NA,"Other species"
"Rhinobatos_irvinei",41.8463414653913,36.1236714686484,25.6417781903918,398.35,360.5,4,0.04,"Rhinobatos irvinei",NA,NA,NA,NA,NA,NA,NA,NA,"Other species"
"Squatina_tergocellatoides",37.1507083900496,32.1156024288703,13.1673300219901,399.19,370,0,0,"Squatina tergocellatoides",-0.43006680750389,-0.873150382432447,-0.311006150832121,"demersal","aplacental viviparous",-1.45340217788979,0.529357445094426,0.444088829247327,"Other species"
"Dasyatis_say",36.3996448050179,35.7967209006278,10.9039136875479,399.5,361,0,0,"Dasyatis say",NA,NA,NA,NA,NA,NA,NA,NA,"Other species"
"Cruriraja_atlantis",38.1671222549444,34.0963405906741,16.3596661799271,399.87,393.5,1,0.01,"Cruriraja atlantis",NA,NA,NA,NA,NA,NA,NA,NA,"Other species"
"Himantura_granulata",36.0792900156372,33.9198439271242,9.31014055534418,400.92,409,0,0,"Himantura granulata",NA,NA,NA,NA,NA,NA,NA,NA,"Other species"
"Centrophorus_isodon",38.3416424070868,41.4622880344078,14.9905211831649,401.51,329,0,0,"Centrophorus isodon",0.295191901544862,0.189739412580779,0.583021545283748,"bathydemersal","aplacental viviparous",-0.544789395847711,1.09044620841939,0.119272586787241,"Other species"
"Eridacnis_barbouri",37.7293427534813,35.635659949087,15.7755322161311,402,415,1,0.01,"Eridacnis barbouri",1.12431484279729,-0.826675947104737,0.442823083183316,"bathydemersal","viviparous",3.16208129283527,0.63776610801451,-0.798979130899807,"Other species"
"Eridacnis_sinuans",37.1226593078286,36.1277902455093,13.9338832468411,402.07,402.5,0,0,"Eridacnis sinuans",-1.14620295819821,0.212179388818748,0.191927610952034,"bathydemersal","aplacental viviparous",-1.25600401857369,0.683319467152221,1.37362043435874,"Other species"
"Dasyatis_dipterura",36.028185642015,34.8137419055973,10.2960204727222,402.57,356,0,0,"Dasyatis dipterura",NA,NA,NA,NA,NA,NA,NA,NA,"Other species"
"Somniosus_pacificus",34.7537653915765,37.2101420789649,8.28724825375414,404.25,378,0,0,"Somniosus pacificus",2.16986301495159,0.0692185322722199,1.45365858719606,"benthopelagic","aplacental viviparous",1.67317857008614,-0.303549557301838,-0.407998720879545,"Other species"
"Etmopterus_pseudosqualiolus",36.6380787761126,33.0406514720376,12.0148988786532,404.3,282,0,0,"Etmopterus pseudosqualiolus",-0.933079392439463,0.147643864870462,0.92923369214112,"bathydemersal","viviparous",-0.946765999671464,0.144224849952777,1.32632394960339,"Other species"
"Somniosus_antarcticus",34.7451879832072,37.2101420789649,8.27790278029281,404.71,378.5,0,0,"Somniosus antarcticus",2.16676618457824,1.00904962264125,0.91496559443132,"benthopelagic","viviparous",1.90966997668208,-0.454181009156706,-0.392887667451354,"Other species"
"Orectolobus_ornatus",37.3011488642495,37.2909022860287,14.4491990252206,404.72,396,0,0,"Orectolobus ornatus",1.62428043608308,-0.370285490918501,-1.10614781234875,"reef-associated","aplacental viviparous",2.50351920156717,-1.76160704409523,-0.195962971649399,"Other species"
"Himantura_polylepis",35.8902168796982,33.942371282539,8.98837694743383,404.73,372,0,0,"Himantura polylepis",NA,NA,NA,NA,NA,NA,NA,NA,"Other species"
"Hydrolagus_alberti",36.7770473620306,34.9389060045387,12.8371602227294,406.58,382.5,0,0,"Hydrolagus alberti",NA,NA,NA,NA,NA,NA,NA,NA,"Other species"
"Glaucostegus_halavi",37.4113094562534,34.4026434123208,15.6014647001843,406.7,413.5,1,0.01,"Glaucostegus halavi",NA,NA,NA,NA,NA,NA,NA,NA,"Other species"
"Hydrolagus_africanus",35.2283694507436,34.6165231203761,7.74187973009898,407.11,372,0,0,"Hydrolagus africanus",NA,NA,NA,NA,NA,NA,NA,NA,"Other species"
"Eridacnis_radcliffei",36.37191634714,36.225412689546,12.490989925975,408.03,410,0,0,"Eridacnis radcliffei",-1.7569817173333,0.155498792595447,0.57871148779776,"bathydemersal","aplacental viviparous",-1.32297767772389,0.0706580242254527,1.15830186917741,"Other species"
"Hydrolagus_mitsukurii",35.218162372995,34.8478736595591,7.82195371653927,408.11,371,0,0,"Hydrolagus mitsukurii",NA,NA,NA,NA,NA,NA,NA,NA,"Other species"
"Etmopterus_sentosus",35.9425586596237,34.715437554648,11.0130601533705,409.12,372,0,0,"Etmopterus sentosus",-1.57016725633585,0.197967319265781,0.225709002057216,"bathydemersal","viviparous",0.107363075244613,-0.764510043396344,2.62159083901619,"Other species"
"Apristurus_australis",37.5303114828904,38.2610537705404,13.8040668119677,409.44,313,0,0,"Apristurus australis",-0.46030569099749,0.0502962336499266,0.827776694714166,"bathypelagic","oviparous",-0.483702134204244,-0.572751784778294,-1.06304932388224,"Other species"
"Hydrolagus_alphus",38.3338422179256,32.8276616478594,18.5778630191558,409.63,420.5,2,0.02,"Hydrolagus alphus",NA,NA,NA,NA,NA,NA,NA,NA,"Other species"
"Pteroplatytrygon_violacea",37.0878294913835,39.8588751225113,13.698097480916,410.66,327,0,0,"Pteroplatytrygon violacea",NA,NA,NA,NA,NA,NA,NA,NA,"Other species"
"Himantura_oxyrhyncha",34.7337984641299,35.0204601281835,4.74667524919877,410.89,430,0,0,"Himantura oxyrhyncha",NA,NA,NA,NA,NA,NA,NA,NA,"Other species"
"Myliobatis_aquila",35.2286730203925,35.3786493154898,10.332749210824,413.23,360,0,0,"Myliobatis aquila",NA,NA,NA,NA,NA,NA,NA,NA,"Other species"
"Rhynchobatus_luebberti",36.6489225979283,34.6229138753706,14.8655372071717,413.61,452.5,1,0.01,"Rhynchobatus luebberti",NA,NA,NA,NA,NA,NA,NA,NA,"Other species"
"Rhinobatos_punctifer",38.3072492814182,35.4592961104405,17.9629359932417,413.76,413.5,1,0.01,"Rhinobatos punctifer",NA,NA,NA,NA,NA,NA,NA,NA,"Other species"
"Mustelus_sinusmexicanus",36.1900576465482,38.5270381563505,12.1610044897795,414.07,369,0,0,"Mustelus sinusmexicanus",0.338106725310744,0.16404500539963,-0.347890506617741,"pelagic-oceanic","aplacental viviparous",-0.923996186910234,0.898399954315099,0.123986760514691,"Other species"
"Centrophorus_harrissoni",37.752270216389,40.4139856260044,15.0481629006925,415.53,344,0,0,"Centrophorus harrissoni",0.336899411041985,0.17427339094611,0.604241404519359,"bathydemersal","aplacental viviparous",-0.659501482925639,0.809673370871213,0.67406483991993,"Other species"
"Hydrolagus_homonycteris",37.0818724120498,33.1333287732246,14.4597521249591,415.71,398,1,0.01,"Hydrolagus homonycteris",NA,NA,NA,NA,NA,NA,NA,NA,"Other species"
"Hydrolagus_pallidus",36.6658055830109,34.3360644872159,13.2145617274504,415.86,394,0,0,"Hydrolagus pallidus",NA,NA,NA,NA,NA,NA,NA,NA,"Other species"
"Chimaera_panthera",34.3399472174506,34.5401743576238,6.11208033992126,415.92,389,0,0,"Chimaera panthera",NA,NA,NA,NA,NA,NA,NA,NA,"Other species"
"Electrolux_addisoni",37.575019677108,35.7270572453111,15.3907754822422,416.87,364,0,0,"Electrolux addisoni",NA,NA,NA,NA,NA,NA,NA,NA,"Other species"
"Temera_hardwickii",38.0776799346923,34.9252528211096,16.7545799286946,416.96,385,1,0.01,"Temera hardwickii",NA,NA,NA,NA,NA,NA,NA,NA,"Other species"
"Hydrolagus_bemisi",34.2808270197207,35.2475326750918,6.54722622257073,417.12,384,0,0,"Hydrolagus bemisi",NA,NA,NA,NA,NA,NA,NA,NA,"Other species"
"Urobatis_halleri",34.2668386317276,34.2427388191157,7.10650158215633,417.81,400.5,0,0,"Urobatis halleri",NA,NA,NA,NA,NA,NA,NA,NA,"Other species"
"Chimaera_bahamaensis",36.9137629187384,33.0877194845032,14.7546197935753,418.25,444,1,0.01,"Chimaera bahamaensis",NA,NA,NA,NA,NA,NA,NA,NA,"Other species"
"Galeus_murinus",37.7596803110562,36.1259783399346,16.1573730579377,421.77,384.5,0,0,"Galeus murinus",-0.43006680750389,-0.791122991139393,0.950184916683047,"bathydemersal","oviparous",1.12923309979964,-0.940028138943321,-0.517688309355376,"Other species"
"Chimaera_argiloba",36.8081620906685,33.8709767470199,14.3217764581074,422.46,424,1,0.01,"Chimaera argiloba",NA,NA,NA,NA,NA,NA,NA,NA,"Other species"
"Hydrolagus_lusitanicus",35.6547835931015,34.2000453436563,11.5434035333413,423,393.5,0,0,"Hydrolagus lusitanicus",NA,NA,NA,NA,NA,NA,NA,NA,"Other species"
"Urobatis_marmoratus",36.737235771221,34.3968260461715,14.5466431962141,424.3,398,0,0,"Urobatis marmoratus",NA,NA,NA,NA,NA,NA,NA,NA,"Other species"
"Rhynchobatus_springeri",36.0378277174106,33.9970457184508,14.9501810044575,424.31,472,1,0.01,"Rhynchobatus springeri",NA,NA,NA,NA,NA,NA,NA,NA,"Other species"
"Rhinobatos_nudidorsalis",37.2484979665231,33.9527009861286,16.0739344005789,424.4,411,0,0,"Rhinobatos nudidorsalis",NA,NA,NA,NA,NA,NA,NA,NA,"Other species"
"Hydrolagus_mccoskeri",35.4504515121755,32.9526708746534,12.4443799546599,429.49,409.5,0,0,"Hydrolagus mccoskeri",NA,NA,NA,NA,NA,NA,NA,NA,"Other species"
"Chimaera_notafricana",35.6809175336649,32.5577394347067,13.1261161107227,430.21,417,0,0,"Chimaera notafricana",NA,NA,NA,NA,NA,NA,NA,NA,"Other species"
"Hydrolagus_novaezealandiae",33.7941704225868,34.0545454584435,7.05923353380167,430.34,390,0,0,"Hydrolagus novaezealandiae",NA,NA,NA,NA,NA,NA,NA,NA,"Other species"
"Chimaera_obscura",36.4766665072945,32.3611334897905,16.2035619363086,430.6,411,1,0.01,"Chimaera obscura",NA,NA,NA,NA,NA,NA,NA,NA,"Other species"
"Hydrolagus_macrophthalmus",35.3743818214471,33.4057706765627,12.6071179064523,431.44,434.5,0,0,"Hydrolagus macrophthalmus",NA,NA,NA,NA,NA,NA,NA,NA,"Other species"
"Chimaera_cubana",35.2873557202478,33.3920306858067,14.2180447222061,431.72,428.5,1,0.01,"Chimaera cubana",NA,NA,NA,NA,NA,NA,NA,NA,"Other species"
"Himantura_signifer",33.900023930971,34.8102142749678,5.64140702868135,431.76,433,0,0,"Himantura signifer",NA,NA,NA,NA,NA,NA,NA,NA,"Other species"
"Himantura_gerrardi",33.3905404442667,33.9681659891507,3.94438006387899,432.38,475,0,0,"Himantura gerrardi",NA,NA,NA,NA,NA,NA,NA,NA,"Other species"
"Paratrygon_aiereba",34.5227699365344,37.101300333242,9.35040663893164,432.77,345.5,0,0,"Paratrygon aiereba",NA,NA,NA,NA,NA,NA,NA,NA,"Other species"
"Hydrolagus_eidolon",35.8816791025614,31.5069807808226,14.6408185488031,433.03,437,1,0.01,"Hydrolagus eidolon",NA,NA,NA,NA,NA,NA,NA,NA,"Other species"
"Crassinarke_dormitor",36.3941043458848,34.8613045405507,14.3551053294909,433.69,398,0,0,"Crassinarke dormitor",NA,NA,NA,NA,NA,NA,NA,NA,"Other species"
"Raja_inornata",34.5174053273372,33.3162844660882,10.8289681128722,433.8,381.5,0,0,"Raja inornata",NA,NA,NA,NA,NA,NA,NA,NA,"Other species"
"Myliobatis_tobijei",34.4418468926692,33.1548892757285,10.1697072722164,434.55,383,0,0,"Myliobatis tobijei",NA,NA,NA,NA,NA,NA,NA,NA,"Other species"
"Hydrolagus_deani",35.9432045930205,33.6302449596484,15.8143948838462,434.98,428,1,0.01,"Hydrolagus deani",NA,NA,NA,NA,NA,NA,NA,NA,"Other species"
"Rhynchobatus_palpebratus",33.2917733395222,35.5393163762477,7.97289117049205,435.33,429.5,0,0,"Rhynchobatus palpebratus",NA,NA,NA,NA,NA,NA,NA,NA,"Other species"
"Oxynotus_centrina",34.1115286742361,32.9268951857683,10.0089850589856,436.72,405.5,0,0,"Oxynotus centrina",0.737217842725438,-3.48923733146505,1.02213189967116,"bathydemersal","aplacental viviparous",0.867253989072758,1.01119999169029,1.92229713027793,"Other species"
"Pastinachus_sephen",32.575216269902,32.9899782952834,3.74925641833706,437.41,460,0,0,"Pastinachus sephen",NA,NA,NA,NA,NA,NA,NA,NA,"Other species"
"Urobatis_tumbesensis",36.3665921675929,32.630442284758,15.485879712607,438.02,420.5,0,0,"Urobatis tumbesensis",NA,NA,NA,NA,NA,NA,NA,NA,"Other species"
"Pastinachus_gracilicaudus",32.575216269902,32.9899782952834,3.74925641833706,438.41,461,0,0,"Pastinachus gracilicaudus",NA,NA,NA,NA,NA,NA,NA,NA,"Other species"
"Rhynchobatus_laevis",33.1619450704557,35.4620875348448,7.99161631483631,439.85,431,0,0,"Rhynchobatus laevis",NA,NA,NA,NA,NA,NA,NA,NA,"Other species"
"Rhinobatos_hynnicephalus",38.469034325592,33.8478697637854,20.5294516495409,440.88,486,2,0.02,"Rhinobatos hynnicephalus",NA,NA,NA,NA,NA,NA,NA,NA,"Other species"
"Himantura_hortlei",33.21384278224,33.7633778941777,4.88477849869955,441.61,459,0,0,"Himantura hortlei",NA,NA,NA,NA,NA,NA,NA,NA,"Other species"
"Figaro_boardmani",33.5885236492076,33.8705613967376,9.62807631614614,443.95,444.5,0,0,"Figaro boardmani",-0.473476126958435,0.126609483574854,0.638106591803705,"bathydemersal","oviparous",-0.309917241281474,-1.34275484420705,-0.506928765786328,"Other species"
"Figaro_striatus",33.5885236492076,33.8705613967376,9.62807631614614,444.95,445.5,0,0,"Figaro striatus",-1.05822573476065,0.214749101389275,0.0794538320219948,"bathydemersal","oviparous",-0.569844204111643,-0.56590459170622,0.0219065678625824,"Other species"
"Etmopterus_schultzi",33.6782025770925,34.0733540676079,9.078078257931,445.29,349,0,0,"Etmopterus schultzi",-1.49741590628621,0.224016552418168,0.799308510732174,"bathydemersal","viviparous",-1.15958673206368,0.0565052839812021,1.45765764460053,"Other species"
"Narcine_brevilabiata",34.9612666100751,31.3998529239208,12.5221905022686,446.03,446.5,0,0,"Narcine brevilabiata",NA,NA,NA,NA,NA,NA,NA,NA,"Other species"
"Chimaera_macrospina",35.4687489102193,31.54641121216,14.4652833362203,446.14,426,0,0,"Chimaera macrospina",NA,NA,NA,NA,NA,NA,NA,NA,"Other species"
"Narcine_ornata",36.0462764926272,32.7342553263731,14.9192439233964,448.26,434,0,0,"Narcine ornata",NA,NA,NA,NA,NA,NA,NA,NA,"Other species"
"Himantura_fai",33.0030757841175,33.7801863175567,5.18840123768123,448.91,463.5,0,0,"Himantura fai",NA,NA,NA,NA,NA,NA,NA,NA,"Other species"
"Chimaera_jordani",35.1705892172545,32.5932710244616,13.264334854236,449.18,466.5,0,0,"Chimaera jordani",NA,NA,NA,NA,NA,NA,NA,NA,"Other species"
"Sphyrna_corona",32.104924101699,32.711841106535,4.22497896459666,449.46,460,0,0,"Sphyrna corona",0.0794392886041449,-0.355361458120164,-1.10614781234875,"demersal","viviparous",-0.13384150253273,1.94771794731232,0.733770197982158,"Other species"
"Narcine_lingula",36.7230331245881,31.4265427325247,18.9885798068003,449.82,439,2,0.02,"Narcine lingula",NA,NA,NA,NA,NA,NA,NA,NA,"Other species"
"Centroscymnus_owstonii",32.570902952295,35.1139724960108,7.40778954783578,450.86,427,0,0,"Centroscymnus owstonii",0.719156199682506,1.08851415849481,1.1348427137391,"bathydemersal","aplacental viviparous",0.29563929531618,0.532461232080511,1.07310824177327,"Other species"
"Etmopterus_gracilispinis",33.6851370966965,32.942197302623,9.3268504828173,451.84,342.5,0,0,"Etmopterus gracilispinis",-1.25998102911036,0.493041259961954,0.950184916683047,"pelagic-oceanic","viviparous",-1.0039478878365,-0.899765215461691,2.12835652491566,"Other species"
"Hydrolagus_marmoratus",35.3426994741548,31.3087321397125,14.1279101628466,452.17,481,0,0,"Hydrolagus marmoratus",NA,NA,NA,NA,NA,NA,NA,NA,"Other species"
"Narcine_brunnea",35.2936273303018,32.1514300185772,12.914138636282,453.33,465,0,0,"Narcine brunnea",NA,NA,NA,NA,NA,NA,NA,NA,"Other species"
"Glaucostegus_thouin",32.9981381424412,33.8336721601485,9.11555569883069,455.39,446,0,0,"Glaucostegus thouin",NA,NA,NA,NA,NA,NA,NA,NA,"Other species"
"Carcharhinus_fitzroyensis",32.9955517735319,35.9329047999639,9.09296276510454,456.24,396.5,0,0,"Carcharhinus fitzroyensis",0.595447661533478,0.403902038617322,-1.86440511807977,"demersal","viviparous",-0.938742403457625,1.64794471835459,-0.744553463368247,"Other species"
"Atlantoraja_platana",31.8901088631239,31.8063151341083,4.91031099689824,458.76,459.5,0,0,"Atlantoraja platana",NA,NA,NA,NA,NA,NA,NA,NA,"Other species"
"Atlantoraja_cyclophora",31.8901088631239,31.8063151341083,4.91031099689824,459.76,460.5,0,0,"Atlantoraja cyclophora",NA,NA,NA,NA,NA,NA,NA,NA,"Other species"
"Chimaera_lignaria",32.1927609050225,32.3291847924974,5.93878998827583,461.27,438,0,0,"Chimaera lignaria",NA,NA,NA,NA,NA,NA,NA,NA,"Other species"
"Chimaera_opalescens",32.0505380582098,32.8830616165722,6.03029670964744,462.68,442.5,0,0,"Chimaera opalescens",NA,NA,NA,NA,NA,NA,NA,NA,"Other species"
"Narcine_rierai",35.5782435282954,31.7732044968251,17.3739428790904,462.8,455,2,0.02,"Narcine rierai",NA,NA,NA,NA,NA,NA,NA,NA,"Other species"
"Narcine_brasiliensis",35.8073419093293,31.8756959532796,15.9230933709714,463.07,425,1,0.01,"Narcine brasiliensis",NA,NA,NA,NA,NA,NA,NA,NA,"Other species"
"Narcine_firma",34.5391510824164,31.1979718114275,13.3967408430623,466.25,445.5,0,0,"Narcine firma",NA,NA,NA,NA,NA,NA,NA,NA,"Other species"
"Narcine_bancroftii",34.4715923392214,31.932667396695,12.9235263263663,466.65,477,1,0.01,"Narcine bancroftii",NA,NA,NA,NA,NA,NA,NA,NA,"Other species"
"Dasyatis_longa",32.7780585842383,32.2505081834202,9.40844697424639,466.86,450,0,0,"Dasyatis longa",NA,NA,NA,NA,NA,NA,NA,NA,"Other species"
"Narcine_prodorsalis",35.8856515384506,28.7671976660555,16.6261247872709,466.96,445,1,0.01,"Narcine prodorsalis",NA,NA,NA,NA,NA,NA,NA,NA,"Other species"
"Hydrolagus_purpurescens",33.8986368984931,30.5603564323184,13.1143264832323,467.65,491.5,1,0.01,"Hydrolagus purpurescens",NA,NA,NA,NA,NA,NA,NA,NA,"Other species"
"Triakis_megalopterus",34.2025004665749,37.3089274945413,12.5823544600601,468.49,390,0,0,"Triakis megalopterus",0.807133423120064,0.297137454360657,-1.67974732102371,"demersal","aplacental viviparous",-0.283752702060777,0.751761622333296,-0.644239425310027,"Other species"
"Narcine_atzi",34.4125013142196,30.2896303313426,14.3446301424897,468.91,458.5,0,0,"Narcine atzi",NA,NA,NA,NA,NA,NA,NA,NA,"Other species"
"Scyliorhinus_torazame",34.4102509935063,31.5914721180553,12.9605859123141,469.01,437,0,0,"Scyliorhinus torazame",-0.434345235565117,-0.703247264706915,-0.197014100666867,"demersal","oviparous",1.2468730789953,-0.976424578343113,-0.46579393059459,"Other species"
"Rhynchobatus_djiddensis",31.9570403345252,34.2715316824459,7.83746575056206,469.25,450,0,0,"Rhynchobatus djiddensis",NA,NA,NA,NA,NA,NA,NA,NA,"Other species"
"Narcine_bicolor",35.8236703747677,28.78004794423,17.6470505101274,469.83,437,1,0.01,"Narcine bicolor",NA,NA,NA,NA,NA,NA,NA,NA,"Other species"
"Glaucostegus_typus",32.4755100991826,33.2609038166174,9.1234053692264,470.04,470.5,0,0,"Glaucostegus typus",NA,NA,NA,NA,NA,NA,NA,NA,"Other species"
"Rhynchobatus_australiae",31.9147088287085,34.3049590616026,7.86303164309265,470.42,449.5,0,0,"Rhynchobatus australiae",NA,NA,NA,NA,NA,NA,NA,NA,"Other species"
"Neotrygon_picta",31.3428144302386,31.5126589559117,4.52867641486765,470.91,464.5,0,0,"Neotrygon picta",NA,NA,NA,NA,NA,NA,NA,NA,"Other species"
"Neotrygon_leylandi",31.3149980574671,31.115132982713,4.49698698078164,471.7,461.5,0,0,"Neotrygon leylandi",NA,NA,NA,NA,NA,NA,NA,NA,"Other species"
"Bythaelurus_dawsoni",34.10283572744,31.3221372906015,13.6394056246711,472.77,464.5,0,0,"Bythaelurus dawsoni",-0.882814496275384,-2.27643860501007,0.950184916683047,"bathydemersal","aplacental viviparous",-0.087819970849164,-1.0056532472483,-0.352018338179449,"Other species"
"Narcine_insolita",35.1343457307262,30.460515431719,15.2238966820462,473.35,462.5,0,0,"Narcine insolita",NA,NA,NA,NA,NA,NA,NA,NA,"Other species"
"Hydrolagus_matallanasi",32.9739642008659,31.5608419268343,10.6557566285176,474.02,451.5,0,0,"Hydrolagus matallanasi",NA,NA,NA,NA,NA,NA,NA,NA,"Other species"
"Hydrolagus_ogilbyi",31.8902790373195,32.100226208634,7.08107351619636,474.42,445.5,0,0,"Hydrolagus ogilbyi",NA,NA,NA,NA,NA,NA,NA,NA,"Other species"
"Hydrolagus_lemures",31.8840626139005,32.100226208634,7.08101164703973,474.75,444.5,0,0,"Hydrolagus lemures",NA,NA,NA,NA,NA,NA,NA,NA,"Other species"
"Dasyatis_chrysonota",33.0506028939358,31.3472549170754,10.9709420279605,475.04,423,0,0,"Dasyatis chrysonota",NA,NA,NA,NA,NA,NA,NA,NA,"Other species"
"Squatina_legnota",31.786156964398,33.085912272604,8.01509241162037,475.61,454,0,0,"Squatina legnota",0.0588058286437431,0.377713066131329,0.0592989350145863,"benthopelagic","viviparous",-0.596154942888348,0.547935372168642,0.224691324326854,"Other species"
"Narcine_entemedor",35.459986080659,31.7391950047721,17.2240146943224,476.05,453.5,1,0.01,"Narcine entemedor",NA,NA,NA,NA,NA,NA,NA,NA,"Other species"
"Chiloscyllium_hasseltii",31.2773228033074,31.8367563829366,5.96398339961839,476.87,445,0,0,"Chiloscyllium hasseltii",-0.473476126958435,-1.89707707689491,-2.86072772947881,"reef-associated","oviparous",0.630433013342483,-1.51496859030759,-0.0100565729564186,"Other species"
"Chiloscyllium_griseum",31.2764417560104,31.8367563829366,5.96229946443519,476.94,445,0,0,"Chiloscyllium griseum",-0.160049897678024,-0.733051674319194,-1.10614781234875,"reef-associated","oviparous",0.833991825608459,0.6620017437607,0.479117990535187,"Other species"
"Himantura_leoparda",31.8764452290256,32.9359662143244,5.41024584541085,478.05,492,0,0,"Himantura leoparda",NA,NA,NA,NA,NA,NA,NA,NA,"Other species"
"Dasyatis_pastinaca",32.8961561550991,32.2291475592538,10.7526974044235,478.08,446.5,0,0,"Dasyatis pastinaca",NA,NA,NA,NA,NA,NA,NA,NA,"Other species"
"Myliobatis_hamlyni",34.7283092859075,31.5685659927915,16.6933761944652,478.72,492.5,0,0,"Myliobatis hamlyni",NA,NA,NA,NA,NA,NA,NA,NA,"Other species"
"Dasyatis_americana",32.4544081907676,32.0592659439296,9.65881050207723,478.95,452,0,0,"Dasyatis americana",NA,NA,NA,NA,NA,NA,NA,NA,"Other species"
"Narcine_vermiculatus",35.691656764788,29.4400492162267,18.1422609343013,479.23,478,1,0.01,"Narcine vermiculatus",NA,NA,NA,NA,NA,NA,NA,NA,"Other species"
"Mobula_tarapacana",33.4697030157106,31.4858996973452,12.256222327658,479.43,454.5,0,0,"Mobula tarapacana",NA,NA,NA,NA,NA,NA,NA,NA,"Other species"
"Myliobatis_freminvillei",31.9218866586496,32.172582008448,8.83676280263888,479.6,448.5,0,0,"Myliobatis freminvillei",NA,NA,NA,NA,NA,NA,NA,NA,"Other species"
"Scylliogaleus_quecketti",33.4787810482502,31.2338942182447,12.2761900839073,481.61,516,0,0,"Scylliogaleus quecketti",0.129679820080106,-0.34047392241289,-0.780763017635523,"demersal","viviparous",-0.85782289294204,1.29783952069785,0.40428045337657,"Other species"
"Chimaera_owstoni",33.4291586395273,29.9645294977709,12.7793754695166,482.51,496.5,1,0.01,"Chimaera owstoni",NA,NA,NA,NA,NA,NA,NA,NA,"Other species"
"Narcine_nigra",34.6940258089067,30.5509948621604,15.2225616940605,482.9,498,0,0,"Narcine nigra",NA,NA,NA,NA,NA,NA,NA,NA,"Other species"
"Rhizoprionodon_taylori",34.4451372465747,33.8555104159562,14.2671031241229,483.73,478,0,0,"Rhizoprionodon taylori",-0.305709048293906,0.740262052583538,-0.197014100666867,"pelagic-oceanic","viviparous (with a yolk-sac placenta)",-0.971085679064777,1.20858367070033,0.414293878093359,"Other species"
"Narcine_leoparda",35.498756749462,31.8638157367037,18.0850074444221,483.95,480,3,0.03,"Narcine leoparda",NA,NA,NA,NA,NA,NA,NA,NA,"Other species"
"Rhinoptera_bonasus",33.3272261239705,31.3797535411843,13.0618971363332,488.96,485,0,0,"Rhinoptera bonasus",NA,NA,NA,NA,NA,NA,NA,NA,"Other species"
"Narcine_oculifera",33.665457310638,30.7165506407698,14.2375934087155,491.08,484,0,0,"Narcine oculifera",NA,NA,NA,NA,NA,NA,NA,NA,"Other species"
"Oxynotus_bruniensis",31.236820297189,34.0391402698812,8.08231692145424,491.25,469,0,0,"Oxynotus bruniensis",-0.297942346493825,-0.221970158593596,0.855298015718461,"bathydemersal","aplacental viviparous",-0.919499518346755,1.38852338702296,2.74684838868692,"Other species"
"Beringraja_binoculata",30.7007453747236,31.1606372148747,6.78459493146386,491.92,481,0,0,"Beringraja binoculata",NA,NA,NA,NA,NA,NA,NA,NA,"Other species"
"Beringraja_pulchra",30.7007453747236,31.1606372148747,6.78459493146386,492.92,482,0,0,"Beringraja pulchra",NA,NA,NA,NA,NA,NA,NA,NA,"Other species"
"Myliobatis_chilensis",32.832547895311,29.9897762088075,12.3934102121254,493.32,475,0,0,"Myliobatis chilensis",NA,NA,NA,NA,NA,NA,NA,NA,"Other species"
"Narcine_nelsoni",33.5258737908111,29.8465861951107,14.186937473662,493.65,494.5,0,0,"Narcine nelsoni",NA,NA,NA,NA,NA,NA,NA,NA,"Other species"
"Urolophus_bucculentus",31.2807743812332,30.5581879384575,7.49114618160622,496.63,500.5,0,0,"Urolophus bucculentus",NA,NA,NA,NA,NA,NA,NA,NA,"Other species"
"Etmopterus_bigelowi",31.6108827031378,31.7098576299068,9.35353201698704,497.05,469,0,0,"Etmopterus bigelowi",-0.288296626311929,0.821538792515868,0.799308510732174,"pelagic-oceanic","viviparous",0.0496727258109913,-0.268995973159789,1.23579120713674,"Other species"
"Urolophus_flavomosaicus",31.2542338306712,30.5018801999972,7.51389985473231,497.57,503.5,0,0,"Urolophus flavomosaicus",NA,NA,NA,NA,NA,NA,NA,NA,"Other species"
"Myliobatis_longirostris",31.1905633636208,30.6512603088576,8.75129449169729,498.41,457,0,0,"Myliobatis longirostris",NA,NA,NA,NA,NA,NA,NA,NA,"Other species"
"Scyliorhinus_capensis",31.7884101546404,30.560806227182,10.5535860311169,502.58,486.5,0,0,"Scyliorhinus capensis",0.459203451981922,-0.460171698916195,0.2173920560041,"demersal","oviparous",0.8353911232197,-0.66659667326676,-0.813260170798426,"Other species"
"Leucoraja_garmani",32.6855046975545,31.557887210672,12.8242576268166,503.16,484,0,0,"Leucoraja garmani",NA,NA,NA,NA,NA,NA,NA,NA,"Other species"
"Paragaleus_randalli",31.4794827550792,30.3010272145842,9.85497031869857,503.31,524,0,0,"Paragaleus randalli",NA,NA,NA,NA,NA,NA,NA,NA,"Other species"
"Paragaleus_pectoralis",31.3087707889426,30.2509439812604,9.27729951683509,504.25,507,0,0,"Paragaleus pectoralis",0.644382952628426,0.603552790042962,-1.10614781234875,"demersal","viviparous (with a yolk-sac placenta)",-0.737553219008785,1.11854569821479,-0.725323426667698,"Other species"
"Mobula_hypostoma",30.504901206438,29.4103634566235,7.5475507868481,509.98,512,0,0,"Mobula hypostoma",NA,NA,NA,NA,NA,NA,NA,NA,"Other species"
"Bythaelurus_canescens",32.1778365191602,29.7586424101167,12.3352275120646,510.9,489,0,0,"Bythaelurus canescens",-0.288296626311929,-0.0464018822054373,0.50414959161971,"bathydemersal","oviparous",-0.188467235291888,-1.13017073533782,-0.839569125496672,"Other species"
"Oxynotus_paradoxus",30.4016479280239,30.4187581702815,7.78625100519606,510.93,488,0,0,"Oxynotus paradoxus",0.436962082736822,-0.400172057159736,0.834941494160534,"bathydemersal","viviparous",0.239529703949757,1.16274081457018,2.02933451752254,"Other species"
"Hemiscyllium_trispeculare",31.4321964388653,29.7549608918606,10.5949349169558,511.18,498.5,0,0,"Hemiscyllium trispeculare",-0.125546155820293,-1.89707707689491,-1.67974732102371,"reef-associated","oviparous",0.507148238316837,0.542264857333812,0.621676916492267,"Other species"
"Paragaleus_tengi",30.8623297469814,30.7422945237503,8.76897771027005,511.58,535.5,0,0,"Paragaleus tengi",0.0196262325022218,-0.463047753285654,-0.516078495469248,"demersal","viviparous",-0.255951276541894,0.516174691864057,0.0341147050520762,"Other species"
"Etmopterus_brachyurus",31.9334257095515,30.22846595528,11.6566494232913,511.83,495,0,0,"Etmopterus brachyurus",-0.741044315083423,0.520765668846713,0.499407291153604,"pelagic-oceanic","viviparous",-0.214160501814277,-0.733219693115071,1.48238101552288,"Other species"
"Paragaleus_leucolomatus",30.9988448827788,29.4028519673016,9.70576565663617,512.44,513,0,0,"Paragaleus leucolomatus",0.136706322748206,-0.63912574798662,-2.43800462675473,"demersal","viviparous (with a yolk-sac placenta)",-0.0849076419956642,0.808508309865373,0.468303764238561,"Other species"
"Rhizoprionodon_oligolinx",33.28796495264,30.251852201764,14.4344582148857,512.61,504.5,0,0,"Rhizoprionodon oligolinx",-0.0919050985269883,0.0979486643287946,-1.95159401779692,"reef-associated","viviparous",-0.565371196975137,1.12215260902637,-0.363824019445129,"Other species"
"Narcine_maculata",32.0863755765847,29.5242995476117,11.8551544181783,514.51,514.5,0,0,"Narcine maculata",NA,NA,NA,NA,NA,NA,NA,NA,"Other species"
"Mobula_munkiana",30.2130395253363,28.855870672707,7.85935627361206,519.76,515.5,0,0,"Mobula munkiana",NA,NA,NA,NA,NA,NA,NA,NA,"Other species"
"Pseudoraja_fischeri",32.7499034534961,28.6897304200016,15.4985275116093,520.18,494.5,0,0,"Pseudoraja fischeri",NA,NA,NA,NA,NA,NA,NA,NA,"Other species"
"Dactylobatus_armatus",32.9998411033239,28.9738252343984,15.2421056962167,520.51,496,0,0,"Dactylobatus armatus",NA,NA,NA,NA,NA,NA,NA,NA,"Other species"
"Myliobatis_ridens",31.2965353547503,28.9729101576327,11.9252787370471,520.57,533.5,0,0,"Myliobatis ridens",NA,NA,NA,NA,NA,NA,NA,NA,"Other species"
"Squatina_caillieti",31.0392197579447,30.565027128102,10.633986548719,520.98,491,0,0,"Squatina caillieti",-1.30833017323128,0.448601399870033,0.00942203660879164,"bathydemersal","viviparous",-1.4015619446028,0.124991186388003,0.974828901924323,"Other species"
"Dactylobatus_clarkii",32.9998411033239,28.9738252343984,15.2421056962167,521.51,497,0,0,"Dactylobatus clarkii",NA,NA,NA,NA,NA,NA,NA,NA,"Other species"
"Bythaelurus_alcockii",32.8408793169876,29.3059518397591,15.3711949081764,522.83,535,0,0,"Bythaelurus alcockii",-1.42839707514389,-0.38117798491141,0.992528166229421,"bathydemersal","oviparous",0.00753633563911729,-1.03529435671136,-0.271624028872256,"Other species"
"Urogymnus_asperrimus",30.1682556749581,29.026938266973,6.74943955978798,523.57,535,0,0,"Urogymnus asperrimus",NA,NA,NA,NA,NA,NA,NA,NA,"Other species"
"Urogymnus_ukpam",30.1682556749581,29.026938266973,6.74943955978798,524.57,536,0,0,"Urogymnus ukpam",NA,NA,NA,NA,NA,NA,NA,NA,"Other species"
"Hemiscyllium_freycineti",31.0356306696024,28.4971965617616,10.5880767961335,525.12,531,0,0,"Hemiscyllium freycineti",-0.250390677323644,-0.407694219793854,-2.86072772947881,"reef-associated","oviparous",0.239529703949757,-0.322836458893758,0.150959101266225,"Other species"
"Hemiscyllium_hallstromi",31.148816295732,28.9716858727495,11.1515032325288,526.01,547,0,0,"Hemiscyllium hallstromi",-0.160049897678024,-0.520054207606777,-2.67606993242275,"reef-associated","oviparous",-0.107071553044224,0.105067655659109,0.202038009232213,"Other species"
"Hemiscyllium_galei",31.0352029028723,27.7896156847094,11.4716693135458,528.13,555.5,0,0,"Hemiscyllium galei",-0.570650939960377,-0.314609332750587,-2.25334682969867,"reef-associated","oviparous",0.230393469333225,0.339460181211772,0.841043365450324,"Other species"
"Squatina_oculata",31.5434065797056,28.2643785234754,12.4473439328017,528.38,549.5,0,0,"Squatina oculata",0.824059082808673,1.08851415849481,0.225709002057216,"demersal","aplacental viviparous",0.828665757653448,0.110347778941778,0.151134120384975,"Other species"
"Typhlonarke_aysoni",30.9738463032089,28.6301597197532,11.4785332906363,528.57,532.5,0,0,"Typhlonarke aysoni",NA,NA,NA,NA,NA,NA,NA,NA,"Other species"
"Typhlonarke_tarakea",30.9738463032089,28.6301597197532,11.4785332906363,529.57,533.5,0,0,"Typhlonarke tarakea",NA,NA,NA,NA,NA,NA,NA,NA,"Other species"
"Halaelurus_natalensis",29.6664742921252,29.0214809379855,6.41278843359675,529.58,477.5,0,0,"Halaelurus natalensis",-0.853240290336212,-0.642010511511783,-0.657358643923335,"demersal","oviparous",0.329615637601957,-0.781526150011287,-0.323165926367382,"Other species"
"Bythaelurus_immaculatus",31.4009706217952,29.2572335421401,12.7840612039462,533.58,523.5,0,0,"Bythaelurus immaculatus",-0.222645937612286,0.159089387091413,0.815695762395502,"bathydemersal","oviparous",-0.435869855469053,-0.657715317491382,-0.586563472088076,"Other species"
"Hemiscyllium_ocellatum",30.372552260571,28.3646148287579,9.59185562598916,533.69,531.5,0,0,"Hemiscyllium ocellatum",0.282674860554497,-1.72856497753446,-1.67974732102371,"reef-associated","oviparous",1.05082022620302,-0.302281728649768,0.289921514550865,"Other species"
"Scymnodalatias_albicauda",30.9819231086308,27.8037860282598,11.8662859014959,534.09,560.5,0,0,"Scymnodalatias albicauda",0.332059199610655,-0.00614892649231692,0.242096253720544,"bathypelagic","aplacental viviparous",0.536843873093523,-0.600324541052451,-0.740114907591239,"Other species"
"Torpedo_californica",30.3598242042249,27.797295463242,8.83754915442067,534.74,530,0,0,"Torpedo californica",NA,NA,NA,NA,NA,NA,NA,NA,"Other species"
"Carcharhinus_perezii",29.4895097126797,31.9144880400432,7.88425576850391,536.12,475.5,0,0,"Carcharhinus perezii",NA,NA,NA,NA,NA,NA,NA,NA,"Other species"
"Hemiscyllium_henryi",30.2141248512952,27.5876285380658,9.85629597699949,536.19,532.5,0,0,"Hemiscyllium henryi",-0.110303487794033,-0.154432268674926,-2.1024704237478,"reef-associated","viviparous",-0.136402904626234,0.709703135506254,1.20422860951786,"Other species"
"Myliobatis_rhombus",30.9483324954178,28.2108626350538,11.8956605775616,536.57,540.5,0,0,"Myliobatis rhombus",NA,NA,NA,NA,NA,NA,NA,NA,"Other species"
"Myliobatis_tenuicaudatus",30.5167220154365,28.5143161032099,10.9683116839211,536.75,540.5,0,0,"Myliobatis tenuicaudatus",NA,NA,NA,NA,NA,NA,NA,NA,"Other species"
"Cephaloscyllium_ventriosum",30.546043363572,27.8299145191008,10.6567866823515,537.81,538,0,0,"Cephaloscyllium ventriosum",0.319881992490838,-0.73398441979775,0.151293683777881,"demersal","oviparous",1.24873559021297,-0.773584021300721,-1.16999687800795,"Other species"
"Etmopterus_pusillus",30.2112782753678,28.949277057628,9.47546966570594,538.86,491.5,0,0,"Etmopterus pusillus",-0.741044315083423,0.767416130269409,0.893091303238612,"bathydemersal","aplacental viviparous",-0.574362068219094,-0.103774246054853,2.53351995791508,"Other species"
"Halaelurus_lineatus",29.294849488633,28.7927528721217,6.71162609707142,538.96,504.5,0,0,"Halaelurus lineatus",-0.637487677395494,1.08851415849481,-0.225068623472227,"demersal","oviparous",0.937703706725647,-0.80694413104467,0.432629989722471,"Other species"
"Bythaelurus_clevai",30.4017393896208,29.0616575342384,11.131106742162,543.12,524,0,0,"Bythaelurus clevai",-1.00042902855858,0.0423834572205482,0.225709002057216,"bathydemersal","viviparous",-0.76006308893667,-0.867617008406823,-0.239470532561774,"Other species"
"Bythaelurus_giddingsi",29.9487171633912,28.4735078745331,9.95480241626703,543.64,522,0,0,"Bythaelurus giddingsi",-0.873873806951701,-0.0684243521201646,0.322441990795711,"bathypelagic","oviparous",0.00353156167169756,-1.73666746465165,-0.0966826449091166,"Other species"
"Hemiscyllium_strahani",29.9900172601858,26.6426327526686,9.96943070250843,547.23,543.5,0,0,"Hemiscyllium strahani",-0.108620496131684,-0.839665885614053,-2.52519352647188,"reef-associated","oviparous",0.398721179859445,0.539766466074006,-0.0509246175831847,"Other species"
"Scymnodalatias_sherwoodi",30.7184656041655,28.0377540848411,12.1947385242557,547.37,567,0,0,"Scymnodalatias sherwoodi",-0.103583986699903,0.199661288868446,0.39686803945018,"benthopelagic","oviparous",-0.115060798139727,-0.796546786324598,-0.269933503020703,"Other species"
"Halaelurus_boesemani",29.5386758158422,27.3032636389263,8.61739571507789,548.05,575,0,0,"Halaelurus boesemani",-0.810063146225747,-0.442843079936365,-0.347890506617741,"demersal","oviparous",0.948510444069634,0.61934060578166,0.132364951553842,"Other species"
"Anacanthobatis_donghaiensis",31.2019092204339,28.8459085444835,14.0108075859388,549.36,543.5,0,0,"Anacanthobatis donghaiensis",NA,NA,NA,NA,NA,NA,NA,NA,"Other species"
"Bythaelurus_lutarius",31.1563906894908,27.906832569425,13.5162159147209,549.87,570,0,0,"Bythaelurus lutarius",-1.1645103454119,0.183724515776882,0.57871148779776,"bathydemersal","aplacental viviparous",-0.694730598408105,-0.750456940363444,-0.163636800407669,"Other species"
"Sphyrna_tiburo",28.1731719071223,28.3361214299733,3.50078345571985,550.03,573,0,0,"Sphyrna tiburo",0.737217842725438,-1.01425727295207,-1.29080560940481,"reef-associated","viviparous",0.190961293760672,1.97262060087068,0.324208126518247,"Other species"
"Carcharhinus_borneensis",28.4257995614414,30.1589224033607,5.43193659104445,551.36,523,0,0,"Carcharhinus borneensis",-0.288296626311929,0.0159585454206673,-1.12115983352822,"demersal","viviparous",-0.94458512346765,1.01106902377158,-1.54981958084597,"Other species"
"Hemiscyllium_michaeli",29.6674268053104,27.326604159455,9.7484063764602,551.43,547,0,0,"Hemiscyllium michaeli",-0.297942346493825,-0.0503832579209455,-2.43800462675473,"benthopelagic","oviparous",-0.421976847889398,-0.315397723583056,-0.0837145783421798,"Other species"
"Orectolobus_floridus",29.3869383244323,30.8037209758335,8.67809417404991,551.95,558.5,0,0,"Orectolobus floridus",-0.22814929405409,0.0880549518809958,-1.2406369666363,"pelagic-neritic","viviparous",-0.470585023276996,-0.776083203444151,0.218637756131648,"Other species"
"Squatina_argentina",31.2999315375965,27.9895934567126,14.6558452539867,551.99,584,1,0.01,"Squatina argentina",0.905633888758967,-2.24144622679339,0.0410512050011602,"demersal","aplacental viviparous",0.720734583095511,0.477213665643756,-0.0386107674966152,"Other species"
"Squalus_megalops",31.496663121999,33.8771330711978,13.4720210283446,552.22,480.5,0,0,"Squalus megalops",-0.100236841576101,0.381492047754648,0.561243205064146,"demersal","aplacental viviparous",-0.494453340795951,0.529980843273688,-0.245773289851181,"Other species"
"Bythaelurus_incanus",30.6873192650066,27.3976989947732,12.8310785868852,553.58,558.5,0,0,"Bythaelurus incanus",-0.87090665472476,0.00662474805362532,0.799308510732174,"bathydemersal","oviparous",-0.5764421066891,-0.637107041853427,0.0824977893167628,"Other species"
"Sutorectus_tentaculatus",29.5678686159226,29.5568475663011,9.48605800004758,553.74,570,0,0,"Sutorectus tentaculatus",0.0794392886041449,-0.324557488678742,-1.97490624013618,"reef-associated","aplacental viviparous",-0.0428099837524146,-1.06335361538515,-0.414503043373287,"Other species"
"Haploblepharus_kistnasamyi",29.5831620509771,27.5512949772464,9.65029327310493,553.84,575.5,0,0,"Haploblepharus kistnasamyi",-0.480279080326763,-0.00106384963009344,0.553215848508257,"bathypelagic","oviparous",-0.511349130658645,-0.986074710614016,-0.301777752651636,"Other species"
"Anacanthobatis_folirostris",30.9601363578433,28.928332185558,14.5191444252347,554.25,533,0,0,"Anacanthobatis folirostris",NA,NA,NA,NA,NA,NA,NA,NA,"Other species"
"Haploblepharus_pictus",29.2172977600545,28.7857042373909,7.95494261338605,554.29,578.5,0,0,"Haploblepharus pictus",-0.564736327345857,0.240566269267659,-0.15473104577214,"demersal","oviparous",0.396273982804972,-0.935517420994687,-0.129865188554775,"Other species"
"Etmopterus_virens",28.8126774749923,29.3514129989677,6.77811935758845,555.45,517.5,0,0,"Etmopterus virens",-1.78591986927657,0.26888548128423,0.799308510732174,"bathydemersal","viviparous",-0.798938440102786,-0.582884690767991,2.26816554096681,"Other species"
"Oxynotus_caribbaeus",29.1126713000371,29.02729605503,8.48616468074618,555.89,569,0,0,"Oxynotus caribbaeus",-0.768228516480791,-0.221970158593596,0.151293683777881,"bathydemersal","aplacental viviparous",-1.23763733066859,1.25259098496128,2.9797864939842,"Other species"
"Bythaelurus_hispidus",30.5192210248861,27.6533370176226,12.7287544840069,556,544,0,0,"Bythaelurus hispidus",-1.54547716538987,0.212179388818748,0.0472345152136154,"bathydemersal","viviparous",-1.35813514162368,-0.470341234361455,-0.286781654632197,"Other species"
"Scymnodalatias_oligodon",29.7489821268463,28.7507162662634,10.5677333587581,556.41,578.5,0,0,"Scymnodalatias oligodon",-0.695422693379345,-0.129218563126984,-0.532548303673797,"benthopelagic","oviparous",-0.0362227115686283,-0.72228351727631,0.515026113040898,"Other species"
"Scymnodalatias_garricki",29.8359142552672,27.6136648415398,10.7768168273804,556.7,589,0,0,"Scymnodalatias garricki",-0.410012447041276,-0.080564234031223,-0.197014100666867,"bathypelagic","viviparous",-0.400579368353815,-1.27551464007114,0.171554262283172,"Other species"
"Squalus_brevirostris",31.2323026357042,33.3320611341065,13.4681983329313,558.02,514.5,0,0,"Squalus brevirostris",-0.495717496203534,-0.36649444940533,-0.889033731222654,"demersal","viviparous",-0.32246557844911,0.92936299485447,2.07308309409649,"Other species"
"Okamejei_meerdervoortii",30.5040450926821,26.5611348944218,13.0278996558021,558.07,564,0,0,"Okamejei meerdervoortii",NA,NA,NA,NA,NA,NA,NA,NA,"Other species"
"Anacanthobatis_ori",30.359594561242,27.7339149727322,12.3931852520325,559.24,573.5,0,0,"Anacanthobatis ori",NA,NA,NA,NA,NA,NA,NA,NA,"Other species"
"Dasyatis_garouaensis",30.6816340253481,27.741111816033,13.5784920060463,559.5,527.5,0,0,"Dasyatis garouaensis",NA,NA,NA,NA,NA,NA,NA,NA,"Other species"
"Myliobatis_peruvianus",29.7131993293226,26.949268008133,10.7899623995102,560.68,589,0,0,"Myliobatis peruvianus",NA,NA,NA,NA,NA,NA,NA,NA,"Other species"
"Orectolobus_reticulatus",29.722468748088,28.6919033160434,10.9863861060133,561.48,577,0,0,"Orectolobus reticulatus",-0.680529424015688,-0.302293920727306,-2.43800462675473,"benthopelagic","oviparous",0.304869663959956,-1.52117464063429,-0.0981088225834937,"Other species"
"Orectolobus_maculatus",29.657068971159,27.8061144860934,10.6103605171578,561.6,611,0,0,"Orectolobus maculatus",1.75673866174903,0.353440313787269,-0.35453736296854,"reef-associated","aplacental viviparous",2.46390729005938,-1.86951044083749,-0.336260450332355,"Other species"
"Rhinoptera_jayakari",28.9134605427434,27.667468805954,8.8242529348228,562.1,513.5,0,0,"Rhinoptera jayakari",NA,NA,NA,NA,NA,NA,NA,NA,"Other species"
"Oxynotus_japonicus",28.6808622941735,28.3368765747735,8.2942085224586,564.4,579,0,0,"Oxynotus japonicus",-0.512643155892143,0.0901201899647372,-0.197014100666867,"bathydemersal","viviparous",-0.633615713523738,1.48577714262231,1.35467762675593,"Other species"
"Anacanthobatis_marmoratus",30.2896279333217,28.1383549213653,12.9850496720518,564.61,566.5,1,0.01,"Anacanthobatis marmoratus",NA,NA,NA,NA,NA,NA,NA,NA,"Other species"
"Halaelurus_buergeri",28.9046579164151,27.347763893676,8.84434678452897,564.92,556.5,0,0,"Halaelurus buergeri",-0.768228516480791,-0.215077379099655,-1.10614781234875,"demersal","oviparous",0.227918868788817,-0.979808765191966,0.35926797006221,"Other species"
"Narke_dipterygia",29.5086028157267,26.7854065197245,10.4504231200899,565.75,562,0,0,"Narke dipterygia",NA,NA,NA,NA,NA,NA,NA,NA,"Other species"
"Narke_japonica",29.8175804554674,27.3046914147798,11.5170661552205,566.67,602,0,0,"Narke japonica",NA,NA,NA,NA,NA,NA,NA,NA,"Other species"
"Haploblepharus_fuscus",28.7055040381645,27.2232894303164,8.20125530881317,566.85,584,0,0,"Haploblepharus fuscus",-0.269210175753141,-0.192528002717658,-1.49543292654125,"reef-associated","oviparous",0.491376205025872,-1.03652553272509,-0.0956896355190387,"Other species"
"Gurgesiella_furvescens",30.6878088475195,28.4925357242569,14.0966873809078,567.06,547.5,0,0,"Gurgesiella furvescens",NA,NA,NA,NA,NA,NA,NA,NA,"Other species"
"Narke_capensis",29.5055036039999,27.3046914147798,10.9778963014676,567.65,573.5,0,0,"Narke capensis",NA,NA,NA,NA,NA,NA,NA,NA,"Other species"
"Orectolobus_hutchinsi",28.8642193379515,29.7424376659219,9.04396081175192,569.97,605.5,0,0,"Orectolobus hutchinsi",0.728217326201687,-0.270662536219095,-1.05792859136896,"demersal","viviparous (with a yolk-sac placenta)",0.76639915609343,-1.73277783774394,-0.0873342123798988,"Other species"
"Etmopterus_splendidus",28.499386213415,28.5687910339045,8.23586103045444,571.11,543,0,0,"Etmopterus splendidus",-1.42839707514389,0.26888548128423,-0.0234642444398141,"pelagic-neritic","viviparous",-1.09970007057427,-0.441976741545394,2.67063914716187,"Other species"
"Himantura_jenkinsii",29.3446806804943,28.7842230909367,9.63366340668052,572.35,556,0,0,"Himantura jenkinsii",NA,NA,NA,NA,NA,NA,NA,NA,"Other species"
"Scyliorhinus_retifer",28.8603809723451,26.933412198078,9.39383789614552,572.67,542,0,0,"Scyliorhinus retifer",-0.810063146225747,-0.108960956503851,0.561243205064146,"demersal","oviparous",0.118169812588599,-1.17292458786368,-0.401763211598918,"Other species"
"Squalus_suckleyi",30.1474277602973,32.1868018866277,12.3722260729201,572.77,539.5,0,0,"Squalus suckleyi",0.644382952628426,0.0970991575783623,0.979984604036166,"benthopelagic","viviparous",0.360027514904846,0.722928454476243,1.06034971874551,"Other species"
"Rhinoptera_steindachneri",28.503231867165,27.4335721932453,8.56001292501863,574.42,573,0,0,"Rhinoptera steindachneri",NA,NA,NA,NA,NA,NA,NA,NA,"Other species"
"Etmopterus_lucifer",28.6447088336638,27.2061145602805,8.63074010987947,575.14,551.5,0,0,"Etmopterus lucifer",-0.612797586449518,1.08851415849481,1.05193361976853,"pelagic-oceanic","aplacental viviparous",-0.370151220300077,-0.473369129826942,1.15811934375804,"Other species"
"Carcharhinus_amblyrhynchos",29.1053303381013,26.6043104504797,10.4972047259069,576.21,564.5,0,0,"Carcharhinus amblyrhynchos",1.21220690074203,1.08851415849481,0.799308510732174,"reef-associated","viviparous",-0.176556487431351,1.51810759020599,-1.36201447230678,"Other species"
"Etmopterus_polli",28.0774890049551,28.8152313086283,7.0798278824122,577.04,521,0,0,"Etmopterus polli",-1.57016725633585,0.196455784750039,0.799308510732174,"bathydemersal","viviparous",-1.35196904876043,0.538087642460112,1.24770574180968,"Other species"
"Lamiopsis_temminckii",27.8213027417869,27.2469674969752,6.4159887631434,577.44,584,0,0,"Lamiopsis temminckii",1.0121188675445,-0.34047392241289,-1.67974732102371,"demersal","viviparous",-0.345149608115995,0.247622159823145,-1.91775607372868,"Other species"
"Anacanthobatis_nanhaiensis",29.7671268955497,27.9191825101942,13.7227382317309,577.84,579,1,0.01,"Anacanthobatis nanhaiensis",NA,NA,NA,NA,NA,NA,NA,NA,"Other species"
"Orectolobus_wardi",29.2794243443117,26.990975552265,11.9217738972332,578.33,613,0,0,"Orectolobus wardi",-0.43006680750389,-0.310736976184318,-4.00792674682872,"reef-associated","aplacental viviparous",0.593543307315126,-1.45808444357654,-0.00821652748594209,"Other species"
"Lamiopsis_tephrodes",27.8213027417869,27.2469674969752,6.4159887631434,578.44,585,0,0,"Lamiopsis tephrodes",0.525904106521567,0.34370589100792,-1.30049534897059,"demersal","viviparous",-1.04458309856153,1.22272989642781,-1.24780780163642,"Other species"
"Orectolobus_leptolineatus",28.8351601870723,27.7478715671257,9.86710783563407,578.82,618,0,0,"Orectolobus leptolineatus",0.391345097154112,-0.0521978076531344,-1.02727585868472,"benthopelagic","viviparous",0.627073091383901,-1.75111315836461,0.203994488352795,"Other species"
"Orectolobus_halei",28.805484642421,28.0309745943556,9.84332616369642,579.54,603.5,0,0,"Orectolobus halei",1.45648290176041,-0.323076222268199,-0.553499528215725,"demersal","viviparous (with a yolk-sac placenta)",1.59598997174585,-1.63206074457674,-0.0507322566199848,"Other species"
"Mobula_diabolus",29.0144940151878,26.0486394158919,10.8070272949412,580.99,597,0,0,"Mobula diabolus",NA,NA,NA,NA,NA,NA,NA,NA,"Other species"
"Halaelurus_maculosus",28.2306177809186,27.2047420785542,8.02633863721385,581.77,614,0,0,"Halaelurus maculosus",-0.761380806011,-0.550373112294202,-0.708723762056034,"demersal","oviparous",0.749146552162334,-0.552844715982532,-0.805439018487919,"Other species"
"Orectolobus_japonicus",28.5058627635639,28.1197070514738,9.12755927773974,581.79,614.5,0,0,"Orectolobus japonicus",0.414346891513135,-0.85773453686145,-0.532548303673797,"demersal","aplacental viviparous",0.46689725628443,-1.61444585492837,-0.159528742534565,"Other species"
"Manta_birostris",28.6312912647098,28.3626432717644,9.81021465808049,582.16,570,0,0,"Manta birostris",NA,NA,NA,NA,NA,NA,NA,NA,"Other species"
"Dasyatis_laevigata",30.1894199227642,27.576921681983,13.5820818620613,582.78,543.5,0,0,"Dasyatis laevigata",NA,NA,NA,NA,NA,NA,NA,NA,"Other species"
"Manta_alfredi",28.6312912647098,28.3626432717644,9.81021465808049,583.16,571,0,0,"Manta alfredi",NA,NA,NA,NA,NA,NA,NA,NA,"Other species"
"Haploblepharus_edwardsii",28.2371464106395,26.8951756972848,8.32043475404029,583.4,604,0,0,"Haploblepharus edwardsii",-0.506977580350251,-0.611510099853473,-0.889033731222654,"demersal","oviparous",0.679362024973493,-1.10679583875279,-0.4296419064243,"Other species"
"Orectolobus_parvimaculatus",28.3050594062354,28.6362750553645,8.86039569186221,583.97,590,0,0,"Orectolobus parvimaculatus",0.0706350994832584,-0.0684063427116829,-0.857802509058979,"demersal","viviparous",0.138973668303752,-1.77122364008192,-0.47077222988977,"Other species"
"Etmopterus_fusus",28.0289126606352,26.8288250318839,8.41526678286394,586.25,549,0,0,"Etmopterus fusus",-1.54303292913173,0.443352543003933,0.304580955721254,"pelagic-oceanic","viviparous",-1.34116076806576,-0.543808423392164,1.18007483764795,"Other species"
"Himantura_pastinacoides",28.5231860480433,26.9084460609304,9.04148230161518,586.45,581.5,0,0,"Himantura pastinacoides",NA,NA,NA,NA,NA,NA,NA,NA,"Other species"
"Dasyatis_guttata",29.3700023510125,27.4707159170571,12.0591373566193,587.16,581.5,0,0,"Dasyatis guttata",NA,NA,NA,NA,NA,NA,NA,NA,"Other species"
"Rhinobatos_formosensis",28.5518591935522,27.9840173471736,10.1001695589642,587.23,617,0,0,"Rhinobatos formosensis",NA,NA,NA,NA,NA,NA,NA,NA,"Other species"
"Anacanthobatis_longirostris",29.7161031358224,26.8265557511533,13.9868566041077,587.24,592.5,0,0,"Anacanthobatis longirostris",NA,NA,NA,NA,NA,NA,NA,NA,"Other species"
"Rhinobatos_schlegelii",28.5647984196583,27.9040213324338,10.1478516606277,587.5,610.5,0,0,"Rhinobatos schlegelii",NA,NA,NA,NA,NA,NA,NA,NA,"Other species"
"Dasyatis_marmorata",29.4937656747207,27.8573858669371,12.6403289634178,589.05,561.5,0,0,"Dasyatis marmorata",NA,NA,NA,NA,NA,NA,NA,NA,"Other species"
"Squalus_acanthias",29.4861100816941,28.8241045986312,12.318212237412,589.85,586,0,0,"Squalus acanthias",0.653960019415921,1.08851415849481,1.11247569900304,"benthopelagic","aplacental viviparous",0.184145352165514,1.08907128682813,0.184387891876602,"Other species"
"Sympterygia_acuta",27.498324594713,28.4699127542222,5.96692146115498,590.12,542.5,0,0,"Sympterygia acuta",NA,NA,NA,NA,NA,NA,NA,NA,"Other species"
"Heliotrygon_gomesi",28.2996209898013,26.1160529147154,9.91028518879526,590.35,590,0,0,"Heliotrygon gomesi",NA,NA,NA,NA,NA,NA,NA,NA,"Other species"
"Heliotrygon_rosai",28.2996209898013,26.1160529147154,9.91028518879526,591.35,591,0,0,"Heliotrygon rosai",NA,NA,NA,NA,NA,NA,NA,NA,"Other species"
"Halaelurus_quagga",27.830817825463,26.1256744365546,8.48114624178512,592.27,603.5,0,0,"Halaelurus quagga",-1.25405775268315,-0.524865578122095,-0.588165504297304,"demersal","oviparous",-0.000675203261608501,-0.501080133025583,-0.361848606702457,"Other species"
"Dasyatis_marianae",30.0524015923219,25.8304663823961,14.9906825951652,593.63,636.5,0,0,"Dasyatis marianae",NA,NA,NA,NA,NA,NA,NA,NA,"Other species"
"Anacanthobatis_americanus",30.6228463237977,26.1260516695571,17.7754278313993,594.45,611.5,1,0.01,"Anacanthobatis americanus",NA,NA,NA,NA,NA,NA,NA,NA,"Other species"
"Heteronarce_mollis",27.6162834290589,27.304850857701,7.38884071812085,594.59,585.5,0,0,"Heteronarce mollis",NA,NA,NA,NA,NA,NA,NA,NA,"Other species"
"Himantura_uarnak",27.0053643696233,27.1918963957534,3.42970025014646,594.86,643.5,0,0,"Himantura uarnak",NA,NA,NA,NA,NA,NA,NA,NA,"Other species"
"Dasyatis_hypostigma",29.3816913943438,27.7824933175267,13.3409682000422,595.05,571.5,0,0,"Dasyatis hypostigma",NA,NA,NA,NA,NA,NA,NA,NA,"Other species"
"Squatina_californica",27.4674377659319,26.813111192007,7.5010377327346,596.44,613.5,0,0,"Squatina californica",0.75504025166635,0.381492047754648,-0.512114446555174,"demersal","aplacental viviparous",0.683070412145083,0.146061157596269,-0.0248614513508168,"Other species"
"Dasyatis_sinensis",30.259186957248,26.165711740715,15.6570138833442,596.57,601.5,0,0,"Dasyatis sinensis",NA,NA,NA,NA,NA,NA,NA,NA,"Other species"
"Proscymnodon_plunketi",27.3406714415318,28.5828036093706,6.81450318491795,596.81,594.5,0,0,"Proscymnodon plunketi",NA,NA,NA,NA,NA,NA,NA,NA,"Other species"
"Proscymnodon_macracanthus",27.3406714415318,28.5828036093706,6.81450318491795,597.81,595.5,0,0,"Proscymnodon macracanthus",NA,NA,NA,NA,NA,NA,NA,NA,"Other species"
"Himantura_uarnacoides",28.4310542696101,27.1762518699108,10.0049244385526,598.47,579.5,0,0,"Himantura uarnacoides",NA,NA,NA,NA,NA,NA,NA,NA,"Other species"
"Carcharhinus_falciformis",27.7723699317722,26.4220256289145,8.9814352992842,598.52,543,0,0,"Carcharhinus falciformis",1.8773182915574,1.03559690478425,1.94650752808209,"reef-associated","viviparous",0.279708515623299,1.38970898195499,-1.13115843644066,"Other species"
"Mobula_mobular",27.9980333692987,26.6059609377032,9.30358816089451,598.57,593,0,0,"Mobula mobular",NA,NA,NA,NA,NA,NA,NA,NA,"Other species"
"Himantura_undulata",26.8618501509395,27.0087591071825,3.67504176724121,600.12,643.5,0,0,"Himantura undulata",NA,NA,NA,NA,NA,NA,NA,NA,"Other species"
"Urobatis_concentricus",26.8152014739959,26.2398904840472,4.97815783629831,600.2,610,0,0,"Urobatis concentricus",NA,NA,NA,NA,NA,NA,NA,NA,"Other species"
"Squatina_dumeril",27.6366235815612,26.9679234832373,8.39188918357343,600.77,612,0,0,"Squatina dumeril",0.75504025166635,-1.23691259014181,1.06283826145227,"bathydemersal","aplacental viviparous",0.528440611510117,0.405409061347109,0.473791952323776,"Other species"
"Prionace_glauca",27.4514779629708,26.4212916955302,8.31022445983802,601.84,547.5,0,0,"Prionace glauca",2.05699442173765,0.740262052583538,0.864527061189159,"pelagic-oceanic","viviparous",1.76836434320372,0.940403398781746,-2.63254328969282,"Other species"
"Scyliorhinus_torrei",28.801058673686,24.8253674302017,12.3898146324827,602.02,634,0,0,"Scyliorhinus torrei",-1.34155583506066,0.0329501288129696,0.37658540800809,"bathydemersal","oviparous",-0.350914600657509,-0.899846604331683,-0.437754030356048,"Other species"
"Urobatis_maculatus",26.7445861507357,26.215108366616,5.06118238665735,602.61,612,0,0,"Urobatis maculatus",NA,NA,NA,NA,NA,NA,NA,NA,"Other species"
"Sphyrna_tudes",26.4122333118873,26.4858311457917,3.24420031634404,603.05,620.5,0,0,"Sphyrna tudes",0.653960019415921,0.0115489830270567,-0.214583987241451,"benthopelagic","viviparous",0.196415017288499,1.66903509855816,0.393288207409775,"Other species"
"Carcharhinus_albimarginatus",28.0402981454057,26.2016010531438,10.0784669506593,603.08,619,0,0,"Carcharhinus albimarginatus",1.6698974216658,1.03559690478425,0.614650713676118,"reef-associated","viviparous",-0.0502432840166709,1.41274214491227,-2.16740652204384,"Other species"
"Carcharhinus_macloti",27.0457508439175,28.5557130845335,6.46610573678331,603.11,540.5,0,0,"Carcharhinus macloti",0.319881992490838,0.212179388818748,-0.667037457961342,"demersal","viviparous",-1.14237029440248,1.64445971208287,-0.6655556056682,"Other species"
"Urolophus_aurantiacus",27.3237825245977,26.792653643631,7.32267784456949,603.6,575.5,0,0,"Urolophus aurantiacus",NA,NA,NA,NA,NA,NA,NA,NA,"Other species"
"Gurgesiella_dorsalifera",29.1060635361119,28.4151623071779,13.5072144477847,604.02,580.5,0,0,"Gurgesiella dorsalifera",NA,NA,NA,NA,NA,NA,NA,NA,"Other species"
"Sphyrna_media",26.4122333118873,26.4858311457917,3.24420031634404,604.05,621.5,0,0,"Sphyrna media",0.737217842725438,0.461177816171631,-1.58490499872043,"demersal","viviparous",0.0668098297858027,1.50335506307378,-0.203921784624563,"Other species"
"Breviraja_spinosa",29.6693407217385,26.2210355848996,14.7926143771655,604.61,606,0,0,"Breviraja spinosa",NA,NA,NA,NA,NA,NA,NA,NA,"Other species"
"Dasyatis_gigantea",28.9741162301419,27.2513416372542,12.7845499710921,606.28,617.5,0,0,"Dasyatis gigantea",NA,NA,NA,NA,NA,NA,NA,NA,"Other species"
"Dasyatis_hastata",28.8288477067471,26.4645034820703,12.8126459975574,606.7,575,0,0,"Dasyatis hastata",NA,NA,NA,NA,NA,NA,NA,NA,"Other species"
"Dasyatis_colarensis",29.5642960507063,25.7787027429736,14.6726193792029,607.05,597,0,0,"Dasyatis colarensis",NA,NA,NA,NA,NA,NA,NA,NA,"Other species"
"Anacanthobatis_stenosoma",29.1917955959587,24.8831886513591,14.4329458871959,607.78,596.5,0,0,"Anacanthobatis stenosoma",NA,NA,NA,NA,NA,NA,NA,NA,"Other species"
"Gurgesiella_atlantica",29.4302127254707,28.2891762713628,14.2883808581892,608.84,596.5,0,0,"Gurgesiella atlantica",NA,NA,NA,NA,NA,NA,NA,NA,"Other species"
"Etmopterus_sheikoi",28.1098731531407,25.2922104523268,10.956050631621,609.99,637.5,0,0,"Etmopterus sheikoi",-0.937743413620449,0.0894187865979394,-0.0234642444398141,"bathypelagic","viviparous",-1.36545291952954,0.115365605878666,0.966994705106485,"Other species"
"Himantura_dalyensis",27.7749002886352,25.6408553059974,9.49637761215403,610.11,618.5,0,0,"Himantura dalyensis",NA,NA,NA,NA,NA,NA,NA,NA,"Other species"
"Torpedo_puelcha",29.5145237020907,24.8660246309476,15.9829141906016,610.61,621,1,0.01,"Torpedo puelcha",NA,NA,NA,NA,NA,NA,NA,NA,"Other species"
"Squatina_nebulosa",26.7687287083118,27.8361350339761,6.26262780176327,611.82,609.5,0,0,"Squatina nebulosa",0.849054950872946,-0.18988447746955,-0.532548303673797,"demersal","aplacental viviparous",0.493336610570932,0.0181684345171378,0.124200662542689,"Other species"
"Scyliorhinus_haeckelii",28.1406325422113,25.987146401546,11.2440608612261,611.98,641,0,0,"Scyliorhinus haeckelii",-0.601833134402532,-0.288629865831016,-0.539515755554254,"demersal","oviparous",0.248783575140681,-0.863004800447798,-0.311304625104934,"Other species"
"Squatina_formosa",26.760954440808,27.8845939362383,6.33267760660995,612.19,599,0,0,"Squatina formosa",-0.60304698350938,0.138860441313285,-0.453676350009759,"bathydemersal","aplacental viviparous",-1.71666657477721,0.501077485191531,0.761413536251636,"Other species"
"Dasyatis_multispinosa",28.5873374948562,26.6836587483266,12.4960208693961,613.18,634,0,0,"Dasyatis multispinosa",NA,NA,NA,NA,NA,NA,NA,NA,"Other species"
"Dasyatis_acutirostra",28.5706710706952,26.0400046726686,13.1377906912413,614.02,600,0,0,"Dasyatis acutirostra",NA,NA,NA,NA,NA,NA,NA,NA,"Other species"
"Scyliorhinus_cervigoni",28.3494226571539,25.8090129285255,11.6020164608952,614.07,626.5,0,0,"Scyliorhinus cervigoni",-0.2597675250492,1.08851415849481,0.225709002057216,"demersal","oviparous",0.149033347233965,-0.984580379637295,-0.25066555085249,"Other species"
"Scyliorhinus_besnardi",28.3253817689124,25.5850960880328,12.2661096196346,614.85,666,0,0,"Scyliorhinus besnardi",-0.824302138392941,-0.284701120763431,-0.574995000831608,"demersal","oviparous",0.296691836230958,-0.910834528207273,-0.0307896793026998,"Other species"
"Heteronarce_prabhui",27.2199258936762,26.7011305511875,8.55831035048783,615.75,653.5,0,0,"Heteronarce prabhui",NA,NA,NA,NA,NA,NA,NA,NA,"Other species"
"Rhizoprionodon_acutus",28.4662337983747,24.3637351472646,12.3909063870215,616.34,696,0,0,"Rhizoprionodon acutus",0.522751699739213,-0.0464018822054373,-0.532548303673797,"benthopelagic","viviparous (with a yolk-sac placenta)",-0.16719259246017,1.67728923398598,-0.339434792118684,"Other species"
"Mobula_rochebrunei",27.8086743630549,25.1861618152214,11.1179699190135,616.5,654,0,0,"Mobula rochebrunei",NA,NA,NA,NA,NA,NA,NA,NA,"Other species"
"Heteronarce_garmani",27.4190812612396,25.3620204006129,9.33525953994624,616.74,642.5,0,0,"Heteronarce garmani",NA,NA,NA,NA,NA,NA,NA,NA,"Other species"
"Heteronarce_bentuviai",27.5171559892442,25.6668709132404,10.5119160552591,617.06,640,1,0.01,"Heteronarce bentuviai",NA,NA,NA,NA,NA,NA,NA,NA,"Other species"
"Dasyatis_tortonesei",28.8750291538747,25.5775277233048,13.9013949653876,617.13,655.5,0,0,"Dasyatis tortonesei",NA,NA,NA,NA,NA,NA,NA,NA,"Other species"
"Himantura_kittipongi",27.2077434914333,25.8055030228158,8.7180358259134,617.88,625,0,0,"Himantura kittipongi",NA,NA,NA,NA,NA,NA,NA,NA,"Other species"
"Scyliorhinus_boa",28.5370601234476,26.0221885171575,12.8144893316357,618.97,644,0,0,"Scyliorhinus boa",-0.637487677395494,0.0846966521121492,0.475279367253361,"bathydemersal","oviparous",0.245824678126734,-0.919378467559333,-0.123860595739538,"Other species"
"Urolophus_westraliensis",26.779893015224,26.2416923519681,7.26345254731469,619.24,607,0,0,"Urolophus westraliensis",NA,NA,NA,NA,NA,NA,NA,NA,"Other species"
"Brochiraja_microspinifera",26.7670556921686,26.1557583549304,7.58735942149634,619.36,548,0,0,"Brochiraja microspinifera",NA,NA,NA,NA,NA,NA,NA,NA,"Other species"
"Scyliorhinus_comoroensis",28.8149333435639,24.9426440414768,14.3254899461293,620.74,679.5,0,0,"Scyliorhinus comoroensis",-0.500764587557663,0.0394522432974763,0.0410512050011602,"bathydemersal","oviparous",-0.141317981210445,-1.10211263172826,-0.438286589478831,"Other species"
"Sympterygia_bonapartii",26.6080714323885,26.4739966767795,6.77179455717615,621.02,576.5,0,0,"Sympterygia bonapartii",NA,NA,NA,NA,NA,NA,NA,NA,"Other species"
"Galeus_arae",26.8040326992328,25.6566541404993,7.91848428339345,623.47,626,0,0,"Galeus arae",-1.05822573476065,-1.56240976813618,0.561243205064146,"bathydemersal","aplacental viviparous",0.0561636091352966,-0.777922688863618,0.124429464201352,"Other species"
"Acroteriobatus_variegatus",27.4673165518906,25.2378661766744,10.8071480665557,628.05,674.5,0,0,"Acroteriobatus variegatus",NA,NA,NA,NA,NA,NA,NA,NA,"Other species"
"Rhinobatos_annandalei",27.4663031663224,25.2378661766744,10.8083436748171,628.07,674.5,0,0,"Rhinobatos annandalei",NA,NA,NA,NA,NA,NA,NA,NA,"Other species"
"Rhinoptera_marginata",28.1318799157915,24.4436007110863,13.7776009594914,629.31,685,0,0,"Rhinoptera marginata",NA,NA,NA,NA,NA,NA,NA,NA,"Other species"
"Mobula_eregoodootenkee",27.2807056280791,24.7712359359259,10.2939803010581,629.45,665,0,0,"Mobula eregoodootenkee",NA,NA,NA,NA,NA,NA,NA,NA,"Other species"
"Urolophus_papilio",28.3833552636901,25.8326764181075,14.6907383741585,630.19,648.5,0,0,"Urolophus papilio",NA,NA,NA,NA,NA,NA,NA,NA,"Other species"
"Dasyatis_geijskesi",28.743499877258,24.5545961935073,15.0863580575805,630.69,610.5,0,0,"Dasyatis geijskesi",NA,NA,NA,NA,NA,NA,NA,NA,"Other species"
"Dasyatis_rudis",28.3461952981078,25.0720023538164,13.4268537461078,632.5,656,0,0,"Dasyatis rudis",NA,NA,NA,NA,NA,NA,NA,NA,"Other species"
"Dasyatis_izuensis",28.5209859494535,24.7182935288572,14.4673936145861,633.15,656.5,0,0,"Dasyatis izuensis",NA,NA,NA,NA,NA,NA,NA,NA,"Other species"
"Mobula_thurstoni",26.0744614687719,26.027093513661,6.69760174442698,633.39,609.5,0,0,"Mobula thurstoni",NA,NA,NA,NA,NA,NA,NA,NA,"Other species"
"Himantura_randalli",26.4842259417548,24.5587226248626,8.37954090660403,633.81,637.5,0,0,"Himantura randalli",NA,NA,NA,NA,NA,NA,NA,NA,"Other species"
"Mobula_kuhlii",26.0643563892398,25.7570929094693,6.69476974877198,634.76,629.5,0,0,"Mobula kuhlii",NA,NA,NA,NA,NA,NA,NA,NA,"Other species"
"Fenestraja_plutonia",27.9777512596094,25.576443939885,12.8190491606745,635.11,676.5,0,0,"Fenestraja plutonia",NA,NA,NA,NA,NA,NA,NA,NA,"Other species"
"Okamejei_hollandi",26.9927907855205,25.750405862437,10.0314036766781,635.35,668.5,0,0,"Okamejei hollandi",NA,NA,NA,NA,NA,NA,NA,NA,"Other species"
"Breviraja_nigriventralis",27.8338371247173,24.180305562228,12.6952230245244,635.53,661.5,0,0,"Breviraja nigriventralis",NA,NA,NA,NA,NA,NA,NA,NA,"Other species"
"Scyliorhinus_tokubee",27.9532365069616,24.850012347391,14.9597612673245,635.57,656,1,0.01,"Scyliorhinus tokubee",NA,NA,NA,NA,NA,NA,NA,NA,"Other species"
"Rhinoptera_peli",27.3887006284431,23.5128188069592,11.6781482691117,637.54,669.5,0,0,"Rhinoptera peli",NA,NA,NA,NA,NA,NA,NA,NA,"Other species"
"Scyliorhinus_garmani",26.9754233290572,24.9333075144887,10.0240987692121,637.89,674.5,0,0,"Scyliorhinus garmani",-1.11031890621436,-0.349613835103585,-0.766248521526076,"benthopelagic","oviparous",-0.0228989362290777,-1.20046271520772,0.0107737621516735,"Other species"
"Breviraja_claramaculata",27.2492428939546,25.7666358803043,11.7398636167766,639.45,631,0,0,"Breviraja claramaculata",NA,NA,NA,NA,NA,NA,NA,NA,"Other species"
"Raja_undulata",26.9184939086553,25.1510738962518,10.8698884631729,641.35,650,0,0,"Raja undulata",NA,NA,NA,NA,NA,NA,NA,NA,"Other species"
"Breviraja_colesi",28.4454985865035,24.5865014781819,15.6024884250387,641.78,696,0,0,"Breviraja colesi",NA,NA,NA,NA,NA,NA,NA,NA,"Other species"
"Etmopterus_compagnoi",27.2042807125223,25.0298245686978,11.6022845394803,641.88,664,0,0,"Etmopterus compagnoi",-0.142687434803214,0.576021135043175,1.01642259185827,"pelagic-oceanic","viviparous",-0.380872178050104,-0.440185409672865,2.32196139941579,"Other species"
"Scyliorhinus_hesperius",27.5914928530987,25.5856001508744,13.0164008527338,643.78,681,0,0,"Scyliorhinus hesperius",-0.824302138392941,0.0495931551240896,0.151293683777881,"bathydemersal","oviparous",-0.287438056790715,-1.19292657273144,-0.179365636342733,"Other species"
"Torpedo_semipelagica",26.8800069605154,24.3244956897493,11.1944072057118,644.74,647.5,0,0,"Torpedo semipelagica",NA,NA,NA,NA,NA,NA,NA,NA,"Other species"
"Torpedo_suessii",27.1181943326402,24.3977026947402,11.3546243603034,645.27,676.5,0,0,"Torpedo suessii",NA,NA,NA,NA,NA,NA,NA,NA,"Other species"
"Dasyatis_parvonigra",27.8603633418485,24.1071809151115,13.8985549020937,645.7,649,0,0,"Dasyatis parvonigra",NA,NA,NA,NA,NA,NA,NA,NA,"Other species"
"Himantura_marginata",26.1992796805833,24.5314513159733,8.81525748318215,646.86,638,0,0,"Himantura marginata",NA,NA,NA,NA,NA,NA,NA,NA,"Other species"
"Etmopterus_hillianus",26.9070128078262,24.693759590534,10.7983318479882,647.69,675,0,0,"Etmopterus hillianus",-1.45101226636758,1.08851415849481,0.524006572335312,"pelagic-oceanic","aplacental viviparous",-0.541631535585315,-0.696521594872137,0.798029101666248,"Other species"
"Galeus_springeri",28.1241229462347,25.0638524318606,15.3784188301961,648.26,678,0,0,"Galeus springeri",-1.11741959472283,0.179127146149065,0.50414959161971,"bathypelagic","oviparous",-0.695927204365654,-0.622434891560593,-0.72510783490978,"Other species"
"Squatina_guggenheim",25.7417076974363,26.7544136151344,6.69291657093747,649.39,647.5,0,0,"Squatina guggenheim",0.539480069502261,0.794508282980936,-0.0461376947159937,"demersal","aplacental viviparous",0.237948945882558,0.409403628190446,0.285021893508853,"Other species"
"Torpedo_alexandrinsis",26.8236397245562,23.1625799262791,11.1713507498677,654.24,678.5,0,0,"Torpedo alexandrinsis",NA,NA,NA,NA,NA,NA,NA,NA,"Other species"
"Scyliorhinus_meadi",26.6151072370554,24.8999815306941,11.0172662344596,654.37,668,0,0,"Scyliorhinus meadi",-0.768228516480791,0.0618776373640259,0.37658540800809,"bathydemersal","oviparous",-0.100079232671733,-0.857435879545908,-0.35975348674786,"Other species"
"Squatina_occulta",25.5725331875653,26.4661993161454,6.75544527140424,654.81,658,0,0,"Squatina occulta",0.436962082736822,-0.81705148767583,-0.323079942934906,"demersal","aplacental viviparous",-0.064415464968327,0.423361920561253,0.568267628803335,"Other species"
"Torpedo_formosa",26.5612123140235,24.798256406966,10.9825734346555,656.92,672,0,0,"Torpedo formosa",NA,NA,NA,NA,NA,NA,NA,NA,"Other species"
"Galeus_antillensis",27.360786532428,24.3857807587737,14.026560864792,657.25,696.5,0,0,"Galeus antillensis",-0.519829836761915,0.345244343498983,0.50414959161971,"bathydemersal","oviparous",-0.193509780702432,-0.6709641908003,-0.843461935303764,"Other species"
"Raja_miraletus",26.2801500454491,24.7785866847107,10.6630327425503,657.46,682.5,0,0,"Raja miraletus",NA,NA,NA,NA,NA,NA,NA,NA,"Other species"
"Hemitriakis_indroyonoi",26.0457780003796,24.6569834821754,8.88104399861251,657.8,727,0,0,"Hemitriakis indroyonoi",0.436962082736822,-0.774941931285876,-0.224706044455709,"demersal","aplacental viviparous",-0.064415464968327,0.402490833953017,1.03262738375881,"Other species"
"Urotrygon_venezuelae",26.2670605251523,23.9829260654481,10.2947924897971,658.59,713,0,0,"Urotrygon venezuelae",NA,NA,NA,NA,NA,NA,NA,NA,"Other species"
"Rhinoptera_adspersa",26.0017438180307,24.0768878480625,9.27788870172768,659.24,707.5,0,0,"Rhinoptera adspersa",NA,NA,NA,NA,NA,NA,NA,NA,"Other species"
"Hemitriakis_abdita",25.8345099546646,24.0059597840397,8.53241717756452,660.16,700.5,0,0,"Hemitriakis abdita",-0.181465987600359,0.13989329440672,-0.435079406334895,"bathydemersal","aplacental viviparous",-1.04507654330911,0.477206914510683,0.662249950446435,"Other species"
"Etmopterus_joungi",26.0228133854801,24.5120073576819,9.53402998792544,661.64,686,0,0,"Etmopterus joungi",-0.940861846100519,0.366212649234482,0.807061985779293,"pelagic-oceanic","viviparous",-0.758096895490504,-0.00760065388913901,2.63729948407998,"Other species"
"Etmopterus_schmidti",26.2369910546709,24.1187133209159,10.6422873044044,663.98,667,0,0,"Etmopterus schmidti",NA,NA,NA,NA,NA,NA,NA,NA,"Other species"
"Fenestraja_sinusmexicanus",26.17552382002,25.0751082063098,10.8047053061532,664.91,683,0,0,"Fenestraja sinusmexicanus",NA,NA,NA,NA,NA,NA,NA,NA,"Other species"
"Carcharhinus_brachyurus",25.0222428527019,26.3442344367949,6.17698430790688,666.31,650,0,0,"Carcharhinus brachyurus",1.77760066418622,1.08851415849481,-0.0461376947159937,"reef-associated","viviparous (with a yolk-sac placenta)",0.338941684246356,1.34308819619262,-1.74918288141636,"Other species"
"Urotrygon_simulatrix",26.0545122239317,25.8320223419395,10.6198188162502,666.86,615.5,0,0,"Urotrygon simulatrix",NA,NA,NA,NA,NA,NA,NA,NA,"Other species"
"Malacoraja_obscura",25.9576543213085,24.6143020632141,9.82456047140236,666.89,669,0,0,"Malacoraja obscura",NA,NA,NA,NA,NA,NA,NA,NA,"Other species"
"Galeus_cadenati",27.1246720974459,22.6198877726112,14.9540468071944,667.18,698.5,0,0,"Galeus cadenati",-0.546831769109527,0.417465238350685,0.118040270101751,"bathydemersal","oviparous",-0.15245406620064,-0.672713295301946,-1.01782921866209,"Other species"
"Etmopterus_villosus",26.2683501573224,22.635282918727,11.4104907871782,667.36,666.5,0,0,"Etmopterus villosus",-0.853240290336212,0.262757958482412,1.19340618399381,"bathydemersal","viviparous",-0.624546906884216,0.062495027182054,2.81720620258854,"Other species"
"Fenestraja_ishiyamai",26.0982799815957,25.2592646800142,10.3162589451469,667.78,686.5,0,0,"Fenestraja ishiyamai",NA,NA,NA,NA,NA,NA,NA,NA,"Other species"
"Fenestraja_atripinna",26.0718762964596,24.5420353225136,10.0816126964429,667.85,686.5,0,0,"Fenestraja atripinna",NA,NA,NA,NA,NA,NA,NA,NA,"Other species"
"Carcharhinus_isodon",24.840003833449,26.1714817713183,5.9266876194114,669.07,646.5,0,0,"Carcharhinus isodon",1.12431484279729,0.465251998599675,-2.43800462675473,"demersal","viviparous",-0.384127567362995,1.48687203899767,-1.32690335252962,"Other species"
"Mustelus_californicus",25.6026191846854,27.1980396261811,8.79356383963956,669.54,633,0,0,"Mustelus californicus",0.436962082736822,-0.769479996024101,-0.532548303673797,"demersal","viviparous (with a yolk-sac placenta)",0.120202440025322,0.719669988771238,1.21804530713908,"Other species"
"Malacoraja_senta",26.3370111572474,24.4369420881948,11.5991352699615,670.4,702.5,0,0,"Malacoraja senta",NA,NA,NA,NA,NA,NA,NA,NA,"Other species"
"Galeus_schultzi",26.8169229874331,22.8380212703465,13.1531051030617,670.78,715,0,0,"Galeus schultzi",-1.42839707514389,0.202654854160217,0.102820913930138,"bathydemersal","oviparous",-0.432385008036258,-0.707540241840797,-0.00133079374231731,"Other species"
"Urolophus_gigas",26.3859175412825,23.6358790432002,12.1474226755658,670.81,675.5,0,0,"Urolophus gigas",NA,NA,NA,NA,NA,NA,NA,NA,"Other species"
"Etmopterus_burgessi",26.0178882842796,23.4413139134175,11.3107479008461,671.46,709,0,0,"Etmopterus burgessi",-1.10854960722838,0.391681662879626,0.37658540800809,"pelagic-oceanic","viviparous",-1.19869810663181,-0.419155513849981,1.78010545774287,"Other species"
"Etmopterus_evansi",25.9407933973237,23.5103615731599,10.3260636098836,671.85,716.5,0,0,"Etmopterus evansi",-1.39080262062016,0.443500291921168,0.491042304163107,"pelagic-oceanic","viviparous",-1.75242000495452,-0.606344804353127,1.93914367315182,"Other species"
"Carcharhinus_dussumieri",24.7695759098593,25.5073737633037,5.74269730023582,672.14,661,0,0,"Carcharhinus dussumieri",0.448128721124742,1.08851415849481,-1.10614781234875,"reef-associated","viviparous",-0.312029662921441,1.42695749151047,-0.510803803792847,"Other species"
"Leucoraja_ocellata",25.0654493446448,25.4771683399723,7.55815724638869,672.32,627.5,0,0,"Leucoraja ocellata",NA,NA,NA,NA,NA,NA,NA,NA,"Other species"
"Galeus_nipponensis",27.7105837211001,22.4472349895381,16.5131054171553,672.36,734.5,0,0,"Galeus nipponensis",-0.288296626311929,0.183724515776882,0.501152134489534,"bathydemersal","oviparous",0.474891561717076,-0.884217243702795,-0.151043527803466,"Other species"
"Etmopterus_decacuspidatus",26.4933945715308,24.3849628092937,12.3712432724094,672.38,686.5,0,0,"Etmopterus decacuspidatus",-1.4740140607266,0.425550654248971,0.494637657392698,"pelagic-oceanic","viviparous",-1.60180564107725,-0.101794081141659,1.78401147707897,"Other species"
"Fenestraja_sibogae",26.0978248638244,23.0268661980799,11.9053437121538,672.47,675.5,0,0,"Fenestraja sibogae",NA,NA,NA,NA,NA,NA,NA,NA,"Other species"
"Etmopterus_bullisi",25.4974219070289,23.9090775799285,8.98575206274932,673.11,671.5,0,0,"Etmopterus bullisi",-0.62936413686539,0.745115752962376,0.664819356444629,"pelagic-oceanic","viviparous",-0.476625857469348,-0.69775575228211,0.750885602313278,"Other species"
"Mustelus_norrisi",25.322564158553,28.3347166922666,8.02922564966187,673.68,586,0,0,"Mustelus norrisi",0.319881992490838,-0.703247264706915,-1.10614781234875,"demersal","viviparous (with a yolk-sac placenta)",-0.507212709015218,0.651232155372321,0.14478046820125,"Other species"
"Rhinoptera_brasiliensis",25.3675320137742,24.3351955083705,8.92128670704465,674.85,677,0,0,"Rhinoptera brasiliensis",NA,NA,NA,NA,NA,NA,NA,NA,"Other species"
"Torpedo_peruana",25.7930860316605,23.4499396055203,10.0508793706884,675.09,691.5,0,0,"Torpedo peruana",NA,NA,NA,NA,NA,NA,NA,NA,"Other species"
"Leucoraja_erinacea",24.9130412156961,24.1001215691867,7.3543391569581,676.71,645,0,0,"Leucoraja erinacea",NA,NA,NA,NA,NA,NA,NA,NA,"Other species"
"Carcharhinus_brevipinna",24.6470758077724,25.7573240722218,6.09329051570585,677.24,653.5,0,0,"Carcharhinus brevipinna",1.6698974216658,1.08851415849481,-1.10614781234875,"reef-associated","viviparous (with a yolk-sac placenta)",0.0819233446884732,1.48142036227374,-1.32302778913399,"Other species"
"Urolophus_kaianus",27.932579951116,21.463082324767,17.287976387884,677.28,724.5,2,0.02,"Urolophus kaianus",NA,NA,NA,NA,NA,NA,NA,NA,"Other species"
"Rhinoptera_sewelli",25.511957674999,23.6514097772027,9.70729968648186,678.06,688,0,0,"Rhinoptera sewelli",NA,NA,NA,NA,NA,NA,NA,NA,"Other species"
"Fenestraja_cubensis",25.8743310436657,22.8059526887223,11.641643390152,678.32,656,0,0,"Fenestraja cubensis",NA,NA,NA,NA,NA,NA,NA,NA,"Other species"
"Etmopterus_perryi",26.08410927785,23.6967895130422,12.216473451512,679.76,709.5,0,0,"Etmopterus perryi",-2.07888253713856,0.464989313810467,0.273928223037007,"pelagic-oceanic","viviparous",-0.666867964869999,0.128123527154727,1.5708078391266,"Other species"
"Rhinoptera_hainanensis",25.5465091022659,24.3693548444611,10.2312590914721,680.48,682,0,0,"Rhinoptera hainanensis",NA,NA,NA,NA,NA,NA,NA,NA,"Other species"
"Galeus_priapus",26.3402956582456,22.0666274151362,13.0291931269686,681.12,676.5,0,0,"Galeus priapus",-0.985295143481994,0.020143282046177,0.645115350174393,"benthopelagic","viviparous",-1.8498393359802,0.406911810624994,0.614796800327258,"Other species"
"Etmopterus_robinsi",25.632634826313,22.3818685598958,10.315106560401,682.35,712,0,0,"Etmopterus robinsi",-1.3248404532984,-0.0443148950840293,0.614650713676118,"bathydemersal","viviparous",-1.39618210116952,1.25420814672034,1.29274309673749,"Other species"
"Etmopterus_viator",25.7961633762093,23.2672219831503,11.5349640059279,682.54,728,0,0,"Etmopterus viator",-0.7848066284095,0.390976517155081,1.07774910029467,"bathydemersal","aplacental viviparous",-0.358051210745526,0.00577978642442458,1.21083840295549,"Other species"
"Parmaturus_lanatus",25.5244759153837,24.1026694802238,10.102350043947,682.59,723.5,0,0,"Parmaturus lanatus",-1.183070256264,-0.173473585778362,0.669672913857208,"bathydemersal","oviparous",-0.568504960961234,-1.31772396581832,0.00736975849303789,"Other species"
"Himantura_walga",24.1328798682095,24.285094713941,3.08655354563036,682.61,726,0,0,"Himantura walga",NA,NA,NA,NA,NA,NA,NA,NA,"Other species"
"Etmopterus_carteri",25.2146556985243,23.0644945104448,9.7775721813845,685.03,733.5,0,0,"Etmopterus carteri",-1.96726853125539,0.439255748653761,-0.0553839268483743,"pelagic-oceanic","viviparous",-1.42576357486283,-0.373920128199346,1.71578565240751,"Other species"
"Carcharhinus_sorrah",24.8028974960022,22.7039121206132,8.30553597504371,685.15,656.5,0,0,"Carcharhinus sorrah",0.824059082808673,0.576021135043175,-0.827707222786261,"reef-associated","viviparous (with a yolk-sac placenta)",-0.69072693735894,2.00853475627437,-0.0233528985479636,"Other species"
"Apristurus_macrostomus",26.7719304477971,23.1352388470517,15.9538611689374,685.55,750,0,0,"Apristurus macrostomus",-1.11031890621436,0.0231932833226379,0.723987303838431,"bathydemersal","oviparous",-0.483057305820926,-0.791123386800743,-1.02853025941502,"Other species"
"Urolophus_mitosis",25.4621416511182,23.313131555568,11.1008434601648,686.18,703,0,0,"Urolophus mitosis",NA,NA,NA,NA,NA,NA,NA,NA,"Other species"
"Rhizoprionodon_longurio",24.3328823189663,25.3038382799675,5.43633215171827,686.67,654.5,0,0,"Rhizoprionodon longurio",0.565208811370727,0.450968442494008,-1.10614781234875,"benthopelagic","viviparous",-0.164637150141639,1.06653486961042,-1.18086873027906,"Other species"
"Torpedo_marmorata",25.0519914638708,24.479959744125,8.95028868856735,687.14,692.5,0,0,"Torpedo marmorata",NA,NA,NA,NA,NA,NA,NA,NA,"Other species"
"Apristurus_gibbosus",25.8569880605971,22.74531301645,11.8491096283572,687.7,720,0,0,"Apristurus gibbosus",2.05362627929497,-0.199529663938925,0.723987303838431,"bathydemersal","oviparous",1.20286663550259,-1.51724740769291,-0.502371189209858,"Other species"
"Carcharhinus_sealei",24.317904076815,24.683064113956,5.70671555547933,687.91,663,0,0,"Carcharhinus sealei",0.0838198745248587,0.297137346716398,-1.86440511807977,"reef-associated","viviparous (with a yolk-sac placenta)",-1.20858903112928,1.76592752985622,-0.249380097366018,"Other species"
"Torpedo_tremens",25.6054017412692,22.2301720974371,11.8319341744125,688.01,709.5,0,0,"Torpedo tremens",NA,NA,NA,NA,NA,NA,NA,NA,"Other species"
"Urolophus_circularis",26.5776361168273,22.5801731120829,14.6627561368248,688.28,740.5,1,0.01,"Urolophus circularis",NA,NA,NA,NA,NA,NA,NA,NA,"Other species"
"Galeus_gracilis",26.2877311783197,22.2315928678384,14.3931859171126,688.3,728.5,0,0,"Galeus gracilis",-1.25998102911036,0.233453128073857,0.174505300784006,"bathydemersal","oviparous",-0.684827266339412,-0.523418433777982,-0.101829319245832,"Other species"
"Torpedo_adenensis",25.4021040887198,22.5823194341359,10.7487915790718,688.57,696,0,0,"Torpedo adenensis",NA,NA,NA,NA,NA,NA,NA,NA,"Other species"
"Apristurus_riveri",25.7178889318319,22.2253530984699,11.3857434536765,688.82,758.5,0,0,"Apristurus riveri",-0.928431481858095,-0.18706760819424,1.1348427137391,"bathydemersal","oviparous",-0.380217407941184,-0.860640280641166,0.119350791033018,"Other species"
"Torpedo_panthera",25.9089544646882,21.9352480566613,12.3664405400535,689.14,778,0,0,"Torpedo panthera",NA,NA,NA,NA,NA,NA,NA,NA,"Other species"
"Torpedo_zugmayeri",25.5531067687356,22.317590482387,11.5215439616666,689.22,705,0,0,"Torpedo zugmayeri",NA,NA,NA,NA,NA,NA,NA,NA,"Other species"
"Etmopterus_sculptus",26.2016817777369,24.3693515519623,13.5652130401623,689.3,730,0,0,"Etmopterus sculptus",-0.606695207721426,0.418720729439436,0.81812609943344,"bathydemersal","viviparous",-0.434908874463945,-0.68620421967263,1.65752746936681,"Other species"
"Malacoraja_spinacidermis",25.0186705174426,23.574756292896,9.34053699056866,689.87,701,0,0,"Malacoraja spinacidermis",NA,NA,NA,NA,NA,NA,NA,NA,"Other species"
"Rhizoprionodon_lalandii",24.1712521064266,24.906328852294,5.37458441787092,690.21,656.5,0,0,"Rhizoprionodon lalandii",-0.108620496131684,0.493041259961954,-1.40130673146122,"demersal","viviparous",-1.19016082771645,1.13740548041161,0.191223910355639,"Other species"
"Fenestraja_maceachrani",25.1616296972552,23.128393547508,10.6643309559443,690.9,711.5,0,0,"Fenestraja maceachrani",NA,NA,NA,NA,NA,NA,NA,NA,"Other species"
"Squatina_albipunctata",24.1809841164987,24.9585836806775,5.20266523687101,691.3,694,0,0,"Squatina albipunctata",-0.150472844128314,0.362894957164897,0.0715158414994355,"benthopelagic","viviparous",-0.922836541899927,0.84048001446949,0.280782822024158,"Other species"
"Triaenodon_obesus",24.7003007085099,23.9368895341468,8.70237705161153,691.54,657.5,0,0,"Triaenodon obesus",1.20905198205572,0.713045766188822,-0.11814214700283,"reef-associated","viviparous",-0.236959814771129,0.594320336078996,-1.04260775226576,"Other species"
"Torpedo_bauchotae",25.3494445918189,22.8055656583415,11.101605095256,692.17,693.5,0,0,"Torpedo bauchotae",NA,NA,NA,NA,NA,NA,NA,NA,"Other species"
"Scyliorhinus_stellaris",24.3008177912076,24.4187540563762,6.78736953551126,692.27,640,0,0,"Scyliorhinus stellaris",0.905633888758967,-1.56240976813618,0.0410512050011602,"reef-associated","oviparous",2.2919749075315,-1.35652661833802,-0.689716266179179,"Other species"
"Urotrygon_microphthalmum",25.3133037888393,22.264065223673,10.8331950225936,692.66,702.5,0,0,"Urotrygon microphthalmum",NA,NA,NA,NA,NA,NA,NA,NA,"Other species"
"Etmopterus_litvinovi",25.4543691503328,23.651274231127,12.5981445835809,693.51,723,1,0.01,"Etmopterus litvinovi",-0.473476126958435,0.492254897484225,0.878180464396212,"bathydemersal","viviparous",-0.383065907265825,-0.697874344316136,1.00772963731219,"Other species"
"Etmopterus_molleri",24.2306382831198,24.3012774268745,6.62942307267083,693.78,670.5,0,0,"Etmopterus molleri",-0.959725269121746,0.0881282734925348,0.674498170482636,"pelagic-oceanic","aplacental viviparous",-0.840030670038895,-0.984603511638352,1.51576469547326,"Other species"
"Parmaturus_xaniurus",24.9667195502454,23.480890568067,9.58856106806753,695.59,702,0,0,"Parmaturus xaniurus",-0.741044315083423,-0.672589431394794,0.98396630778823,"bathydemersal","oviparous",0.780097347464364,-1.00170479529601,-0.284838965494056,"Other species"
"Neoraja_iberica",25.1089214591306,22.8589969371853,9.90723051930538,696.17,718.5,0,0,"Neoraja iberica",NA,NA,NA,NA,NA,NA,NA,NA,"Other species"
"Torpedo_tokionis",24.9643545203866,22.3712429383337,9.50218943771851,696.57,748.5,0,0,"Torpedo tokionis",NA,NA,NA,NA,NA,NA,NA,NA,"Other species"
"Parmaturus_bigus",25.1762870896076,23.5359214772461,10.5088939301648,697.68,708,0,0,"Parmaturus bigus",-0.269210175753141,0.432699699813043,0.384819597006622,"bathydemersal","oviparous",-0.23025140218312,-0.632840806428054,0.260171980036377,"Other species"
"Fenestraja_mamillidens",25.314703956676,22.088804681368,11.471503542392,699.68,726.5,0,0,"Fenestraja mamillidens",NA,NA,NA,NA,NA,NA,NA,NA,"Other species"
"Urolophus_neocaledoniensis",26.6646120513539,21.3321310676037,16.6804648212903,699.97,767,2,0.02,"Urolophus neocaledoniensis",NA,NA,NA,NA,NA,NA,NA,NA,"Other species"
"Urotrygon_aspidura",25.0498588468628,23.5657655179712,10.199561187473,700.77,714,0,0,"Urotrygon aspidura",NA,NA,NA,NA,NA,NA,NA,NA,"Other species"
"Etmopterus_pycnolepis",24.8832597469251,23.0702924380508,10.2490563648038,701.76,720.5,0,0,"Etmopterus pycnolepis",-0.711762696820061,0.240425301138229,0.693522667340156,"pelagic-neritic","viviparous",-0.813510636540863,0.282808600170408,1.66089549080773,"Other species"
"Apristurus_saldanha",25.5624871042661,22.2016275345414,12.1599167835463,701.93,737,0,0,"Apristurus saldanha",0.0196262325022218,1.08851415849481,0.524006572335312,"bathydemersal","oviparous",-0.0515046595753045,-1.3610063081323,-0.989266600763928,"Other species"
"Apristurus_canutus",25.9602953747863,21.2644709754076,13.6782074786444,702.27,787.5,0,0,"Apristurus canutus",-0.913053346438135,-0.303600802643485,0.799308510732174,"bathydemersal","oviparous",-0.208286540490119,-1.27092411133982,-0.666776117107181,"Other species"
"Neoraja_stehmanni",24.6983744306151,23.3008519691918,9.59360329381104,702.6,716.5,0,0,"Neoraja stehmanni",NA,NA,NA,NA,NA,NA,NA,NA,"Other species"
"Urotrygon_caudispinosus",24.8113737389461,22.8937407086258,10.4586630775484,702.66,710,0,0,"Urotrygon caudispinosus",NA,NA,NA,NA,NA,NA,NA,NA,"Other species"
"Urolophus_orarius",24.6598507265896,22.7071523720041,10.1617992405028,702.86,730,0,0,"Urolophus orarius",NA,NA,NA,NA,NA,NA,NA,NA,"Other species"
"Torpedo_microdiscus",24.807721538448,21.404077809743,9.99042741840952,702.87,750.5,0,0,"Torpedo microdiscus",NA,NA,NA,NA,NA,NA,NA,NA,"Other species"
"Glyphis_garricki",23.7591859350934,24.0179844528856,5.33642876496174,703.1,668.5,0,0,"Glyphis garricki",1.11079139023923,0.424679212857758,-2.93273218176564,"pelagic-oceanic","viviparous",-0.44063786853425,0.952102513028147,-1.52262320706789,"Other species"
"Parmaturus_melanobranchus",25.4104428794872,22.0996653940225,12.0279808301956,703.78,750.5,0,0,"Parmaturus melanobranchus",-0.0270456901813892,-0.486001001110642,0.624930711297865,"bathydemersal","oviparous",0.57944601514583,-0.777541719441751,0.146697476716441,"Other species"
"Dipturus_kwangtungensis",25.2563288727578,24.6162765570287,11.5464272482525,704.03,721,0,0,"Dipturus kwangtungensis",NA,NA,NA,NA,NA,NA,NA,NA,"Other species"
"Etmopterus_caudistigmus",24.8167206921305,23.0980212874119,10.4212516146928,704.37,721.5,0,0,"Etmopterus caudistigmus",-1.31449776338917,0.42282884010868,0.607377968602714,"pelagic-oceanic","aplacental viviparous",-0.864621426154842,-0.0636268977413728,2.38481697935997,"Other species"
"Malacoraja_kreffti",24.5176177598578,23.8214337809494,9.08067449937631,705.41,738.5,0,0,"Malacoraja kreffti",NA,NA,NA,NA,NA,NA,NA,NA,"Other species"
"Torpedo_polleni",24.5777686713086,21.1737684180699,10.3619206540415,705.47,756.5,0,0,"Torpedo polleni",NA,NA,NA,NA,NA,NA,NA,NA,"Other species"
"Galeus_mincaronei",25.7065321068292,21.6473357294964,13.0625158700862,705.48,787,0,0,"Galeus mincaronei",-1.0548235146681,0.191043183520584,0.100898661807679,"bathydemersal","oviparous",-0.613427389670697,-0.574335222510287,0.00177911639144538,"Other species"
"Urolophus_armatus",25.3858374700977,20.7998406635665,13.2492065570189,706.78,780,0,0,"Urolophus armatus",NA,NA,NA,NA,NA,NA,NA,NA,"Other species"
"Sympterygia_lima",23.7011226656797,22.6609486386115,6.37711427377869,706.89,728.5,0,0,"Sympterygia lima",NA,NA,NA,NA,NA,NA,NA,NA,"Other species"
"Parmaturus_albimarginatus",24.6725436131764,22.566782051949,9.5102873357602,707.31,748,0,0,"Parmaturus albimarginatus",-0.548312382155855,0.132687798899872,0.541140293427487,"bathydemersal","oviparous",-0.112022569556088,-1.2325691197436,0.112220183506631,"Other species"
"Etmopterus_dislineatus",23.8188143247717,23.0079565787448,6.45071979805672,708.7,707,0,0,"Etmopterus dislineatus",-0.958143197589058,0.410233501602195,0.614650713676118,"pelagic-oceanic","viviparous",-0.902311708446498,-0.746827799451027,1.92954525301104,"Other species"
"Urolophus_deforgesi",25.2404319399051,20.8387206713602,13.0949601142279,708.75,738.5,0,0,"Urolophus deforgesi",NA,NA,NA,NA,NA,NA,NA,NA,"Other species"
"Urolophus_kapalensis",23.9834238096869,23.4849509952307,7.633328050699,708.81,703.5,0,0,"Urolophus kapalensis",NA,NA,NA,NA,NA,NA,NA,NA,"Other species"
"Urotrygon_chilensis",24.605805964517,22.1446437461038,10.0703077799542,708.99,779.5,0,0,"Urotrygon chilensis",NA,NA,NA,NA,NA,NA,NA,NA,"Other species"
"Galeus_piperatus",25.2927919541244,22.4542436754627,11.7560565476785,709,766.5,0,0,"Galeus piperatus",-1.45101226636758,0.125267531371453,1.0328098435216,"bathydemersal","oviparous",-0.424578421782841,-0.367571858880419,-1.4928281433538,"Other species"
"Glyphis_glyphis",23.5828236452287,23.2281648028872,5.23085718521232,709.01,675.5,0,0,"Glyphis glyphis",0.620137752479454,0.00621818993490657,-0.892912860060626,"demersal","viviparous",-1.09634876271891,0.841233547979785,-2.04542894837606,"Other species"
"Apristurus_herklotsi",25.9093734921997,21.2218761929084,14.4055131278839,709.29,766.5,0,0,"Apristurus herklotsi",-0.782029378008653,0.1705004284402,0.678338219909837,"bathydemersal","oviparous",-0.677281379869453,-0.535200933016644,-0.565271134488868,"Other species"
"Scyliorhinus_canicula",23.7493470446097,22.5764869939568,6.21431254216518,709.69,671.5,0,0,"Scyliorhinus canicula",0.191635263856933,-1.33362875918186,0.59369948913419,"demersal","oviparous",1.8476467077001,-1.13190357920696,0.0355847388358933,"Other species"
"Urolophus_javanicus",25.0466201525435,21.4661832950798,12.7335420872379,710.5,736.5,0,0,"Urolophus javanicus",NA,NA,NA,NA,NA,NA,NA,NA,"Other species"
"Carcharhinus_leucas",24.0573260585145,22.8561012398682,8.21921648248856,711.09,718.5,0,0,"Carcharhinus leucas",1.98797559059532,0.658425422544105,-0.69677224361123,"reef-associated","viviparous (with a yolk-sac placenta)",0.535900991252246,2.02316024185954,-1.2839940649444,"Other species"
"Raja_stellulata",23.6311947148139,24.1078483733874,5.69039316498847,712.55,712,0,0,"Raja stellulata",NA,NA,NA,NA,NA,NA,NA,NA,"Other species"
"Urotrygon_cimar",24.5085309327777,21.5601295742261,9.69391009464838,712.73,777.5,0,0,"Urotrygon cimar",NA,NA,NA,NA,NA,NA,NA,NA,"Other species"
"Raja_rhina",23.6311947148139,24.1078483733874,5.69039316498847,713.55,713,0,0,"Raja rhina",NA,NA,NA,NA,NA,NA,NA,NA,"Other species"
"Parmaturus_albipenis",24.7868661044359,22.0066314635657,10.5226682584337,713.88,770,0,0,"Parmaturus albipenis",-0.991764216145976,-0.0147987486219443,0.541140293427487,"bathydemersal","oviparous",-0.23697575669692,-1.02315039280089,-0.66173922641826,"Other species"
"Sympterygia_brevicaudata",23.5122573399705,22.5009440126572,6.14080362003662,713.94,730.5,0,0,"Sympterygia brevicaudata",NA,NA,NA,NA,NA,NA,NA,NA,"Other species"
"Torpedo_fairchildi",24.3408138231849,21.6899157193911,9.52306440444416,714.07,759.5,0,0,"Torpedo fairchildi",NA,NA,NA,NA,NA,NA,NA,NA,"Other species"
"Leucoraja_caribbaea",24.5392122091782,21.3283282643136,11.297358374655,714.54,736.5,0,0,"Leucoraja caribbaea",NA,NA,NA,NA,NA,NA,NA,NA,"Other species"
"Torpedo_andersoni",24.6019463155297,22.3203286485753,10.1568240837173,714.69,792,0,0,"Torpedo andersoni",NA,NA,NA,NA,NA,NA,NA,NA,"Other species"
"Apristurus_internatus",25.9313318219126,21.9310169428452,15.4025679165567,715.06,777.5,0,0,"Apristurus internatus",-1.00479648183357,-0.288392013525403,0.545295937375843,"bathypelagic","oviparous",-0.424629437286736,-1.33504680369906,-0.116881299535525,"Other species"
"Urotrygon_nana",24.8534187232319,22.2806139159302,11.0417943389122,715.24,795,0,0,"Urotrygon nana",NA,NA,NA,NA,NA,NA,NA,NA,"Other species"
"Parmaturus_campechiensis",24.1656857606938,22.2853019907636,8.68652960646838,715.51,757.5,0,0,"Parmaturus campechiensis",-2.27423541400101,-0.222354428330378,0.875920483474167,"bathydemersal","oviparous",0.147913127947826,-0.9337178533249,-0.585786173455722,"Other species"
"Parmaturus_pilosus",24.5194130392486,22.3992628184725,9.98541275304925,715.67,742.5,0,0,"Parmaturus pilosus",-0.4088762561203,0.0608025307531993,0.600040739831259,"bathydemersal","oviparous",-0.116707005228792,-1.34723155361051,0.0480558104879336,"Other species"
"Squatina_pseudocellata",23.4451619209488,24.2550388170045,5.02930187813886,716.81,718,0,0,"Squatina pseudocellata",-0.296974671746001,0.0447221794065432,-0.164557816596823,"benthopelagic","oviparous",-0.0293579556684976,-0.739635978417277,-0.243122009031148,"Other species"
"Urolophus_piperatus",24.6493658964502,22.5178952301092,11.4065655151109,716.99,750,0,0,"Urolophus piperatus",NA,NA,NA,NA,NA,NA,NA,NA,"Other species"
"Squatina_tergocellata",23.4210112798583,24.2550388170045,5.04425142562294,717.13,720.5,0,0,"Squatina tergocellata",0.595447661533478,0.955776422088957,0.0410512050011602,"bathydemersal","aplacental viviparous",-0.349606349753934,0.0716453912689534,0.26855683270276,"Other species"
"Urotrygon_rogersi",23.7408716309975,22.9956330099381,7.66808581888217,717.3,730,0,0,"Urotrygon rogersi",NA,NA,NA,NA,NA,NA,NA,NA,"Other species"
"Urotrygon_reticulata",24.073358480171,22.100262861309,9.58609648061862,717.54,757.5,0,0,"Urotrygon reticulata",NA,NA,NA,NA,NA,NA,NA,NA,"Other species"
"Apristurus_investigatoris",24.7497419371931,21.6478169891109,11.9432662356114,718.53,743,0,0,"Apristurus investigatoris",-1.62094959261208,-0.274145095252516,0.8325601136204,"bathydemersal","oviparous",-0.247938152950312,-1.07868637259364,-0.118856413814643,"Other species"
"Neoraja_africana",23.9649417227135,22.858141441196,8.60817576351465,719.03,741.5,0,0,"Neoraja africana",NA,NA,NA,NA,NA,NA,NA,NA,"Other species"
"Galeus_longirostris",24.7126661330272,21.0907563478758,11.9459826082311,720,751,0,0,"Galeus longirostris",-0.103583986699903,0.145396293843757,0.25816528612726,"bathydemersal","oviparous",-0.0528383215160663,-0.883709331178997,-0.923512572652526,"Other species"
"Urotrygon_peruanus",24.3599965566479,21.7567374166124,9.75758441054024,720.22,741.5,0,0,"Urotrygon peruanus",NA,NA,NA,NA,NA,NA,NA,NA,"Other species"
"Parmaturus_sp.",24.2865451021883,21.2815193197015,9.63150518386312,720.27,771,0,0,"Parmaturus sp.",NA,NA,NA,NA,NA,NA,NA,NA,"Other species"
"Apristurus_bucephalus",24.3850394003479,21.5490788682113,10.3210652119329,720.92,764,0,0,"Apristurus bucephalus",-0.337231917406878,-0.961124039894676,0.907738219525236,"bathydemersal","oviparous",0.727740632287084,-0.901141748682238,-0.421250882893394,"Other species"
"Urotrygon_serrula",24.3647554597356,22.536466025023,10.41993689664,721.49,763.5,0,0,"Urotrygon serrula",NA,NA,NA,NA,NA,NA,NA,NA,"Other species"
"Urotrygon_munda",23.9758735670565,23.0502475648845,9.33023578428854,723.45,751.5,0,0,"Urotrygon munda",NA,NA,NA,NA,NA,NA,NA,NA,"Other species"
"Torpedo_mackayana",23.858752553944,21.4742712194667,8.83192028042346,727.98,773,0,0,"Torpedo mackayana",NA,NA,NA,NA,NA,NA,NA,NA,"Other species"
"Apristurus_sibogae",24.399942963507,22.0779717741323,12.5589618716442,730.52,793.5,0,0,"Apristurus sibogae",-1.90832896531275,0.223289511939936,0.449164333880385,"bathydemersal","oviparous",-0.471606236002173,-0.754090855513689,-0.232971665708402,"Other species"
"Parmaturus_macmillani",23.812276497238,22.8176762860947,8.92680231643143,731.07,768,0,0,"Parmaturus macmillani",-0.882814496275384,-0.230252976701191,1.1348427137391,"bathydemersal","oviparous",0.088633828772029,-1.41599449481451,-0.484663035180737,"Other species"
"Apristurus_parvipinnis",25.5990483065367,20.7157089097174,15.9208811746291,731.84,781.5,0,0,"Apristurus parvipinnis",-0.741044315083423,0.280521910312937,1.06584200038219,"bathydemersal","oviparous",-0.534690712788246,-0.642925758567,-1.08526723571013,"Other species"
"Okamejei_arafurensis",24.0994846915476,22.6307954244017,10.7403534103842,731.93,733,0,0,"Okamejei arafurensis",NA,NA,NA,NA,NA,NA,NA,NA,"Other species"
"Okamejei_porosa",24.0628669926171,21.7553024778694,11.3842103721898,732.06,773.5,0,0,"Okamejei porosa",NA,NA,NA,NA,NA,NA,NA,NA,"Other species"
"Neoraja_carolinensis",23.8345805787668,22.795495904026,9.32259796523817,732.2,789,0,0,"Neoraja carolinensis",NA,NA,NA,NA,NA,NA,NA,NA,"Other species"
"Carcharhinus_tjutjot",23.9455626278616,22.4571967927087,10.0730649832517,733.6,769.5,0,0,"Carcharhinus tjutjot",0.0903641567635315,0.436836891661948,-1.10614781234875,"reef-associated","viviparous",-1.0347118482281,1.34593079902519,-0.818072360309351,"Other species"
"Dasyatis_matsubarai",23.5722222221675,23.8602432144402,7.87277949178229,734.36,748,0,0,"Dasyatis matsubarai",NA,NA,NA,NA,NA,NA,NA,NA,"Other species"
"Dasyatis_brevicaudata",23.5315455469014,23.194851057657,7.84916490410119,736.2,768,0,0,"Dasyatis brevicaudata",NA,NA,NA,NA,NA,NA,NA,NA,"Other species"
"Apristurus_stenseni",24.4434028696964,21.3976378258797,13.0208824285772,738.26,775,1,0.01,"Apristurus stenseni",-0.929389876636432,-0.28751265121802,0.778357286190246,"bathydemersal","oviparous",-0.338631752457638,-1.3023595807152,0.072332407161252,"Other species"
"Squalus_blainville",24.7976040006848,22.7145056849006,13.3827754828255,739.9,808.5,0,0,"Squalus blainville",0.431906693613505,-0.192528002717658,0.59369948913419,"demersal","aplacental viviparous",0.402590595902164,1.27428858858719,2.11584112653797,"Other species"
"Okamejei_acutispina",23.4184501202283,21.3045156313772,8.99427388039778,740.33,781.5,0,0,"Okamejei acutispina",NA,NA,NA,NA,NA,NA,NA,NA,"Other species"
"Squalus_altipinnis",24.8090148126572,22.6223003904623,13.2905821162762,740.68,817,0,0,"Squalus altipinnis",-0.52061521834616,0.472387039932162,-0.183335621198343,"pelagic-oceanic","viviparous",-0.655828143979836,1.01926956472887,0.331916361058324,"Other species"
"Apristurus_nasutus",23.6037442001138,21.095968396275,10.3050672366936,741.15,779.5,0,0,"Apristurus nasutus",-0.288296626311929,-3.33883238505544,0.7347930612912,"bathydemersal","oviparous",0.652727503433476,-0.933727548163817,-0.379722208138516,"Other species"
"Torpedo_nobiliana",22.5401108455668,22.3578440133369,4.43969037483353,741.39,779,0,0,"Torpedo nobiliana",NA,NA,NA,NA,NA,NA,NA,NA,"Other species"
"Mustelus_mustelus",23.1001931959662,25.3639111149991,6.98246278786719,741.87,681.5,0,0,"Mustelus mustelus",1.12431484279729,-1.04581082089186,0.409041692078134,"demersal","viviparous (with a yolk-sac placenta)",0.428170022515371,0.510282128784529,0.474285620192534,"Other species"
"Mustelus_henlei",23.0245246437459,25.001603753619,6.64121724136172,741.91,703,0,0,"Mustelus henlei",0.191635263856933,-0.754886579831651,-0.251157517879246,"demersal","viviparous (with a yolk-sac placenta)",-0.0924689444107117,0.495298211467915,-0.0359689234807471,"Other species"
"Squalus_formosus",25.1461050057215,22.2387641051904,14.9914509225168,742.23,813.5,0,0,"Squalus formosus",-0.153077978852717,0.442689074509648,0.154762704071545,"pelagic-oceanic","viviparous",-0.749959932078569,0.954095624996083,2.05125472262608,"Other species"
"Mustelus_mento",24.0543846533836,21.9598161483399,11.8943715240573,743.88,784,0,0,"Mustelus mento",0.653960019415921,-0.225999159194423,-1.67974732102371,"demersal","aplacental viviparous",0.196415017288499,1.45711259209467,1.31907023178587,"Other species"
"Rajella_leopardus",23.2410108934534,20.7896295991986,8.99334095640674,745.08,741.5,0,0,"Rajella leopardus",NA,NA,NA,NA,NA,NA,NA,NA,"Other species"
"Torpedo_macneilli",22.4210129084976,21.9152752880652,4.42329480102412,745.17,795.5,0,0,"Torpedo macneilli",NA,NA,NA,NA,NA,NA,NA,NA,"Other species"
"Mustelus_whitneyi",23.9685865093995,20.9980113769151,11.5707425828284,745.89,794.5,0,0,"Mustelus whitneyi",0.0042480970822619,-0.455972845514256,-0.488241757437557,"demersal","viviparous",-0.419032387318337,1.06131042089334,0.529159047603019,"Other species"
"Leucoraja_lentiginosa",23.6577957730946,20.0886924694425,10.878649073704,745.92,789,0,0,"Leucoraja lentiginosa",NA,NA,NA,NA,NA,NA,NA,NA,"Other species"
"Apristurus_spongiceps",23.8611247607263,21.2512804158194,11.8055154096591,746,773.5,0,0,"Apristurus spongiceps",-0.741044315083423,-0.0525338064685783,1.12485230065134,"bathydemersal","oviparous",-0.459229870395211,-1.2036715384144,-0.946051193924097,"Other species"
"Carcharhinus_cautus",22.7251721359837,23.201468977565,5.96429945951024,748.47,728,0,0,"Carcharhinus cautus",0.737217842725438,0.183724515776882,-2.43800462675473,"reef-associated","viviparous",-0.13384150253273,1.03019963667348,-1.09349215796036,"Other species"
"Hemitriakis_complicofasciata",22.5881478748756,23.5460312559612,5.06879889905855,748.89,744.5,0,0,"Hemitriakis complicofasciata",-0.0349841922827845,0.110569848634105,0.343927122049517,"benthopelagic","aplacental viviparous",-0.216954960252498,0.749205809799455,1.3297954331204,"Other species"
"Hemitriakis_falcata",22.5809530119292,23.6959574518319,5.12189280474188,748.95,743,0,0,"Hemitriakis falcata",0.232684024017076,-0.690993949972745,-0.770613609341825,"demersal","aplacental viviparous",-0.0125372928596306,0.592233765265677,0.759933095680092,"Other species"
"Mustelus_albipinnis",23.5327013892455,21.1978169877548,10.4229982349366,749.15,753,0,0,"Mustelus albipinnis",0.36202863897998,0.0899117007129516,-0.251157517879246,"benthopelagic","aplacental viviparous",-0.411802469925761,1.323205250553,0.436925287365467,"Other species"
"Carcharhinus_melanopterus",22.6698141562287,23.1739424367788,5.8991115461075,750.28,727,0,0,"Carcharhinus melanopterus",1.12431484279729,0.631020787980185,-1.34421311801678,"reef-associated","viviparous",0.272560613167932,1.52531583466705,-0.889245710418115,"Other species"
"Okamejei_philipi",23.3929342895077,22.1626725344123,10.6031600902674,751.17,804,0,0,"Okamejei philipi",NA,NA,NA,NA,NA,NA,NA,NA,"Other species"
"Mustelus_dorsalis",24.0179779741147,20.2014778823275,12.6781717797505,751.43,808.5,0,0,"Mustelus dorsalis",-0.4088762561203,-1.72856497753446,-0.532548303673797,"demersal","viviparous (with a yolk-sac placenta)",-0.785993973625054,1.27377752558803,1.0404323323445,"Other species"
"Squalus_bucephalus",24.0485495791895,21.295689644901,12.2832363098959,751.43,797,0,0,"Squalus bucephalus",0.049865082664972,0.450479118948471,0.693522667340156,"pelagic-oceanic","viviparous",-0.722977556236421,0.416617394009474,1.06440158577119,"Other species"
"Apristurus_micropterygeus",23.3055358895358,19.740937874871,10.3484069324148,751.63,805.5,0,0,"Apristurus micropterygeus",-1.13894915452654,0.284714020882108,0.723987303838431,"bathydemersal","oviparous",-0.689444596059417,-0.583945605191822,-1.50261963375912,"Other species"
"Potamotrygon_falkneri",22.366650528565,21.4308133968962,6.6483835305443,751.95,766,0,0,"Potamotrygon falkneri",NA,NA,NA,NA,NA,NA,NA,NA,"Other species"
"Neoraja_caerulea",23.1021112996403,21.433454003759,8.96862711105682,752.61,786.5,0,0,"Neoraja caerulea",NA,NA,NA,NA,NA,NA,NA,NA,"Other species"
"Etmopterus_dianthus",22.3169361185521,22.4484473750575,5.40534991187123,753.84,715,0,0,"Etmopterus dianthus",-1.01300622170495,0.369874048382619,0.693522667340156,"pelagic-oceanic","viviparous",0.0142619726079867,-0.468473207730024,2.25190357905449,"Other species"
"Squalus_griffini",24.56705369538,22.0696929985224,14.0964428928025,755.03,820.5,0,0,"Squalus griffini",0.190962319773719,0.24168239546304,0.756861813574363,"bathydemersal","viviparous",-0.093493120835416,0.848950382340515,1.66008559997068,"Other species"
"Mustelus_canis",22.554117814922,23.4445676101291,6.30374078784371,755.53,749.5,0,0,"Mustelus canis",0.737217842725438,-1.26906390561258,0.614650713676118,"demersal","viviparous (with a yolk-sac placenta)",-0.0784902418449873,0.643511935643741,0.124150294851897,"Other species"
"Leucoraja_compagnoi",23.9876873722031,20.759528245429,12.5746337474666,755.58,812,0,0,"Leucoraja compagnoi",NA,NA,NA,NA,NA,NA,NA,NA,"Other species"
"Hemitriakis_leucoperiptera",22.3384724941637,23.7443575612773,4.7646170138949,756.63,759,0,0,"Hemitriakis leucoperiptera",0.136706322748206,-0.194326869705828,-1.71352871212889,"demersal","aplacental viviparous",0.139613694122094,0.844565854274145,0.236419022279817,"Other species"
"Hemitriakis_japanica",22.3316131507247,24.0694721664228,4.75951242661432,756.7,762.5,0,0,"Hemitriakis japanica",0.379695048592761,-0.920096379881439,-0.0813570169677209,"demersal","aplacental viviparous",0.558775178042025,0.763853837522644,0.504033025953798,"Other species"
"Squalus_crassispinus",23.456282387852,23.2945307580997,10.1182279914903,756.76,756.5,0,0,"Squalus crassispinus",-0.66772654700124,0.399852663420368,-0.309092971850628,"pelagic-oceanic","viviparous",-0.944081816516263,0.943941557553252,0.610224927305246,"Other species"
"Carcharhinus_longimanus",22.4167263173885,23.9518718017098,5.69415728012923,758.96,734.5,0,0,"Carcharhinus longimanus",2.05699442173765,0.794508282980936,0.864527061189159,"pelagic-oceanic","viviparous",0.717080930075731,1.9220346263813,-2.35398217006724,"Other species"
"Squalus_grahami",23.486983102634,22.9312985849405,10.504150081573,759.23,777.5,0,0,"Squalus grahami",-0.374625372892345,0.450290909788667,0.2323028948465,"pelagic-oceanic","viviparous",-0.779887924425695,0.629407562061459,-0.124909614012888,"Other species"
"Rajella_bathyphila",23.0877853074618,22.5391761829443,9.85752353124116,759.36,774.5,0,0,"Rajella bathyphila",NA,NA,NA,NA,NA,NA,NA,NA,"Other species"
"Mustelus_schmitti",22.6939736664041,25.2253970505801,7.70584896492822,762.52,675,0,0,"Mustelus schmitti",0.0794392886041449,-2.38203844534676,-0.553499528215725,"demersal","aplacental viviparous",-0.677967569139672,0.710994955684872,0.428187184151959,"Other species"
"Dipturus_pullopunctata",22.9832263837907,20.0885614946288,10.1854359240364,764.54,812,0,0,"Dipturus pullopunctata",NA,NA,NA,NA,NA,NA,NA,NA,"Other species"
"Hydrolagus_trolli",21.6304041652836,21.2501310299197,2.73193464924281,765.67,775.5,0,0,"Hydrolagus trolli",NA,NA,NA,NA,NA,NA,NA,NA,"Other species"
"Isogomphodon_oxyrhynchus",22.4500641483566,20.9216604090013,8.33933316987663,766.77,783,0,0,"Isogomphodon oxyrhynchus",0.824059082808673,1.08851415849481,-2.67606993242275,"demersal","viviparous",-0.15928123308887,1.16636476045027,-0.452646942963043,"Other species"
"Okamejei_leptoura",22.4411078314224,21.1884944390096,8.67340052985736,770.29,789,0,0,"Okamejei leptoura",NA,NA,NA,NA,NA,NA,NA,NA,"Other species"
"Mustelus_minicanis",23.5912408108419,20.0973071459916,13.1232958211982,771.28,834,0,0,"Mustelus minicanis",-0.672833059804526,-0.20087481928173,-0.606058723922427,"benthopelagic","aplacental viviparous",-1.18771878586049,1.4846952654714,1.09506439885823,"Other species"
"Hydrolagus_mirabilis",21.4782301742391,21.5901928445306,2.71115825421605,771.59,788.5,0,0,"Hydrolagus mirabilis",NA,NA,NA,NA,NA,NA,NA,NA,"Other species"
"Cephaloscyllium_signourum",22.8393725756847,20.4111045022602,10.8279659505653,772.02,849.5,0,0,"Cephaloscyllium signourum",-0.211706293653773,0.30352370263549,0.50414959161971,"benthopelagic","oviparous",-0.219638984857754,-0.412135940780124,-0.622412399803662,"Other species"
"Cephaloscyllium_umbratile",22.0630571604872,20.5844497604776,7.98239189260939,773.66,823,0,0,"Cephaloscyllium umbratile",0.379695048592761,1.08851415849481,0.225709002057216,"reef-associated","oviparous",0.609342487339909,-0.767719575372245,-0.982385746201318,"Other species"
"Okamejei_heemstrai",22.3966465185597,21.1038250850076,9.23264642996391,773.78,814,0,0,"Okamejei heemstrai",NA,NA,NA,NA,NA,NA,NA,NA,"Other species"
"Okamejei_schmidti",22.4607982070441,20.3874219984686,9.41865715491283,774.28,851.5,0,0,"Okamejei schmidti",NA,NA,NA,NA,NA,NA,NA,NA,"Other species"
"Cephaloscyllium_pardelotum",22.098473613667,20.9950812505726,8.46297531674613,774.3,781.5,0,0,"Cephaloscyllium pardelotum",NA,NA,NA,NA,NA,NA,NA,NA,"Other species"
"Squalus_melanurus",24.1764888422318,21.3616700847964,15.4522792328715,776.81,810,0,0,"Squalus melanurus",-0.195461736214918,1.08851415849481,-0.0934379492863848,"bathydemersal","viviparous",-0.517983797264851,0.60386298461736,0.25298444942364,"Other species"
"Leucoraja_pristispina",22.6500202470748,20.3791514361134,9.81051088361536,777.54,830.5,0,0,"Leucoraja pristispina",NA,NA,NA,NA,NA,NA,NA,NA,"Other species"
"Apristurus_indicus",22.5070296923384,20.5382437533727,10.4454953283466,778.8,834.5,0,0,"Apristurus indicus",-1.25998102911036,-0.0764591193853645,1.30390730605022,"bathydemersal","oviparous",-1.0039478878365,-1.35117147698316,-0.623923063296368,"Other species"
"Centroscyllium_kamoharai",21.9906074725569,21.1772267570863,6.69669596304402,779.36,835.5,0,0,"Centroscyllium kamoharai",-0.495717496203534,0.259796602999243,0.950184916683047,"bathydemersal","viviparous",-1.05323407605765,0.118958164921833,2.28027575450255,"Other species"
"Hydrolagus_affinis",21.2418265075585,21.1233426509962,2.75996630515017,779.75,782,0,0,"Hydrolagus affinis",NA,NA,NA,NA,NA,NA,NA,NA,"Other species"
"Centroscyllium_excelsum",21.8766392147181,21.5918068528704,6.11173180947202,779.93,808,0,0,"Centroscyllium excelsum",-0.417312505399397,-0.435373381283431,0.799308510732174,"bathydemersal","viviparous",1.14864430476427,-0.449053534780269,3.08022899115099,"Other species"
"Okamejei_mengae",22.2972307960754,20.7946206832412,9.36167810180821,780.06,817,0,0,"Okamejei mengae",NA,NA,NA,NA,NA,NA,NA,NA,"Other species"
"Cephaloscyllium_sarawakensis",22.5277843115218,18.1235929157092,10.6184386443952,781.73,863.5,0,0,"Cephaloscyllium sarawakensis",NA,NA,NA,NA,NA,NA,NA,NA,"Other species"
"Mustelus_lunulatus",21.8456845988404,24.0292968499538,6.15840600076856,782.8,725,0,0,"Mustelus lunulatus",0.944638712617044,-0.557395588476876,-1.15735151362196,"demersal","aplacental viviparous",0.53889276968702,1.0881029511744,0.969092720501111,"Other species"
"Mustelus_fasciatus",22.8668065621655,19.4180437265704,11.8050889215025,782.99,847,0,0,"Mustelus fasciatus",0.737217842725438,-1.33362875918186,-0.347890506617741,"demersal","aplacental viviparous",-0.214160501814277,0.758204364502255,-0.95213789637376,"Other species"
"Okamejei_powelli",22.3942987822474,20.9503845452587,10.379048941486,783.13,815,0,0,"Okamejei powelli",NA,NA,NA,NA,NA,NA,NA,NA,"Other species"
"Leucoraja_virginica",22.3787601792215,20.554630507076,9.31320154779639,783.27,842.5,0,0,"Leucoraja virginica",NA,NA,NA,NA,NA,NA,NA,NA,"Other species"
"Okamejei_cairae",22.0434190589861,21.3397306140933,8.67331394051159,783.81,822,0,0,"Okamejei cairae",NA,NA,NA,NA,NA,NA,NA,NA,"Other species"
"Asymbolus_funebris",22.3300749041108,20.4575425618883,10.0818213295057,786.76,822.5,0,0,"Asymbolus funebris",-0.90695094448402,0.20253031979919,-0.804395000447007,"pelagic-neritic","oviparous",-0.833595378129906,-0.629856291790432,-0.677211411094501,"Other species"
"Rhinoptera_javanica",21.4592429308914,21.2698784182026,5.07606849885701,786.81,817,0,0,"Rhinoptera javanica",NA,NA,NA,NA,NA,NA,NA,NA,"Other species"
"Okamejei_pita",22.0507710498942,19.5239588099037,9.1542436864351,786.95,838.5,0,0,"Okamejei pita",NA,NA,NA,NA,NA,NA,NA,NA,"Other species"
"Rhinoptera_neglecta",21.3954522805819,21.1577665975485,5.00213686681663,787.97,824.5,0,0,"Rhinoptera neglecta",NA,NA,NA,NA,NA,NA,NA,NA,"Other species"
"Dasyatis_ushiei",21.7311685439855,22.8023654873628,6.42461806954599,787.99,803,0,0,"Dasyatis ushiei",NA,NA,NA,NA,NA,NA,NA,NA,"Other species"
"Carcharhinus_hemiodon",22.1975786042467,19.5510499409265,9.96546358495903,789.25,857.5,0,0,"Carcharhinus hemiodon",1.12431484279729,0.212179388818748,-0.770613609341825,"demersal","viviparous",0.780097347464364,1.35946222343813,-1.38909623558174,"Other species"
"Squalus_albifrons",23.0489689143089,20.563519753663,12.894336191305,789.33,835,0,0,"Squalus albifrons",-0.108620496131684,0.430822093703899,0.138520102340062,"pelagic-oceanic","viviparous (with a yolk-sac placenta)",-0.654870899287852,0.883349065837256,1.22460277163757,"Other species"
"Centroscyllium_fabricii",21.4390745972497,22.4958385370225,4.57488381994409,789.57,781.5,0,0,"Centroscyllium fabricii",0.282674860554497,0.0692185322722199,0.943354302508881,"bathydemersal","viviparous",0.735139369154156,-0.373624412721001,1.67974789249009,"Other species"
"Squalus_notocaudatus",22.695375736846,21.1534348128653,11.6990596204746,790.23,826,0,0,"Squalus notocaudatus",-0.453768418748724,0.450488835237533,0.145843417095147,"pelagic-oceanic","viviparous",-0.771417900078353,0.745608872152844,0.130059226493954,"Other species"
"Urolophus_lobatus",21.2232850103584,20.0167293682094,5.76257643053333,790.31,811,0,0,"Urolophus lobatus",NA,NA,NA,NA,NA,NA,NA,NA,"Other species"
"Asymbolus_occiduus",21.7613968053159,20.5063133349516,7.8463283688141,790.69,849,0,0,"Asymbolus occiduus",-0.575401438611447,0.267824462425822,0.0410512050011602,"pelagic-oceanic","oviparous",-0.242944601736392,-0.88749551700491,-0.761486834132641,"Other species"
"Centroscyllium_ritteri",21.4343643106917,22.7966392652348,4.90430177607964,791.52,778.5,0,0,"Centroscyllium ritteri",-0.943987403127989,-0.237692497015465,0.878180464396212,"demersal","viviparous",-0.525435085162619,0.466480760206942,2.27311652498744,"Other species"
"Carcharhinus_coatesi",21.8646753371145,20.3650581871722,8.87011426222858,792.12,856,0,0,"Carcharhinus coatesi",0.0119591336766874,0.180447695391412,-0.934837549279258,"reef-associated","viviparous",-1.31795632995014,1.25654271867918,-0.459137805898874,"Other species"
"Mustelus_walkeri",22.7892833316676,19.8994765494689,12.6458921565786,792.28,841,0,0,"Mustelus walkeri",NA,NA,NA,NA,NA,NA,NA,NA,"Other species"
"Leucoraja_yucatanensis",22.100377100647,18.7072703301834,9.80634868801724,792.57,876,0,0,"Leucoraja yucatanensis",NA,NA,NA,NA,NA,NA,NA,NA,"Other species"
"Carcharhinus_wheeleri",21.5265478048513,20.7884983788048,7.73268262358441,792.64,819,0,0,"Carcharhinus wheeleri",NA,NA,NA,NA,NA,NA,NA,NA,"Other species"
"Mustelus_griseus",21.9318320897804,21.2844929268649,9.44076617096689,793.44,837,0,0,"Mustelus griseus",0.108377440547415,-1.89707707689491,-0.197014100666867,"demersal","viviparous (with a yolk-sac placenta)",-0.564499576628132,0.727869844074972,-0.0184945917613959,"Other species"
"Cephaloscyllium_silasi",21.7791452906476,19.8039872195963,8.46981399314616,794.15,854,0,0,"Cephaloscyllium silasi",-1.02458467746735,0.33746565295056,0.225709002057216,"bathydemersal","oviparous",0.224416189047087,-0.695902103730757,-0.653307360830836,"Other species"
"Carcharhinus_amboinensis",21.9070017084908,20.405413273369,8.67053837324834,794.28,872,0,0,"Carcharhinus amboinensis",1.57706253156878,0.520765668846713,-0.770613609341825,"reef-associated","viviparous",-0.0133436915776412,1.60336499406603,-2.49901287867439,"Other species"
"Asymbolus_pallidus",21.9037472175498,20.2363926019325,8.79401188109371,795.19,822.5,0,0,"Asymbolus pallidus",-0.873873750296616,-0.122201178011084,0.0451785410712819,"bathypelagic","oviparous",-1.19346428533929,-1.05335677815265,0.333998741576211,"Other species"
"Urolophus_expansus",20.85346032706,21.2461157859947,4.30086047420102,796.31,777.5,0,0,"Urolophus expansus",NA,NA,NA,NA,NA,NA,NA,NA,"Other species"
"Apristurus_microps",21.2842077345964,20.9044198641746,6.70788941679026,796.72,817,0,0,"Apristurus microps",-0.685684849896139,0.437397580644682,1.45177997307117,"bathydemersal","oviparous",-0.228503065352634,-0.707482556022577,-0.255917047635205,"Other species"
"Glyphis_siamensis",21.3256190792325,20.4069286758138,6.67719586668816,798.72,829,0,0,"Glyphis siamensis",-0.0841983139717644,-0.385583882319158,-0.572678783664803,"demersal","viviparous",-0.318252848198368,0.495999501816074,0.294805003337735,"Other species"
"Squalus_rancureli",22.8873293227356,20.3204032121624,13.088960207563,799.87,879,0,0,"Squalus rancureli",-0.160049897678024,0.533944952023401,0.0614850621197836,"bathydemersal","aplacental viviparous",-0.585484859576266,0.711419146108313,0.280930309297774,"Other species"
"Centroscyllium_ornatum",21.2768262522117,21.301472067965,5.94121995360888,800.76,837,0,0,"Centroscyllium ornatum",-1.42839707514389,0.288229225088455,0.991872697548322,"bathydemersal","viviparous",-0.760676299424418,-0.0449857574725313,4.02915779937597,"Other species"
"Urolophus_viridis",20.7576919557324,21.0739465800499,4.25749107146903,802.22,802.5,0,0,"Urolophus viridis",NA,NA,NA,NA,NA,NA,NA,NA,"Other species"
"Urolophus_paucimaculatus",20.9688736102151,19.7618376562758,6.1431916365115,802.62,830,0,0,"Urolophus paucimaculatus",NA,NA,NA,NA,NA,NA,NA,NA,"Other species"
"Mustelus_higmani",22.2480570143004,19.8443393205894,11.4530043775169,803.01,875.5,0,0,"Mustelus higmani",-0.153077978852717,-0.725038414318155,0.71211961101502,"demersal","viviparous (with a yolk-sac placenta)",-0.617099720241242,0.677841183510884,-0.2868028349642,"Other species"
"Squalus_lalannei",22.8590142566633,20.4374380330568,13.2854258733473,803.07,908,0,0,"Squalus lalannei",-0.285416312954179,0.174789252082818,0.799308510732174,"bathydemersal","viviparous",-0.473170066719612,1.22656271583229,0.509259422821368,"Other species"
"Cephaloscyllium_fasciatum",21.4386638622558,18.5697780405213,9.38194427526722,804.04,837.5,0,0,"Cephaloscyllium fasciatum",-0.975649386372396,0.171142849303119,0.138520102340062,"reef-associated","oviparous",-0.407296699187555,-0.645635914795858,-0.737208897451931,"Other species"
"Glyphis_sp.1",21.1787734612977,20.5615900048558,6.89454650534303,806.18,828.5,0,0,"Glyphis sp.1",NA,NA,NA,NA,NA,NA,NA,NA,"Other species"
"Asymbolus_vincenti",21.3843107363475,19.5525782343216,7.89983912674279,806.31,859,0,0,"Asymbolus vincenti",-0.473476126958435,1.08851415849481,0.442823083183316,"reef-associated","oviparous",0.056003969726635,-0.837250318978989,-0.257528393002951,"Other species"
"Asymbolus_galacticus",21.6179627822915,19.2737198197811,9.36148219973102,807.92,863.5,0,0,"Asymbolus galacticus",-0.82001460809478,0.324674895923743,0.304580955721254,"benthopelagic","oviparous",-0.347606637532896,-0.498241211080639,-0.263155726477161,"Other species"
"Carcharhinus_cerdale",21.4157200152444,20.68525798132,8.19469335450104,808.48,847.5,0,0,"Carcharhinus cerdale",0.644382952628426,0.312634074505004,-1.86440511807977,"demersal","viviparous",-0.13384150253273,1.27934548709844,-0.933276436142792,"Other species"
"Cephaloscyllium_speccum",21.0549073534603,18.7118088216392,8.11901570500903,809.77,855,0,0,"Cephaloscyllium speccum",-0.313520765510269,0.130203103680861,0.147664164070853,"benthopelagic","oviparous",-0.0137880834802235,-0.884384571780063,-0.549191426175949,"Other species"
"Carcharhinus_porosus",20.7561736599221,20.5506757215545,6.43263238994347,811.12,829.5,0,0,"Carcharhinus porosus",0.737217842725438,0.713045766188822,-1.95159401779692,"demersal","viviparous",0.00744706541695042,1.87790053906899,0.0751329253418753,"Other species"
"Asymbolus_analis",21.1701784406282,19.5459240224657,8.20123627640145,811.16,865,0,0,"Asymbolus analis",0.049865082664972,-0.712237384298221,-0.619737203390951,"reef-associated","oviparous",0.820799795174354,-1.32358390491968,0.0421914472078872,"Other species"
"Rhizoprionodon_porosus",20.7174803329229,21.3188043479545,4.06008978879235,811.59,806,0,0,"Rhizoprionodon porosus",0.356087913200836,-0.310736976184318,0.225709002057216,"reef-associated","viviparous",-0.572607501233819,1.33795239212873,-0.419362393804627,"Other species"
"Potamotrygon_hystrix",20.5324016043235,19.7576536621182,5.95139033057914,811.73,876.5,0,0,"Potamotrygon hystrix",NA,NA,NA,NA,NA,NA,NA,NA,"Other species"
"Leucoraja_leucosticta",21.4468897520751,19.2967173264752,9.6481255157944,812.35,878,0,0,"Leucoraja leucosticta",NA,NA,NA,NA,NA,NA,NA,NA,"Other species"
"Cephaloscyllium_stevensi",21.0159442675619,19.0333330009724,8.5736604137988,813.82,831,0,0,"Cephaloscyllium stevensi",-0.36747076756963,-0.0292825428096967,-0.272033234490411,"pelagic-neritic","oviparous",-0.527794510142645,-1.03031246954005,-0.86429275753321,"Other species"
"Rhizoprionodon_terraenovae",20.6498606563033,21.3516934411617,4.0521372057177,813.85,806,0,0,"Rhizoprionodon terraenovae",0.319881992490838,1.08851415849481,-0.254107714111303,"demersal","viviparous",-0.507212709015218,1.1427184630853,-0.561803508778607,"Other species"
"Galeus_atlanticus",20.5634252373673,20.018397433915,5.25230080688563,815.36,862,0,0,"Galeus atlanticus",-0.649867232420405,0.434663141877211,0.289396508290936,"bathydemersal","oviparous",-0.236907425407658,-0.379457058326437,-0.663397855735304,"Other species"
"Leucoraja_circularis",20.7503584123871,18.9741139675114,7.14388430255355,815.38,838,0,0,"Leucoraja circularis",NA,NA,NA,NA,NA,NA,NA,NA,"Other species"
"Cephaloscyllium_maculatum",21.0210014012167,18.4243344472082,8.46941828964372,815.41,867.5,0,0,"Cephaloscyllium maculatum",NA,NA,NA,NA,NA,NA,NA,NA,"Other species"
"Dasyatis_fluviorum",21.0614119677097,19.2774590696573,8.07957259129502,815.89,848,0,0,"Dasyatis fluviorum",NA,NA,NA,NA,NA,NA,NA,NA,"Other species"
"Cephaloscyllium_isabellum",20.8840193608645,18.9666103647734,7.90092734227628,816.66,849,0,0,"Cephaloscyllium isabellum",NA,NA,NA,NA,NA,NA,NA,NA,"Other species"
"Apristurus_albisoma",20.7373983784018,19.9599867294012,6.83167764521975,816.69,839.5,0,0,"Apristurus albisoma",-0.539016562713212,0.348228626044624,1.16941815176268,"bathydemersal","oviparous",-0.464399755581063,-0.708072735607621,-1.27734838332141,"Other species"
"Mustelus_mangalorensis",21.8786432788704,19.1417412356392,13.3688358612046,817.46,902,0,0,"Mustelus mangalorensis",NA,NA,NA,NA,NA,NA,NA,NA,"Other species"
"Raja_africana",21.8271520269263,18.5745534619435,12.044308842597,818.01,855,0,0,"Raja africana",NA,NA,NA,NA,NA,NA,NA,NA,"Other species"
"Apristurus_ampliceps",20.8998829961338,20.1089705164133,7.19698681021747,818.05,859.5,0,0,"Apristurus ampliceps",-0.0663997687328748,0.263893726337595,1.13649611921745,"bathydemersal","oviparous",-0.375048067579821,-0.928645475853163,-1.10708043492655,"Other species"
"Raja_montagui",20.9443027909634,19.7429219120706,7.44013083182201,819.02,834,0,0,"Raja montagui",NA,NA,NA,NA,NA,NA,NA,NA,"Other species"
"Squalus_raoulensis",22.4035873580384,20.1478059061046,14.2087612930232,819.81,872.5,0,0,"Squalus raoulensis",-0.278719559524435,0.155700838880289,-0.143606592054896,"pelagic-oceanic","viviparous",-0.922949887178351,1.36531148007591,1.91700587773549,"Other species"
"Apristurus_aphyodes",20.3974544827284,20.7466854129841,4.72547879193344,820.76,810,0,0,"Apristurus aphyodes",-0.428584772120528,-0.197539174464583,1.28571911968998,"bathypelagic","oviparous",-0.500481126370697,-0.990523202305083,-0.606104490549925,"Other species"
"Dasyatis_akajei",20.9202303996309,19.7192866513355,8.13906215604271,821.42,877.5,0,0,"Dasyatis akajei",NA,NA,NA,NA,NA,NA,NA,NA,"Other species"
"Cephaloscyllium_zebrum",20.9606087003087,18.5394515518086,9.31058109494266,821.55,855,0,0,"Cephaloscyllium zebrum",-0.913053346438135,0.149661436424119,0.145843417095147,"bathypelagic","oviparous",-0.575021265896555,-0.619101096660017,-0.799802663943929,"Other species"
"Apristurus_japonicus",20.4993481256092,20.2622169660548,5.93483202677966,822.53,841.5,0,0,"Apristurus japonicus",-0.347236217791636,-0.0300700815154047,0.717641463992014,"bathydemersal","oviparous",-0.329168619423696,-1.34753793922844,-0.510160406162804,"Other species"
"Galeus_polli",20.2701717802508,19.4924842509453,5.39318794941672,825.36,835.5,0,0,"Galeus polli",-0.882814496275384,1.08851415849481,0.527461813958964,"bathydemersal","oviparous",-0.087819970849164,-0.680473293766315,-0.757661135984848,"Other species"
"Asymbolus_submaculatus",20.7822548143536,19.0634604222298,8.10307410844899,826.44,880,0,0,"Asymbolus submaculatus",-0.956562923764429,0.170790953954499,-0.532548303673797,"pelagic-oceanic","oviparous",-0.394472662578403,-0.648661207494704,-1.82425560674528,"Other species"
"Apristurus_manis",20.5293318818622,19.584552510582,7.14603789284792,828.99,863.5,0,0,"Apristurus manis",-0.100236841576101,0.0129094081926008,1.33046132224932,"bathydemersal","oviparous",-0.121082134313463,-0.804434891442731,-0.308340009747116,"Other species"
"Centroscyllium_nigrum",20.3073780721859,21.3557559715443,4.28778230759138,831.85,837,0,0,"Centroscyllium nigrum",-0.714398450241856,-0.672589431394794,0.92923369214112,"benthopelagic","viviparous",-0.173607256355467,0.211730318755339,1.29005779792811,"Other species"
"Apristurus_brunneus",20.3136526313079,19.5188259396044,6.8691561467871,831.95,876.5,0,0,"Apristurus brunneus",-0.307657711467705,-0.251485462758053,1.02023317034879,"demersal","oviparous",1.43968311882094,-1.15166573565886,-0.125989928679322,"Other species"
"Rajella_barnardi",20.4757747789428,21.3237312337287,7.64807894219403,833.08,867.5,0,0,"Rajella barnardi",NA,NA,NA,NA,NA,NA,NA,NA,"Other species"
"Cephaloscyllium_pictum",20.0321838492747,19.0303129168218,5.93943839784794,833.14,857.5,0,0,"Cephaloscyllium pictum",-0.271106727191409,-0.171588109327469,0.0171916115356728,"benthopelagic","oviparous",-0.0229237471870899,-1.07251594392172,-0.433348941304291,"Other species"
"Rajella_kukujevi",20.5352752072651,20.8100243615235,7.77992512577954,833.28,858.5,0,0,"Rajella kukujevi",NA,NA,NA,NA,NA,NA,NA,NA,"Other species"
"Apristurus_laurussonii",20.2173725803822,19.4715086750701,6.83215206247584,834.39,894,0,0,"Apristurus laurussonii",-0.241078721797628,0.0568010886083376,1.16197724849349,"bathydemersal","oviparous",-0.792403593800825,-0.970751064740002,-0.594465592877873,"Other species"
"Raja_macrorynchus",21.38807813158,17.6641845919006,11.9872740418099,834.57,911.5,0,0,"Raja macrorynchus",NA,NA,NA,NA,NA,NA,NA,NA,"Other species"
"Centroscyllium_granulatum",20.1779955127225,20.9768323026418,4.20289894811822,835.06,838.5,0,0,"Centroscyllium granulatum",-1.5212319652409,0.189472460006751,0.176078644804756,"bathypelagic","viviparous",-1.62518071810273,0.115152779343816,0.984920765720082,"Other species"
"Cephaloscyllium_cooki",20.5168070919386,18.0537855459887,8.99760645628497,835.47,899,0,0,"Cephaloscyllium cooki",-1.45101226636758,-0.159918684233396,-0.197014100666867,"benthopelagic","oviparous",-0.324860747900722,-1.05792109311851,-0.556511091759862,"Other species"
"Potamotrygon_yepezi",19.707416970546,19.3470451551607,5.40273769715017,838.79,882,0,0,"Potamotrygon yepezi",NA,NA,NA,NA,NA,NA,NA,NA,"Other species"
"Raja_bahamensis",21.2755770921328,17.4041539258418,12.828015256097,839.55,912,0,0,"Raja bahamensis",NA,NA,NA,NA,NA,NA,NA,NA,"Other species"
"Raja_cervigoni",20.8224454527162,18.5365957525919,11.0459053367787,840.96,923,0,0,"Raja cervigoni",NA,NA,NA,NA,NA,NA,NA,NA,"Other species"
"Dipturus_springeri",20.2638429225492,17.7792324489398,8.85055082103057,841.53,895.5,0,0,"Dipturus springeri",NA,NA,NA,NA,NA,NA,NA,NA,"Other species"
"Raja_equatorialis",20.6655305436381,18.2476840063099,10.8415410475037,841.88,916,0,0,"Raja equatorialis",NA,NA,NA,NA,NA,NA,NA,NA,"Other species"
"Torpedo_sinuspersici",19.5091692037964,18.961071102427,3.67110208255097,843.07,852.5,0,0,"Torpedo sinuspersici",NA,NA,NA,NA,NA,NA,NA,NA,"Other species"
"Raja_texana",20.601713814853,18.119814393929,10.2159456643052,843.18,919,0,0,"Raja texana",NA,NA,NA,NA,NA,NA,NA,NA,"Other species"
"Psammobatis_parvacauda",19.903094368101,17.8879295228712,6.88694304065965,844.28,892.5,0,0,"Psammobatis parvacauda",NA,NA,NA,NA,NA,NA,NA,NA,"Other species"
"Psammobatis_rutrum",19.9084441702923,17.7038667262003,7.82176022794308,848.33,892.5,0,0,"Psammobatis rutrum",NA,NA,NA,NA,NA,NA,NA,NA,"Other species"
"Apristurus_melanoasper",19.7667491608251,18.0968307411708,6.21255457851099,848.52,881.5,0,0,"Apristurus melanoasper",-0.20175581194936,-0.302728765287887,1.14580352519326,"bathypelagic","oviparous",-0.707833622806867,-1.05194740476398,-0.428749725313946,"Other species"
"Galeus_melastomus",19.7689205150965,18.9976608610648,5.6429002453675,849.77,867.5,0,0,"Galeus melastomus",-0.0672150075810135,-1.96515694123478,1.31861734191024,"demersal","oviparous",0.891469726920774,-1.23596326800424,0.0517674340536837,"Other species"
"Nasolamia_velox",19.7623486138116,20.6800967355702,4.38916417100856,850.26,850.5,0,0,"Nasolamia velox",0.737217842725438,0.212179388818748,-0.56632969477898,"demersal","viviparous",-0.842304820160857,1.3718264295028,-0.942854782074139,"Other species"
"Psammobatis_bergi",19.7441936226784,17.5080901386324,8.09771791824054,850.83,894.5,0,0,"Psammobatis bergi",NA,NA,NA,NA,NA,NA,NA,NA,"Other species"
"Asymbolus_parvus",19.7842639392481,19.5568867905015,5.76928216959721,851.06,885,0,0,"Asymbolus parvus",-1.20949183413531,0.00552196274367556,-0.315434222547697,"pelagic-oceanic","oviparous",-0.613617716914986,-1.02797123971071,-0.124687343717143,"Other species"
"Raja_atriventralis",20.5064859218786,17.4669057008524,11.1936947416147,852.34,909,0,0,"Raja atriventralis",NA,NA,NA,NA,NA,NA,NA,NA,"Other species"
"Rajella_bigelowi",19.9400765487083,20.4483604431875,7.63578962760381,853.11,881.5,0,0,"Rajella bigelowi",NA,NA,NA,NA,NA,NA,NA,NA,"Other species"
"Dasyatis_laosensis",19.8393336141768,18.9059868008766,7.10406029227229,855.27,888.5,0,0,"Dasyatis laosensis",NA,NA,NA,NA,NA,NA,NA,NA,"Other species"
"Raja_polystigma",20.0662475913634,18.7455318516421,9.44640318022785,855.53,892.5,0,0,"Raja polystigma",NA,NA,NA,NA,NA,NA,NA,NA,"Other species"
"Carcharhinus_acronotus",19.6365574788091,20.584808144588,4.52946407117191,855.86,851.5,0,0,"Carcharhinus acronotus",1.12431484279729,1.08851415849481,-1.47546340646087,"reef-associated","viviparous",0.717080930075731,1.30165441326892,-0.95951893253456,"Other species"
"Raja_cortezensis",20.2428243482269,17.8267073392073,10.3039980975351,857.56,926.5,0,0,"Raja cortezensis",NA,NA,NA,NA,NA,NA,NA,NA,"Other species"
"Asymbolus_rubiginosus",19.5368152064507,18.7912097726179,5.61517011054334,858.12,882.5,0,0,"Asymbolus rubiginosus",-1.02126635931237,0.165153508010461,0.289396508290936,"pelagic-oceanic","oviparous",-0.480268201849252,-1.01843167403972,0.466035645804855,"Other species"
"Raja_rondeleti",19.9291034887462,17.5449589008335,9.14119345455679,858.42,914,0,0,"Raja rondeleti",NA,NA,NA,NA,NA,NA,NA,NA,"Other species"
"Himantura_astra",19.0727378553947,19.0665559225742,3.98000092284775,858.68,890.5,0,0,"Himantura astra",NA,NA,NA,NA,NA,NA,NA,NA,"Other species"
"Himantura_toshi",19.08176550156,19.0665559225742,3.96497642720315,859.18,891.5,0,0,"Himantura toshi",NA,NA,NA,NA,NA,NA,NA,NA,"Other species"
"Cephaloscyllium_sufflans",19.4059773169925,17.7090553480219,7.03464641799306,860.18,926,0,0,"Cephaloscyllium sufflans",0.319881992490838,0.381492047754648,0.37658540800809,"demersal","oviparous",0.418394958731931,-0.738919978899035,-1.67400168285346,"Other species"
"Psammobatis_normani",19.3829778836522,18.5840270519842,6.33208512319768,860.2,900.5,0,0,"Psammobatis normani",NA,NA,NA,NA,NA,NA,NA,NA,"Other species"
"Raja_ackleyi",19.6283871632115,18.3868862554924,8.49389552275368,861.96,902.5,0,0,"Raja ackleyi",NA,NA,NA,NA,NA,NA,NA,NA,"Other species"
"Raja_herwigi",19.8479736689489,17.7697385280914,9.12599833785002,862.51,929.5,0,0,"Raja herwigi",NA,NA,NA,NA,NA,NA,NA,NA,"Other species"
"Raja_rouxi",19.8055073805092,18.208981032955,9.55627079314827,863.96,933.5,0,0,"Raja rouxi",NA,NA,NA,NA,NA,NA,NA,NA,"Other species"
"Raja_chinensis",19.6848724561384,17.0888484762824,9.36964525177993,865.4,936,0,0,"Raja chinensis",NA,NA,NA,NA,NA,NA,NA,NA,"Other species"
"Raja_brachyura",19.4250878043624,20.2161364235292,6.66441572667355,868.43,841.5,0,0,"Raja brachyura",NA,NA,NA,NA,NA,NA,NA,NA,"Other species"
"Pavoraja_alleni",19.0248025896968,19.5101264014296,5.36121728678897,871.63,866.5,0,0,"Pavoraja alleni",NA,NA,NA,NA,NA,NA,NA,NA,"Other species"
"Leucoraja_fullonica",19.1360076402783,18.1242007817887,6.53785976274966,873.89,925.5,0,0,"Leucoraja fullonica",NA,NA,NA,NA,NA,NA,NA,NA,"Other species"
"Psammobatis_extenta",18.812752796036,18.0155332700291,6.04979673298591,875.26,922.5,0,0,"Psammobatis extenta",NA,NA,NA,NA,NA,NA,NA,NA,"Other species"
"Psammobatis_scobina",18.9484423174316,17.2107948226971,7.2669370629468,877.94,959,0,0,"Psammobatis scobina",NA,NA,NA,NA,NA,NA,NA,NA,"Other species"
"Dasyatis_thetidis",19.0764537583984,19.7390932635498,5.45504579610237,880.06,882.5,0,0,"Dasyatis thetidis",NA,NA,NA,NA,NA,NA,NA,NA,"Other species"
"Dasyatis_centroura",19.0653924369736,19.864316968209,5.4840647229545,880.79,888,0,0,"Dasyatis centroura",NA,NA,NA,NA,NA,NA,NA,NA,"Other species"
"Apristurus_pinguis",18.8904090420338,18.5727836835729,5.00259510861053,882.19,874.5,0,0,"Apristurus pinguis",-0.0510030981779928,-0.0997396002779739,0.799308510732174,"bathypelagic","oviparous",-0.368907338558303,-0.579886435085721,-0.383383716037812,"Other species"
"Squalus_hemipinnis",19.2583645063556,20.6639720182379,7.2411676095956,882.86,869,0,0,"Squalus hemipinnis",-0.385945725478223,-0.0639348585627992,-1.10614781234875,"benthopelagic","viviparous",-0.098942750206318,1.20526348602274,0.792132140462846,"Other species"
"Torpedo_torpedo",18.3511386976783,18.2752584149276,3.0060372990779,884.03,922,0,0,"Torpedo torpedo",NA,NA,NA,NA,NA,NA,NA,NA,"Other species"
"Apristurus_profundorum",18.8180495758072,18.9117371201638,4.63464535054336,884.12,887,0,0,"Apristurus profundorum",-0.632513263867855,-0.460171698916195,1.26240689735072,"bathydemersal","oviparous",0.600225674474771,-1.12207759361958,-0.337333212126341,"Other species"
"Squalus_edmundsi",19.1742929292566,20.2106017806584,7.1364888885356,885.02,866,0,0,"Squalus edmundsi",-0.137522097220684,0.441210685790782,0.664819356444629,"pelagic-oceanic","viviparous",-0.675350499952403,0.460035935109797,1.84026849337903,"Other species"
"Raja_microocellata",18.8217540894873,18.5203715635003,6.18058617855699,885.72,879,0,0,"Raja microocellata",NA,NA,NA,NA,NA,NA,NA,NA,"Other species"
"Brochiraja_heuresa",18.2370951043418,17.7625050377676,6.35243524527507,887.93,919,0,0,"Brochiraja heuresa",NA,NA,NA,NA,NA,NA,NA,NA,"Other species"
"Leucoraja_melitensis",18.7719801484257,17.7827996672067,6.37913777675142,888.21,931.5,0,0,"Leucoraja melitensis",NA,NA,NA,NA,NA,NA,NA,NA,"Other species"
"Dipturus_laevis",18.9065484441565,16.3913692584713,8.15172449717116,888.29,954.5,0,0,"Dipturus laevis",NA,NA,NA,NA,NA,NA,NA,NA,"Other species"
"Squalus_cubensis",18.9736310141732,20.7872348928118,6.88589420681835,889.62,846.5,0,0,"Squalus cubensis",0.319881992490838,-0.395495638006112,0.0410512050011602,"demersal","aplacental viviparous",-0.054409931452601,0.51899472051649,0.0400320209792296,"Other species"
"Torpedo_fuscomaculata",18.1832859881019,18.5045369552224,3.36713921935595,890.3,907,0,0,"Torpedo fuscomaculata",NA,NA,NA,NA,NA,NA,NA,NA,"Other species"
"Potamotrygon_dumerilii",18.2436867291931,16.6521956261026,6.41894351621642,890.46,909,0,0,"Potamotrygon dumerilii",NA,NA,NA,NA,NA,NA,NA,NA,"Other species"
"Raja_radula",18.8032553574463,16.8101764840143,8.20259183126361,890.79,949,0,0,"Raja radula",NA,NA,NA,NA,NA,NA,NA,NA,"Other species"
"Potamotrygon_humerosa",18.2664686982108,17.2498145720064,6.59461442259574,895.11,945,0,0,"Potamotrygon humerosa",NA,NA,NA,NA,NA,NA,NA,NA,"Other species"
"Cephaloscyllium_laticeps",18.2884427816861,17.7410125327963,4.20838368223132,895.78,883,0,0,"Cephaloscyllium laticeps",0.737217842725438,-0.533412657525049,-0.453676350009759,"demersal","oviparous",1.6104379789454,-0.766867065531464,-0.881865970151642,"Other species"
"Rajella_lintea",18.6827539676586,17.7235383633277,7.87766339392546,896.08,957,0,0,"Rajella lintea",NA,NA,NA,NA,NA,NA,NA,NA,"Other species"
"Potamotrygon_scobina",18.1765137404767,16.3807982710057,6.71715884171217,896.44,976,0,0,"Potamotrygon scobina",NA,NA,NA,NA,NA,NA,NA,NA,"Other species"
"Rajella_sadowskii",18.7131760584307,17.7470503994147,8.07043733756172,896.75,946,0,0,"Rajella sadowskii",NA,NA,NA,NA,NA,NA,NA,NA,"Other species"
"Psammobatis_lentiginosa",18.1155728548707,17.4439729971889,4.83299065151677,897.3,898,0,0,"Psammobatis lentiginosa",NA,NA,NA,NA,NA,NA,NA,NA,"Other species"
"Cephaloscyllium_variegatum",18.2186697501292,17.7975690069279,4.4819702944847,897.92,905.5,0,0,"Cephaloscyllium variegatum",-0.231830766471546,-0.0174838177689303,0.384819597006622,"bathypelagic","oviparous",0.0114585690980595,-0.940549619666613,-0.907608805403613,"Other species"
"Potamotrygon_leopoldi",18.1977457228692,17.5407298778056,6.42915399923835,899.6,942,0,0,"Potamotrygon leopoldi",NA,NA,NA,NA,NA,NA,NA,NA,"Other species"
"Etmopterus_unicolor",18.322980313848,17.5782251623957,4.20370025303279,899.71,910.5,0,0,"Etmopterus unicolor",-0.297942346493825,0.410924912576563,0.41811538644873,"bathydemersal","viviparous",-0.0891588868657203,-0.268639275471956,0.0422711528872543,"Other species"
"Potamotrygon_schuemacheri",18.1608538905094,16.3177806230942,7.01610641657881,899.96,987.5,0,0,"Potamotrygon schuemacheri",NA,NA,NA,NA,NA,NA,NA,NA,"Other species"
"Pavoraja_mosaica",18.1949451022773,17.2502404867097,6.50503411250389,901.75,913.5,0,0,"Pavoraja mosaica",NA,NA,NA,NA,NA,NA,NA,NA,"Other species"
"Rajella_caudaspinosa",18.5266398648989,19.5913074955722,6.84958375345225,902.23,915,0,0,"Rajella caudaspinosa",NA,NA,NA,NA,NA,NA,NA,NA,"Other species"
"Rajella_annandalei",18.2928331738437,15.9480046112235,7.69154984960044,902.28,981,0,0,"Rajella annandalei",NA,NA,NA,NA,NA,NA,NA,NA,"Other species"
"Himantura_imbricata",17.69140008467,17.8008631878864,1.87020795380898,902.84,960.5,0,0,"Himantura imbricata",NA,NA,NA,NA,NA,NA,NA,NA,"Other species"
"Dasyatis_lata",17.6916044206188,17.8008631878864,1.86965329787086,903.64,961.5,0,0,"Dasyatis lata",NA,NA,NA,NA,NA,NA,NA,NA,"Other species"
"Rajella_fyllae",18.4388158408266,19.7327375706465,6.62126027082463,903.73,937,0,0,"Rajella fyllae",NA,NA,NA,NA,NA,NA,NA,NA,"Other species"
"Pavoraja_nitida",17.9733157527903,17.5394460322412,5.29399281676974,904.75,934.5,0,0,"Pavoraja nitida",NA,NA,NA,NA,NA,NA,NA,NA,"Other species"
"Raja_asterias",18.2608258853617,17.4100942841662,7.4496090338543,906.6,954.5,0,0,"Raja asterias",NA,NA,NA,NA,NA,NA,NA,NA,"Other species"
"Carcharhinus_plumbeus",18.1821144780993,17.7684981410042,4.72647058469943,906.84,915.5,0,0,"Carcharhinus plumbeus",1.6698974216658,0.353440313787269,0.225709002057216,"benthopelagic","viviparous",0.410284564074211,2.09503076126084,-1.39662077415736,"Other species"
"Squalus_japonicus",18.4817768923959,19.6388205461918,6.70008904282427,906.92,904.5,0,0,"Squalus japonicus",0.0647334350883899,0.561845303805308,-0.197014100666867,"bathydemersal","viviparous",-0.28560514178399,0.610873862087371,0.297434961413512,"Other species"
"Squalus_nasutus",18.4948550524073,19.9669017832087,6.70716651828253,907.01,912.5,0,0,"Squalus nasutus",-0.626321020153762,0.436580844100492,0.664819356444629,"pelagic-oceanic","viviparous",-0.759859617166263,0.738405492168611,0.269350298893323,"Other species"
"Brochiraja_vittacauda",17.8059057389856,17.0924491167459,6.50621842246898,907.31,968,0,0,"Brochiraja vittacauda",NA,NA,NA,NA,NA,NA,NA,NA,"Other species"
"Psammobatis_rudis",17.791965321011,17.6417462104076,4.46579206575383,907.42,920.5,0,0,"Psammobatis rudis",NA,NA,NA,NA,NA,NA,NA,NA,"Other species"
"Potamotrygon_ocellata",17.7433345253676,16.7380279439374,7.21910991229752,908.33,984.5,0,0,"Potamotrygon ocellata",NA,NA,NA,NA,NA,NA,NA,NA,"Other species"
"Etmopterus_granulosus",18.0816207254582,17.8853145861382,4.31124310010143,908.72,906,0,0,"Etmopterus granulosus",-0.011307824187633,0.183724515776882,1.19853021997282,"pelagic-oceanic","aplacental viviparous",0.173917209339118,-0.561873766644546,1.167910515923,"Other species"
"Mustelus_manazo",18.3144105723938,19.8752919256276,5.78185381761053,909.44,861,0,0,"Mustelus manazo",1.25256157143119,-1.76207671714819,-0.0461376947159937,"demersal","aplacental viviparous",1.48081822874577,0.765764745359833,-0.185402657967624,"Other species"
"Carcharhinus_altimus",18.104384565072,17.843648926846,4.79468100498913,909.72,915.5,0,0,"Carcharhinus altimus",1.6698974216658,1.08851415849481,0.624930711297865,"reef-associated","viviparous",-0.13384150253273,1.56352604934348,-1.74553206929717,"Other species"
"Potamotrygon_schroederi",17.7853127011598,16.1734834242424,6.5355137042104,911.28,994.5,0,0,"Potamotrygon schroederi",NA,NA,NA,NA,NA,NA,NA,NA,"Other species"
"Brochiraja_aenigma",17.6772338026308,17.3032050983973,6.23176277426205,912.19,948.5,0,0,"Brochiraja aenigma",NA,NA,NA,NA,NA,NA,NA,NA,"Other species"
"Glyphis_fowlerae",17.9771649180778,18.613727739929,3.7056880544487,912.71,908,0,0,"Glyphis fowlerae",-0.146141998048906,0.106406006237165,0.240360153080669,"pelagic","oviparous",-0.0273680459369036,-0.778291316222935,-0.419546138602738,"Other species"
"Glyphis_gangeticus",17.9689521060053,18.5126932054346,3.71934679681001,913.11,907,0,0,"Glyphis gangeticus",1.15096070763886,0.432758361501705,-1.59933315209694,"demersal","viviparous",-0.41481183413281,1.21855792631366,-1.17309653090867,"Other species"
"Okamejei_kenojei",17.9236468661474,17.9856215518125,5.3224503957257,913.35,927.5,0,0,"Okamejei kenojei",NA,NA,NA,NA,NA,NA,NA,NA,"Other species"
"Apristurus_kampae",17.8268042272621,18.258851186405,3.69490589734155,917.13,918,0,0,"Apristurus kampae",-0.607913452858675,-0.50772097389857,1.32521824768828,"bathydemersal","oviparous",0.425828287300577,-1.11877842861655,-0.4438010209619,"Other species"
"Rajella_dissimilis",17.9986183803992,16.352587248236,8.06399654828912,918.28,967.5,0,0,"Rajella dissimilis",NA,NA,NA,NA,NA,NA,NA,NA,"Other species"
"Rajella_purpuriventralis",18.0706699539886,16.9881444382185,8.01083104234657,919.21,978,0,0,"Rajella purpuriventralis",NA,NA,NA,NA,NA,NA,NA,NA,"Other species"
"Potamotrygon_marinae",17.6392501426902,16.4315964466534,6.48612136382635,919.63,969,0,0,"Potamotrygon marinae",NA,NA,NA,NA,NA,NA,NA,NA,"Other species"
"Okamejei_boesemani",17.7327930562068,17.2175226547285,5.25137371091346,919.92,930,0,0,"Okamejei boesemani",NA,NA,NA,NA,NA,NA,NA,NA,"Other species"
"Leucoraja_naevus",17.7127920248565,17.2596382219688,4.4172652713726,921.71,928,0,0,"Leucoraja naevus",NA,NA,NA,NA,NA,NA,NA,NA,"Other species"
"Plesiotrygon_iwamae",17.3107729206914,16.9410010330433,3.87127354378915,921.82,942,0,0,"Plesiotrygon iwamae",NA,NA,NA,NA,NA,NA,NA,NA,"Other species"
"Apristurus_fedorovi",17.62667137166,18.013221685695,3.78801946831942,922.37,919,0,0,"Apristurus fedorovi",-0.321378098589788,-0.205323010998696,1.1348427137391,"bathypelagic","oviparous",-0.0952825608169275,-1.29447271574766,-0.621243668450418,"Other species"
"Plesiotrygon_nana",17.3107729206914,16.9410010330433,3.87127354378915,922.82,943,0,0,"Plesiotrygon nana",NA,NA,NA,NA,NA,NA,NA,NA,"Other species"
"Rajella_eisenhardti",17.7910775784007,16.8901143210217,7.12018242526173,924.08,971,0,0,"Rajella eisenhardti",NA,NA,NA,NA,NA,NA,NA,NA,"Other species"
"Pavoraja_arenaria",17.454491545993,17.0942053946343,5.21252147902757,926.32,950,0,0,"Pavoraja arenaria",NA,NA,NA,NA,NA,NA,NA,NA,"Other species"
"Dipturus_ecuadoriensis",17.5540438837277,15.9099663551544,8.69219182242295,926.39,1008.5,0,0,"Dipturus ecuadoriensis",NA,NA,NA,NA,NA,NA,NA,NA,"Other species"
"Dipturus_mennii",17.3890431951396,14.9453991003395,8.24090183441437,926.53,996.5,0,0,"Dipturus mennii",NA,NA,NA,NA,NA,NA,NA,NA,"Other species"
"Potamotrygon_constellata",17.3139753312205,16.3204564641563,6.04344291894751,927.93,957,0,0,"Potamotrygon constellata",NA,NA,NA,NA,NA,NA,NA,NA,"Other species"
"Dipturus_intermedia",17.7160275507173,14.9760773269267,9.60582916363045,928.51,1041.5,0,0,"Dipturus intermedia",NA,NA,NA,NA,NA,NA,NA,NA,"Other species"
"Leucoraja_wallacei",17.4874743832283,17.3544721287685,4.69173874588789,929.47,933,0,0,"Leucoraja wallacei",NA,NA,NA,NA,NA,NA,NA,NA,"Other species"
"Rajella_nigerrima",17.5919189168344,16.727919727449,7.0108102792272,931.76,996,0,0,"Rajella nigerrima",NA,NA,NA,NA,NA,NA,NA,NA,"Other species"
"Dipturus_stenorhynchus",17.6082114853545,15.1914062647757,9.54047992800745,932.39,1018,0,0,"Dipturus stenorhynchus",NA,NA,NA,NA,NA,NA,NA,NA,"Other species"
"Rajella_alia",17.5786828403871,16.7198789883332,7.20055281753723,932.93,991.5,0,0,"Rajella alia",NA,NA,NA,NA,NA,NA,NA,NA,"Other species"
"Apristurus_platyrhynchus",17.198517150837,16.89342953829,3.85561477907532,933.48,942.5,0,0,"Apristurus platyrhynchus",-0.2597675250492,0.0502845406284768,0.639731691950744,"bathypelagic","oviparous",-1.05292935587639,-1.22127844075165,-1.22690700941551,"Other species"
"Dipturus_gigas",17.5580607796778,16.2041364219459,9.39761148745318,934.23,1017,0,0,"Dipturus gigas",NA,NA,NA,NA,NA,NA,NA,NA,"Other species"
"Apristurus_sinensis",17.2487928221407,17.2118702235207,3.90900083108901,934.36,944.5,0,0,"Apristurus sinensis",-0.975649386372396,-0.0239740561590444,0.515046261216965,"bathydemersal","oviparous",-0.229135100159228,-0.850156835345687,-0.0213568067146845,"Other species"
"Dipturus_bullisi",17.1825819671942,15.9552696827618,8.27096001154183,934.41,1028.5,0,0,"Dipturus bullisi",NA,NA,NA,NA,NA,NA,NA,NA,"Other species"
"Mustelus_mosis",17.4881800866376,19.029541894817,4.60707172540665,935.13,914.5,0,0,"Mustelus mosis",0.737217842725438,-0.281074279586622,0.0410512050011602,"demersal","viviparous (with a yolk-sac placenta)",0.53889276968702,0.891088004126022,-0.361578047053015,"Other species"
"Potamotrygon_tatianae",16.8588076293443,15.6586471148951,6.07694698619678,935.9,1010,0,0,"Potamotrygon tatianae",NA,NA,NA,NA,NA,NA,NA,NA,"Other species"
"Pavoraja_pseudonitida",17.1674681406577,16.4312813510654,5.86186151063628,936.05,967,0,0,"Pavoraja pseudonitida",NA,NA,NA,NA,NA,NA,NA,NA,"Other species"
"Potamotrygon_magdalenae",17.1530441840872,15.5950528346577,6.4544148576121,936.56,963.5,0,0,"Potamotrygon magdalenae",NA,NA,NA,NA,NA,NA,NA,NA,"Other species"
"Potamotrygon_brachyura",17.0002558290019,16.1793253438487,6.02624903523573,936.72,985,0,0,"Potamotrygon brachyura",NA,NA,NA,NA,NA,NA,NA,NA,"Other species"
"Dipturus_apricus",17.2822653990379,15.4170153562011,8.58870673896592,936.92,1012.5,0,0,"Dipturus apricus",NA,NA,NA,NA,NA,NA,NA,NA,"Other species"
"Rajella_fuliginea",17.5580174702367,16.3919273484248,8.01762350770655,937.79,974.5,0,0,"Rajella fuliginea",NA,NA,NA,NA,NA,NA,NA,NA,"Other species"
"Potamotrygon_tigrina",17.0410478888133,16.1750618926496,5.62299167064795,939.15,954.5,0,0,"Potamotrygon tigrina",NA,NA,NA,NA,NA,NA,NA,NA,"Other species"
"Dipturus_wengi",17.3769523584049,15.3691404203668,8.65628275391936,939.48,1010.5,0,0,"Dipturus wengi",NA,NA,NA,NA,NA,NA,NA,NA,"Other species"
"Potamotrygon_signata",16.9033888470522,16.4907343670385,5.64900006574456,940.91,983.5,0,0,"Potamotrygon signata",NA,NA,NA,NA,NA,NA,NA,NA,"Other species"
"Rajella_ravidula",17.3393689411933,16.6819660230654,7.29383921236024,941.11,970,0,0,"Rajella ravidula",NA,NA,NA,NA,NA,NA,NA,NA,"Other species"
"Cephaloscyllium_hiscosellum",16.8414777161258,16.6715153433246,3.15931007388268,943.4,947.5,0,0,"Cephaloscyllium hiscosellum",-0.76411572024815,0.209392504219011,0.0814264888956267,"bathypelagic","oviparous",-0.249273655854797,-0.274188705112308,-1.16378620290591,"Other species"
"Dipturus_oculus",16.8777135002266,14.8129174901398,7.97649041482704,946.48,978.5,0,0,"Dipturus oculus",NA,NA,NA,NA,NA,NA,NA,NA,"Other species"
"Etmopterus_princeps",17.0076247654454,17.4844341309253,3.37992927789005,946.9,943.5,0,0,"Etmopterus princeps",0.108377440547415,-0.433826588196731,1.45665552724527,"bathydemersal","viviparous",0.854977108556593,0.0727413772511817,1.78456683028595,"Other species"
"Rajella_challengeri",17.0069819572439,16.3000167692804,6.98639144358882,947.78,1015,0,0,"Rajella challengeri",NA,NA,NA,NA,NA,NA,NA,NA,"Other species"
"Dipturus_garricki",16.774930757554,15.5433760464249,7.13838104081264,948.28,984.5,0,0,"Dipturus garricki",NA,NA,NA,NA,NA,NA,NA,NA,"Other species"
"Cephaloscyllium_albipinnum",16.7006662752458,16.6013064074131,3.17284050270255,949.52,951.5,0,0,"Cephaloscyllium albipinnum",0.216961313328927,0.0630875576727571,0.310577570125446,"bathypelagic","oviparous",-0.0884960316903437,-0.76594046842907,-0.664812316917767,"Other species"
"Pavoraja_umbrosa",16.9311116153517,16.5591582973361,6.17735947931194,950.07,999,0,0,"Pavoraja umbrosa",NA,NA,NA,NA,NA,NA,NA,NA,"Other species"
"Dipturus_flavirostris",16.5420188752874,15.1177490608293,7.63763664339961,950.73,1039.5,0,0,"Dipturus flavirostris",NA,NA,NA,NA,NA,NA,NA,NA,"Other species"
"Etmopterus_spinax",16.9456077617736,17.4131292241003,3.52955445365231,950.78,956,0,0,"Etmopterus spinax",-0.495717496203534,0.381492047754648,1.55424906185628,"bathydemersal","viviparous",0.501316082854527,0.491858850719845,1.4642095498948,"Other species"
"Dipturus_grahami",17.041408640586,15.5230477296619,9.2479418473358,950.93,1031,0,0,"Dipturus grahami",NA,NA,NA,NA,NA,NA,NA,NA,"Other species"
"Dipturus_endeavouri",16.4749702538575,14.8137760652327,7.86663213655349,958.68,1030.5,0,0,"Dipturus endeavouri",NA,NA,NA,NA,NA,NA,NA,NA,"Other species"
"Potamotrygon_boesemani",16.1316761911897,14.8631134069037,5.13830041949329,962.22,1033.5,0,0,"Potamotrygon boesemani",NA,NA,NA,NA,NA,NA,NA,NA,"Other species"
"Dipturus_queenslandicus",16.405406070383,14.1516716525966,8.26182752174321,962.62,1030,0,0,"Dipturus queenslandicus",NA,NA,NA,NA,NA,NA,NA,NA,"Other species"
"Potamotrygon_henlei",16.2195616554686,16.3695273523502,4.1372044345797,963.07,951,0,0,"Potamotrygon henlei",NA,NA,NA,NA,NA,NA,NA,NA,"Other species"
"Dipturus_wuhanlingi",16.3840558234405,15.1693255494427,7.36563258451987,964.46,1027,0,0,"Dipturus wuhanlingi",NA,NA,NA,NA,NA,NA,NA,NA,"Other species"
"Urolophus_cruciatus",16.2793155341516,16.0899552543408,3.12547600125139,966.24,988.5,0,0,"Urolophus cruciatus",NA,NA,NA,NA,NA,NA,NA,NA,"Other species"
"Urolophus_sufflavus",16.2836153051816,16.0899552543408,3.11825781900482,966.37,988.5,0,0,"Urolophus sufflavus",NA,NA,NA,NA,NA,NA,NA,NA,"Other species"
"Dipturus_lanceorostratus",16.2945200250416,14.375173998695,8.43907173869981,966.75,1050.5,0,0,"Dipturus lanceorostratus",NA,NA,NA,NA,NA,NA,NA,NA,"Other species"
"Dipturus_nidarosiensis",16.1110589535832,15.2835851271224,7.30488154972636,967.75,1035.5,0,0,"Dipturus nidarosiensis",NA,NA,NA,NA,NA,NA,NA,NA,"Other species"
"Spiniraja_whitleyi",16.341722916209,14.0292958728254,8.80665071299513,969.09,1043.5,0,0,"Spiniraja whitleyi",NA,NA,NA,NA,NA,NA,NA,NA,"Other species"
"Bathyraja_aleutica",15.6670636532281,14.7373052036124,5.6490591537138,970.1,1034,0,0,"Bathyraja aleutica",NA,NA,NA,NA,NA,NA,NA,NA,"Other species"
"Dipturus_falloargus",16.209601531835,14.1204170500601,7.50605326227984,971.95,1029,0,0,"Dipturus falloargus",NA,NA,NA,NA,NA,NA,NA,NA,"Other species"
"Dipturus_teevani",15.8765276371613,14.7419625488979,7.036908974128,974.66,1036,0,0,"Dipturus teevani",NA,NA,NA,NA,NA,NA,NA,NA,"Other species"
"Carcharhinus_limbatus",16.2849904079763,17.0167604442339,3.85531332556426,975.04,968,0,0,"Carcharhinus limbatus",1.60559163283151,0.982442884049626,-0.827707222786261,"reef-associated","viviparous (with a yolk-sac placenta)",0.403446921747364,1.49787047939461,-1.33906373869274,"Other species"
"Amblyraja_georgiana",16.1300003844939,12.6590752829694,9.82373431775389,975.65,1067.5,0,0,"Amblyraja georgiana",NA,NA,NA,NA,NA,NA,NA,NA,"Other species"
"Dipturus_canutus",16.2450544917379,14.6379419269165,8.43325963311516,976.43,1013.5,0,0,"Dipturus canutus",NA,NA,NA,NA,NA,NA,NA,NA,"Other species"
"Bathyraja_longicauda",16.0873428568307,13.3434124257919,11.3157495110505,978.53,1062.5,0,0,"Bathyraja longicauda",NA,NA,NA,NA,NA,NA,NA,NA,"Other species"
"Dipturus_polyommata",16.0137516751846,14.9771771512955,7.88795006427408,978.91,1035.5,0,0,"Dipturus polyommata",NA,NA,NA,NA,NA,NA,NA,NA,"Other species"
"Bathyraja_shuntovi",15.6372238845045,13.7265702517444,5.78363211902742,979.03,1032.5,0,0,"Bathyraja shuntovi",NA,NA,NA,NA,NA,NA,NA,NA,"Other species"
"Dipturus_crosnieri",15.8890897969878,15.3226751262999,6.02238522526352,979.85,1023.5,0,0,"Dipturus crosnieri",NA,NA,NA,NA,NA,NA,NA,NA,"Other species"
"Dipturus_healdi",15.9824664306098,14.5318560426593,6.41585166800669,980.28,1020,0,0,"Dipturus healdi",NA,NA,NA,NA,NA,NA,NA,NA,"Other species"
"Bathyraja_scaphiops",15.4842616563108,14.5975697384691,5.94983881203893,981.48,1025,0,0,"Bathyraja scaphiops",NA,NA,NA,NA,NA,NA,NA,NA,"Other species"
"Dipturus_melanospilus",16.1089390978592,14.4702377590753,9.1777927837979,981.76,1052,0,0,"Dipturus melanospilus",NA,NA,NA,NA,NA,NA,NA,NA,"Other species"
"Rhinoraja_multispinis",15.4328466080557,12.8398729733548,7.05291947029589,982.35,1064.5,0,0,"Rhinoraja multispinis",NA,NA,NA,NA,NA,NA,NA,NA,"Other species"
"Dipturus_doutrei",15.8652635894964,14.766413226879,7.1929024000172,982.43,1026.5,0,0,"Dipturus doutrei",NA,NA,NA,NA,NA,NA,NA,NA,"Other species"
"Dipturus_acrobelus",15.7906327203623,15.5779310105604,7.52953317956821,982.89,1033.5,0,0,"Dipturus acrobelus",NA,NA,NA,NA,NA,NA,NA,NA,"Other species"
"Bathyraja_smithii",15.6553116717834,12.4678860005807,9.76423613807873,984.26,1075.5,0,0,"Bathyraja smithii",NA,NA,NA,NA,NA,NA,NA,NA,"Other species"
"Bathyraja_peruana",15.2860467215158,13.8161441052616,6.6712811240872,985.47,1057,0,0,"Bathyraja peruana",NA,NA,NA,NA,NA,NA,NA,NA,"Other species"
"Bathyraja_matsubarai",15.2825787425462,13.4926719123053,7.90089649513309,986.45,1056.5,0,0,"Bathyraja matsubarai",NA,NA,NA,NA,NA,NA,NA,NA,"Other species"
"Dipturus_campbelli",15.4789708981542,14.371608971917,6.53122896827111,986.6,1033.5,0,0,"Dipturus campbelli",NA,NA,NA,NA,NA,NA,NA,NA,"Other species"
"Bathyraja_andriashevi",15.3757245589478,12.8933323136322,8.1162535686496,987.21,1078.5,0,0,"Bathyraja andriashevi",NA,NA,NA,NA,NA,NA,NA,NA,"Other species"
"Bathyraja_maccaini",15.2598823943713,14.3382453907098,6.07251529419699,987.31,1062.5,0,0,"Bathyraja maccaini",NA,NA,NA,NA,NA,NA,NA,NA,"Other species"
"Dipturus_olseni",15.576522151886,14.2532280234012,6.75865917935108,987.74,1027,0,0,"Dipturus olseni",NA,NA,NA,NA,NA,NA,NA,NA,"Other species"
"Bathyraja_griseocauda",15.3404946445808,14.718475349545,6.41535228940188,987.95,1039,0,0,"Bathyraja griseocauda",NA,NA,NA,NA,NA,NA,NA,NA,"Other species"
"Carcharhinus_obscurus",15.9857780738683,16.6073347264158,3.74424800525782,989.02,981.5,0,0,"Carcharhinus obscurus",2.12264511043729,0.875415999668455,0.0410512050011602,"reef-associated","viviparous (with a yolk-sac placenta)",0.310974343919469,1.0550562908878,-2.07568653838147,"Other species"
"Carcharhinus_galapagensis",15.9762116728908,16.6073347264158,3.75714775687174,989.84,981.5,0,0,"Carcharhinus galapagensis",1.95209153861148,0.658425422544105,-0.236562268883659,"reef-associated","viviparous (with a yolk-sac placenta)",0.466394155440634,1.39741598388445,-2.17231282940076,"Other species"
"Dipturus_johannisdavesi",15.348193151501,12.889719840822,8.0642724944398,990.63,1086,0,0,"Dipturus johannisdavesi",NA,NA,NA,NA,NA,NA,NA,NA,"Other species"
"Rhinoraja_odai",15.0300197929404,12.1712619741427,7.7354195401297,991.27,1053,0,0,"Rhinoraja odai",NA,NA,NA,NA,NA,NA,NA,NA,"Other species"
"Bathyraja_meridionalis",15.0594450697574,14.0017535828673,5.57491050914039,992.15,1049.5,0,0,"Bathyraja meridionalis",NA,NA,NA,NA,NA,NA,NA,NA,"Other species"
"Squalus_mitsukurii",15.9251873828833,17.2122157720711,5.5982493746288,992.81,1019.5,0,0,"Squalus mitsukurii",0.0801704238072306,0.685766985396205,0.37658540800809,"benthopelagic","aplacental viviparous",-0.344036868652268,0.940450541564159,0.206686156042295,"Other species"
"Carcharhinus_leiodon",15.7332358394228,15.6879688596207,3.81971112054142,994.54,999.5,0,0,"Carcharhinus leiodon",0.865464571359343,0.592459156546319,-1.86440511807977,"demersal","viviparous",-0.218928541161165,1.64910801330662,-0.326523474214433,"Other species"
"Bathyraja_leucomelanos",15.6109855874011,14.0304808507268,8.82644876126446,994.62,1043.5,0,0,"Bathyraja leucomelanos",NA,NA,NA,NA,NA,NA,NA,NA,"Other species"
"Dipturus_oregoni",15.479210116441,14.2643071478163,7.20890092198822,994.89,1059.5,0,0,"Dipturus oregoni",NA,NA,NA,NA,NA,NA,NA,NA,"Other species"
"Bathyraja_tunae",15.2115034353779,13.5617645626015,8.14384620261153,995.46,1062.5,0,0,"Bathyraja tunae",NA,NA,NA,NA,NA,NA,NA,NA,"Other species"
"Amblyraja_taaf",15.2000435445968,13.0518843039638,8.62491179799238,996.54,1102,0,0,"Amblyraja taaf",NA,NA,NA,NA,NA,NA,NA,NA,"Other species"
"Bathyraja_trachura",14.7837070486666,13.6102340290407,5.9429452271677,996.58,1073.5,0,0,"Bathyraja trachura",NA,NA,NA,NA,NA,NA,NA,NA,"Other species"
"Squalus_montalbani",15.7878641609655,17.2131717910872,5.29216998859111,997.21,1005.5,0,0,"Squalus montalbani",0.0386049985182547,0.452189459161325,1.05982357991556,"bathydemersal","viviparous",-0.104957074823975,0.78403483186863,1.62656543453632,"Other species"
"Bathyraja_aguja",15.133685548611,13.560416709871,8.16337760935536,997.8,1082,0,0,"Bathyraja aguja",NA,NA,NA,NA,NA,NA,NA,NA,"Other species"
"Squalus_chloroculus",15.8217478574136,17.0005023588567,5.42969594539617,997.98,1005,0,0,"Squalus chloroculus",0.0838198745248587,0.544304366452538,1.05376106806353,"bathydemersal","viviparous",-0.21433118185064,0.062704468667873,0.287605369608808,"Other species"
"Bathyraja_pallida",14.951565857177,14.0157632809826,5.79768920247317,998.03,1051,0,0,"Bathyraja pallida",NA,NA,NA,NA,NA,NA,NA,NA,"Other species"
"Bathyraja_minispinosa",14.7569238933769,14.0488759288035,5.30410461163945,998.38,1065,0,0,"Bathyraja minispinosa",NA,NA,NA,NA,NA,NA,NA,NA,"Other species"
"Bathyraja_trachouros",14.9483495778553,12.5876653665041,8.36783726684706,998.75,1070,0,0,"Bathyraja trachouros",NA,NA,NA,NA,NA,NA,NA,NA,"Other species"
"Rhinoraja_longicauda",15.0367046228862,12.8989538717821,8.26282887346243,998.88,1073.5,0,0,"Rhinoraja longicauda",NA,NA,NA,NA,NA,NA,NA,NA,"Other species"
"Carcharhinus_tilstoni",15.5666616218644,16.6205856759757,3.42875834929003,1001.05,992.5,0,0,"Carcharhinus tilstoni",1.12431484279729,1.08851415849481,-0.770613609341825,"pelagic-neritic","viviparous",-0.507212709015218,1.40740161874858,-1.04756731340599,"Other species"
"Carcharhinus_amblyrhynchoides",15.5057598598828,16.5832499593054,3.43971340528787,1004.35,1001,0,0,"Carcharhinus amblyrhynchoides",0.940788717992571,0.671572117421379,-1.34421311801678,"pelagic-neritic","viviparous",-0.608339182681831,1.42002687359668,-1.32707138111941,"Other species"
"Bathyraja_abyssicola",14.8704345763064,13.5895099291815,6.41164766567909,1004.56,1050,0,0,"Bathyraja abyssicola",NA,NA,NA,NA,NA,NA,NA,NA,"Other species"
"Raja_straeleni",15.496407536143,15.6801429065957,5.19715643947485,1004.65,1010,0,0,"Raja straeleni",NA,NA,NA,NA,NA,NA,NA,NA,"Other species"
"Bathyraja_cousseauae",14.7896920886942,13.8496334973274,5.60197627265464,1005.58,1073,0,0,"Bathyraja cousseauae",NA,NA,NA,NA,NA,NA,NA,NA,"Other species"
"Bathyraja_notoroensis",14.7835251041046,12.3525441913733,8.0959403235686,1007.61,1088,0,0,"Bathyraja notoroensis",NA,NA,NA,NA,NA,NA,NA,NA,"Other species"
"Brochiraja_albilabiata",14.9434815853993,14.6791730668972,3.32498745003735,1007.71,1018.5,0,0,"Brochiraja albilabiata",NA,NA,NA,NA,NA,NA,NA,NA,"Other species"
"Bathyraja_panthera",14.5682706964656,13.3905931164794,7.81670479870684,1009.47,1083.5,0,0,"Bathyraja panthera",NA,NA,NA,NA,NA,NA,NA,NA,"Other species"
"Bathyraja_isotrachys",14.4460971757679,13.1447512280416,6.54720331283329,1009.51,1091.5,0,0,"Bathyraja isotrachys",NA,NA,NA,NA,NA,NA,NA,NA,"Other species"
"Brochiraja_leviveneta",14.8999943305803,14.6457056040365,3.70450442159358,1011.18,1030.5,0,0,"Brochiraja leviveneta",NA,NA,NA,NA,NA,NA,NA,NA,"Other species"
"Bathyraja_tzinovskii",14.163561450784,11.7333274829248,6.83122251820354,1013.07,1119.5,0,0,"Bathyraja tzinovskii",NA,NA,NA,NA,NA,NA,NA,NA,"Other species"
"Bathyraja_microtrachys",14.8385098118608,12.3330573237988,8.23506320142518,1013.41,1071.5,0,0,"Bathyraja microtrachys",NA,NA,NA,NA,NA,NA,NA,NA,"Other species"
"Amblyraja_frerichsi",14.7213964613645,13.7238605729641,6.93878277860205,1013.6,1093,0,0,"Amblyraja frerichsi",NA,NA,NA,NA,NA,NA,NA,NA,"Other species"
"Dasyatis_bennetti",15.1268786643468,15.0979608712506,4.00359872666074,1017.46,1031.5,0,0,"Dasyatis bennetti",NA,NA,NA,NA,NA,NA,NA,NA,"Other species"
"Dasyatis_navarrae",15.1218489668907,15.0979608712506,4.00460112852007,1017.53,1030.5,0,0,"Dasyatis navarrae",NA,NA,NA,NA,NA,NA,NA,NA,"Other species"
"Amblyraja_robertsi",14.5321052003386,12.1907696145329,7.59663480520963,1018.44,1078.5,0,0,"Amblyraja robertsi",NA,NA,NA,NA,NA,NA,NA,NA,"Other species"
"Bathyraja_simoterus",14.4124260161766,11.6808314105213,8.27641963037959,1019.26,1096,0,0,"Bathyraja simoterus",NA,NA,NA,NA,NA,NA,NA,NA,"Other species"
"Bathyraja_fedorovi",14.2466787653925,12.2441919007743,7.24018814579996,1020.99,1088,0,0,"Bathyraja fedorovi",NA,NA,NA,NA,NA,NA,NA,NA,"Other species"
"Amblyraja_radiata",14.8680406057062,13.9382957095466,4.89243032509045,1021.62,1050.5,0,0,"Amblyraja radiata",NA,NA,NA,NA,NA,NA,NA,NA,"Other species"
"Bathyraja_spinosissima",14.245355722985,12.5024671771156,7.84249991882563,1025.53,1100.5,0,0,"Bathyraja spinosissima",NA,NA,NA,NA,NA,NA,NA,NA,"Other species"
"Bathyraja_bergi",14.0696179811797,12.9722266314256,5.75609140383467,1026.44,1071.5,0,0,"Bathyraja bergi",NA,NA,NA,NA,NA,NA,NA,NA,"Other species"
"Amblyraja_reversa",14.1631316892061,11.699117963118,7.94602313182086,1026.82,1103,0,0,"Amblyraja reversa",NA,NA,NA,NA,NA,NA,NA,NA,"Other species"
"Bathyraja_richardsoni",13.8022985417929,12.740345853387,5.02613622444537,1027.24,1086,0,0,"Bathyraja richardsoni",NA,NA,NA,NA,NA,NA,NA,NA,"Other species"
"Zearaja_nasuta",14.5420043134513,13.9175381569711,5.81009764258284,1029.98,1062,0,0,"Zearaja nasuta",NA,NA,NA,NA,NA,NA,NA,NA,"Other species"
"Bathyraja_hesperafricana",14.0530084344956,11.6699182359722,6.19083612171512,1030.19,1082,0,0,"Bathyraja hesperafricana",NA,NA,NA,NA,NA,NA,NA,NA,"Other species"
"Rhinoraja_kujiensis",13.872820795155,12.379353792813,7.00555287833744,1030.4,1097.5,0,0,"Rhinoraja kujiensis",NA,NA,NA,NA,NA,NA,NA,NA,"Other species"
"Bathyraja_diplotaenia",13.5658232256655,11.9370082582228,5.48315212737487,1031.81,1119,0,0,"Bathyraja diplotaenia",NA,NA,NA,NA,NA,NA,NA,NA,"Other species"
"Zearaja_argentinensis",14.4750541761602,13.8732983088648,5.91592004167132,1032.18,1070.5,0,0,"Zearaja argentinensis",NA,NA,NA,NA,NA,NA,NA,NA,"Other species"
"Bathyraja_spinicauda",14.1159802590898,13.1917905063153,5.96748385606697,1033.05,1070.5,0,0,"Bathyraja spinicauda",NA,NA,NA,NA,NA,NA,NA,NA,"Other species"
"Zearaja_chilensis",14.4554532532239,13.6092513021747,6.07782166546238,1033.97,1080.5,0,0,"Zearaja chilensis",NA,NA,NA,NA,NA,NA,NA,NA,"Other species"
"Bathyraja_papilionifera",13.6857123118763,11.8319553053537,6.15873119980766,1034.05,1091,0,0,"Bathyraja papilionifera",NA,NA,NA,NA,NA,NA,NA,NA,"Other species"
"Bathyraja_ishiharai",14.0628978497256,12.3416326546454,7.68863206875895,1034.11,1091,0,0,"Bathyraja ishiharai",NA,NA,NA,NA,NA,NA,NA,NA,"Other species"
"Bathyraja_eatonii",13.8341867945538,12.096263339002,6.74043925189888,1034.64,1115.5,0,0,"Bathyraja eatonii",NA,NA,NA,NA,NA,NA,NA,NA,"Other species"
"Raja_clavata",14.525899740122,14.3703876930042,4.82484811487349,1039.77,1043.5,0,0,"Raja clavata",NA,NA,NA,NA,NA,NA,NA,NA,"Other species"
"Raja_maderensis",14.4638126267156,14.5745181579053,4.83044577606058,1040.51,1046,0,0,"Raja maderensis",NA,NA,NA,NA,NA,NA,NA,NA,"Other species"
"Bathyraja_schroederi",13.5920201849414,12.0781360465606,6.71120891666191,1042.12,1097.5,0,0,"Bathyraja schroederi",NA,NA,NA,NA,NA,NA,NA,NA,"Other species"
"Zearaja_maugeana",14.0081798576885,13.664319360192,5.66916327757021,1046.5,1087.5,0,0,"Zearaja maugeana",NA,NA,NA,NA,NA,NA,NA,NA,"Other species"
"Mustelus_stevensi",14.3588380080555,15.4266431061121,4.34971938701686,1047.86,1036.5,0,0,"Mustelus stevensi",0.389604033734765,0.348859553189362,0.544524875514177,"benthopelagic","viviparous",0.0871348836336901,0.807545401976604,0.151441855427021,"Other species"
"Mustelus_ravidus",14.2986826385725,15.4130066596464,3.64641700197381,1048.07,1046.5,0,0,"Mustelus ravidus",-0.221730837745286,0.151281533561185,-0.197014100666867,"benthopelagic","viviparous",-0.636756034009646,0.744385404755002,-0.00762763423853848,"Other species"
"Mustelus_widodoi",14.3017016452035,15.4130066596464,3.62115685074605,1048.17,1047.5,0,0,"Mustelus widodoi",0.301407026697527,0.0938083633462088,-0.955271406397881,"benthopelagic","viviparous",-0.407296699187555,1.02478500451217,1.12792947440287,"Other species"
"Dipturus_gudgeri",13.876879567667,13.788633893307,4.48068783323544,1051.72,1062.5,0,0,"Dipturus gudgeri",NA,NA,NA,NA,NA,NA,NA,NA,"Other species"
"Mustelus_palumbes",14.1340131745855,14.9802169210685,3.9938661928366,1053.99,1043,0,0,"Mustelus palumbes",0.436962082736822,-0.85773453686145,0.125546255046067,"demersal","aplacental viviparous",-0.064415464968327,0.976493489865175,-0.37950947725847,"Other species"
"Mustelus_asterias",14.1158819481429,15.0455916244287,4.01402034501715,1054.53,1044,0,0,"Mustelus asterias",0.644382952628426,-1.56240976813618,-0.069449917055247,"demersal","aplacental viviparous",-0.0133436915776412,0.320050785184306,0.80314837249968,"Other species"
"Dipturus_oxyrinchus",13.8890077050137,14.0355119965673,4.55550819871539,1054.83,1070,0,0,"Dipturus oxyrinchus",NA,NA,NA,NA,NA,NA,NA,NA,"Other species"
"Dipturus_innominatus",13.6242076637262,13.2029574883672,4.89670678490613,1055.56,1065.5,0,0,"Dipturus innominatus",NA,NA,NA,NA,NA,NA,NA,NA,"Other species"
"Dipturus_batis",13.6809691487442,13.5244504710686,4.5504053585222,1061.01,1078,0,0,"Dipturus batis",NA,NA,NA,NA,NA,NA,NA,NA,"Other species"
"Mustelus_lenticulatus",13.9230238411374,14.8283271147319,3.95730340965183,1062.03,1056.5,0,0,"Mustelus lenticulatus",0.625021867472651,-1.89707707689491,0.674498170482636,"demersal","aplacental viviparous",0.445425269542302,0.941768450768165,-0.468803198888631,"Other species"
"Mustelus_antarcticus",13.9213154844626,14.9339613206832,4.01013977908043,1062.72,1057.5,0,0,"Mustelus antarcticus",0.873594941734738,0.955776422088957,0.0472345152136154,"demersal","aplacental viviparous",0.366767637196704,0.746836838067366,0.597024470210718,"Other species"
"Insentiraja_subtilispinosa",13.4491541909388,13.2383463842562,3.40920467629036,1063.99,1073.5,0,0,"Insentiraja subtilispinosa",NA,NA,NA,NA,NA,NA,NA,NA,"Other species"
"Insentiraja_laxipella",13.4491541909388,13.2383463842562,3.40920467629036,1064.99,1074.5,0,0,"Insentiraja laxipella",NA,NA,NA,NA,NA,NA,NA,NA,"Other species"
"Brochiraja_spinifera",13.2664220452209,12.9054095280889,2.3532234209235,1066.96,1077,0,0,"Brochiraja spinifera",NA,NA,NA,NA,NA,NA,NA,NA,"Other species"
"Potamotrygon_motoro",13.1297613495465,12.9980865290572,2.49521204512975,1072.95,1084.5,0,0,"Potamotrygon motoro",NA,NA,NA,NA,NA,NA,NA,NA,"Other species"
"Brochiraja_asperula",13.073906182332,13.0294345649818,2.46108155210457,1074.46,1078.5,0,0,"Brochiraja asperula",NA,NA,NA,NA,NA,NA,NA,NA,"Other species"
"Bathyraja_brachyurops",12.5798182848677,12.5307838576125,2.81894223551572,1084.75,1097.5,0,0,"Bathyraja brachyurops",NA,NA,NA,NA,NA,NA,NA,NA,"Other species"
"Potamotrygon_orbignyi",12.692634471266,12.9086566088281,2.40763410913842,1084.83,1098,0,0,"Potamotrygon orbignyi",NA,NA,NA,NA,NA,NA,NA,NA,"Other species"
"Potamotrygon_castexi",12.5662182189076,12.50528936978,2.37524424804706,1088.82,1099,0,0,"Potamotrygon castexi",NA,NA,NA,NA,NA,NA,NA,NA,"Other species"
"Rhinoraja_magellanica",12.3042155973993,11.9756795606358,3.00939277722682,1089.62,1102,0,0,"Rhinoraja magellanica",NA,NA,NA,NA,NA,NA,NA,NA,"Other species"
"Bathyraja_irrasa",11.7846287083518,11.5324985480726,2.56358417595822,1100.32,1130,0,0,"Bathyraja irrasa",NA,NA,NA,NA,NA,NA,NA,NA,"Other species"
"Rhinoraja_murrayi",11.5938408646941,11.6409835810742,2.59937767131002,1102.98,1130,0,0,"Rhinoraja murrayi",NA,NA,NA,NA,NA,NA,NA,NA,"Other species"
"Dipturus_trachydermus",11.6119754964051,11.2941712739948,3.56419992878166,1116.83,1126.5,0,0,"Dipturus trachydermus",NA,NA,NA,NA,NA,NA,NA,NA,"Other species"
"Dipturus_leptocaudus",11.6093446529767,11.2941712739948,3.56723052998441,1117.04,1126,0,0,"Dipturus leptocaudus",NA,NA,NA,NA,NA,NA,NA,NA,"Other species"
"Bathyraja_smirnovi",10.8908168048939,10.8270812589664,2.83551512349388,1121.87,1145.5,0,0,"Bathyraja smirnovi",NA,NA,NA,NA,NA,NA,NA,NA,"Other species"
"Bathyraja_parmifera",10.9516173869342,10.952690378642,2.85997790856485,1121.99,1139.5,0,0,"Bathyraja parmifera",NA,NA,NA,NA,NA,NA,NA,NA,"Other species"
"Notoraja_lira",10.9505286345115,10.788162560544,3.07243835768393,1122.06,1144.5,0,0,"Notoraja lira",NA,NA,NA,NA,NA,NA,NA,NA,"Other species"
"Notoraja_alisae",10.9846273353503,10.398284400678,3.42490894422759,1125.21,1140,0,0,"Notoraja alisae",NA,NA,NA,NA,NA,NA,NA,NA,"Other species"
"Notoraja_inusitata",10.7769253012988,10.1718801845917,3.13422610488684,1126.73,1145,0,0,"Notoraja inusitata",NA,NA,NA,NA,NA,NA,NA,NA,"Other species"
"Notoraja_tobitukai",10.8036616194516,10.412353444028,3.00698669829773,1127.2,1147.5,0,0,"Notoraja tobitukai",NA,NA,NA,NA,NA,NA,NA,NA,"Other species"
"Notoraja_fijiensis",10.7636675043202,10.3095149310778,3.3584703560076,1127.42,1146.5,0,0,"Notoraja fijiensis",NA,NA,NA,NA,NA,NA,NA,NA,"Other species"
"Notoraja_ochroderma",10.7944031174946,10.0387844254962,3.23770670141931,1128.81,1146.5,0,0,"Notoraja ochroderma",NA,NA,NA,NA,NA,NA,NA,NA,"Other species"
"Amblyraja_doellojuradoi",11.2404835370125,11.5376649626644,2.97206300101946,1128.84,1129,0,0,"Amblyraja doellojuradoi",NA,NA,NA,NA,NA,NA,NA,NA,"Other species"
"Notoraja_sapphira",10.5902387038102,9.84499527452849,3.14512828287669,1130.41,1155.5,0,0,"Notoraja sapphira",NA,NA,NA,NA,NA,NA,NA,NA,"Other species"
"Notoraja_longiventralis",10.5574165256538,10.0885181748647,2.88626054422913,1130.76,1149.5,0,0,"Notoraja longiventralis",NA,NA,NA,NA,NA,NA,NA,NA,"Other species"
"Rhinoraja_macloviana",10.3173497696715,10.1195288115578,2.55935810753285,1134.32,1149.5,0,0,"Rhinoraja macloviana",NA,NA,NA,NA,NA,NA,NA,NA,"Other species"
"Rhinoraja_albomaculata",10.3010184108528,10.0954367202702,2.56251185853566,1134.77,1152.5,0,0,"Rhinoraja albomaculata",NA,NA,NA,NA,NA,NA,NA,NA,"Other species"
"Notoraja_azurea",10.3932892798149,9.74231552901729,2.92545563359375,1135.65,1148.5,0,0,"Notoraja azurea",NA,NA,NA,NA,NA,NA,NA,NA,"Other species"
"Notoraja_sticta",10.5195672347544,10.0963505774737,3.15148332612011,1135.87,1156,0,0,"Notoraja sticta",NA,NA,NA,NA,NA,NA,NA,NA,"Other species"
"Dipturus_macrocauda",10.6797816284967,10.1902497978647,3.60101977372412,1137.28,1150,0,0,"Dipturus macrocauda",NA,NA,NA,NA,NA,NA,NA,NA,"Other species"
"Dipturus_tengu",10.678639961424,10.1902497978647,3.60185831699625,1137.41,1150,0,0,"Dipturus tengu",NA,NA,NA,NA,NA,NA,NA,NA,"Other species"
"Dipturus_australis",10.4742034855027,10.3904422095064,3.18475770184169,1137.79,1146,0,0,"Dipturus australis",NA,NA,NA,NA,NA,NA,NA,NA,"Other species"
"Bathyraja_lindbergi",10.0930068942478,9.62669145312738,2.6091187116293,1138.6,1157.5,0,0,"Bathyraja lindbergi",NA,NA,NA,NA,NA,NA,NA,NA,"Other species"
"Bathyraja_maculata",10.07721706904,9.6215254076832,2.62719143331153,1138.78,1158,0,0,"Bathyraja maculata",NA,NA,NA,NA,NA,NA,NA,NA,"Other species"
"Notoraja_hirticauda",10.2600087529415,9.82787856648078,2.96720637018776,1139.35,1154,0,0,"Notoraja hirticauda",NA,NA,NA,NA,NA,NA,NA,NA,"Other species"
"Rhinoraja_taranetzi",10.1384590400475,10.1052138484292,2.40365155011929,1142.85,1151,0,0,"Rhinoraja taranetzi",NA,NA,NA,NA,NA,NA,NA,NA,"Other species"
"Dentiraja_lemprieri",9.22530285907222,9.46193314620631,2.72415996677409,1161.84,1167,0,0,"Dentiraja lemprieri",NA,NA,NA,NA,NA,NA,NA,NA,"Other species"
"Dentiraja_flindersi",9.22530285907222,9.46193314620631,2.72415996677409,1162.84,1168,0,0,"Dentiraja flindersi",NA,NA,NA,NA,NA,NA,NA,NA,"Other species"
"Dipturus_cerva",9.21587206015858,9.79588523545188,2.40912221157069,1163.85,1165,0,0,"Dipturus cerva",NA,NA,NA,NA,NA,NA,NA,NA,"Other species"
"Dipturus_confusus",9.17914713358734,9.63699425674837,2.32588607245279,1163.9,1166,0,0,"Dipturus confusus",NA,NA,NA,NA,NA,NA,NA,NA,"Other species"
"Amblyraja_jenseni",8.96689426693627,8.95542948237865,2.25053129407344,1168.77,1170.5,0,0,"Amblyraja jenseni",NA,NA,NA,NA,NA,NA,NA,NA,"Other species"
"Amblyraja_hyperborea",8.99890098014986,8.98550863347406,2.22374602880098,1168.82,1170,0,0,"Amblyraja hyperborea",NA,NA,NA,NA,NA,NA,NA,NA,"Other species"
"Amblyraja_badia",8.97018878081085,9.09112979773745,2.3095600665849,1169.27,1171,0,0,"Amblyraja badia",NA,NA,NA,NA,NA,NA,NA,NA,"Other species"
"Bathyraja_mariposa",7.46188254008963,7.44802457963164,1.59883844121611,1182.28,1187.5,0,0,"Bathyraja mariposa",NA,NA,NA,NA,NA,NA,NA,NA,"Other species"
"Bathyraja_violacea",7.44713524886756,7.43979844457976,1.66928884147703,1182.45,1186.5,0,0,"Bathyraja violacea",NA,NA,NA,NA,NA,NA,NA,NA,"Other species"
"Bathyraja_kincaidii",7.40877513437417,7.43910822182832,1.63172089809156,1182.85,1186.5,0,0,"Bathyraja kincaidii",NA,NA,NA,NA,NA,NA,NA,NA,"Other species"
