"tip.label","mean_ED","median_ED","sd_ED","mean_rank","top20_count","top20_frequency","mean_EH_66","median_EH_66","sd_EH_66","mean_rank_66","median_rank_66","top20_count_66","top20_frequency_66","mean_EH_145","median_EH_145","sd_EH_145","mean_rank_145","median_rank_145","top20_count_145","top20_frequency_145","species","rank_change_66_vs_ED","rank_change_145_vs_ED","rank_change_145_vs_66"
"Zanobatus_schoenleinii",188.530753024009,189.134158176953,21.2235358917863,1.2,100,1,38.3754906658432,38.6733285526583,3.28101555924356,1.48,1,100,1,10.0923758452567,10.3450111467202,3.31049695601425,2.98,2,99,0.99,"Zanobatus schoenleinii",0.28,1.78,1.5
"Hypnos_monopterygius",162.641586025615,159.176651212908,29.3790286665828,2.72,100,1,34.8262091964752,35.2495225296523,5.64627260686226,3.35,2,100,1,7.29234043425789,6.74697763276118,4.26581185340175,25.07,6,65,0.65,"Hypnos monopterygius",0.63,22.35,21.72
"Hexatrygon_bickelli",137.627250802167,137.487954337562,14.8071687048578,3.73,100,1,27.8858655060415,28.0739858786616,4.03877323945196,6.24,6,100,1,1.96118921799013,1.48444327916241,1.57279469089969,142.13,117.5,2,0.02,"Hexatrygon bickelli",2.51,138.4,135.89
"Platyrhinoidis_triseriata",135.708988663987,135.087951684551,16.0577715738223,4.19,100,1,34.7203594400846,34.7534278659356,4.57711308575405,2.79,3,100,1,9.53836431025071,9.26050825847963,2.72832419019828,3.26,3,100,1,"Platyrhinoidis triseriata",-1.4,-0.930000000000001,0.47
"Mitsukurina_owstoni",129.411746375605,135.464094040999,24.5190164659539,4.99,100,1,28.1796771390393,30.9816740334469,7.88686299779206,7.19,5,96,0.96,4.54786654547945,4.60702061119285,2.68784421635841,45.09,26,41,0.41,"Mitsukurina owstoni",2.2,40.1,37.9
"Plesiobatis_daviesi",117.820879981398,118.09918753752,13.205584932093,7.79,100,1,21.7910944346023,22.2245633007593,4.21043614832965,17.06,17,85,0.85,0.567770102797906,0.437987003228786,0.625228064609549,470.8,479,0,0,"Plesiobatis daviesi",9.27,463.01,453.74
"Anoxypristis_cuspidata",116.972731763834,125.545741149437,27.8106630049424,9.27,95,0.95,23.3379850746906,27.5566561264464,10.7995170263565,33.9,8,76,0.76,2.73781521524078,2.53129809315057,1.75876647209941,90.07,65.5,3,0.03,"Anoxypristis cuspidata",24.63,80.8,56.17
"Carcharias_taurus",103.39903460905,107.559875999308,18.4367445795098,12.48,100,1,20.0626761174632,22.3355913590866,8.15452818516682,30.18,17.5,60,0.6,2.82576061512886,2.72624865904388,1.61113802606942,82.96,63,2,0.02,"Carcharias taurus",17.7,70.48,52.78
"Notorynchus_cepedianus",103.410724485802,104.87653855816,14.8533261063967,12.95,95,0.95,25.0572680697014,25.2476977068292,5.5360914253249,10.79,10,96,0.96,7.29248462815402,7.27333212135743,2.41432661931102,7.54,6,95,0.95,"Notorynchus cepedianus",-2.16,-5.41,-3.25
"Leptocharias_smithii",103.912931441747,105.504111744875,23.673148706605,16.15,68,0.68,16.331397930249,17.6606608446384,8.78982806197625,110.91,36,25,0.25,0.529098726717693,0.365726013459745,0.52236997666441,584.14,559,0,0,"Leptocharias smithii",94.76,567.99,473.23
"Alopias_superciliosus",99.9229754464612,106.247182959075,21.2890750481972,17.4,77,0.77,19.2931544898372,21.8245196794927,8.14792226619456,35.41,20,56,0.56,2.76382048560382,2.75692465711089,1.50813974945821,86.42,64,3,0.03,"Alopias superciliosus",18.01,69.02,51.01
"Cetorhinus_maximus",95.3954978354848,98.8145727814342,16.1598985604033,19.89,59,0.59,17.7096699108708,19.8272222746497,7.36861065112649,40.83,26,14,0.14,2.77196545639465,2.75849899700283,1.53697318639042,85.7,64,3,0.03,"Cetorhinus maximus",20.94,65.81,44.87
"Rhina_ancylostoma",98.9138309904424,106.55589099403,23.3149395373682,19.91,75,0.75,21.5870280512691,24.5860188424831,9.71359825789436,33.3,13,74,0.74,2.7930272469773,2.4977192288794,1.8210287187222,92.14,68,5,0.05,"Rhina ancylostoma",13.39,72.23,58.84
"Chlamydoselachus_anguineus",95.1261754065078,91.2888706830084,16.3156448554668,22.26,49,0.49,23.7579999357833,23.2218680677007,4.73547002270245,14.7,13,73,0.73,7.04730334875216,6.61486987820722,2.40189963665515,8.54,7,95,0.95,"Chlamydoselachus anguineus",-7.56,-13.72,-6.16
"Chlamydoselachus_africana",95.1261754065078,91.2888706830084,16.3156448554668,23.26,48,0.48,23.5797860333205,22.412382630858,4.56245696459071,14.99,14,72,0.72,6.76886761933947,6.55991454522299,2.17729749998843,9.84,8,91,0.91,"Chlamydoselachus africana",-8.27,-13.42,-5.15
"Brachaelurus_colcloughi",91.9660232958534,97.3689277192497,16.9502424577073,24.38,28,0.28,21.972091746022,23.6732809842129,5.58118014185359,17.31,16,67,0.67,4.36055325456183,4.51630023433249,2.14418824805131,32.47,26.5,36,0.36,"Brachaelurus colcloughi",-7.07,8.09,15.16
"Pliotrema_warreni",92.5401266121353,97.2848405160258,18.2176021546398,24.8,32,0.32,18.601953813949,20.1955650462296,7.29802213417351,35.99,26,35,0.35,3.60512124038734,3.45814096162331,2.01303485608569,51.04,41.5,17,0.17,"Pliotrema warreni",11.19,26.24,15.05
"Hemipristis_elongata",91.6550978372017,95.1657169689904,16.1222615103009,25.07,12,0.12,12.0954292307889,14.1040568322305,6.91235807168071,223.96,61.5,0,0,0.346065630677889,0.340954338429089,0.163311862817072,685.31,648.5,0,0,"Hemipristis elongata",198.89,660.24,461.35
"Brachaelurus_waddi",91.9660232958534,97.3689277192497,16.9502424577073,25.38,22,0.22,22.3990215293392,23.6587242693417,5.67571228081373,16.12,15,74,0.74,4.39970206131317,4.45329150654723,2.10708361096454,31.41,24,35,0.35,"Brachaelurus waddi",-9.26,6.03,15.29
"Trigonognathus_kabeyai",91.1287915284328,94.9785521144084,18.8298191415231,26.81,24,0.24,13.8241669006957,15.7949478094661,7.95747564628248,155.66,50.5,6,0.06,1.00098029347991,0.94762439491957,0.587706152737378,285.87,285.5,0,0,"Trigonognathus kabeyai",128.85,259.06,130.21
"Pristis_pristis",92.631614995559,98.8729949333725,23.1791082333288,28.02,50,0.5,18.6790388679001,21.9687830117483,8.88029738292204,51.36,23,38,0.38,2.37461924817032,2.19814203333032,1.45016884427392,107.38,81,0,0,"Pristis pristis",23.34,79.36,56.02
"Dasyatis_microps",87.3849140723652,86.0046792245877,7.65109290698613,29.33,23,0.23,11.8318366063917,11.2570144703391,3.58725386961339,80.75,73,0,0,0.319582513892116,0.309793635588718,0.0956468292859848,690.12,672.5,0,0,"Dasyatis microps",51.42,660.79,609.37
"Galeocerdo_cuvier",84.1280796149214,87.1055551780582,14.0771867983852,33.9,0,0,9.59125262710775,10.8747596504466,5.66461840128366,269.01,98.5,0,0,0.315036492952184,0.318153477438153,0.107689374094321,725.45,707.5,0,0,"Galeocerdo cuvier",235.11,691.55,456.44
"Aetobatus_flagellum",81.0989214684285,81.24503765935,9.10088816693492,37.48,11,0.11,14.5569244379308,14.7272506644379,3.55690965159346,48.87,47,0,0,0.46453388038308,0.413696442437227,0.288080885094016,501.22,505,0,0,"Aetobatus flagellum",11.39,463.74,452.35
"Aetobatus_narinari",81.0989214684285,81.24503765935,9.10088816693492,38.48,8,0.08,14.4198171148502,14.6872231118289,3.38820175600885,49.88,48.5,0,0,0.47745856684421,0.421102648796676,0.314556169601396,487.72,506.5,0,0,"Aetobatus narinari",11.4,449.24,437.84
"Zapteryx_exasperata",83.7432533077813,88.8810072874963,22.5294294459674,43.85,33,0.33,19.5079227200613,20.9553258810215,7.1089935365343,27.88,25.5,41,0.41,4.72540441700321,4.67650946397869,2.0261268701428,25.07,24,46,0.46,"Zapteryx exasperata",-15.97,-18.78,-2.81
"Pristis_clavata",80.449351808269,86.2758594967058,19.7751609592831,46.33,0,0,14.817276157684,15.653223863782,6.9997338853884,67.86,42.5,0,0,2.22003463345034,2.00297416201159,1.38467582416698,112.81,94,0,0,"Pristis clavata",21.53,66.48,44.95
"Heptranchias_perlo",76.8424518562018,78.3994749923621,11.040447740271,47.05,0,0,15.9178970572124,16.2429122141534,3.07122238871394,39.97,37,4,0.04,5.2377134290701,4.95968382688701,1.75055238569748,18.05,18,65,0.65,"Heptranchias perlo",-7.08,-29,-21.92
"Platyrhina_sinensis",78.5926277742485,74.6145723633487,16.5990423634177,48.52,11,0.11,17.4848491490417,16.3954364081793,4.65846562075187,36.69,30,24,0.24,5.41374238610738,5.2052919003523,1.72266309651279,17.59,15,74,0.74,"Platyrhina sinensis",-11.83,-30.93,-19.1
"Platyrhina_tangi",77.2299709258995,76.4972038647818,13.1045399482422,48.98,9,0.09,17.1615062682725,16.4507947398007,3.63897769957076,36.45,33,24,0.24,5.34067072744436,5.27399746582422,1.51509494224437,17.11,16,70,0.7,"Platyrhina tangi",-12.53,-31.87,-19.34
"Platyrhina_hyugaensis",77.8922139990985,76.0437662712531,14.953658925373,49.63,12,0.12,17.3132879457504,16.5051441899581,4.1191203649594,36.79,36,27,0.27,5.39674113223622,5.24713250451825,1.70349320407257,18.32,16.5,69,0.69,"Platyrhina hyugaensis",-12.84,-31.31,-18.47
"Zapteryx_brevirostris",79.4458754499125,73.7000660846432,22.4695476187976,53.69,27,0.27,18.450916821932,17.9488101148246,6.98991191725484,31.84,34,32,0.32,4.60123258581845,4.36223324553105,2.06724014240461,27.2,25,33,0.33,"Zapteryx brevirostris",-21.85,-26.49,-4.64
"Callorhinchus_callorynchus",72.3753182276553,72.3044752342551,2.62976307057283,57.43,10,0.1,16.8689565165278,16.8288398839658,1.25132447406692,36.64,37,23,0.23,6.27254549664515,6.30237468866977,0.914698605213836,11.97,9,83,0.83,"Callorhinchus callorynchus",-20.79,-45.46,-24.67
"Pristis_zijsron",74.385231769029,79.991546565688,18.0789245170245,58.32,0,0,13.6982730251509,15.5553660520035,6.16227894454012,73.78,48,0,0,2.12008091948975,2.04416945997735,1.18880892956327,112.41,93.5,0,0,"Pristis zijsron",15.46,54.09,38.63
"Pristis_pectinata",74.385231769029,79.991546565688,18.0789245170245,59.32,0,0,13.6551474206669,15.4144116992943,6.09324370972499,74.15,49,0,0,2.12318290547678,2.06708037966824,1.23790187935962,112.95,96,0,0,"Pristis pectinata",14.83,53.63,38.8
"Callorhinchus_milii",70.9824183253953,70.4151837561174,2.51371698996345,62.19,4,0.04,16.2627885370816,16.2652901834158,1.04973896684866,40.86,40,23,0.23,6.13207341563896,6.1185383551821,0.933525135315095,13.12,10,82,0.82,"Callorhinchus milii",-21.33,-49.07,-27.74
"Callorhinchus_capensis",70.9824183253953,70.4151837561174,2.51371698996345,63.19,2,0.02,16.2550832381104,16.1816009643899,1.06910409538619,40.63,41,24,0.24,6.14312413366337,6.14760191070233,0.94384030309504,13.09,10,84,0.84,"Callorhinchus capensis",-22.56,-50.1,-27.54
"Taeniura_lymma",69.9811216491915,70.8179258407586,9.50321321001662,63.98,0,0,7.118441914681,6.60456903151726,3.38273797791567,201.79,204.5,0,0,0.320984137054443,0.310737313678316,0.0954266005201186,681.51,670.5,0,0,"Taeniura lymma",137.81,617.53,479.72
"Trygonorrhina_melaleuca",76.8604008564394,71.2277911720392,28.0300210250394,64.95,14,0.14,17.8846393371658,16.1583164415188,7.07162293303178,35.71,32.5,16,0.16,4.53990947629462,4.08466978916593,2.17802501062245,27.29,27,31,0.31,"Trygonorrhina melaleuca",-29.24,-37.66,-8.42
"Carcharodon_carcharias",68.8346488501615,70.4437278665887,9.62871307538665,65.12,0,0,9.96697623804857,10.7053303742146,3.18442900341788,105.19,103.5,0,0,2.2102792441841,2.29522239641194,1.05384218881272,104.75,84.5,0,0,"Carcharodon carcharias",40.07,39.63,-0.439999999999998
"Trygonorrhina_dumerilii",73.6332664169169,70.603685485092,21.3150871087443,66.46,8,0.08,16.9562898858057,15.7216940586849,5.75541622939395,38.11,37.5,16,0.16,4.3541027779013,3.97801608856487,1.93865994384508,29.18,28,24,0.24,"Trygonorrhina dumerilii",-28.35,-37.28,-8.93
"Trygonorrhina_fasciata",74.9145638340903,70.318637126582,23.1089808482551,66.66,12,0.12,17.3860586568254,16.10799142263,6.23559938716828,37.47,36,16,0.16,4.26421587358096,4.09291256071108,1.78456783036965,29.91,29,22,0.22,"Trygonorrhina fasciata",-29.19,-36.75,-7.56
"Echinorhinus_brucus",74.1140267863952,70.5973242126675,22.1809849855767,70.05,17,0.17,15.9638841204399,15.6379832198438,6.94033177378816,60.58,38.5,27,0.27,3.6817042806718,2.965580630118,2.51210421525967,60.17,49.5,22,0.22,"Echinorhinus brucus",-9.47,-9.88,-0.409999999999997
"Echinorhinus_cookei",74.1140267863952,70.5973242126675,22.1809849855767,71.05,17,0.17,15.5687437453854,15.6413786702844,6.48064299093547,61.98,41,20,0.2,3.67469286582488,2.83976908105231,2.50329020961562,61.54,50,26,0.26,"Echinorhinus cookei",-9.07,-9.51,-0.439999999999998
"Zapteryx_xyster",70.4591776592676,68.6961947821917,19.8437893508063,72.58,8,0.08,16.3444262610824,16.3542599041315,5.58204911531799,39.82,40,9,0.09,4.12240185914259,4.03465880026636,1.72610646559641,31.62,31,22,0.22,"Zapteryx xyster",-32.76,-40.96,-8.2
"Heterodontus_francisci",77.7031126488292,70.9222807919477,30.2518020442905,77.63,23,0.23,17.3057945274806,15.9754852367618,8.38300837615888,46.76,42.5,23,0.23,4.98372763381888,4.94451859101564,2.29274201773973,23.89,22.5,48,0.48,"Heterodontus francisci",-30.87,-53.74,-22.87
"Lamna_ditropis",63.8250660728048,65.2416867010072,9.27014271192409,84.45,0,0,9.72847916765597,10.3166976406096,3.05902450572478,109.38,106,0,0,2.12738564098611,2.22402848460515,0.974081899089132,111.09,93,0,0,"Lamna ditropis",24.93,26.64,1.71000000000001
"Lamna_nasus",63.8250660728048,65.2416867010072,9.27014271192409,85.45,0,0,9.75031550108728,10.4388102712962,3.10270448819047,109.04,105.5,0,0,2.17211753830202,2.28037221540436,1.08396446181995,111.92,89,0,0,"Lamna nasus",23.59,26.47,2.88
"Iago_garricki",64.8122692409941,67.6139334119853,14.4737625845994,88.56,0,0,8.13065904414382,9.16568465902701,4.95052086310374,264.22,151.5,0,0,0.34884215471385,0.35298991193243,0.131378189448482,669.87,605.5,0,0,"Iago garricki",175.66,581.31,405.65
"Aetomylaeus_vespertilio",69.6362519732553,75.3856643820525,18.1797833969558,88.96,0,0,9.67704928966578,10.2265601297198,4.3696320348552,128.4,119,0,0,0.413900724631146,0.385716621281576,0.161141207802076,532.92,517,0,0,"Aetomylaeus vespertilio",39.44,443.96,404.52
"Iago_omanensis",64.8122692409941,67.6139334119853,14.4737625845994,89.56,0,0,8.18199398105699,9.10808449871302,5.09012751612995,267.14,154.5,0,0,0.355940155926431,0.350170831320054,0.142165547732798,662.98,603,0,0,"Iago omanensis",177.58,573.42,395.84
"Isurus_oxyrinchus",62.7318668879915,64.0909638983039,8.62071024076224,90.27,0,0,9.53955421997323,10.1103967102148,2.94523193217367,113.94,110,0,0,2.19667893480655,2.27202519471341,1.08168478360907,108.12,90.5,0,0,"Isurus oxyrinchus",23.67,17.85,-5.81999999999999
"Isurus_paucus",62.7318668879915,64.0909638983039,8.62071024076224,91.27,0,0,9.41849301262612,9.9151193033118,2.8895794232349,116.04,115.5,0,0,2.09330827106503,2.26908904749176,0.969658045669927,115.13,93.5,0,0,"Isurus paucus",24.77,23.86,-0.910000000000011
"Aptychotrema_vincentiana",63.8659230852768,67.5665458878015,14.1719829627009,91.81,0,0,14.4752639253391,15.4107262188917,4.08221522329542,49.13,48,0,0,3.82155788267975,3.79104906959032,1.52628445888283,36.9,35,12,0.12,"Aptychotrema vincentiana",-42.68,-54.91,-12.23
"Narcine_westraliensis",63.4953113223963,63.639753541324,6.76854460554877,93.66,4,0.04,8.00349892907687,7.90925044778956,3.09552035481742,181.5,157,1,0.01,0.96310972365623,0.912605219630348,0.311923207451842,261.45,282.5,0,0,"Narcine westraliensis",87.84,167.79,79.95
"Aptychotrema_rostrata",62.9972899186477,66.0684892872629,13.9753000340133,94.66,0,0,14.2989317738894,14.9676635216955,4.18257332287382,50.75,49.5,0,0,3.78127946105512,3.92601130567021,1.44535508614225,36.63,33,7,0.07,"Aptychotrema rostrata",-43.91,-58.03,-14.12
"Neoharriotta_pinnata",65.9056152477458,60.5667830768252,14.6157757817998,95.83,8,0.08,16.3183734236242,15.3216259406424,3.67821386657999,45.52,42,23,0.23,4.19841737190619,3.97853581680672,1.18225519270752,34.76,30.5,39,0.39,"Neoharriotta pinnata",-50.31,-61.07,-10.76
"Eucrossorhinus_dasypogon",65.6299002458368,69.0579270111199,18.8341056007834,97.35,0,0,11.4826689625565,11.2501938830689,4.80096172201981,89.7,88,0,0,2.63973296842923,2.66091422802577,1.31693391703544,76.21,71,0,0,"Eucrossorhinus dasypogon",-7.64999999999999,-21.14,-13.49
"Neoharriotta_pumila",64.8306738394118,59.2077940972978,14.4662570072043,99.34,8,0.08,15.9673627722871,14.9711426622383,3.40815848783744,45.59,44.5,22,0.22,4.1741197809243,3.86204409532967,1.22288477626365,36.3,30,37,0.37,"Neoharriotta pumila",-53.75,-63.04,-9.29000000000001
"Okamejei_jensenae",61.5796468429807,63.9940726022893,13.3376821514935,99.5,0,0,3.92677522376799,3.02922210581086,3.47988837650497,560.01,476,0,0,0.274980451744578,0.250744911188579,0.119677588283811,868.98,897.5,0,0,"Okamejei jensenae",460.51,769.48,308.97
"Makararaja_chindwinensis",65.6233042528094,61.8491134618744,17.3957869466027,101.78,6,0.06,8.10564634228545,6.90548255142068,4.40561013533016,180.29,172,0,0,0.324923263374952,0.295939177589453,0.137670279041367,690.64,690.5,0,0,"Makararaja chindwinensis",78.51,588.86,510.35
"Neoharriotta_carri",63.3579333494528,59.5875634985802,12.6142977437078,102.1,1,0.01,15.6636768656219,14.9859149892084,2.9966218492211,46.51,46.5,23,0.23,4.00198913178951,3.78861289034848,0.864128628390795,36.69,32,35,0.35,"Neoharriotta carri",-55.59,-65.41,-9.82
"Aptychotrema_timorensis",62.0725948705647,61.8311308377017,16.0045668521779,105.29,3,0.03,14.3176930678892,14.6194149098664,4.67543665360605,52.53,53,4,0.04,3.7325072286732,3.7027613394755,1.50067852489288,38.35,37,12,0.12,"Aptychotrema timorensis",-52.76,-66.94,-14.18
"Hexanchus_vitulus",60.066445527016,59.7907426066961,10.7525835566143,106.83,0,0,12.4075379887674,12.3860811429534,2.02364718067594,69.34,73,0,0,4.24796593896741,4.25436029382399,1.21115990599112,27.66,26.5,26,0.26,"Hexanchus vitulus",-37.49,-79.17,-41.68
"Hexanchus_nakamurai",60.1150326269471,59.5300592212477,11.6314081232421,108.24,0,0,12.5365190933266,12.3991293904668,2.16732408588624,68.78,67.5,0,0,4.25712225750467,4.11939910393681,1.27139755997872,27.89,26.5,31,0.31,"Hexanchus nakamurai",-39.46,-80.35,-40.89
"Hexanchus_griseus",59.828533239404,59.9167662668877,10.8368285613838,108.61,0,0,12.3990441332007,12.3906857627402,2.06175598289112,70.27,70.5,1,0.01,4.24760702531491,4.17438924100823,1.1641936749834,28.55,25.5,31,0.31,"Hexanchus griseus",-38.34,-80.06,-41.72
"Heterodontus_mexicanus",66.732651166809,60.7982906370804,24.4095229517603,109.31,5,0.05,13.4618840254959,12.110800491519,6.56292733587225,72.94,67,8,0.08,4.15700021944219,4.10907487724939,1.80629449202148,32.99,32,26,0.26,"Heterodontus mexicanus",-36.37,-76.32,-39.95
"Trygonoptera_ovalis",61.8547546777912,65.0670265803167,12.3178196992962,109.51,0,0,7.8714307517287,7.73827776009606,2.50612647145515,158.39,150,0,0,0.472149701106284,0.407784141125846,0.266613038817914,495.66,500.5,0,0,"Trygonoptera ovalis",48.88,386.15,337.27
"Galeorhinus_galeus",62.840235218251,68.07033504493,17.4078557623174,111.1,0,0,7.59819542852474,7.78341988406709,4.84517367048088,283.01,186,0,0,0.363088209134722,0.351799890463841,0.177313567944425,663.06,608,0,0,"Galeorhinus galeus",171.91,551.96,380.05
"Dalatias_licha",70.6318992979005,68.2824180026758,26.890556607791,111.22,3,0.03,13.8908180675724,14.9268570506588,8.0781745734783,119.17,58,11,0.11,1.51505477878289,1.39836934657513,1.14018843969614,205.56,191,0,0,"Dalatias licha",7.95,94.34,86.39
"Alopias_vulpinus",65.7755882470029,63.4506507099522,20.8365522468157,113.95,0,0,12.0168670237889,12.6195356207305,5.34360621623174,87.74,81,0,0,2.32589350397426,2.36832676027887,1.21199858524585,106.61,83.5,0,0,"Alopias vulpinus",-26.21,-7.34,18.87
"Alopias_pelagicus",64.3620027273968,57.4600368724473,20.8039273157382,117.57,0,0,11.7701798096171,11.5661915555804,5.20819397090257,88.51,87.5,0,0,2.24909299190602,2.3014312262472,1.15409344406733,109.67,84,0,0,"Alopias pelagicus",-29.06,-7.89999999999999,21.16
"Hypogaleus_hyugaensis",62.443221071494,67.6388788942267,17.4640464298733,117.86,0,0,7.43099403980208,7.88345892540882,4.51452332385615,281.52,195,0,0,0.356213311463905,0.337583006768525,0.161634763203054,670.24,644,0,0,"Hypogaleus hyugaensis",163.66,552.38,388.72
"Squaliolus_laticaudus",62.6073009161602,60.9673537537024,17.7832758748572,118.36,0,0,10.7738273276789,11.4078393928889,5.75102657038593,145.92,97.5,0,0,1.42003566256595,1.18758698228232,0.969852717242555,217.44,217,0,0,"Squaliolus laticaudus",27.56,99.08,71.52
"Eusphyra_blochii",56.2210212390519,57.6542330542371,9.09153567314284,125.42,0,0,2.39944142370809,2.30747451885293,1.52412435134732,659.48,596,0,0,0.28210643466884,0.290789982478191,0.0858175503792007,814.77,809.5,0,0,"Eusphyra blochii",534.06,689.35,155.29
"Loxodon_macrorhinus",54.8162357131403,55.3869478355764,7.83200245715894,132.36,0,0,2.68607262743808,2.4038088794726,1.91879603708203,621.51,588,0,0,0.281244548539509,0.278598754582584,0.0898124059135561,825.4,819,0,0,"Loxodon macrorhinus",489.15,693.04,203.89
"Aulohalaelurus_labiosus",56.1543865917715,56.1928660505783,11.9246535366233,134.68,0,0,9.90201730875119,9.99390299148191,2.97947179146961,106.46,102,0,0,1.72659989027114,1.7102590395695,1.04508059163794,177.11,126.5,0,0,"Aulohalaelurus labiosus",-28.22,42.43,70.65
"Megachasma_pelagios",62.6132057658812,58.632115479936,22.9514132985602,134.75,8,0.08,11.8753880604369,11.2754771161989,5.83680025514936,91.59,90.5,4,0.04,2.32400094519726,2.37057141838091,1.19538690509976,104.31,83,0,0,"Megachasma pelagios",-43.16,-30.44,12.72
"Aulohalaelurus_kanakorum",56.1543865917715,56.1928660505783,11.9246535366233,135.68,0,0,10.0558110133652,10.2630223593457,3.00569202314236,103.52,96.5,0,0,1.73570811697583,1.73207704960554,1.05179657673647,176.63,128.5,0,0,"Aulohalaelurus kanakorum",-32.16,40.95,73.11
"Pristiophorus_japonicus",60.5181077867796,56.3157683401689,18.0177064469174,135.93,0,0,10.3123587397837,10.2930761206624,3.94189679324816,113.37,100,0,0,2.6292188152192,2.57460890049845,1.30369602959556,78.39,66.5,3,0.03,"Pristiophorus japonicus",-22.56,-57.54,-34.98
"Rhincodon_typus",60.6770658561575,55.1894391022186,19.272274733173,137.54,4,0.04,12.7655056017314,11.1804402614347,5.22856601167808,75.25,72.5,3,0.03,2.6151669603278,2.53688363653554,1.28214536668596,71.89,72,1,0.01,"Rhincodon typus",-62.29,-65.65,-3.36
"Pseudotriakis_microdon",58.4177789287352,56.167504845553,17.6306514954865,138.31,0,0,9.79964060968535,10.5973501671388,5.1724618887305,154.69,117,0,0,0.7136653619721,0.560260410941545,0.607930565103906,448.24,410.5,0,0,"Pseudotriakis microdon",16.38,309.93,293.55
"Pseudocarcharias_kamoharai",61.2795746826228,56.6332701219552,22.8951221924137,139.08,6,0.06,11.8120334691894,11.4476560490846,5.9542413648539,93.68,90.5,2,0.02,2.24557949606287,2.3113506842377,1.19126990755376,110.62,79.5,0,0,"Pseudocarcharias kamoharai",-45.4,-28.46,16.94
"Stegostoma_fasciatum",60.028889120862,54.5866015623653,18.1077532173709,139.55,4,0.04,12.6296677234072,11.4046631254494,4.68935478009658,75.96,70,1,0.01,2.69675149791974,2.60150844885,1.2964152282365,70.49,69,0,0,"Stegostoma fasciatum",-63.59,-69.06,-5.47
"Aetomylaeus_maculatus",55.3546792389621,55.3133680672367,10.5821082271661,148.54,0,0,7.05161174289675,6.98429523295323,2.7431158991345,192.61,191,0,0,0.409504759684985,0.376906391445507,0.188576832210315,546.65,522.5,0,0,"Aetomylaeus maculatus",44.07,398.11,354.04
"Centroselachus_crepidater",56.073115161417,61.3862900500543,14.9383950345586,148.57,0,0,6.6325131211177,6.4692764592898,3.51251969071793,248.82,229.5,0,0,1.21529559889665,1.20075039987759,0.674134390072436,234.4,228.5,0,0,"Centroselachus crepidater",100.25,85.83,-14.42
"Ginglymostoma_cirratum",54.87355080161,54.8841204962552,10.4348427812452,149.27,0,0,11.0696259142796,11.2104746383194,3.0722737698511,88.07,84.5,0,0,2.48057921049191,2.56910630810748,1.07471300603435,77.05,75,0,0,"Ginglymostoma cirratum",-61.2,-72.22,-11.02
"Galeus_eastmani",53.277888515116,56.1339873865403,11.0054932290821,150.7,0,0,3.22614305319474,3.22424470987025,1.91571116567388,512.65,458.5,0,0,0.337635849001825,0.339031127017375,0.132805747558565,673.85,639.5,0,0,"Galeus eastmani",361.95,523.15,161.2
"Chaenogaleus_macrostoma",52.4491091480335,54.4533448960976,8.6814856852722,151.18,0,0,4.14994912672594,4.37823052874241,2.27170874545042,436.48,344.5,0,0,0.314911187757367,0.31982364026274,0.11050638885962,730.13,711.5,0,0,"Chaenogaleus macrostoma",285.3,578.95,293.65
"Galeus_sauteri",53.277888515116,56.1339873865403,11.0054932290821,151.7,0,0,3.31467958105486,3.18759422639136,2.10958676486838,509.48,467,0,0,0.329366350278324,0.326970693422179,0.114675518079648,685.97,659,0,0,"Galeus sauteri",357.78,534.27,176.49
"Cirrhoscyllium_formosanum",57.6854516122739,55.3036405040571,18.5048812961371,152.75,5,0.05,12.4282386915174,11.3638722909737,5.27284887104766,86.49,75.5,6,0.06,3.59385659035242,3.33322373361924,1.61455698438251,43.51,44.5,16,0.16,"Cirrhoscyllium formosanum",-66.26,-109.24,-42.98
"Nebrius_ferrugineus",54.7591703121546,53.7459021542984,11.8129884345147,154.08,0,0,11.1980840576894,11.3083633302122,3.33543923586787,86.53,79,0,0,2.43133143063343,2.40129462601146,1.05201342632895,77.6,76,0,0,"Nebrius ferrugineus",-67.55,-76.48,-8.93000000000001
"Heterodontus_ramalheira",56.9787259017831,56.6467902355782,18.2419476274792,155.14,1,0.01,11.2796164292384,10.1178602314471,5.06952831247876,100.3,91,2,0.02,3.65779713692757,3.50109657760507,1.45579112462353,40.45,38,13,0.13,"Heterodontus ramalheira",-54.84,-114.69,-59.85
"Rhinobatos_lentiginosus",65.2642909270637,58.0397976727485,29.6541150418134,155.49,21,0.21,13.4701481741715,12.9828743675078,8.11118956443423,101.6,79.5,19,0.19,2.14501211354452,1.96986944456635,1.39904239371536,125.83,107,2,0.02,"Rhinobatos lentiginosus",-53.89,-29.66,24.23
"Rhinochimaera_pacifica",52.6947375748041,53.5423285230135,5.01616956530116,157.12,0,0,11.1975630617093,11.1595728878348,1.2054392049865,91.56,91,1,0.01,3.33760483411285,3.29598537652252,0.837335908420803,54.11,48,22,0.22,"Rhinochimaera pacifica",-65.56,-103.01,-37.45
"Harriotta_raleighana",52.6475325212682,50.7559813723654,6.31802279089488,157.21,0,0,11.7099746971064,11.7825564638913,1.21949430499364,82.62,86,3,0.03,3.4225967921343,3.37969289455564,0.725143220133474,47.68,43.5,18,0.18,"Harriotta raleighana",-74.59,-109.53,-34.94
"Harriotta_haeckeli",52.6475325212682,50.7559813723654,6.31802279089488,158.21,0,0,11.6443779318072,11.4800015260798,1.27925294842122,84.41,86,1,0.01,3.49695311495771,3.45797981415643,0.739898302390957,46.86,43.5,22,0.22,"Harriotta haeckeli",-73.8,-111.35,-37.55
"Sphyrna_mokarran",51.2344905500748,52.4086677927931,7.74301089655218,159.74,0,0,2.17043283577279,2.09691828159548,1.28712227729051,695.27,708,0,0,0.278608158172049,0.280017970009431,0.0843875736548049,828.75,823.5,0,0,"Sphyrna mokarran",535.53,669.01,133.48
"Cirrhoscyllium_japonicum",57.3808213111433,54.9518313601668,19.2393662210367,159.75,4,0.04,12.2211019167121,11.2797744292643,5.38378098350383,91.47,77,5,0.05,3.68328497916583,3.33732576937421,1.79965887204985,42.84,44,12,0.12,"Cirrhoscyllium japonicum",-68.28,-116.91,-48.63
"Trygonoptera_personata",53.4891679072338,55.5138263605349,10.2994111730744,159.87,0,0,6.709493332968,6.51288709168216,2.02873088940696,198.31,201,0,0,0.445447776207129,0.39908591220533,0.232522630030268,523.78,505,0,0,"Trygonoptera personata",38.44,363.91,325.47
"Pseudoginglymostoma_brevicaudatum",57.1699868456184,53.047482298504,18.0187539286631,160.35,5,0.05,11.8402248669157,10.6255469872112,4.37993184264137,85.67,77.5,1,0.01,2.41876724778723,2.52029169074628,0.986762092685713,77.22,74.5,0,0,"Pseudoginglymostoma brevicaudatum",-74.68,-83.13,-8.45
"Cirrhoscyllium_expolitum",56.2540880203189,53.7332555510608,17.4861887573622,160.8,2,0.02,12.1317646921236,11.1598972462736,4.93529252720786,90.95,73.5,5,0.05,3.5773835651323,3.3950821832895,1.59419021646888,44.1,44,12,0.12,"Cirrhoscyllium expolitum",-69.85,-116.7,-46.85
"Cirrhigaleus_asper",59.8617289663649,67.6098790869185,21.4036275265885,163.67,0,0,8.38107431211075,9.27003617070785,4.91044873325212,239.27,139.5,0,0,1.00093471647831,0.897978040302047,0.698414544129787,298.5,288.5,0,0,"Cirrhigaleus asper",75.6,134.83,59.23
"Rhinochimaera_africana",51.5319112800518,51.2038534594044,5.53821968071988,167.4,0,0,11.1213709854629,10.9525490532309,1.14607192070094,91.67,92,1,0.01,3.26663614273385,3.26532328677949,0.648407089519913,54.34,45.5,21,0.21,"Rhinochimaera africana",-75.73,-113.06,-37.33
"Rhinobatos_penggali",58.324551347309,56.8386691357746,21.2220008759766,169.94,0,0,9.49522271377944,9.13438671633926,5.71547289218832,168.63,149,0,0,1.60726108689729,1.57162893366305,0.919818947212297,170.51,166.5,0,0,"Rhinobatos penggali",-1.31,0.569999999999993,1.88
"Pristiophorus_nudipinnis",54.2455538448516,52.9543488259178,15.9678947718518,171.61,0,0,9.15117383206433,9.3223732880249,3.42393367421069,136.65,130,0,0,2.42506327273744,2.38312249108064,1.15694712495557,86.6,76.5,0,0,"Pristiophorus nudipinnis",-34.96,-85.01,-50.05
"Centroscymnus_coelolepis",53.3090083157222,59.6990885859313,14.8550382958279,172.8,0,0,4.67623360670055,4.76621130332502,2.25220286700881,338.54,312,0,0,1.03882332261856,1.05008539951513,0.517556368189245,267.14,264.5,0,0,"Centroscymnus coelolepis",165.74,94.34,-71.4
"Heterodontus_quoyi",55.6983852022957,51.1992194646741,22.2163810498506,175.91,4,0.04,11.2223516166469,9.56577966001818,5.87996537800849,104.06,99.5,5,0.05,3.58941253096421,3.2623295864932,1.62288188904966,43.24,42,13,0.13,"Heterodontus quoyi",-71.85,-132.67,-60.82
"Planonasus_parini",53.3647351343152,52.9812895631374,16.7874298882045,177.24,1,0.01,9.03115883634387,9.72992922435243,4.58420178011397,173.38,132,1,0.01,0.682259782354118,0.587650735262498,0.518465939248855,449.73,433.5,0,0,"Planonasus parini",-3.86000000000001,272.49,276.35
"Heterodontus_omanensis",53.9971701705798,50.6861099452666,18.619922064281,180.93,2,0.02,10.6326580668017,8.93323875969915,5.13513319189451,114.01,105,3,0.03,3.48449694732353,3.27226245874192,1.51786626649137,45.66,46.5,14,0.14,"Heterodontus omanensis",-66.92,-135.27,-68.35
"Heterodontus_japonicus",54.6657409067549,49.3984460762785,21.1557312229981,181.64,5,0.05,10.9866599501838,9.14518776953511,6.01613224059056,113.03,107,5,0.05,3.44185959938397,3.16445212973546,1.68785491127194,47.7,46,12,0.12,"Heterodontus japonicus",-68.61,-133.94,-65.33
"Narcine_lasti",49.7083585353963,49.511865178282,6.02586970394365,184.62,0,0,6.99149826655043,6.81292694165309,2.47659755301828,209.1,197,0,0,0.944470799721709,0.873824231034565,0.273889957107226,262.99,270.5,0,0,"Narcine lasti",24.48,78.37,53.89
"Narcine_tasmaniensis",49.7083585353963,49.511865178282,6.02586970394365,185.62,0,0,7.11808373375105,6.98948919708393,2.49721664830219,203.52,194,0,0,0.943753244329801,0.877713738628096,0.268583871482415,261.81,283.5,0,0,"Narcine tasmaniensis",17.9,76.19,58.29
"Urobatis_jamaicensis",53.5075537822059,57.250721877863,15.2756328756864,187.44,0,0,3.634939445826,3.10787798786856,1.86588981347313,423.41,429,0,0,0.309598910001673,0.297883899244172,0.0894162852799599,712.67,704,0,0,"Urobatis jamaicensis",235.97,525.23,289.26
"Rhinochimaera_atlantica",49.6744337613401,48.3282540575862,6.58074271685605,187.81,0,0,10.8459375406786,10.6929331973566,0.980478587934264,97.61,101,2,0.02,3.22551188443609,3.18494240567532,0.728061893772278,57.08,47,20,0.2,"Rhinochimaera atlantica",-90.2,-130.73,-40.53
"Odontaspis_noronhai",52.1675959774033,51.9599075517547,15.8880666562616,189.62,0,0,10.373951288532,10.7321752074317,4.15056148767765,108.38,109.5,0,0,2.15563128088346,2.3084965273669,1.05694734129483,115.97,89,0,0,"Odontaspis noronhai",-81.24,-73.65,7.59
"Odontaspis_ferox",52.1675959774033,51.9599075517547,15.8880666562616,190.62,0,0,10.2439420673202,10.611001635443,3.97654953929823,109.77,107,0,0,2.14599044210296,2.30304695331869,1.05231116937432,116.44,87.5,0,0,"Odontaspis ferox",-80.85,-74.18,6.67
"Cephalurus_cephalus",58.4098913265375,49.5177924520743,28.3153125524341,192.22,10,0.1,10.2297594142722,8.66112481418456,7.47756392985539,174.09,175.5,9,0.09,1.53456555829896,1.41432960854446,1.06907962035873,213.44,200,1,0.01,"Cephalurus cephalus",-18.13,21.22,39.35
"Aetomylaeus_nichofii",50.9890228859413,47.9466074723205,13.4671547392925,192.65,1,0.01,6.97601907429412,6.78315588466098,2.87477611114684,197.7,200,0,0,0.402927070694075,0.37279686221386,0.156055530043602,546.81,526,0,0,"Aetomylaeus nichofii",5.04999999999998,354.16,349.11
"Pristiophorus_cirratus",51.197725954301,50.2004759459751,14.0580929261253,194.47,0,0,8.90148895521199,8.9690596665687,3.11420127442257,139.91,140.5,0,0,2.36464131672359,2.24295607783837,1.13715614939071,90,77,1,0.01,"Pristiophorus cirratus",-54.56,-104.47,-49.91
"Furgaleus_macki",51.236130137417,57.6968657996102,14.9335008947415,194.5,0,0,5.01035899754294,5.25277825572647,2.87433529625005,366.22,290,0,0,0.34860606592816,0.339283451087027,0.14999227720497,675.28,642.5,0,0,"Furgaleus macki",171.72,480.78,309.06
"Sphyrna_zygaena",47.6007768248815,48.6332072873175,6.99209972384569,195.31,0,0,2.00675706575269,2.06476270416732,1.13200863295561,719.54,722.5,0,0,0.278133657836757,0.279916604797188,0.0824455954441711,827.37,825,0,0,"Sphyrna zygaena",524.23,632.06,107.83
"Schroederichthys_bivius",53.2326719692998,50.4612975147521,19.4812214085936,195.95,0,0,10.9579152584934,9.52308862439811,5.0203881974446,103.5,102.5,4,0.04,1.8913092239245,1.79490910031732,1.287462183193,161.91,128,0,0,"Schroederichthys bivius",-92.45,-34.04,58.41
"Gymnura_japonica",54.6525698000209,49.8703372711098,19.0008873510175,196.17,2,0.02,7.88501875311806,7.1778202258634,3.94331989627233,180.54,177,0,0,0.445018386144243,0.382380979597507,0.220538928540818,524.51,513,0,0,"Gymnura japonica",-15.63,328.34,343.97
"Heterodontus_portusjacksoni",50.2768774670185,49.5302291622737,15.4874851516685,197.45,1,0.01,9.40732206721908,8.90359471062897,3.62712613684028,125.1,113,0,0,3.12937692171257,3.0386313348886,1.35829588285505,51.83,51.5,4,0.04,"Heterodontus portusjacksoni",-72.35,-145.62,-73.27
"Schroederichthys_saurisqualus",52.6662790375216,49.8126868759735,19.0502549243754,200.69,3,0.03,10.6528858481984,9.5718565124225,4.40879494567579,108.43,110,4,0.04,1.77738793038952,1.6333055559223,1.12560736549591,172.29,136.5,0,0,"Schroederichthys saurisqualus",-92.26,-28.4,63.86
"Pentanchus_profundicolus",57.9135989263562,51.4633007617227,25.5615785373334,201.52,7,0.07,6.58950516201338,3.84331501334889,5.89137519486746,330.49,361,2,0.02,0.405156329235267,0.375063804709952,0.181895785090589,587,544,0,0,"Pentanchus profundicolus",128.97,385.48,256.51
"Schroederichthys_chilensis",52.6106886525177,46.9441635583766,19.4462040471985,201.63,2,0.02,10.9004855568258,9.28429252083346,5.11820627434267,106.54,92,5,0.05,1.81961779869042,1.64674196049284,1.23174980551114,174.6,145,1,0.01,"Schroederichthys chilensis",-95.09,-27.03,68.06
"Hemigaleus_microstoma",47.1564732447375,48.8247759218513,7.9841793061366,201.75,0,0,4.33014643658732,4.77523193967103,2.45405124437013,426.24,326,0,0,0.322454146195868,0.317532580337801,0.120117488202739,716.02,685,0,0,"Hemigaleus microstoma",224.49,514.27,289.78
"Heterodontus_galeatus",49.4856102706983,48.6901040156907,14.0616440426832,202.63,0,0,9.20917079486873,8.46772505998495,3.28857343779754,129.51,119,0,0,3.06723415752773,3.05517099957948,1.05950660446514,52.65,50,3,0.03,"Heterodontus galeatus",-73.12,-149.98,-76.86
"Hemigaleus_australiensis",47.1564732447375,48.8247759218513,7.9841793061366,202.75,0,0,4.34049593032862,4.59158116962272,2.38092658113163,424.6,326,0,0,0.320880119889513,0.314220829928907,0.120500425954098,721.93,700,0,0,"Hemigaleus australiensis",221.85,519.18,297.33
"Schroederichthys_tenuis",52.016947638907,48.4785907758814,18.1437976271416,202.87,3,0.03,10.6114386140414,9.69419065082753,4.34802624231956,108.13,101.5,5,0.05,1.73287484627327,1.70408980099541,1.05273304458512,176.86,137,0,0,"Schroederichthys tenuis",-94.74,-26.01,68.73
"Gollum_attenuatus",48.8990400609903,49.8417985764179,12.7151714863505,204.85,0,0,8.42656985367554,9.34290512399168,3.85618454524459,182.74,139,0,0,0.655961127544358,0.555188597792879,0.46450236989941,457.9,444.5,0,0,"Gollum attenuatus",-22.11,253.05,275.16
"Gollum_suluensis",48.8990400609903,49.8417985764179,12.7151714863505,205.85,0,0,8.3978355501658,9.48657314083325,3.81218372638914,182.81,140.5,0,0,0.65380282171,0.536753825374381,0.487076948607515,462.26,449.5,0,0,"Gollum suluensis",-23.04,256.41,279.45
"Himantura_schmardae",46.8159500147168,46.6882014138542,6.10806778088798,205.88,0,0,4.78617398569192,4.46786462234846,2.43750329422335,329.25,302.5,0,0,0.30694770524572,0.29651346070092,0.0866886428272716,718.58,732,0,0,"Himantura schmardae",123.37,512.7,389.33
"Himantura_pacifica",46.8159500147168,46.6882014138542,6.10806778088798,206.88,0,0,4.87625066540698,4.36260724109675,2.43860577750439,320.26,313,0,0,0.305476448414665,0.295915133172048,0.0823807679413007,723.58,710.5,0,0,"Himantura pacifica",113.38,516.7,403.32
"Atelomycterus_marmoratus",47.0949621799261,47.9637540737018,7.39289746291062,206.89,0,0,8.22653711333643,8.31322093969428,2.20170972268034,145.49,148,0,0,1.50629736623847,1.5649749287796,0.867912079791508,200.39,157.5,0,0,"Atelomycterus marmoratus",-61.4,-6.5,54.9
"Schroederichthys_maculatus",50.9017659468736,47.9075848206533,17.2220578147866,206.9,1,0.01,10.4090326942645,9.59352964398966,4.04618097873603,108.97,103.5,2,0.02,1.69992088855413,1.67804837336866,1.00215234051199,179.11,138,0,0,"Schroederichthys maculatus",-97.93,-27.79,70.14
"Atelomycterus_baliensis",47.0561971781381,47.5846286915826,7.42613529239963,207.73,0,0,8.2055509331304,8.47532830236566,2.03891325123937,146.49,146,0,0,1.49750897583239,1.50443530704051,0.876336151111691,198.29,162,0,0,"Atelomycterus baliensis",-61.24,-9.44,51.8
"Squaliolus_aliae",49.3412988161515,50.6910898491313,14.5333121077833,209.11,0,0,8.57105033138008,9.13734293464918,4.35851950836245,187.64,147,0,0,1.30272200369642,1.09209166179143,0.992892477931433,240.9,237.5,0,0,"Squaliolus aliae",-21.47,31.79,53.26
"Trygonoptera_testacea",46.9336883508028,48.1178026439875,7.71797137440719,209.67,0,0,5.99613564545485,6.02453737686609,1.50115407406293,222.31,233.5,0,0,0.43018417466232,0.395386477270169,0.196912035298794,525.56,513.5,0,0,"Trygonoptera testacea",12.64,315.89,303.25
"Gymnura_australis",54.5573789446925,48.6779806212261,21.6853635341392,210.46,2,0.02,8.14384940885742,6.8250547534641,4.56589892518247,179.89,181.5,0,0,0.453137715588273,0.407627992816677,0.223223501028731,509.75,500,0,0,"Gymnura australis",-30.57,299.29,329.86
"Parascyllium_sparsimaculatum",50.5876638957948,46.4119606854367,17.3180024895641,213.85,3,0.03,10.1249217059817,8.99359869493053,4.12503338387193,120.98,117.5,2,0.02,3.00458086158342,2.94319646134812,1.43014138674642,58.77,58.5,3,0.03,"Parascyllium sparsimaculatum",-92.87,-155.08,-62.21
"Gymnura_poecilura",51.3445614193948,47.6117037141192,16.431170857449,213.86,0,0,6.97174812671802,6.54425117843922,3.02872805834325,202.32,195,0,0,0.447678808340497,0.400256753956427,0.222025421546095,522.18,501,0,0,"Gymnura poecilura",-11.54,308.32,319.86
"Rostroraja_alba",46.4372303908807,47.8106582541985,10.1281046881983,216.27,0,0,3.11210611650059,2.78074550740947,2.44421217017804,613.4,523,0,0,0.270019463104725,0.258216309038355,0.103605628487258,876,912,0,0,"Rostroraja alba",397.13,659.73,262.6
"Parascyllium_collare",52.0994132104381,45.8104405166073,22.3478149784474,216.91,3,0.03,10.2563069643134,8.86906761433109,5.23173842022868,122.63,115,3,0.03,3.16738697430588,2.89619691446502,1.85268792254085,56.6,57.5,8,0.08,"Parascyllium collare",-94.28,-160.31,-66.03
"Euprotomicrus_bispinatus",48.6257288959819,47.12356969749,14.3379168402548,217.98,0,0,8.56367863593933,8.88438442998266,4.38014321088529,188.27,144,0,0,1.27616242242765,1.1266779619255,0.890718654469351,238.63,238.5,0,0,"Euprotomicrus bispinatus",-29.71,20.65,50.36
"Taeniurops_grabata",47.3533836029008,50.6056486770169,12.6165848818938,218.38,0,0,2.62675832277093,2.15549493771512,1.76989939115247,603.91,657.5,0,0,0.29399709504976,0.282845045705922,0.0757976098428358,755.76,738,0,0,"Taeniurops grabata",385.53,537.38,151.85
"Parascyllium_ferrugineum",49.9404934672961,44.4731240626673,19.7955208017011,219.3,1,0.01,10.1257931373898,9.35990543839166,4.78313665721219,118.98,109.5,2,0.02,3.05851525025623,2.85730230854532,1.7128549292897,57.95,59,4,0.04,"Parascyllium ferrugineum",-100.32,-161.35,-61.03
"Taeniurops_meyeni",47.3533836029008,50.6056486770169,12.6165848818938,219.38,0,0,2.65341894120038,2.21690913796487,1.83086037896791,601.44,637,0,0,0.293581435888443,0.286031623050516,0.0766733137957494,755.79,737.5,0,0,"Taeniurops meyeni",382.06,536.41,154.35
"Heterodontus_zebra",47.6205050742186,47.1024505611119,13.6090464933473,219.76,0,0,8.91361510697387,8.36561553991747,2.98910228781824,133.66,123.5,0,0,3.10456720223376,3.06018957608695,1.1786641487834,51.06,50.5,2,0.02,"Heterodontus zebra",-86.1,-168.7,-82.6
"Squatina_africana",50.5631147061394,49.5107924685097,17.9430152592547,220.08,0,0,5.46955960512397,4.74228724166014,3.04850128700222,290.59,281.5,0,0,1.52828489486341,1.39354242452824,0.759020659074176,166.54,165.5,0,0,"Squatina africana",70.51,-53.54,-124.05
"Rhinobatos_jimbaranensis",52.0415349852251,49.9801937540322,20.5898154423284,221.58,0,0,8.84588407961107,7.84892965397535,5.4413470707497,186.75,177,1,0.01,1.57987896787994,1.50978124935772,0.965753724914317,176.6,180.5,0,0,"Rhinobatos jimbaranensis",-34.83,-44.98,-10.15
"Squatina_squatina",47.3187860123341,49.3400261665623,12.6140888357934,221.76,0,0,5.12953523682629,4.49195009529454,2.64596208594607,301.02,319.5,0,0,1.40372601747817,1.3625788082514,0.647847194415878,179.85,183,0,0,"Squatina squatina",79.26,-41.91,-121.17
"Parascyllium_elongatum",49.1874719940479,46.1869440604895,16.2875793222321,223.43,1,0.01,9.78463905759477,9.05438920341216,3.65025734932506,124.37,117,1,0.01,2.95990073947261,2.88442733840441,1.35160733835965,59.89,57,3,0.03,"Parascyllium elongatum",-99.06,-163.54,-64.48
"Gymnura_zonura",50.9838039567927,46.9781490029634,17.5807514810587,224.23,0,0,7.05758252834373,6.25819529512843,3.20994421653485,200.83,200.5,0,0,0.434125575449602,0.399164530856887,0.188664771916437,521.21,513.5,0,0,"Gymnura zonura",-23.4,296.98,320.38
"Isistius_plutodus",49.468875115278,47.0161054254983,17.8394388707737,226.36,0,0,9.40149138589996,9.68770191671575,5.03075755727603,170.02,120,0,0,1.28439330770634,1.1564699892683,0.883450161492543,237.2,244.5,0,0,"Isistius plutodus",-56.34,10.84,67.18
"Isistius_brasiliensis",48.4847656511195,47.7550461855003,15.4768787690888,227.05,0,0,9.25068931280819,9.7616069213283,4.57276485283744,170.97,119.5,0,0,1.27414995803881,1.16063425403286,0.823739595139814,236.13,240,0,0,"Isistius brasiliensis",-56.08,9.07999999999998,65.16
"Parascyllium_variolatum",48.8089849832585,44.2818625993879,16.6967789153201,227.39,0,0,9.89078209151262,8.87653732291719,3.92895639138723,123.4,104,0,0,2.94292224206979,2.79458686932682,1.35076278698178,60,61,3,0.03,"Parascyllium variolatum",-103.99,-167.39,-63.4
"Ctenacis_fehlmanni",52.6564307073198,49.7968069426729,21.992500712908,228.15,3,0.03,7.75553598249141,7.52653347975888,4.92008883837418,227.43,196.5,1,0.01,0.641525305215716,0.517681235568341,0.494616622272182,466.36,464,0,0,"Ctenacis fehlmanni",-0.719999999999999,238.21,238.93
"Discopyge_castelloi",51.7411966768521,46.1857208700367,23.3531850277166,228.99,3,0.03,8.52121182325983,6.22442834904675,6.20236832696908,192.11,173.5,5,0.05,1.25095843868934,0.820673464834422,1.57965550719911,262.01,271.5,2,0.02,"Discopyge castelloi",-36.88,33.02,69.9
"Pristiophorus_delicatus",47.4878568167863,44.3663857891297,13.8702334839817,229.73,0,0,8.46916799904056,8.21256807493388,2.94098931812179,150.91,146,0,0,2.24758368471219,2.09785667943928,0.983214763240598,91.99,82.5,0,0,"Pristiophorus delicatus",-78.82,-137.74,-58.92
"Hydrolagus_colliei",49.3816439765255,48.161612123618,15.2650405229439,229.76,0,0,8.90716983057773,8.03456944112004,3.55031371769184,148.74,129,0,0,2.22559028411173,2.08909631562204,0.675494960544971,94.43,76.5,1,0.01,"Hydrolagus colliei",-81.02,-135.33,-54.31
"Discopyge_tschudii",51.7411966768521,46.1857208700367,23.3531850277166,229.99,3,0.03,8.71273669608912,6.46852019349152,6.54922922451774,188.41,159,5,0.05,1.23912831677923,0.852465917533011,1.4589034102186,259.14,270.5,2,0.02,"Discopyge tschudii",-41.58,29.15,70.73
"Squatina_aculeata",46.6660429435356,48.4410704116139,12.5385583513383,230.96,0,0,5.06380898527445,4.27802410127577,2.67416159579185,304.78,315.5,0,0,1.40982926965474,1.35772376542378,0.654693229178545,179.06,180.5,0,0,"Squatina aculeata",73.82,-51.9,-125.72
"Chiloscyllium_punctatum",46.3898667651036,47.3599236348533,10.6533005996074,231.14,0,0,4.97572347888219,5.00945343883065,1.20553974580591,272.7,288,0,0,1.42163713550798,1.4484452241976,0.530802897565589,167.39,157,0,0,"Chiloscyllium punctatum",41.56,-63.75,-105.31
"Isistius_labialis",48.5790003419033,47.0555484201114,16.3214915909439,231.51,0,0,9.18217936105204,9.76127740775602,4.62259184447836,174.36,126,0,0,1.25489930871478,1.13674502437011,0.809500357899687,239.88,239.5,0,0,"Isistius labialis",-57.15,8.37,65.52
"Heteroscymnoides_marleyi",49.9748747141201,46.0893722375752,19.6676742188294,232.31,3,0.03,9.03885219105637,8.98579373460287,5.24124805693669,181.97,146,1,0.01,1.29853547997835,1.1514533336197,0.844602650005579,230.01,228.5,0,0,"Heteroscymnoides marleyi",-50.34,-2.30000000000001,48.04
"Dasyatis_margaritella",44.7083990660745,44.244015339831,3.1906577768161,233.27,0,0,3.29033748583115,2.75356522140326,1.48425807429709,452.97,446.5,0,0,0.299637297821905,0.289368139514455,0.0845198267213177,741.85,733,0,0,"Dasyatis margaritella",219.7,508.58,288.88
"Dasyatis_margarita",44.7083990660745,44.244015339831,3.1906577768161,234.27,0,0,3.2895516487582,2.74189181412196,1.50021015748385,453.39,446.5,0,0,0.298659808486657,0.286705484949879,0.0769999639201427,740.16,758,0,0,"Dasyatis margarita",219.12,505.89,286.77
"Gogolia_filewoodi",48.7461010685641,45.3031463773741,17.742947692404,235.1,1,0.01,5.76790381126966,5.24145851618142,3.92217359854314,347.26,295,0,0,0.360415731452581,0.341318122793894,0.169933103939769,664.73,614,0,0,"Gogolia filewoodi",112.16,429.63,317.47
"Chimaera_phantasma",49.14775841086,44.9365542661952,15.7346916913078,236.42,0,0,5.82686694987941,5.57066639512278,2.52916589529011,259.38,245.5,0,0,1.59104406196111,1.5571602611773,0.405344653567977,145.24,126,0,0,"Chimaera phantasma",22.96,-91.18,-114.14
"Somniosus_rostratus",45.566067783702,49.4803882879636,11.6151156698654,238.14,0,0,9.30177252428609,10.1088971269048,3.67709328046012,133.25,129.5,0,0,1.7757859906276,1.7654637608834,1.06791742288509,165.38,121.5,0,0,"Somniosus rostratus",-104.89,-72.76,32.13
"Euprotomicroides_zantedeschia",48.9446256881395,44.6645780319613,19.1066338876971,242.06,2,0.02,8.78653495767882,9.03320677339857,4.84777721926864,188.47,151,1,0.01,1.25896536774247,1.11316507265292,0.791718549215618,236.44,228.5,0,0,"Euprotomicroides zantedeschia",-53.59,-5.62,47.97
"Centrophorus_squamosus",52.1178725511949,59.2563504140346,21.1903211729541,242.44,0,0,8.57910527986516,8.86266404986759,4.88760410110398,198.64,158.5,1,0.01,1.68636194715665,1.58493211316706,0.994410839576549,171.72,146.5,0,0,"Centrophorus squamosus",-43.8,-70.72,-26.92
"Hydrolagus_barbouri",48.238752462541,44.5337189353045,15.5557773547526,244.08,0,0,8.74392832715928,7.7785965891619,3.57888173970966,152.42,139,0,0,2.14408939256928,1.9725792798516,0.714196845711025,102.28,82,1,0.01,"Hydrolagus barbouri",-91.66,-141.8,-50.14
"Himantura_lobistoma",47.0541738221076,50.8110131104367,10.6845216339134,244.49,0,0,1.90774608855571,1.84656886658518,0.500214904816343,693.75,738.5,0,0,0.287460602205644,0.276248706309733,0.0741828621598847,774.12,778,0,0,"Himantura lobistoma",449.26,529.63,80.37
"Atelomycterus_fasciatus",43.8673204366221,45.3034049021062,7.28407170963024,245.49,0,0,8.07886953723411,8.15694860183793,2.18331594875445,150.59,150,0,0,1.54951852203577,1.56379150632374,0.937304168537782,195.16,151,0,0,"Atelomycterus fasciatus",-94.9,-50.33,44.57
"Atelomycterus_marnkalha",43.8607134647733,45.3034049021062,7.18950796262405,245.73,0,0,8.15030037471114,8.21342626802864,2.17228983156405,148.29,147.5,0,0,1.52002458421897,1.54129997704954,0.908492562129546,200.5,161,0,0,"Atelomycterus marnkalha",-97.44,-45.23,52.21
"Mollisquama_parini",48.7554652320959,45.7960688625736,19.8145059641479,246.12,4,0.04,9.00799554288288,9.31371767353735,5.3381851019196,189.75,162.5,2,0.02,1.23544687415166,1.07817838817131,0.768045018737234,239.81,247,0,0,"Mollisquama parini",-56.37,-6.31,50.06
"Pristiophorus_nancyae",45.6737707214635,44.9779074811932,12.3909849683839,246.3,0,0,8.42025956711728,8.31230893592683,2.90173654410488,152.2,154.5,0,0,2.18739525284595,2.06550238971136,0.951610115347657,98.73,88,0,0,"Pristiophorus nancyae",-94.1,-147.57,-53.47
"Cruriraja_hulleyi",52.5934754491322,48.8973510958314,24.3300286756123,247.26,7,0.07,7.87386891479854,6.12909633160127,5.49750100643481,218.64,187.5,2,0.02,0.618452906555121,0.450810474186453,0.449410999990503,476.23,470.5,0,0,"Cruriraja hulleyi",-28.62,228.97,257.59
"Gymnura_marmorata",49.7110250928223,44.07381181416,20.1686529254787,249.25,1,0.01,7.77360645502143,7.19614000767748,4.04108866720826,183.85,178,0,0,0.447761659467591,0.388841174493866,0.243734151498878,518.8,504.5,0,0,"Gymnura marmorata",-65.4,269.55,334.95
"Arhynchobatis_asperrimus",44.6494419896178,44.5013584299477,7.56518552894453,250.45,0,0,1.4246948670249,1.07140217185233,0.906781527318292,841.35,868,0,0,0.285260713631239,0.256596136427151,0.105990192878513,812.51,817,0,0,"Arhynchobatis asperrimus",590.9,562.06,-28.84
"Atelomycterus_macleayi",44.9602504314791,42.2501799596314,12.2766143366229,251.09,0,0,7.9116548644585,7.82301995063272,2.21824418790251,155.15,157.5,0,0,1.48238081098869,1.50898188113311,0.874337085076255,202.3,163,0,0,"Atelomycterus macleayi",-95.94,-48.79,47.15
"Pteromylaeus_bovinus",44.1833032966012,43.307786493794,10.1427677589507,253.09,0,0,6.21696684320995,6.14856745549101,2.2752505854486,223.02,219,0,0,0.397409017560342,0.36971715311122,0.154039948865379,547.86,528.5,0,0,"Pteromylaeus bovinus",-30.07,294.77,324.84
"Pteromylaeus_asperrimus",44.1833032966012,43.307786493794,10.1427677589507,254.09,0,0,6.1756322298811,5.9510449404853,2.3060318166031,225.93,222,0,0,0.404813075876723,0.365438573567581,0.163264425338364,542.35,530,0,0,"Pteromylaeus asperrimus",-28.16,288.26,316.42
"Pristiophorus_schroederi",44.1966194065684,42.4311977097701,10.849685426288,259.05,0,0,8.11972565484008,8.17296536905452,2.52852857685036,157.8,152.5,0,0,2.17665569258031,2.10215323745182,1.00182796396121,99.35,87,0,0,"Pristiophorus schroederi",-101.25,-159.7,-58.45
"Centrophorus_granulosus",50.1555664486696,51.640767244791,21.3526637060208,264.1,0,0,8.32315089785057,8.19005869735392,4.76118752973866,205.88,180,0,0,1.58311859957353,1.50439470710986,0.959661182486945,183.85,166.5,0,0,"Centrophorus granulosus",-58.22,-80.25,-22.03
"Dasyatis_zugei",48.1667810411241,45.9932000103606,18.0704394323328,265.72,0,0,2.48406242334846,2.12990218348662,1.70621740898117,617.68,651,0,0,0.287007522733575,0.27877445915368,0.0749297919584807,777.65,770,0,0,"Dasyatis zugei",351.96,511.93,159.97
"Dasyatis_sabina",47.5484099668674,44.7800329730194,17.1883814755612,266.45,0,0,3.82463906317333,3.4209583943018,2.51866859092643,444.81,451,0,0,0.303643477220962,0.300497299842512,0.0754877014335944,722.61,721,0,0,"Dasyatis sabina",178.36,456.16,277.8
"Hydrolagus_melanophasma",44.8277726650329,44.8759207526723,12.4021049238434,271.17,0,0,3.338960132896,3.27650558799617,0.760619930809322,425.85,423,0,0,1.20674358080028,1.19224775882871,0.208537036441809,198.18,217,0,0,"Hydrolagus melanophasma",154.68,-72.99,-227.67
"Gymnura_crebripunctata",47.9363085627905,42.1056074222307,19.9119729050859,275.24,1,0.01,7.22864979395463,6.10240953243895,3.97976700570307,204.48,197,0,0,0.441438964635706,0.386744075916527,0.236038818165978,524.99,511,0,0,"Gymnura crebripunctata",-70.76,249.75,320.51
"Sinobatis_filicauda",47.215750644358,43.1039842680293,19.3064176650688,275.28,5,0.05,8.63964340321002,7.7800318694423,4.4697426018201,162.44,160.5,3,0.03,1.06246153602219,0.810876324281338,0.751632188456902,281.83,272,0,0,"Sinobatis filicauda",-112.84,6.55000000000001,119.39
"Gymnura_micrura",48.1132365606371,40.8174564875207,21.1035262940234,277.98,1,0.01,7.46161247820141,6.42035706124701,4.39234565742536,204.17,208,0,0,0.450843588996422,0.391370575775092,0.24662073036537,521.17,501,0,0,"Gymnura micrura",-73.81,243.19,317
"Centrophorus_moluccensis",52.442275349196,51.0236894984623,26.6952653725964,278.12,5,0.05,9.00318557462982,8.4609421782523,5.99174009903177,201.56,164,4,0.04,1.57712219145134,1.5612600432497,0.924636463672187,181.4,155,0,0,"Centrophorus moluccensis",-76.56,-96.72,-20.16
"Chiloscyllium_plagiosum",41.8965443975088,43.1742021651893,8.2722781816142,281.58,0,0,4.82129301906442,4.81268204486231,1.03426278556802,281.64,296.5,0,0,1.40167062434806,1.41508262768942,0.498290186564246,170.98,166.5,0,0,"Chiloscyllium plagiosum",0.0600000000000023,-110.6,-110.66
"Chiloscyllium_indicum",41.7380334613896,42.3901126945578,7.38081410562217,282.42,0,0,4.78565177126552,4.84259461567305,0.939260342241034,282.68,298,0,0,1.38869658683571,1.41515307226243,0.494598350881052,171.75,162,0,0,"Chiloscyllium indicum",0.259999999999991,-110.67,-110.93
"Sinobatis_melanosoma",46.6914296175962,40.4998892068414,19.5791655629247,282.58,3,0.03,8.81568643279568,7.8169567099197,4.61217222994306,160.12,153,4,0.04,1.05648575690377,0.81221651044635,0.767116370435861,287.56,287,0,0,"Sinobatis melanosoma",-122.46,4.98000000000002,127.44
"Neotrygon_kuhlii",41.7565526131331,41.9695127598078,7.07132101081526,282.96,0,0,4.3778826739529,4.43201201883481,1.45809171417201,330.92,327,0,0,0.319194662234548,0.303145826295915,0.0846592518022765,679.7,679.5,0,0,"Neotrygon kuhlii",47.96,396.74,348.78
"Triakis_semifasciata",43.0574492239821,42.3414487888908,12.7732106746241,284.51,0,0,5.16112143717331,5.72407627739278,2.76789191737075,352.7,269.5,0,0,0.340802569763668,0.343752480192299,0.133167749543243,690.39,653,0,0,"Triakis semifasciata",68.19,405.88,337.69
"Neotrygon_ningalooensis",44.7196762112116,48.260549581095,12.7126535966824,284.89,0,0,4.64996664507681,4.57007888696009,1.75948556122405,315.19,310.5,0,0,0.318524025288426,0.303427461496481,0.0871655290209466,684.79,668.5,0,0,"Neotrygon ningalooensis",30.3,399.9,369.6
"Sinobatis_borneensis",45.8834069954601,41.3619877563914,18.3919880577264,285.85,3,0.03,8.68209352049227,7.748654381687,4.33549705926236,159.46,153,3,0.03,1.05223586815236,0.849118500943896,0.679339279047509,277.36,274,0,0,"Sinobatis borneensis",-126.39,-8.49000000000001,117.9
"Rhinobatos_horkelii",46.5627948012501,43.4152123342181,19.8343271536611,287.17,0,0,8.21209341928726,7.98056707034608,4.31159187563031,178.93,186,0,0,1.6927239856372,1.6782305933299,0.925233706490719,158.69,155,0,0,"Rhinobatos horkelii",-108.24,-128.48,-20.24
"Triakis_scyllium",42.8583107328931,41.5397677661283,12.4601013638227,287.19,0,0,5.26801741331727,5.70315141033564,2.82662900494349,348.86,270.5,0,0,0.343898361080525,0.347093023155645,0.134079946536358,682.03,627,0,0,"Triakis scyllium",61.67,394.84,333.17
"Rhinobatos_percellens",48.2533900636272,43.572887952671,22.3855404775818,287.5,0,0,8.76304665794478,7.99927112941037,5.17482170319466,175.55,190,0,0,1.72831905536784,1.60384064743138,0.994235912768648,155.94,152,0,0,"Rhinobatos percellens",-111.95,-131.56,-19.61
"Sphyrna_lewini",40.3208163520515,40.9862197695387,5.56252667473155,288.89,0,0,1.89684133263108,1.96499500859299,1.02977043230872,742.45,745,0,0,0.274486376149422,0.275856640064952,0.0855905809843559,845.8,836.5,0,0,"Sphyrna lewini",453.56,556.91,103.35
"Deania_quadrispinosa",43.4203789537171,48.5500289654495,13.8222230455353,290.61,0,0,9.07690239692067,10.5118553187547,4.00714827101064,163.03,117,0,0,1.70238361012731,1.67774899688275,0.982321840221768,164.83,136.5,0,0,"Deania quadrispinosa",-127.58,-125.78,1.80000000000001
"Sinobatis_bulbicauda",44.9676141041555,41.9758681425946,17.3021676711911,291.18,2,0.02,8.51601332491362,7.94446643393172,4.14360692952014,160.66,150,1,0.01,1.02185763050414,0.748033741379287,0.732728502223423,293.36,288.5,0,0,"Sinobatis bulbicauda",-130.52,2.18000000000001,132.7
"Deania_profundorum",43.4203789537171,48.5500289654495,13.8222230455353,291.61,0,0,9.05337303683976,10.3215082511388,4.01125554230117,164.03,118,0,0,1.71553174581309,1.68267389296704,1.00275566297106,164.37,134,0,0,"Deania profundorum",-127.58,-127.24,0.340000000000003
"Gymnura_natalensis",44.530087892121,41.4041147505067,15.4926354321854,292.4,0,0,6.3504067900305,5.75738458872703,2.93790083530773,227.52,228.5,0,0,0.432187960705519,0.379649314329492,0.202033882758208,523.59,515,0,0,"Gymnura natalensis",-64.88,231.19,296.07
"Trygonoptera_galba",42.3190362676819,40.353174677465,12.6660861737827,294.27,1,0.01,6.01410927445033,5.90370193781032,2.34383116714796,228.43,239.5,0,0,0.428268554228113,0.401204729982986,0.208378929877948,535.89,516,0,0,"Trygonoptera galba",-65.84,241.62,307.46
"Neotrygon_annotata",44.1674785607472,43.5446657166905,14.9266277506703,294.5,0,0,4.66028604691595,4.46243487964571,1.98727464797726,321.3,311.5,0,0,0.314654296058162,0.30533283511407,0.08024517677851,694.95,698.5,0,0,"Neotrygon annotata",26.8,400.45,373.65
"Gymnura_altavela",45.8683705191754,40.7902298138671,18.9520139216475,295.08,2,0.02,7.003352675665,5.93462591725751,3.95138025595221,211.8,205,0,0,0.43583393198597,0.383048673129865,0.255241497309504,532.74,513.5,0,0,"Gymnura altavela",-83.28,237.66,320.94
"Glaucostegus_cemiculus",43.1629227953249,41.0353675338093,14.6720260534352,295.26,0,0,7.32541621503404,7.43747114938624,3.18054936642691,193.95,197.5,0,0,1.51460774173844,1.51723031244804,0.75362991117084,171.04,163,0,0,"Glaucostegus cemiculus",-101.31,-124.22,-22.91
"Pastinachus_stellurostris",39.8294351060691,40.0748865814145,4.72299639994967,295.39,0,0,4.53272751911457,4.44514022911454,1.38782830250926,312.1,317,0,0,0.314507990304238,0.30374997889444,0.0800389246329555,694.7,690,0,0,"Pastinachus stellurostris",16.71,399.31,382.6
"Somniosus_longus",45.205368981541,42.4121697029849,22.2332922668375,296.04,3,0.03,8.77637492422096,8.59262158376169,5.28673089198526,159.99,161,4,0.04,1.67148233646442,1.54582546408152,1.16249843299346,182.86,151.5,1,0.01,"Somniosus longus",-136.05,-113.18,22.87
"Pastinachus_solocirostris",39.8294351060691,40.0748865814145,4.72299639994967,296.39,0,0,4.57944489293718,4.52135199153443,1.38191478201242,308.09,308.5,0,0,0.313945977483154,0.31164682633195,0.0779545950048755,695.79,673.5,0,0,"Pastinachus solocirostris",11.7,399.4,387.7
"Zameus_squamulosus",41.4605123307789,41.873588025502,11.4716292975459,298.52,0,0,5.82738277981853,6.0169953394662,2.83354389272643,276.96,257,0,0,1.1502294623631,1.12270123163173,0.614662336210485,248.77,244,0,0,"Zameus squamulosus",-21.56,-49.75,-28.19
"Zameus_ichiharai",41.4605123307789,41.873588025502,11.4716292975459,299.52,0,0,5.75028412024934,6.08954543139444,2.72140262078109,279.2,260.5,0,0,1.14923452056888,1.13169681499812,0.631550096750133,248.42,246.5,0,0,"Zameus ichiharai",-20.32,-51.1,-30.78
"Sinobatis_caerulea",44.6749631534551,39.6119773960034,19.4030559209487,300.47,3,0.03,8.10876987330941,7.4355692762379,4.23616366010438,171.09,170,1,0.01,1.05979910865933,0.799875509681631,0.818728101844497,292.41,283.5,0,0,"Sinobatis caerulea",-129.38,-8.06,121.32
"Scymnodon_ringens",41.389347424865,42.7026583206947,11.4159078198186,303.21,0,0,3.77934593662996,4.02657091498039,1.39233379478167,394.92,380,0,0,0.926152377240822,0.935345124077052,0.406250761507696,288.18,280.5,0,0,"Scymnodon ringens",91.71,-15.03,-106.74
"Gymnura_hirundo",43.3733200915918,40.2106256554748,15.4709941071333,304.39,1,0.01,6.24562060976879,5.80132666169787,2.93298172956521,236.08,234,0,0,0.43018631017062,0.386946069768781,0.210899817690368,523.48,516,0,0,"Gymnura hirundo",-68.31,219.09,287.4
"Cruriraja_parcomaculata",47.5673112156228,41.5033986270413,23.3238371136444,306.08,5,0.05,6.69040793785004,5.23095132820671,4.74149456381065,268.9,260.5,0,0,0.498485766471954,0.431760762709759,0.292457464065416,544.55,502,0,0,"Cruriraja parcomaculata",-37.18,238.47,275.65
"Centrophorus_atromarginatus",46.8684814641521,51.5112791114251,19.8275850678326,306.36,0,0,7.76662511137633,7.67068424413022,4.28564112417385,218.44,184,0,0,1.51740118417819,1.48840355511344,0.840782534315509,185.58,159.5,0,0,"Centrophorus atromarginatus",-87.92,-120.78,-32.86
"Negaprion_acutidens",39.5114042787869,40.164244838105,6.9421469300967,307.14,0,0,1.2898114591859,1.1539533728286,0.636427996545789,879.79,898,0,0,0.261004100793929,0.263920719668059,0.0764648627476132,886.57,889.5,0,0,"Negaprion acutidens",572.65,579.43,6.78000000000009
"Negaprion_brevirostris",39.5114042787869,40.164244838105,6.9421469300967,308.14,0,0,1.29035211063671,1.17949083862614,0.640888805793384,882.95,894.5,0,0,0.259140223582403,0.257852823229319,0.0754146009893202,890.27,888,0,0,"Negaprion brevirostris",574.81,582.13,7.31999999999994
"Mustelus_punctulatus",43.4134632333961,38.6754123026146,15.5625049323267,309.75,0,0,2.31698891696901,2.13401697300023,1.43036994042841,660.14,677.5,0,0,0.319962441644625,0.31253075582613,0.11345569016335,716.79,697.5,0,0,"Mustelus punctulatus",350.39,407.04,56.65
"Gymnura_crooki",42.2338296289328,38.9800167636529,14.681964941832,310.38,1,0.01,6.1461931190176,5.78592264403676,3.15906075184386,237.68,239.5,0,0,0.438760680063012,0.403072635847842,0.20554833971546,524.96,504,0,0,"Gymnura crooki",-72.7,214.58,287.28
"Rhinobatos_glaucostigma",42.6107828972698,43.0644086299109,15.013594711822,311.67,0,0,7.30934400490026,7.02683094298785,3.3442461285366,199.62,197.5,0,0,1.56591939459389,1.55843667109775,0.817484361902676,169.31,164,0,0,"Rhinobatos glaucostigma",-112.05,-142.36,-30.31
"Pastinachus_atrus",39.3885437785077,38.3631489059991,6.00010355986773,313.8,0,0,4.46685288216382,4.28576360960126,1.41212523301361,319.71,327.5,0,0,0.315420795050196,0.301207180013683,0.0813207641532887,692.75,669.5,0,0,"Pastinachus atrus",5.90999999999997,378.95,373.04
"Gymnura_bimaculata",42.900822046306,40.021492532433,15.8758227855338,316.52,1,0.01,6.19650049564823,5.84281915659549,2.90001376097595,235,223,0,0,0.439555610148628,0.377321550683497,0.230012696320852,526.47,512,0,0,"Gymnura bimaculata",-81.52,209.95,291.47
"Chimaera_fulva",41.29601919148,42.0183097116468,10.9202428313819,317.78,0,0,3.0486005849714,3.04734443656704,0.596323420646418,463.56,467.5,0,0,1.17042909951824,1.14182844890119,0.251987042835855,209.79,223,0,0,"Chimaera fulva",145.78,-107.99,-253.77
"Gymnura_afuerae",41.5899094434807,39.6858539450186,13.2989498691964,319.92,0,0,5.93840793773615,5.55566468095003,2.60398424682789,241.54,238,0,0,0.426712570987651,0.39197538996791,0.190612552717193,532.56,511.5,0,0,"Gymnura afuerae",-78.38,212.64,291.02
"Cirrhigaleus_barbifer",42.6525000884649,47.9178403611316,14.8712293800187,320.44,0,0,6.67779559108039,7.47129957310155,3.52769374594597,279.16,191,0,0,0.950914915495981,0.91999064395664,0.59014622291286,305.75,284.5,0,0,"Cirrhigaleus barbifer",-41.28,-14.69,26.59
"Cirrhigaleus_australis",42.6525000884649,47.9178403611316,14.8712293800187,321.44,0,0,6.74811134835599,7.6036215171452,3.56860645218746,277.75,189.5,0,0,0.931894768910117,0.863960419621556,0.578654423993033,310.14,293.5,0,0,"Cirrhigaleus australis",-43.69,-11.3,32.39
"Rhinobatos_productus",41.7745616489266,40.7926914963573,14.626537250192,321.61,0,0,7.27759682900316,7.52433040037102,3.27045997797592,199.53,210,0,0,1.57761352572806,1.53992763790124,0.80624035611412,167.09,156.5,0,0,"Rhinobatos productus",-122.08,-154.52,-32.44
"Hongeo_koreana",41.9653567932949,44.2902133006012,14.7352616597738,323.87,0,0,0.83472668470335,0.641057157624055,1.22124535400459,1084.41,1104,0,0,0.208241887735605,0.206208997263142,0.05582694636614,1053.11,1074,0,0,"Hongeo koreana",760.54,729.24,-31.3000000000002
"Carcharhinus_signatus",41.51908501531,41.7020630976256,13.5940342788345,325.84,0,0,1.02563073421825,1.02901644528874,0.401841819777517,937.91,937,0,0,0.251004521347692,0.247787456601999,0.0694013666888447,919,919.5,0,0,"Carcharhinus signatus",612.07,593.16,-18.91
"Centrophorus_zeehaani",45.0643881983549,47.4624190502009,19.3431233067974,326.2,0,0,7.46548293487403,7.46729101264156,3.97319190012651,223.98,197.5,0,0,1.48686408199258,1.4972794120482,0.818691478217504,191.08,164.5,0,0,"Centrophorus zeehaani",-102.22,-135.12,-32.9
"Aculeola_nigra",38.2178389005712,40.6202432646814,8.06922345698952,331.58,0,0,5.41603249540853,5.93459607658395,2.77148914679948,326.64,255.5,0,0,0.821273648065648,0.805295269753558,0.41341235586199,325.17,319.5,0,0,"Aculeola nigra",-4.94,-6.40999999999997,-1.46999999999997
"Poroderma_pantherinum",38.6825646044611,38.3245573512762,9.0384268797679,332.14,0,0,6.96447743930201,7.64685808470447,3.29366867241174,226.38,218.5,0,0,1.1738800093491,1.17045629559692,0.63861590401423,250.39,237,0,0,"Poroderma pantherinum",-105.76,-81.75,24.01
"Chimaera_monstrosa",39.5607318240334,39.7517994776981,9.53913021720613,332.91,0,0,3.06694157917902,3.02669701644422,0.553947634759809,458,466.5,0,0,1.16681323247942,1.1553376412499,0.230176268494387,207.19,227.5,0,0,"Chimaera monstrosa",125.09,-125.72,-250.81
"Poroderma_africanum",38.6825646044611,38.3245573512762,9.0384268797679,333.14,0,0,6.93489816792989,7.49265752313078,3.28897914985107,226.47,215,0,0,1.17529491825185,1.18534788617119,0.624283463798282,249.39,234.5,0,0,"Poroderma africanum",-106.67,-83.75,22.92
"Cruriraja_poeyi",43.6236750256983,40.7955680809782,18.7741766815541,333.98,3,0.03,6.13989401712943,5.15655873304778,3.81976994548222,279.72,274.5,0,0,0.531580656334625,0.440271996824563,0.397485638481205,518.67,491,0,0,"Cruriraja poeyi",-54.26,184.69,238.95
"Cruriraja_rugosa",41.8719857218951,38.904406119807,14.8894935705162,338.8,1,0.01,5.7196876573651,5.05710337712081,3.21650668727534,287.13,271,0,0,0.499901301378355,0.456152399258473,0.259053048326712,519.96,477.5,0,0,"Cruriraja rugosa",-51.67,181.16,232.83
"Acroteriobatus_leucospilus",42.4685782109762,38.1987147411457,18.6305182013208,343.19,1,0.01,6.99707689777899,6.34794347893474,4.28093434629799,237.56,241,1,0.01,1.39041260650641,1.30590648370825,0.723909489997832,196.64,214,0,0,"Acroteriobatus leucospilus",-105.63,-146.55,-40.92
"Cruriraja_cadenati",42.8848866369977,38.6840122952815,19.0823177848743,343.71,2,0.02,5.93510264168447,5.06524286211785,4.06071634586293,288.89,272.5,1,0.01,0.512834100566358,0.470951106415889,0.306004509772098,519.97,490.5,0,0,"Cruriraja cadenati",-54.82,176.26,231.08
"Holohalaelurus_regani",41.0360742869991,36.304701986211,16.5409356151493,345.88,3,0.03,6.62193157700188,6.18740972004623,3.57385695063646,227.6,234.5,0,0,0.4724232179945,0.427454518715236,0.267329929619895,523.35,501,0,0,"Holohalaelurus regani",-118.28,177.47,295.75
"Atlantoraja_castelnaui",37.1708593110439,36.9254888295197,5.35039564997771,346.67,0,0,1.69216104092773,1.22535567578637,1.36189147254943,792.72,828.5,0,0,0.293670908553002,0.25508456847927,0.134487069496997,809.06,835,0,0,"Atlantoraja castelnaui",446.05,462.39,16.3399999999999
"Cruriraja_durbanensis",43.7237525560309,37.1374125602235,20.540112514626,348.9,2,0.02,6.2006480149371,4.87721595917944,3.95592409730552,282.68,282.5,1,0.01,0.513656918891993,0.41635742819858,0.316399025320424,514.89,492.5,0,0,"Cruriraja durbanensis",-66.22,165.99,232.21
"Rhinobatos_prahli",42.8612084839367,38.4873684084094,20.2062833369333,348.93,2,0.02,7.4207507785388,6.77915169357551,4.80849080558555,226.59,212,3,0.03,1.45909576971741,1.40690686410132,0.767343523838844,185.44,199.5,0,0,"Rhinobatos prahli",-122.34,-163.49,-41.15
"Deania_hystricosa",39.5112872671431,43.9927914852351,12.6018861536295,349.64,0,0,8.61175473649329,9.94281338651572,3.77041464419437,174.89,129.5,0,0,1.69356146777204,1.74092988603587,0.926079967936424,163.01,130,0,0,"Deania hystricosa",-174.75,-186.63,-11.88
"Narcine_timlei",44.1917449050919,39.1983448911056,20.746580147465,349.81,3,0.03,7.1427886107656,5.6838709195173,4.10689748742212,234.45,223.5,2,0.02,1.0100705523731,0.964409957850549,0.285733153434698,245.48,259.5,0,0,"Narcine timlei",-115.36,-104.33,11.03
"Gymnura_tentaculata",40.4257010378457,37.5425687347803,15.3405071141592,349.94,1,0.01,5.81016622954551,5.35071769061365,2.75506069515685,251.09,254.5,0,0,0.42639322421772,0.391156385125873,0.190580374912233,533.31,515.5,0,0,"Gymnura tentaculata",-98.85,183.37,282.22
"Trygonoptera_imitata",36.7309490076015,37.2562228590825,5.00764941411659,350.32,0,0,5.50157655470109,5.43618266163232,1.2820318416206,245.25,260,0,0,0.430204570107491,0.39870096887717,0.192960150550999,536.19,515,0,0,"Trygonoptera imitata",-105.07,185.87,290.94
"Deania_calcea",39.5112872671431,43.9927914852351,12.6018861536295,350.64,0,0,8.61830630969884,9.96567212703864,3.79674978080564,175.87,132,0,0,1.70976423944111,1.72340978273001,0.965280822949002,162.79,127.5,0,0,"Deania calcea",-174.77,-187.85,-13.08
"Trygonoptera_mucosa",36.697378671167,37.2562228590825,5.0713645659637,351.76,0,0,5.5058727875857,5.52251273426813,1.28562071037187,244.63,259.5,0,0,0.426162151048191,0.39550289464887,0.1929853256512,537.11,525,0,0,"Trygonoptera mucosa",-107.13,185.35,292.48
"Rioraja_agassizii",38.0827629778437,39.0898047982421,8.59387027459127,352.44,0,0,1.74140562813252,1.24638635062095,1.46047639456568,787.16,836.5,0,0,0.295496791356709,0.259421011482715,0.145554471648836,803.16,828.5,0,0,"Rioraja agassizii",434.72,450.72,16
"Rhinobatos_planiceps",42.8502176360571,40.1137442647484,19.2791315434291,353.18,3,0.03,7.02545545507123,6.91671979470691,3.98614007449559,229.67,233,1,0.01,1.39666474441264,1.36768563361621,0.67097613752535,190.24,197,0,0,"Rhinobatos planiceps",-123.51,-162.94,-39.43
"Acroteriobatus_annulatus",42.0310694287633,37.46407437794,18.5988281867906,353.81,0,0,6.86181963389632,6.06306278886887,4.11435759503239,241.17,253.5,0,0,1.34710798429195,1.2759720686058,0.686021720474617,200.93,201.5,0,0,"Acroteriobatus annulatus",-112.64,-152.88,-40.24
"Squatina_armata",38.0719063738552,41.1206554998507,10.6595958037408,354.53,0,0,3.95878301038164,3.89269061577084,1.33637604256483,369.3,365.5,0,0,1.22123163794699,1.22322128488311,0.436416307142432,205.17,206.5,0,0,"Squatina armata",14.77,-149.36,-164.13
"Rhinobatos_leucorhynchus",44.2476950021073,40.5411607168155,22.7808057094468,354.95,2,0.02,7.68586038564646,6.89659821612212,5.26326392195461,219.59,218,3,0.03,1.44986409368122,1.41110319747688,0.728697240542772,184.04,176,0,0,"Rhinobatos leucorhynchus",-135.36,-170.91,-35.55
"Myliobatis_californicus",39.3360838981636,37.6740773881425,12.7240237526089,355.38,0,0,3.67375013388183,3.60295578343803,1.43091608032236,402.76,412,0,0,0.372803731737927,0.357396307098574,0.122779569179048,586.95,558.5,0,0,"Myliobatis californicus",47.38,231.57,184.19
"Holohalaelurus_melanostigma",40.721667837142,37.5275754000103,17.2198814947379,355.69,1,0.01,6.82146037606206,6.31883611442386,4.05459636709463,224.82,235,0,0,0.495636345882126,0.43709370502879,0.299433853453656,514.42,496.5,0,0,"Holohalaelurus melanostigma",-130.87,158.73,289.6
"Triakis_acutipinna",39.4481678803481,38.038913579422,14.4041295935853,355.81,0,0,5.07108356725025,5.28882943730661,2.81067108543283,359.77,280.5,0,0,0.347403974724454,0.332591708339834,0.136266137201028,676.16,628,0,0,"Triakis acutipinna",3.95999999999998,320.35,316.39
"Rhinobatos_albomaculatus",40.7677328195413,36.5139886682378,16.8223210179472,358.37,1,0.01,6.8260069711443,6.28655825735358,3.89931540790652,233.13,245.5,1,0.01,1.45558576219571,1.40965441727246,0.74412769039563,185.63,191.5,0,0,"Rhinobatos albomaculatus",-125.24,-172.74,-47.5
"Holohalaelurus_punctatus",39.4612276295584,37.3768103806598,14.2898139113188,358.48,0,0,6.38859378702974,6.53229626644633,3.15895403635335,236.74,248,0,0,0.472401004275916,0.419506113176993,0.265063597489022,523.28,504.5,0,0,"Holohalaelurus punctatus",-121.74,164.8,286.54
"Irolita_waitii",37.6204053841911,35.2176227026622,9.56485942442327,359.04,0,0,1.79151121167397,1.28610674592561,1.46224719754942,779.98,822,0,0,0.306273511979145,0.284795459576167,0.118750902077365,765.46,743,0,0,"Irolita waitii",420.94,406.42,-14.52
"Acroteriobatus_zanzibarensis",42.4603227532654,38.4364557876868,21.9574292923401,359.43,2,0.02,7.43231705002594,6.39163421889149,5.18559901009952,226.95,231,2,0.02,1.43991604296405,1.3983647285796,0.85847583453704,192.97,209,0,0,"Acroteriobatus zanzibarensis",-132.48,-166.46,-33.98
"Squatina_australis",37.0987994495907,39.5536914978298,8.7191526095005,359.88,0,0,4.07197260371401,3.9614045430422,1.48090132831913,360.97,357.5,0,0,1.2603502705628,1.29192788241878,0.441901044013871,195.69,191,0,0,"Squatina australis",1.09000000000003,-164.19,-165.28
"Apristurus_macrorhynchus",40.6405512101546,39.067365879793,14.9855433895931,359.89,0,0,2.77704635965353,2.62289815906583,1.64697325709626,578.62,538.5,0,0,0.326245554607123,0.328826989666254,0.111858471933303,697.69,674,0,0,"Apristurus macrorhynchus",218.73,337.8,119.07
"Irolita_westraliensis",37.6204053841911,35.2176227026622,9.56485942442327,360.04,0,0,1.76852756454917,1.26182188602961,1.39940684746478,782.53,821,0,0,0.302515373690283,0.281686340681106,0.113796003889862,774.4,766.5,0,0,"Irolita westraliensis",422.49,414.36,-8.13
"Benthobatis_moresbyi",39.9355048713932,36.4430310013326,16.4898297453997,362.05,1,0.01,5.88173737305222,4.81331826272042,3.29780196022562,260.6,259.5,1,0.01,0.935844661201273,0.809738314170376,0.624624763789992,279.35,288,0,0,"Benthobatis moresbyi",-101.45,-82.7,18.75
"Acroteriobatus_ocellatus",41.6822671100539,38.2886978338111,19.2509685697818,362.44,1,0.01,7.07052273445039,6.3326384814779,4.45321380725375,229.54,227,2,0.02,1.40639636456335,1.33782407248151,0.776542455018165,195.34,204.5,0,0,"Acroteriobatus ocellatus",-132.9,-167.1,-34.2
"Triakis_maculata",38.6740827032158,37.5138564860751,13.6008680314691,362.75,0,0,4.94097745134906,5.35420260425823,2.70834976714322,365.99,287,0,0,0.346906605310886,0.339022109620404,0.138233054801909,680.55,632.5,0,0,"Triakis maculata",3.24000000000001,317.8,314.56
"Apristurus_exsanguis",40.6206640310907,39.0473441420979,15.477670476775,362.9,0,0,2.75580139322306,2.46714493576399,1.75807922467973,584.34,576.5,0,0,0.327214037771252,0.320026347812474,0.113902890583428,694.88,675,0,0,"Apristurus exsanguis",221.44,331.98,110.54
"Cruriraja_andamanica",40.1988064847513,34.899148946037,15.8849944771108,363.26,1,0.01,5.50239391638195,4.5760063997851,3.35472328107826,305.94,296.5,0,0,0.521856866810536,0.4558164881017,0.304198759623548,511.47,495,0,0,"Cruriraja andamanica",-57.32,148.21,205.53
"Glaucostegus_microphthalmus",40.8332261892195,36.836182465805,18.7087836564937,364.42,3,0.03,7.03830694621125,7.02784344816938,4.05890800091167,216.28,225.5,3,0.03,1.49615092565135,1.48570731791586,0.787396011457355,177.44,172,0,0,"Glaucostegus microphthalmus",-148.14,-186.98,-38.84
"Somniosus_microcephalus",36.663435161515,39.389862428254,8.94782492007554,367,0,0,7.21491820311267,8.06711209083253,2.55395788384531,191.42,181,0,0,1.47350196529017,1.50509100722955,0.78917127953235,193.52,158,0,0,"Somniosus microcephalus",-175.58,-173.48,2.10000000000002
"Myliobatis_goodei",41.4928898843592,33.7016179393852,18.9413873236453,367.77,0,0,4.2770322048313,3.6455808263415,2.86187605408853,380.92,399,0,0,0.388335864425141,0.362314549313439,0.143876121573435,565.64,541,0,0,"Myliobatis goodei",13.15,197.87,184.72
"Diplobatis_colombiensis",38.7537423087921,35.4188532361048,13.3696184660093,369.02,1,0.01,5.72548444512181,5.52279119313113,2.10515361549198,254.35,271,0,0,0.826048853833937,0.777739037114124,0.276950346782558,301.99,320,0,0,"Diplobatis colombiensis",-114.67,-67.03,47.64
"Scoliodon_macrorhynchos",35.4658186681303,35.915481882559,5.0361020650224,372.25,0,0,2.29032779020442,2.14548847565549,1.45248701098995,673.78,675.5,0,0,0.282855668320767,0.287510400460961,0.0887593345848511,814.57,803,0,0,"Scoliodon macrorhynchos",301.53,442.32,140.79
"Halaelurus_sellus",37.9826252292476,39.5301446441386,10.7631619538284,372.67,0,0,3.69756852910261,3.94852252331644,1.20131251579743,392.79,391,0,0,0.416760781561101,0.392420594819658,0.226650160875904,562.6,539,0,0,"Halaelurus sellus",20.12,189.93,169.81
"Rhinobatos_sainsburyi",40.6559597640164,36.8743990553931,17.9025425686918,373.08,0,0,6.97252399366352,6.50270518896678,3.95230584139523,233.38,240.5,0,0,1.4311612353289,1.38198287057554,0.79862087821343,188.56,190.5,0,0,"Rhinobatos sainsburyi",-139.7,-184.52,-44.82
"Scoliodon_laticaudus",35.4658186681303,35.915481882559,5.0361020650224,373.25,0,0,2.27395658284855,2.17816970736333,1.4282563677266,673.31,661.5,0,0,0.282595794899067,0.281461173441617,0.090189726252491,815.95,803,0,0,"Scoliodon laticaudus",300.06,442.7,142.64
"Diplobatis_guamachensis",38.784444874693,35.7437299899733,13.3804930537984,373.61,1,0.01,5.743259236848,5.51884533054323,1.80071633781464,251.89,264,0,0,0.805413711649095,0.777203307988599,0.210098840003774,302.77,317,0,0,"Diplobatis guamachensis",-121.72,-70.84,50.88
"Centrophorus_westraliensis",41.2195115183007,40.2969957487056,18.6101270366604,373.79,0,0,7.1544074262958,7.44981852356244,3.74440891927383,233.8,207,0,0,1.43883889578843,1.48514842254455,0.757176558488955,193.89,168,0,0,"Centrophorus westraliensis",-139.99,-179.9,-39.91
"Centrophorus_tessellatus",40.670615285597,40.7547439251123,17.285724821958,373.99,1,0.01,6.77678432982275,7.25719920794904,3.40599897691882,244.25,208,0,0,1.41167542020696,1.39859600626697,0.750575040447395,200.12,188.5,0,0,"Centrophorus tessellatus",-129.74,-173.87,-44.13
"Benthobatis_marcida",38.4656160835566,34.2209822970224,13.6841315411762,376.52,1,0.01,5.65445897224545,4.82146816244178,2.76937908684204,270.17,275,0,0,0.901301394988418,0.800736113092164,0.614180035599647,286.73,301,0,0,"Benthobatis marcida",-106.35,-89.79,16.56
"Acroteriobatus_salalah",38.9989531584284,35.7192218240196,15.0115665673211,376.57,1,0.01,6.51338648407961,6.04049186326528,3.6003129608269,241.47,246.5,0,0,1.33823522234213,1.29231798926218,0.648320699910373,200.05,204,0,0,"Acroteriobatus salalah",-135.1,-176.52,-41.42
"Proscyllium_magnificum",38.5188257079303,36.9864991078624,13.9782659715399,377,0,0,6.34176034578998,6.52840005048986,3.2022748511243,258.21,238.5,0,0,0.595908406768621,0.499678539617624,0.414010029876068,479.62,466,0,0,"Proscyllium magnificum",-118.79,102.62,221.41
"Diplobatis_pictus",38.0776481027881,35.8666361239,12.4291546621475,377.13,1,0.01,5.71437757597108,5.55242695721134,1.86768858784116,253.27,257.5,1,0.01,0.810417398648211,0.785082889143902,0.217238161821753,300.2,312,0,0,"Diplobatis pictus",-123.86,-76.93,46.93
"Rhinobatos_rhinobatos",42.8336864341554,35.6413645297538,23.136434708336,377.33,4,0.04,7.21919816338617,6.12851203062404,5.40068501533112,248.64,272,4,0.04,1.39140896501823,1.30962011143272,0.767034739870885,197.71,198.5,0,0,"Rhinobatos rhinobatos",-128.69,-179.62,-50.93
"Holohalaelurus_grennian",37.7629197238977,35.6865957562322,13.1547357649637,378.93,1,0.01,6.1351414591924,6.12303425287443,2.91472349926644,241.97,246,0,0,0.475099839135946,0.427750808961949,0.29340371820257,529.7,502.5,0,0,"Holohalaelurus grennian",-136.96,150.77,287.73
"Apristurus_longicephalus",38.3089005438457,39.2521224227143,12.4537302336678,379.03,0,0,2.28714478631164,2.25627431185293,1.17992854815213,643.27,655.5,0,0,0.320404674445148,0.312721712856041,0.105868310440629,704.5,667,0,0,"Apristurus longicephalus",264.24,325.47,61.23
"Acroteriobatus_blochii",40.9927817755962,37.2966456429564,19.3395469505713,379.42,1,0.01,6.85382055675265,5.81378404873658,4.1639601573632,232.85,231.5,1,0.01,1.41960611679179,1.34579145844762,0.779379976262239,194.26,194,0,0,"Acroteriobatus blochii",-146.57,-185.16,-38.59
"Centrophorus_lusitanicus",40.6943777574046,39.5943536720687,19.7368345108155,379.57,2,0.02,7.26589394692536,7.3054274436044,4.68786659009921,237.47,214,2,0.02,1.41165643003551,1.4384184887406,0.752998149665152,200.03,185,0,0,"Centrophorus lusitanicus",-142.1,-179.54,-37.44
"Rhinobatos_holcorhynchus",40.5045455783894,36.5861902462342,18.5119739032273,380.22,0,0,6.90634294302033,5.75657886954866,4.62480638369496,244.67,258.5,0,0,1.41912617349691,1.29143466603887,0.779371131205275,193.91,195.5,0,0,"Rhinobatos holcorhynchus",-135.55,-186.31,-50.76
"Benthobatis_kreffti",38.1188728413715,34.2475349601936,13.3458929077225,380.87,0,0,5.63020206269623,4.99459428191484,2.62982085130739,269.06,266,0,0,0.92889103199975,0.819865327401002,0.760582240495306,284.64,291,1,0.01,"Benthobatis kreffti",-111.81,-96.23,15.58
"Rhinobatos_lionotus",40.042576783937,35.7591934266843,17.4915023540566,381.86,0,0,6.79194703957201,5.90432364074639,4.17669087232785,237.91,253,0,0,1.42360544097331,1.38447751020201,0.815982797342514,194.95,201.5,0,0,"Rhinobatos lionotus",-143.95,-186.91,-42.96
"Glaucostegus_granulatus",38.9546643931483,35.4151758841722,16.6194633516535,381.87,1,0.01,6.68485865037075,6.62434032066185,3.34879455292285,224.61,234.5,1,0.01,1.46554647603302,1.45070485291324,0.707910061218431,177.34,162.5,0,0,"Glaucostegus granulatus",-157.26,-204.53,-47.27
"Benthobatis_yangi",38.6243499581532,34.8023153744255,14.7875039955422,382.15,0,0,5.7371758933236,4.85887150054294,2.83480128491973,263.95,268.5,0,0,0.905670189704573,0.802272390986013,0.568140737321761,286.77,296,0,0,"Benthobatis yangi",-118.2,-95.38,22.82
"Proscyllium_habereri",38.4883989927828,37.4497146831844,14.7723470411274,382.69,0,0,6.32671526097302,6.53144568227265,3.25842288562538,258.85,240.5,0,0,0.597997241300584,0.494031969565997,0.423385995442096,480.91,473,0,0,"Proscyllium habereri",-123.84,98.22,222.06
"Raja_velezi",36.1640634207607,35.1364887826437,9.74277899419451,384.29,0,0,2.77993860123875,2.6743503553388,2.11039095777703,639.96,544,0,0,0.281413982357352,0.26819887355878,0.112535026900339,849.57,882,0,0,"Raja velezi",255.67,465.28,209.61
"Myliobatis_australis",39.0990035701941,33.4780600148931,15.3322408731434,384.3,0,0,3.84447962148991,3.52625163365714,1.87230848308783,398.61,406,0,0,0.380519490717393,0.358184578500565,0.131128358876224,568.58,555,0,0,"Myliobatis australis",14.31,184.28,169.97
"Raja_eglanteria",36.1640634207607,35.1364887826437,9.74277899419451,385.29,0,0,2.79558608604881,2.58441176643391,2.09756681058019,642.32,568.5,0,0,0.285420225489583,0.266103659496533,0.111000622289712,832.99,845,0,0,"Raja eglanteria",257.03,447.7,190.67
"Glaucostegus_obtusus",39.2559402074025,35.5250828758962,18.0291438744574,385.79,2,0.02,7.17603473658271,6.92792252442431,4.34832801567865,215.42,220.5,2,0.02,1.4764312503937,1.51334785975052,0.750696110904328,180.55,182,0,0,"Glaucostegus obtusus",-170.37,-205.24,-34.87
"Chiloscyllium_arabicum",35.8598308594203,34.8530396591153,8.89538075696975,386.49,0,0,4.65653331725365,4.71335370017785,0.926339053129408,292.25,300,0,0,1.35776988172229,1.40821712865265,0.486276832749354,178.52,170.5,0,0,"Chiloscyllium arabicum",-94.24,-207.97,-113.73
"Proscyllium_venustum",37.7954976613334,36.5349748485553,13.3570912678345,386.78,0,0,6.27146058770191,6.39620762001532,3.14240257272401,261.68,246.5,0,0,0.600079838948095,0.508406898521047,0.415131487039085,480.01,468.5,0,0,"Proscyllium venustum",-125.1,93.23,218.33
"Holohalaelurus_favus",37.4096874161973,34.6802727515274,12.9742534724709,386.91,0,0,6.0680336167863,6.11099314908942,2.66579538818517,244.46,250,0,0,0.465080292360637,0.427009100286465,0.251738385282366,529.04,504,0,0,"Holohalaelurus favus",-142.45,142.13,284.58
"Centrophorus_seychellorum",40.4802903231392,40.218703666344,18.8582087624834,390.11,1,0.01,6.9621472157554,7.46070146940587,3.91567017080443,242.85,216,1,0.01,1.40251567995969,1.43559603183584,0.746956609584652,201.75,181,0,0,"Centrophorus seychellorum",-147.26,-188.36,-41.1
"Squatina_japonica",37.6971980003111,35.0596338648653,12.7585836578639,391.22,0,0,4.12371522456582,4.12150803227503,1.34752419008923,351.98,349,0,0,1.24589976205426,1.26767667213664,0.424263572366895,198.64,195,0,0,"Squatina japonica",-39.24,-192.58,-153.34
"Diplobatis_ommata",36.4445582649074,34.9658662252671,9.97917368473194,392.68,0,0,5.60331935554495,5.61981533575575,1.73934541870146,257.34,263.5,0,0,0.821829035274791,0.785474970264778,0.214731029771258,296.51,312.5,0,0,"Diplobatis ommata",-135.34,-96.17,39.17
"Chiloscyllium_burmensis",35.9713260985361,34.1824135657402,10.0837982065678,395.04,0,0,4.67229444287078,4.72748264010421,0.995198787540812,290.78,302.5,0,0,1.37303236035176,1.41501441792178,0.519604095797583,176.78,177,0,0,"Chiloscyllium burmensis",-104.26,-218.26,-114
"Glaucostegus_spinosus",38.249899463344,36.9840189625451,17.2470375577531,395.67,1,0.01,6.81153759527504,6.89901343902128,3.76777993097231,222.4,224.5,1,0.01,1.4363691778612,1.47206698237918,0.683467227670497,182.48,175,0,0,"Glaucostegus spinosus",-173.27,-213.19,-39.92
"Mobula_japanica",36.6627357313072,36.3685281107743,10.3684196953201,396.6,0,0,2.47384228547236,2.37008697377067,0.844280953319523,560.98,553.5,0,0,0.348612432052541,0.334446514501371,0.101369374076114,622.94,601.5,0,0,"Mobula japanica",164.38,226.34,61.96
"Rhinobatos_irvinei",41.8463414653913,36.1236714686484,25.6417781903918,398.35,4,0.04,7.39249642655238,6.03638829745915,5.97552697482146,241.85,267,3,0.03,1.49889620878944,1.3869928116038,1.09734286687753,192.66,192,1,0.01,"Rhinobatos irvinei",-156.5,-205.69,-49.19
"Squatina_tergocellatoides",37.1507083900496,32.1156024288703,13.1673300219901,399.19,0,0,4.15277163970044,4.14784564586856,1.51095833363779,351.86,343.5,0,0,1.27632261181999,1.27696312721715,0.488077075377204,197.77,199,0,0,"Squatina tergocellatoides",-47.33,-201.42,-154.09
"Dasyatis_say",36.3996448050179,35.7967209006278,10.9039136875479,399.5,0,0,3.28751029046833,3.1112071973932,1.703117838664,479.97,475.5,0,0,0.289118257295033,0.285683728680332,0.0794294198454536,775.57,775.5,0,0,"Dasyatis say",80.47,376.07,295.6
"Cruriraja_atlantis",38.1671222549444,34.0963405906741,16.3596661799271,399.87,1,0.01,5.35882626286744,4.80566973581419,3.48117948195031,313.97,296,1,0.01,0.494082183319758,0.424414476351706,0.290214552571984,538.58,499.5,0,0,"Cruriraja atlantis",-85.9,138.71,224.61
"Himantura_granulata",36.0792900156372,33.9198439271242,9.31014055534418,400.92,0,0,1.81424685387058,1.74070629769482,0.444333790003934,717.25,765,0,0,0.289602034857188,0.279640397884671,0.0647240249247763,762.34,780,0,0,"Himantura granulata",316.33,361.42,45.09
"Centrophorus_isodon",38.3416424070868,41.4622880344078,14.9905211831649,401.51,0,0,6.96435455833011,7.22224615692866,3.70968981696417,239.69,211.5,0,0,1.40942341309583,1.45869709121548,0.726696744727559,198.45,186.5,0,0,"Centrophorus isodon",-161.82,-203.06,-41.24
"Eridacnis_barbouri",37.7293427534813,35.635659949087,15.7755322161311,402,1,0.01,6.25041936993624,5.90159712766224,3.46296168600068,265.91,255,0,0,0.605836345538946,0.505170176399278,0.44432959382066,479.32,463.5,0,0,"Eridacnis barbouri",-136.09,77.32,213.41
"Eridacnis_sinuans",37.1226593078286,36.1277902455093,13.9338832468411,402.07,0,0,6.13684400771335,6.1860312113315,3.10821656447906,267.12,248.5,0,0,0.60044305914591,0.500786908680821,0.448178487238726,479.24,474,0,0,"Eridacnis sinuans",-134.95,77.17,212.12
"Dasyatis_dipterura",36.028185642015,34.8137419055973,10.2960204727222,402.57,0,0,3.25081413402912,3.14036746459244,1.66573667430858,482.47,478.5,0,0,0.291148566080519,0.293266395511637,0.0742720814190261,768.26,765,0,0,"Dasyatis dipterura",79.9,365.69,285.79
"Somniosus_pacificus",34.7537653915765,37.2101420789649,8.28724825375414,404.25,0,0,7.05224299845615,7.87728895135958,2.43208168564561,196.04,192,0,0,1.44272615475003,1.48910235520307,0.76929962085012,196.39,162.5,0,0,"Somniosus pacificus",-208.21,-207.86,0.349999999999994
"Etmopterus_pseudosqualiolus",36.6380787761126,33.0406514720376,12.0148988786532,404.3,0,0,2.305708914053,2.40850079327756,0.908872516087517,607.35,613.5,0,0,0.580857335915356,0.59462470579603,0.208963344748881,416.64,421,0,0,"Etmopterus pseudosqualiolus",203.05,12.34,-190.71
"Somniosus_antarcticus",34.7451879832072,37.2101420789649,8.27790278029281,404.71,0,0,7.06086096740933,7.82416480834699,2.44237165313478,195.74,189,0,0,1.44304275719479,1.47637791213991,0.772763963652813,196.69,161.5,0,0,"Somniosus antarcticus",-208.97,-208.02,0.949999999999989
"Orectolobus_ornatus",37.3011488642495,37.2909022860287,14.4491990252206,404.72,0,0,5.47475717178606,5.26216052188909,1.82360419260619,254.02,251,0,0,1.61634891195186,1.66464512263012,0.659571313454356,144.07,136,0,0,"Orectolobus ornatus",-150.7,-260.65,-109.95
"Himantura_polylepis",35.8902168796982,33.942371282539,8.98837694743383,404.73,0,0,1.79939451850647,1.74831534382714,0.416613738357086,721.24,765,0,0,0.290277388419277,0.27994629817166,0.0698528242908729,761.81,751,0,0,"Himantura polylepis",316.51,357.08,40.5699999999999
"Hydrolagus_alberti",36.7770473620306,34.9389060045387,12.8371602227294,406.58,0,0,4.6661604770209,3.70441432931106,2.65021868514202,358.07,339,0,0,1.42026312903179,1.30046809031115,0.482775649388033,176.39,162,0,0,"Hydrolagus alberti",-48.51,-230.19,-181.68
"Glaucostegus_halavi",37.4113094562534,34.4026434123208,15.6014647001843,406.7,1,0.01,6.64830686136557,6.57452696454301,3.28435015788806,224.46,232.5,1,0.01,1.41223475327747,1.45376765239812,0.650798232044975,183.7,179.5,0,0,"Glaucostegus halavi",-182.24,-223,-40.76
"Hydrolagus_africanus",35.2283694507436,34.6165231203761,7.74187973009898,407.11,0,0,5.13993674037847,4.7364102989916,1.74907574351573,284.86,267.5,0,0,1.54348545219814,1.4677285567748,0.413458615616761,151.74,133,0,0,"Hydrolagus africanus",-122.25,-255.37,-133.12
"Eridacnis_radcliffei",36.37191634714,36.225412689546,12.490989925975,408.03,0,0,6.11015242707697,6.11391797986915,3.09478743401413,267.95,249.5,0,0,0.595007763058278,0.501890848385689,0.432132329795203,485.6,478.5,0,0,"Eridacnis radcliffei",-140.08,77.57,217.65
"Hydrolagus_mitsukurii",35.218162372995,34.8478736595591,7.82195371653927,408.11,0,0,5.220614957334,4.80382613936791,1.8096859227932,280.58,256.5,0,0,1.54556070255898,1.45332348113247,0.435908770663597,153.05,142.5,0,0,"Hydrolagus mitsukurii",-127.53,-255.06,-127.53
"Etmopterus_sentosus",35.9425586596237,34.715437554648,11.0130601533705,409.12,0,0,2.29392755176245,2.44932311288488,0.882712406584351,609.56,617.5,0,0,0.586391825030606,0.607704857272717,0.208599071409001,413.19,405,0,0,"Etmopterus sentosus",200.44,4.06999999999999,-196.37
"Apristurus_australis",37.5303114828904,38.2610537705404,13.8040668119677,409.44,0,0,2.25759827214931,2.19976860274716,1.21482763726377,651.66,673,0,0,0.31989169262676,0.304225996873138,0.109632837204954,714.73,708.5,0,0,"Apristurus australis",242.22,305.29,63.07
"Hydrolagus_alphus",38.3338422179256,32.8276616478594,18.5778630191558,409.63,2,0.02,5.07704207762491,4.12663266075849,4.08812748412055,346.22,325.5,1,0.01,1.47284725551882,1.3051220701097,0.694389150286839,174.45,157.5,1,0.01,"Hydrolagus alphus",-63.41,-235.18,-171.77
"Pteroplatytrygon_violacea",37.0878294913835,39.8588751225113,13.698097480916,410.66,0,0,1.99855399603603,1.84213560025757,1.01710482929184,700.26,721.5,0,0,0.290284105012334,0.282823439554952,0.0772937643530766,770.88,749,0,0,"Pteroplatytrygon violacea",289.6,360.22,70.62
"Himantura_oxyrhyncha",34.7337984641299,35.0204601281835,4.74667524919877,410.89,0,0,1.54346621671,1.48165783049852,0.300351107499315,779.54,828,0,0,0.285306523044193,0.276901137576117,0.0642436098181968,778.83,788,0,0,"Himantura oxyrhyncha",368.65,367.94,-0.709999999999923
"Myliobatis_aquila",35.2286730203925,35.3786493154898,10.332749210824,413.23,0,0,3.4048942659926,3.21416156205883,1.23297789096589,427.75,433.5,0,0,0.374147241332505,0.352305600325005,0.12699917497627,581.95,554,0,0,"Myliobatis aquila",14.52,168.72,154.2
"Rhynchobatus_luebberti",36.6489225979283,34.6229138753706,14.8655372071717,413.61,1,0.01,7.18166211026508,7.13347915686957,3.38482899004634,197.8,204.5,1,0.01,1.50087881779775,1.4398929635334,0.800592400410969,176.8,179.5,0,0,"Rhynchobatus luebberti",-215.81,-236.81,-21
"Rhinobatos_punctifer",38.3072492814182,35.4592961104405,17.9629359932417,413.76,1,0.01,6.4545739275708,5.35476070213563,4.35924138592373,262.63,277.5,1,0.01,1.32980127027699,1.23210095758079,0.687415340179393,202.84,205.5,0,0,"Rhinobatos punctifer",-151.13,-210.92,-59.79
"Mustelus_sinusmexicanus",36.1900576465482,38.5270381563505,12.1610044897795,414.07,0,0,1.84692347287131,1.81199965878566,0.9010835330728,746.77,765,0,0,0.30495893451559,0.301577303807099,0.106335475466577,762.06,726.5,0,0,"Mustelus sinusmexicanus",332.7,347.99,15.29
"Centrophorus_harrissoni",37.752270216389,40.4139856260044,15.0481629006925,415.53,0,0,6.95574992190713,7.31687114040094,3.65888172526156,239.39,215.5,0,0,1.42681841146989,1.51096345593831,0.761543146851667,196.52,185.5,0,0,"Centrophorus harrissoni",-176.14,-219.01,-42.87
"Hydrolagus_homonycteris",37.0818724120498,33.1333287732246,14.4597521249591,415.71,1,0.01,4.75990579425542,3.53239051234061,2.77384866748364,355.36,331.5,0,0,1.44234467841058,1.27858227468843,0.487411937138167,173.36,173,0,0,"Hydrolagus homonycteris",-60.35,-242.35,-182
"Hydrolagus_pallidus",36.6658055830109,34.3360644872159,13.2145617274504,415.86,0,0,4.7939052675631,3.70402651787714,2.72539922788278,347.34,344.5,0,0,1.44022309937029,1.27353141202753,0.537212613774653,171.99,147,0,0,"Hydrolagus pallidus",-68.52,-243.87,-175.35
"Chimaera_panthera",34.3399472174506,34.5401743576238,6.11208033992126,415.92,0,0,2.949749378364,2.89997870254494,0.507198564928609,476.24,493.5,0,0,1.10445662396299,1.11775269349233,0.180691207150944,221.08,231.5,0,0,"Chimaera panthera",60.32,-194.84,-255.16
"Electrolux_addisoni",37.575019677108,35.7270572453111,15.3907754822422,416.87,0,0,4.40718410016486,3.64774823756392,1.98214291986291,347.07,367.5,0,0,0.785155331427295,0.759479297137013,0.181729624793574,308.78,320.5,0,0,"Electrolux addisoni",-69.8,-108.09,-38.29
"Temera_hardwickii",38.0776799346923,34.9252528211096,16.7545799286946,416.96,1,0.01,4.41524739096627,3.69442507096868,2.2767245539964,349.13,360.5,1,0.01,0.789603340072226,0.778662575180212,0.202871739088969,307.65,314,0,0,"Temera hardwickii",-67.83,-109.31,-41.48
"Hydrolagus_bemisi",34.2808270197207,35.2475326750918,6.54722622257073,417.12,0,0,2.95150161194734,2.94365010166584,0.492043090337625,475.57,479,0,0,1.13789426063226,1.12824685481515,0.216405049341554,215.83,230,0,0,"Hydrolagus bemisi",58.45,-201.29,-259.74
"Urobatis_halleri",34.2668386317276,34.2427388191157,7.10650158215633,417.81,0,0,3.59516101200416,3.47734191246296,1.58317230412685,416.83,412,0,0,0.311210209087785,0.303820553797724,0.0916557404196316,710.46,697,0,0,"Urobatis halleri",-0.980000000000018,292.65,293.63
"Chimaera_bahamaensis",36.9137629187384,33.0877194845032,14.7546197935753,418.25,1,0.01,4.62152009553639,3.45246126601517,2.92855877585716,362.98,351.5,0,0,1.39931658519501,1.2535923103796,0.500065976567479,179.95,160,0,0,"Chimaera bahamaensis",-55.27,-238.3,-183.03
"Galeus_murinus",37.7596803110562,36.1259783399346,16.1573730579377,421.77,0,0,3.16013624435157,3.10935085732113,2.02122583693999,523.59,499,0,0,0.330740588537289,0.32482890186327,0.120529493728989,691.24,653.5,0,0,"Galeus murinus",101.82,269.47,167.65
"Chimaera_argiloba",36.8081620906685,33.8709767470199,14.3217764581074,422.46,1,0.01,4.94427653464179,3.89903838429685,2.80085523424532,342.02,322.5,0,0,1.44387304950824,1.24877201921163,0.507436114084016,175.43,155.5,0,0,"Chimaera argiloba",-80.44,-247.03,-166.59
"Hydrolagus_lusitanicus",35.6547835931015,34.2000453436563,11.5434035333413,423,0,0,4.70164856163984,3.4053291669416,2.45142981737128,357.36,337,0,0,1.43755416460089,1.27885332025232,0.507155305383337,176.35,164,0,0,"Hydrolagus lusitanicus",-65.64,-246.65,-181.01
"Urobatis_marmoratus",36.737235771221,34.3968260461715,14.5466431962141,424.3,0,0,3.39089369631752,3.00242890717245,2.0801499051897,454.8,457.5,0,0,0.311523023695653,0.29485526812915,0.0895842216102611,706.02,710,0,0,"Urobatis marmoratus",30.5,281.72,251.22
"Rhynchobatus_springeri",36.0378277174106,33.9970457184508,14.9501810044575,424.31,1,0.01,7.14617742397072,7.25423453795587,3.5643429326323,202.29,211,1,0.01,1.5012630533779,1.45941094251038,0.818196674136115,176.36,173,0,0,"Rhynchobatus springeri",-222.02,-247.95,-25.93
"Rhinobatos_nudidorsalis",37.2484979665231,33.9527009861286,16.0739344005789,424.4,0,0,6.1406759225662,5.50388088146111,3.57577902059759,265.9,277,1,0.01,1.31170132495482,1.24744849278049,0.63726234225864,206.05,207.5,0,0,"Rhinobatos nudidorsalis",-158.5,-218.35,-59.85
"Hydrolagus_mccoskeri",35.4504515121755,32.9526708746534,12.4443799546599,429.49,0,0,4.29681528378523,3.34876513081338,2.55410343652078,382.96,402,0,0,1.41168644427265,1.22087022329843,0.577216738689376,184.37,200.5,1,0.01,"Hydrolagus mccoskeri",-46.53,-245.12,-198.59
"Chimaera_notafricana",35.6809175336649,32.5577394347067,13.1261161107227,430.21,0,0,4.47464729899303,3.51705412708522,2.85083699242877,368.09,369.5,0,0,1.40894264347621,1.29971586661097,0.495855681330956,177.61,167.5,0,0,"Chimaera notafricana",-62.12,-252.6,-190.48
"Hydrolagus_novaezealandiae",33.7941704225868,34.0545454584435,7.05923353380167,430.34,0,0,2.95686173150134,2.97523375616574,0.493454904062137,474.72,479,0,0,1.14126971262993,1.10202405931976,0.231037333547017,211.55,230,0,0,"Hydrolagus novaezealandiae",44.38,-218.79,-263.17
"Chimaera_obscura",36.4766665072945,32.3611334897905,16.2035619363086,430.6,1,0.01,5.07497618156685,3.70552141813336,3.47601036099434,342.92,322.5,0,0,1.44559081362906,1.2528807634249,0.583111837584464,175.43,176.5,0,0,"Chimaera obscura",-87.68,-255.17,-167.49
"Hydrolagus_macrophthalmus",35.3743818214471,33.4057706765627,12.6071179064523,431.44,0,0,4.50823905196778,3.37772283644082,2.69242551920978,367.9,330,0,0,1.41227795485525,1.27366403000863,0.490096951103538,179.77,171,0,0,"Hydrolagus macrophthalmus",-63.54,-251.67,-188.13
"Chimaera_cubana",35.2873557202478,33.3920306858067,14.2180447222061,431.72,1,0.01,4.45622121980595,3.4264222041878,3.46267423835284,377.22,378.5,1,0.01,1.38707366359716,1.25542431737118,0.56477642118102,183.18,189.5,1,0.01,"Chimaera cubana",-54.5,-248.54,-194.04
"Himantura_signifer",33.900023930971,34.8102142749678,5.64140702868135,431.76,0,0,1.54006010487808,1.47948357774765,0.298027200246908,780.26,835,0,0,0.286911076951554,0.279849481755788,0.0663846962161619,773.83,787,0,0,"Himantura signifer",348.5,342.07,-6.42999999999995
"Himantura_gerrardi",33.3905404442667,33.9681659891507,3.94438006387899,432.38,0,0,1.54474346777188,1.52664467506707,0.311368773447328,779.03,831.5,0,0,0.285525288155313,0.274852952363864,0.067480726731929,775.67,777.5,0,0,"Himantura gerrardi",346.65,343.29,-3.36000000000001
"Paratrygon_aiereba",34.5227699365344,37.101300333242,9.35040663893164,432.77,0,0,1.72115913814465,1.65460707066171,0.484729953552674,739.74,773,0,0,0.279921354823851,0.273525644935373,0.0671643771496832,798.34,828.5,0,0,"Paratrygon aiereba",306.97,365.57,58.6
"Hydrolagus_eidolon",35.8816791025614,31.5069807808226,14.6408185488031,433.03,1,0.01,4.44548428043149,3.35625610285342,2.872227240047,378.79,362,1,0.01,1.41904826779544,1.25997408627553,0.610285992420986,181.74,183.5,1,0.01,"Hydrolagus eidolon",-54.24,-251.29,-197.05
"Crassinarke_dormitor",36.3941043458848,34.8613045405507,14.3551053294909,433.69,0,0,4.35705909160058,3.62144966249004,2.08367240143386,352.43,364,0,0,0.78689382676194,0.767582447335235,0.19121503561693,308.59,317.5,0,0,"Crassinarke dormitor",-81.26,-125.1,-43.84
"Raja_inornata",34.5174053273372,33.3162844660882,10.8289681128722,433.8,0,0,0.732342358569581,0.62866803617645,0.49375216037466,1091.59,1102.5,0,0,0.206407137863295,0.20058564759664,0.0586837237471966,1063.15,1063,0,0,"Raja inornata",657.79,629.35,-28.4399999999998
"Myliobatis_tobijei",34.4418468926692,33.1548892757285,10.1697072722164,434.55,0,0,3.39026746107834,3.31914440164622,1.17637449092536,428.71,430,0,0,0.368120672504288,0.358444627436475,0.116080834996839,586.52,566.5,0,0,"Myliobatis tobijei",-5.84000000000003,151.97,157.81
"Hydrolagus_deani",35.9432045930205,33.6302449596484,15.8143948838462,434.98,1,0.01,4.48723364673195,3.2309013896907,3.54145518432399,376.76,375,1,0.01,1.44172980306325,1.26681900648844,0.825775474086901,176.7,179,1,0.01,"Hydrolagus deani",-58.22,-258.28,-200.06
"Rhynchobatus_palpebratus",33.2917733395222,35.5393163762477,7.97289117049205,435.33,0,0,6.65172679181123,7.23153498737437,2.25966739973213,208.67,206.5,0,0,1.43905151687118,1.43797323379022,0.650261448839547,178.84,177.5,0,0,"Rhynchobatus palpebratus",-226.66,-256.49,-29.83
"Oxynotus_centrina",34.1115286742361,32.9268951857683,10.0089850589856,436.72,0,0,3.63999189250277,3.97027174570793,1.28880670516521,405.23,403,0,0,0.903626428995706,0.912247793574144,0.405105061342257,293.92,287,0,0,"Oxynotus centrina",-31.49,-142.8,-111.31
"Pastinachus_sephen",32.575216269902,32.9899782952834,3.74925641833706,437.41,0,0,4.18950841350316,4.12701278758865,1.17209539216102,338.43,347.5,0,0,0.315716262442227,0.305448000802426,0.0859648159828413,695.39,667,0,0,"Pastinachus sephen",-98.98,257.98,356.96
"Urobatis_tumbesensis",36.3665921675929,32.630442284758,15.485879712607,438.02,0,0,3.4080779997575,3.00157397298077,2.05877118389286,450.22,453.5,0,0,0.310116440259489,0.296157727423548,0.0928092802726857,712.36,706.5,0,0,"Urobatis tumbesensis",12.2,274.34,262.14
"Pastinachus_gracilicaudus",32.575216269902,32.9899782952834,3.74925641833706,438.41,0,0,4.19481734492659,4.25315415037023,1.16453960001746,338.17,344,0,0,0.317438242090677,0.310911841556698,0.0825602534602907,686.93,674.5,0,0,"Pastinachus gracilicaudus",-100.24,248.52,348.76
"Rhynchobatus_laevis",33.1619450704557,35.4620875348448,7.99161631483631,439.85,0,0,6.60551615379715,7.20585232952837,2.22990540315851,210.53,210,0,0,1.42851892401572,1.44383728098462,0.638034580395643,180.69,181,0,0,"Rhynchobatus laevis",-229.32,-259.16,-29.84
"Rhinobatos_hynnicephalus",38.469034325592,33.8478697637854,20.5294516495409,440.88,2,0.02,6.40604727961296,5.22886422851594,4.48352360300503,270.67,296.5,1,0.01,1.27959230216343,1.2895091741754,0.621946777551509,209.68,212.5,0,0,"Rhinobatos hynnicephalus",-170.21,-231.2,-60.99
"Himantura_hortlei",33.21384278224,33.7633778941777,4.88477849869955,441.61,0,0,1.54249973925151,1.52718707735814,0.312168508507958,781.05,833.5,0,0,0.29197773141001,0.282106239433018,0.0697866894074572,755.76,752.5,0,0,"Himantura hortlei",339.44,314.15,-25.29
"Figaro_boardmani",33.5885236492076,33.8705613967376,9.62807631614614,443.95,0,0,2.88415038483634,3.02834436734764,1.32968576567767,526.83,496,0,0,0.351829069654212,0.344955682301776,0.131944738066846,651.2,619.5,0,0,"Figaro boardmani",82.88,207.25,124.37
"Figaro_striatus",33.5885236492076,33.8705613967376,9.62807631614614,444.95,0,0,2.85698938173627,2.98364203718103,1.29902457394566,529.46,496,0,0,0.351786937461318,0.33500281237738,0.131799438219058,649.76,625,0,0,"Figaro striatus",84.51,204.81,120.3
"Etmopterus_schultzi",33.6782025770925,34.0733540676079,9.078078257931,445.29,0,0,2.24130239327382,2.34821444121828,0.906888837925153,622.96,631.5,0,0,0.572471082833686,0.589744788145931,0.200628476194994,421.09,425,0,0,"Etmopterus schultzi",177.67,-24.2,-201.87
"Narcine_brevilabiata",34.9612666100751,31.3998529239208,12.5221905022686,446.03,0,0,4.43555021992957,3.9963999580517,1.52207818220322,328.79,324,0,0,0.89836431702338,0.853844766132942,0.253580267631363,271.39,295,0,0,"Narcine brevilabiata",-117.24,-174.64,-57.4
"Chimaera_macrospina",35.4687489102193,31.54641121216,14.4652833362203,446.14,0,0,4.72068212837483,3.54177624729567,3.05578457974412,362.72,350,0,0,1.45685334452315,1.24622666966452,0.695603550504754,177.13,165,1,0.01,"Chimaera macrospina",-83.42,-269.01,-185.59
"Narcine_ornata",36.0462764926272,32.7342553263731,14.9192439233964,448.26,0,0,5.28994354080515,4.24271370863053,2.96675484218363,302.06,298.5,0,0,0.93488128629443,0.847556782877831,0.311107091631799,267.25,288.5,0,0,"Narcine ornata",-146.2,-181.01,-34.81
"Himantura_fai",33.0030757841175,33.7801863175567,5.18840123768123,448.91,0,0,1.54055291954774,1.5096025562653,0.318837278609926,781.04,829.5,0,0,0.28647580893569,0.275594329840338,0.0758504426691585,777.65,767,0,0,"Himantura fai",332.13,328.74,-3.38999999999999
"Chimaera_jordani",35.1705892172545,32.5932710244616,13.264334854236,449.18,0,0,4.33311943841368,3.22871204455249,2.4025895846189,377.81,377,0,0,1.39074636188024,1.24300867370831,0.507128196526619,183.56,190.5,0,0,"Chimaera jordani",-71.37,-265.62,-194.25
"Sphyrna_corona",32.104924101699,32.711841106535,4.22497896459666,449.46,0,0,1.76982466780541,1.86480538743465,0.900118670466667,770.23,770,0,0,0.277554639019414,0.287715892079751,0.0837095744631616,831.38,822.5,0,0,"Sphyrna corona",320.77,381.92,61.15
"Narcine_lingula",36.7230331245881,31.4265427325247,18.9885798068003,449.82,2,0.02,5.48742225247315,4.21803401188804,3.92828250724081,300.17,291.5,1,0.01,0.91198890364051,0.845585614687602,0.313820465635568,275.79,280,0,0,"Narcine lingula",-149.65,-174.03,-24.38
"Centroscymnus_owstonii",32.570902952295,35.1139724960108,7.40778954783578,450.86,0,0,3.61652888403692,3.8849841434784,1.29120274794908,409.37,406,0,0,0.897281833566254,0.931988436303559,0.37965777266089,297.05,282.5,0,0,"Centroscymnus owstonii",-41.49,-153.81,-112.32
"Etmopterus_gracilispinis",33.6851370966965,32.942197302623,9.3268504828173,451.84,0,0,2.2610258682415,2.29302518348575,0.915789454562149,618.31,620.5,0,0,0.578843651921717,0.6044144578572,0.19973111846024,416.87,423,0,0,"Etmopterus gracilispinis",166.47,-34.97,-201.44
"Hydrolagus_marmoratus",35.3426994741548,31.3087321397125,14.1279101628466,452.17,0,0,4.58892325196344,3.61964759706334,2.44101445918089,354.58,346.5,0,0,1.44926092302537,1.28006382121107,0.527678875015772,171.24,165,0,0,"Hydrolagus marmoratus",-97.59,-280.93,-183.34
"Narcine_brunnea",35.2936273303018,32.1514300185772,12.914138636282,453.33,0,0,4.59399548952481,4.2980370777966,1.62948925385923,322,339.5,0,0,0.925967252623504,0.884333615499972,0.246220234189867,264.99,279,0,0,"Narcine brunnea",-131.33,-188.34,-57.01
"Glaucostegus_thouin",32.9981381424412,33.8336721601485,9.11555569883069,455.39,0,0,6.16036122364088,6.4763823063294,2.28554581189576,237.33,237.5,0,0,1.39939144380615,1.41143478971315,0.642470911432574,185.13,181,0,0,"Glaucostegus thouin",-218.06,-270.26,-52.2
"Carcharhinus_fitzroyensis",32.9955517735319,35.9329047999639,9.09296276510454,456.24,0,0,0.976012252364631,1.01028465748676,0.353796701976372,953.52,946,0,0,0.251332836138945,0.243979149645037,0.0707196759524496,917.19,923,0,0,"Carcharhinus fitzroyensis",497.28,460.95,-36.3299999999999
"Atlantoraja_platana",31.8901088631239,31.8063151341083,4.91031099689824,458.76,0,0,1.6268646478349,1.22463513414719,1.23065688163686,804.19,850.5,0,0,0.28816033316648,0.263285185672649,0.115721555368924,814.74,825,0,0,"Atlantoraja platana",345.43,355.98,10.55
"Atlantoraja_cyclophora",31.8901088631239,31.8063151341083,4.91031099689824,459.76,0,0,1.633235335624,1.23198798790605,1.22874052742237,804.86,852,0,0,0.281057441864194,0.257065914204639,0.110963437032993,833.69,837.5,0,0,"Atlantoraja cyclophora",345.1,373.93,28.83
"Chimaera_lignaria",32.1927609050225,32.3291847924974,5.93878998827583,461.27,0,0,2.9139897838721,2.92682139014713,0.491652499970051,481.99,488,0,0,1.13234943045404,1.12633652324096,0.220639628262022,217.08,236.5,0,0,"Chimaera lignaria",20.72,-244.19,-264.91
"Chimaera_opalescens",32.0505380582098,32.8830616165722,6.03029670964744,462.68,0,0,2.90599535944462,2.88453338065047,0.488412098384042,483.05,495,0,0,1.14186126034447,1.14556785469712,0.221657141566189,215.4,230,0,0,"Chimaera opalescens",20.37,-247.28,-267.65
"Narcine_rierai",35.5782435282954,31.7732044968251,17.3739428790904,462.8,2,0.02,5.28111778800802,4.31788818861365,3.23787951605224,305.13,315,1,0.01,0.921994487162447,0.849795226435461,0.276759583100628,268.68,296,0,0,"Narcine rierai",-157.67,-194.12,-36.45
"Narcine_brasiliensis",35.8073419093293,31.8756959532796,15.9230933709714,463.07,1,0.01,5.24516841077311,4.34908858790283,2.93532703011144,306.23,293,1,0.01,0.975274735752782,0.885122306533404,0.36399117859865,260.41,280.5,0,0,"Narcine brasiliensis",-156.84,-202.66,-45.82
"Narcine_firma",34.5391510824164,31.1979718114275,13.3967408430623,466.25,0,0,4.78989389940665,4.55634330358256,1.87969803041093,311.53,307,0,0,0.92194747884343,0.86944141335541,0.2681347270802,268.32,284.5,0,0,"Narcine firma",-154.72,-197.93,-43.21
"Narcine_bancroftii",34.4715923392214,31.932667396695,12.9235263263663,466.65,1,0.01,4.9878575513225,4.34966474772644,2.43888428792833,311.47,312,1,0.01,0.924313562816475,0.878515251616838,0.252714570377335,267.53,288.5,0,0,"Narcine bancroftii",-155.18,-199.12,-43.9400000000001
"Dasyatis_longa",32.7780585842383,32.2505081834202,9.40844697424639,466.86,0,0,3.13641675955653,3.0821554278939,1.83148255450001,504.17,510,0,0,0.296749944716805,0.288577215242003,0.0732356954268513,743.8,735,0,0,"Dasyatis longa",37.31,276.94,239.63
"Narcine_prodorsalis",35.8856515384506,28.7671976660555,16.6261247872709,466.96,1,0.01,5.10687728958072,4.31961670003496,2.76273764377924,314.07,351.5,1,0.01,0.94295433855983,0.84738258946399,0.382179670525699,267.91,298,0,0,"Narcine prodorsalis",-152.89,-199.05,-46.16
"Hydrolagus_purpurescens",33.8986368984931,30.5603564323184,13.1143264832323,467.65,1,0.01,4.41457208135604,3.21088258640316,2.66131148544339,373.71,328.5,1,0.01,1.41407631771464,1.2928609670532,0.509959510404451,177.38,172,1,0.01,"Hydrolagus purpurescens",-93.94,-290.27,-196.33
"Triakis_megalopterus",34.2025004665749,37.3089274945413,12.5823544600601,468.49,0,0,2.13886974222901,2.11633030365275,1.19126346457521,688.55,685.5,0,0,0.307794649890422,0.31872454652772,0.10459037514613,748.43,710,0,0,"Triakis megalopterus",220.06,279.94,59.88
"Narcine_atzi",34.4125013142196,30.2896303313426,14.3446301424897,468.91,0,0,5.03759157407904,4.1814197547176,2.87135198890921,306.38,295.5,0,0,0.951106182057528,0.871347050807966,0.373861576826384,264.26,289.5,0,0,"Narcine atzi",-162.53,-204.65,-42.12
"Scyliorhinus_torazame",34.4102509935063,31.5914721180553,12.9605859123141,469.01,0,0,2.60969103496451,2.56422540504208,0.893823736490337,539.13,518,0,0,0.660389334429546,0.676079831352071,0.266045360036225,385.26,380.5,0,0,"Scyliorhinus torazame",70.12,-83.75,-153.87
"Rhynchobatus_djiddensis",31.9570403345252,34.2715316824459,7.83746575056206,469.25,0,0,6.55824415036497,7.27149425246891,2.18440708043959,212.73,212,0,0,1.4309468842327,1.39827562290664,0.643972202368018,179.92,180.5,0,0,"Rhynchobatus djiddensis",-256.52,-289.33,-32.81
"Narcine_bicolor",35.8236703747677,28.78004794423,17.6470505101274,469.83,1,0.01,5.50531228756121,4.22943208519937,3.570396932125,296.97,296,0,0,0.937059358791227,0.887133962966981,0.308651451204227,267.95,280.5,0,0,"Narcine bicolor",-172.86,-201.88,-29.02
"Glaucostegus_typus",32.4755100991826,33.2609038166174,9.1234053692264,470.04,0,0,6.0867494041728,6.4194815960763,2.23756333541373,239.55,240,0,0,1.39090096665202,1.40088553740465,0.635086919978863,187.97,192,0,0,"Glaucostegus typus",-230.49,-282.07,-51.58
"Rhynchobatus_australiae",31.9147088287085,34.3049590616026,7.86303164309265,470.42,0,0,6.51180114487047,7.25816862070783,2.15242234008878,214.83,208,0,0,1.4350026591013,1.415163455054,0.656662437145733,180.04,177.5,0,0,"Rhynchobatus australiae",-255.59,-290.38,-34.79
"Neotrygon_picta",31.3428144302386,31.5126589559117,4.52867641486765,470.91,0,0,3.97786751795413,4.12196155865177,1.26288190586364,362.53,357.5,0,0,0.310086553703835,0.299474237002927,0.0761739038867882,701.26,685,0,0,"Neotrygon picta",-108.38,230.35,338.73
"Neotrygon_leylandi",31.3149980574671,31.115132982713,4.49698698078164,471.7,0,0,3.96665155062504,4.08304938706449,1.26093116311043,364.11,357.5,0,0,0.306969289015617,0.302092121359857,0.0738226920517523,714.28,718,0,0,"Neotrygon leylandi",-107.59,242.58,350.17
"Bythaelurus_dawsoni",34.10283572744,31.3221372906015,13.6394056246711,472.77,0,0,3.15944041009535,3.15923338045785,1.62379694895963,501.82,491,0,0,0.358825722554037,0.347377315253534,0.129310658114213,626.77,594.5,0,0,"Bythaelurus dawsoni",29.05,154,124.95
"Narcine_insolita",35.1343457307262,30.460515431719,15.2238966820462,473.35,0,0,5.07889057206925,4.48182657256283,2.29672903341153,305.13,291.5,0,0,0.935604683579476,0.869380665606959,0.288876259602105,264.42,281.5,0,0,"Narcine insolita",-168.22,-208.93,-40.71
"Hydrolagus_matallanasi",32.9739642008659,31.5608419268343,10.6557566285176,474.02,0,0,4.18957740001224,3.56140527677498,1.8379512277672,375.62,351,0,0,1.37819441756895,1.25151097168696,0.43860441766353,181.53,168.5,0,0,"Hydrolagus matallanasi",-98.4,-292.49,-194.09
"Hydrolagus_ogilbyi",31.8902790373195,32.100226208634,7.08107351619636,474.42,0,0,4.84484437424469,4.67995723767025,1.68077007962893,304.66,286,0,0,1.4524065607248,1.44250444052218,0.388182024625648,161.86,153.5,0,0,"Hydrolagus ogilbyi",-169.76,-312.56,-142.8
"Hydrolagus_lemures",31.8840626139005,32.100226208634,7.08101164703973,474.75,0,0,4.85535758205085,4.65871621507748,1.68833456888851,303.68,287,0,0,1.4497233573402,1.43832457213118,0.388093897352801,162.68,151.5,0,0,"Hydrolagus lemures",-171.07,-312.07,-141
"Dasyatis_chrysonota",33.0506028939358,31.3472549170754,10.9709420279605,475.04,0,0,2.16869991449726,2.01342456533026,1.21191033918857,668.36,693,0,0,0.286155071734623,0.279544849051842,0.075949800286663,780.44,762.5,0,0,"Dasyatis chrysonota",193.32,305.4,112.08
"Squatina_legnota",31.786156964398,33.085912272604,8.01509241162037,475.61,0,0,3.96991235531973,4.13211170205498,1.18545631977765,363.35,352,0,0,1.23119201986913,1.28576364144023,0.422198020260341,201.53,202,0,0,"Squatina legnota",-112.26,-274.08,-161.82
"Narcine_entemedor",35.459986080659,31.7391950047721,17.2240146943224,476.05,1,0.01,5.79493464783463,4.87660511987042,3.74323898925032,290.47,288,1,0.01,0.981527570943525,0.915351036867168,0.371960961412898,260.6,277,0,0,"Narcine entemedor",-185.58,-215.45,-29.87
"Chiloscyllium_hasseltii",31.2773228033074,31.8367563829366,5.96398339961839,476.87,0,0,4.66430461195308,4.74882263476202,1.00092299017817,292.42,292.5,0,0,1.35606659359859,1.39897710465908,0.469732636831862,177.62,172,0,0,"Chiloscyllium hasseltii",-184.45,-299.25,-114.8
"Chiloscyllium_griseum",31.2764417560104,31.8367563829366,5.96229946443519,476.94,0,0,4.65207485686948,4.73420248751516,0.995784489820448,293.26,295,0,0,1.35695665497391,1.4167696215813,0.472524664230606,177.74,173,0,0,"Chiloscyllium griseum",-183.68,-299.2,-115.52
"Himantura_leoparda",31.8764452290256,32.9359662143244,5.41024584541085,478.05,0,0,1.53506912147783,1.50252309730462,0.314554281576172,783.41,835.5,0,0,0.289323591919655,0.284822120872461,0.0712748096471197,767.31,772,0,0,"Himantura leoparda",305.36,289.26,-16.1
"Dasyatis_pastinaca",32.8961561550991,32.2291475592538,10.7526974044235,478.08,0,0,2.1741571315655,1.98844372103446,1.16462118980723,664.91,694,0,0,0.286832667355159,0.275119021613138,0.080233173788866,780.13,765,0,0,"Dasyatis pastinaca",186.83,302.05,115.22
"Myliobatis_hamlyni",34.7283092859075,31.5685659927915,16.6933761944652,478.72,0,0,3.77916912020889,3.23048697104899,2.70849098459066,422.31,435.5,0,0,0.377981643705442,0.376914590073428,0.112078308377019,566.83,552,0,0,"Myliobatis hamlyni",-56.41,88.11,144.52
"Dasyatis_americana",32.4544081907676,32.0592659439296,9.65881050207723,478.95,0,0,3.11826323738349,2.99515824905607,1.86676054356628,508.24,517,0,0,0.2928202784626,0.285464418830627,0.0722470800764766,757.71,742,0,0,"Dasyatis americana",29.29,278.76,249.47
"Narcine_vermiculatus",35.691656764788,29.4400492162267,18.1422609343013,479.23,1,0.01,5.30050841632513,4.13724832573143,3.65027206066559,315.49,355,1,0.01,0.937504491715626,0.865618735641823,0.354126868804889,266.77,291.5,0,0,"Narcine vermiculatus",-163.74,-212.46,-48.72
"Mobula_tarapacana",33.4697030157106,31.4858996973452,12.256222327658,479.43,0,0,2.41127231323617,2.28571386981008,0.798958492458276,574.33,563,0,0,0.350764682032006,0.341277692701311,0.109455663648959,621.05,588,0,0,"Mobula tarapacana",94.9,141.62,46.7199999999999
"Myliobatis_freminvillei",31.9218866586496,32.172582008448,8.83676280263888,479.6,0,0,3.40326488887994,3.37655206452539,1.24178430365181,430.3,432.5,0,0,0.371389935886872,0.338574395573692,0.122035985705591,584.67,552,0,0,"Myliobatis freminvillei",-49.3,105.07,154.37
"Scylliogaleus_quecketti",33.4787810482502,31.2338942182447,12.2761900839073,481.61,0,0,2.09424475822606,2.07506422113787,1.08669554167282,693.92,709.5,0,0,0.308667793210122,0.318558551632997,0.107246599321335,753.99,741.5,0,0,"Scylliogaleus quecketti",212.31,272.38,60.07
"Chimaera_owstoni",33.4291586395273,29.9645294977709,12.7793754695166,482.51,1,0.01,4.26987020876961,3.26432379550958,2.35849279640558,382.49,386,0,0,1.38052797792391,1.18583522384259,0.602914724744123,186.89,179.5,1,0.01,"Chimaera owstoni",-100.02,-295.62,-195.6
"Narcine_nigra",34.6940258089067,30.5509948621604,15.2225616940605,482.9,0,0,4.89794212377007,4.0619061418088,2.43780918977734,315.81,340,0,0,0.928264622466531,0.850116595578644,0.292256742510653,264.95,296,0,0,"Narcine nigra",-167.09,-217.95,-50.86
"Rhizoprionodon_taylori",34.4451372465747,33.8555104159562,14.2671031241229,483.73,0,0,1.96982840900266,1.89120665647742,1.17499779375215,735.95,773,0,0,0.279506137971667,0.286381731839527,0.0797281138204423,815.57,809,0,0,"Rhizoprionodon taylori",252.22,331.84,79.62
"Narcine_leoparda",35.498756749462,31.8638157367037,18.0850074444221,483.95,3,0.03,5.54196438174604,4.15286787481578,3.8080003517538,302.93,320,2,0.02,0.949098360758891,0.868152344714324,0.354241072766235,264.89,280.5,0,0,"Narcine leoparda",-181.02,-219.06,-38.04
"Rhinoptera_bonasus",33.3272261239705,31.3797535411843,13.0618971363332,488.96,0,0,2.45672573299884,2.35364673615438,0.841680396904525,567.55,551.5,0,0,0.351044720479705,0.335429263297919,0.100396588707267,613.8,578.5,0,0,"Rhinoptera bonasus",78.59,124.84,46.25
"Narcine_oculifera",33.665457310638,30.7165506407698,14.2375934087155,491.08,0,0,4.87049339126951,4.25951085963313,2.42062273048713,320.12,351,0,0,0.914075837334891,0.871311090165172,0.247560778326571,268.42,287.5,0,0,"Narcine oculifera",-170.96,-222.66,-51.7
"Oxynotus_bruniensis",31.236820297189,34.0391402698812,8.08231692145424,491.25,0,0,3.55607270542151,3.86698487515985,1.25743553511026,415.3,413,0,0,0.891506394681203,0.889891606449719,0.388521553742863,295.7,289,0,0,"Oxynotus bruniensis",-75.95,-195.55,-119.6
"Beringraja_binoculata",30.7007453747236,31.1606372148747,6.78459493146386,491.92,0,0,0.748793579265531,0.64065111898555,0.6422009324844,1090.35,1100.5,0,0,0.204110612970082,0.200534590228002,0.0592111616425881,1066.59,1083.5,0,0,"Beringraja binoculata",598.43,574.67,-23.76
"Beringraja_pulchra",30.7007453747236,31.1606372148747,6.78459493146386,492.92,0,0,0.739885915781159,0.645482073259326,0.606725699958436,1092.33,1111,0,0,0.206998937601418,0.195083618999185,0.0584320170597658,1059.54,1071,0,0,"Beringraja pulchra",599.41,566.62,-32.79
"Myliobatis_chilensis",32.832547895311,29.9897762088075,12.3934102121254,493.32,0,0,3.33925641520272,3.2220845670833,1.23682916336102,437.72,436.5,0,0,0.374666922460168,0.348369392474757,0.1276930109675,583.02,547,0,0,"Myliobatis chilensis",-55.6,89.7,145.3
"Narcine_nelsoni",33.5258737908111,29.8465861951107,14.186937473662,493.65,0,0,4.68425946397411,4.0169573254981,2.23803188931825,326.86,331.5,0,0,0.891619302092958,0.836014632412138,0.252136314230747,275.19,292.5,0,0,"Narcine nelsoni",-166.79,-218.46,-51.67
"Urolophus_bucculentus",31.2807743812332,30.5581879384575,7.49114618160622,496.63,0,0,4.95514195246726,4.63957636988026,1.86603849903962,297.24,286.5,0,0,0.406018766587511,0.38416144179938,0.179715217815096,549.11,523,0,0,"Urolophus bucculentus",-199.39,52.48,251.87
"Etmopterus_bigelowi",31.6108827031378,31.7098576299068,9.35353201698704,497.05,0,0,2.2728240277568,2.36382544184145,0.882544534376186,615.67,623.5,0,0,0.576595783925197,0.577741027065519,0.197963164684598,418.46,418,0,0,"Etmopterus bigelowi",118.62,-78.59,-197.21
"Urolophus_flavomosaicus",31.2542338306712,30.5018801999972,7.51389985473231,497.57,0,0,4.97015354040603,4.6880703149649,1.85779461211579,295.71,283.5,0,0,0.403787640747496,0.37922140286481,0.179576927211956,552.53,527.5,0,0,"Urolophus flavomosaicus",-201.86,54.96,256.82
"Myliobatis_longirostris",31.1905633636208,30.6512603088576,8.75129449169729,498.41,0,0,3.3620282570499,3.39383862145756,1.18392499458445,432.83,425,0,0,0.369923511534119,0.349903024277548,0.122764633742207,588.59,558.5,0,0,"Myliobatis longirostris",-65.58,90.18,155.76
"Scyliorhinus_capensis",31.7884101546404,30.560806227182,10.5535860311169,502.58,0,0,2.93703767456568,2.91899585362278,1.09469450975164,491.24,491.5,0,0,0.701729716317904,0.696099327458943,0.309573884772421,376.47,352,0,0,"Scyliorhinus capensis",-11.34,-126.11,-114.77
"Leucoraja_garmani",32.6855046975545,31.557887210672,12.8242576268166,503.16,0,0,1.03302152582583,0.982006389109628,0.609186365431747,965.02,961.5,0,0,0.231671315021822,0.220323106929076,0.0744768077647457,977.35,1008.5,0,0,"Leucoraja garmani",461.86,474.19,12.33
"Paragaleus_randalli",31.4794827550792,30.3010272145842,9.85497031869857,503.31,0,0,3.28480575306076,3.56755131294686,1.7125604829566,508.35,443.5,0,0,0.313444866291056,0.308579872576321,0.104433753742418,730.46,728,0,0,"Paragaleus randalli",5.04000000000002,227.15,222.11
"Paragaleus_pectoralis",31.3087707889426,30.2509439812604,9.27729951683509,504.25,0,0,3.291250388888,3.67989844440421,1.66740718571134,504.48,423,0,0,0.318287796823292,0.315622818949268,0.108412294553933,719.22,693.5,0,0,"Paragaleus pectoralis",0.230000000000018,214.97,214.74
"Mobula_hypostoma",30.504901206438,29.4103634566235,7.5475507868481,509.98,0,0,2.65643203521925,2.45893838560163,1.12526104307197,536.8,532,0,0,0.355328815615694,0.343884015776288,0.105084582910683,605.07,588,0,0,"Mobula hypostoma",26.8199999999999,95.09,68.2700000000001
"Bythaelurus_canescens",32.1778365191602,29.7586424101167,12.3352275120646,510.9,0,0,3.01459430978204,3.12302499329369,1.45295814217769,507.76,499.5,0,0,0.353021312475843,0.340592374443767,0.136306629253222,641.76,619.5,0,0,"Bythaelurus canescens",-3.13999999999999,130.86,134
"Oxynotus_paradoxus",30.4016479280239,30.4187581702815,7.78625100519606,510.93,0,0,3.52371794388903,3.81543563053207,1.24957766013011,418.64,410,0,0,0.894710726360519,0.922434345924702,0.382528540696752,293.2,284,0,0,"Oxynotus paradoxus",-92.29,-217.73,-125.44
"Hemiscyllium_trispeculare",31.4321964388653,29.7549608918606,10.5949349169558,511.18,0,0,4.19793399308282,4.24291267915576,0.830760665143537,328.73,336,0,0,1.25461445730323,1.2864750639725,0.398497224157852,193.75,201.5,0,0,"Hemiscyllium trispeculare",-182.45,-317.43,-134.98
"Paragaleus_tengi",30.8623297469814,30.7422945237503,8.76897771027005,511.58,0,0,3.22458737232045,3.51130709456393,1.6201309961582,511.94,443,0,0,0.312615733154259,0.315715665947731,0.101382657298898,729.11,712.5,0,0,"Paragaleus tengi",0.360000000000014,217.53,217.17
"Etmopterus_brachyurus",31.9334257095515,30.22846595528,11.6566494232913,511.83,0,0,2.56165810740567,2.52583293045844,1.38338470675117,581.59,587.5,0,0,0.587646785066665,0.605180108818151,0.205662548726461,410.46,408.5,0,0,"Etmopterus brachyurus",69.76,-101.37,-171.13
"Paragaleus_leucolomatus",30.9988448827788,29.4028519673016,9.70576565663617,512.44,0,0,3.25783274718342,3.58581810708334,1.68048629767275,510.32,431,0,0,0.315090164384217,0.316123567095581,0.105175503494848,725.56,707.5,0,0,"Paragaleus leucolomatus",-2.12000000000006,213.12,215.24
"Rhizoprionodon_oligolinx",33.28796495264,30.251852201764,14.4344582148857,512.61,0,0,1.95684025411846,1.89373539090569,1.17670937991157,736.55,749,0,0,0.276703321883114,0.281894266188655,0.0816021579455312,829.92,814,0,0,"Rhizoprionodon oligolinx",223.94,317.31,93.37
"Narcine_maculata",32.0863755765847,29.5242995476117,11.8551544181783,514.51,0,0,4.72033896001495,4.21285274116595,2.00280423763608,323.65,346.5,1,0.01,0.90338004842383,0.831748164762419,0.279452450395581,274.57,287.5,0,0,"Narcine maculata",-190.86,-239.94,-49.08
"Mobula_munkiana",30.2130395253363,28.855870672707,7.85935627361206,519.76,0,0,2.65041320562725,2.4661588016537,1.10784892772998,536.62,534,0,0,0.349703867310194,0.328884461949986,0.0995923013095743,618.35,608.5,0,0,"Mobula munkiana",16.86,98.59,81.73
"Pseudoraja_fischeri",32.7499034534961,28.6897304200016,15.4985275116093,520.18,0,0,1.58529221979584,1.09321556628127,2.10068850545232,849.29,889.5,0,0,0.270429998261301,0.246981226250915,0.101535266505785,859.61,869.5,0,0,"Pseudoraja fischeri",329.11,339.43,10.32
"Dactylobatus_armatus",32.9998411033239,28.9738252343984,15.2421056962167,520.51,0,0,1.8880808573177,0.822998126108292,2.35294659222729,869.89,957.5,0,0,0.264727284710546,0.217997693963632,0.16693634315282,932.87,993.5,0,0,"Dactylobatus armatus",349.38,412.36,62.98
"Myliobatis_ridens",31.2965353547503,28.9729101576327,11.9252787370471,520.57,0,0,3.40151364637862,3.07087171200132,1.61635722453075,437.52,439,0,0,0.382252621651793,0.359578589100642,0.149683763826262,579.78,548.5,0,0,"Myliobatis ridens",-83.0500000000001,59.2099999999999,142.26
"Squatina_caillieti",31.0392197579447,30.565027128102,10.633986548719,520.98,0,0,3.92422490079402,3.99222595955712,1.20199365055902,370.41,367,0,0,1.22187875793786,1.27370895685472,0.406081296644741,203.88,211,0,0,"Squatina caillieti",-150.57,-317.1,-166.53
"Dactylobatus_clarkii",32.9998411033239,28.9738252343984,15.2421056962167,521.51,0,0,1.90023551620793,0.899226105680973,2.39088197064233,871.89,954.5,0,0,0.253130377698753,0.225330867538923,0.127530640564711,934.76,966.5,0,0,"Dactylobatus clarkii",350.38,413.25,62.87
"Bythaelurus_alcockii",32.8408793169876,29.3059518397591,15.3711949081764,522.83,0,0,3.15931703318182,3.17557418541245,1.83723797525983,505.04,496.5,0,0,0.35158296650166,0.34631183494163,0.128264642319744,641.08,605,0,0,"Bythaelurus alcockii",-17.79,118.25,136.04
"Urogymnus_asperrimus",30.1682556749581,29.026938266973,6.74943955978798,523.57,0,0,1.78285640623561,1.7024812333138,0.422844643013102,724.18,779.5,0,0,0.284434248293647,0.276337336667958,0.0632171808869132,779.4,794.5,0,0,"Urogymnus asperrimus",200.61,255.83,55.22
"Urogymnus_ukpam",30.1682556749581,29.026938266973,6.74943955978798,524.57,0,0,1.78263454011543,1.71056174378018,0.414765340809788,724.55,777,0,0,0.283937341140279,0.272378048221313,0.065622828281639,783.96,788,0,0,"Urogymnus ukpam",199.98,259.39,59.4100000000001
"Hemiscyllium_freycineti",31.0356306696024,28.4971965617616,10.5880767961335,525.12,0,0,4.1874384627239,4.1947962695156,0.901029997419879,331.47,338,0,0,1.23644620841872,1.26111900168583,0.416726379454618,199.46,203.5,0,0,"Hemiscyllium freycineti",-193.65,-325.66,-132.01
"Hemiscyllium_hallstromi",31.148816295732,28.9716858727495,11.1515032325288,526.01,0,0,4.16716447654081,4.20042561562901,0.831815564909834,332.23,342,0,0,1.25877409147579,1.30632751329796,0.406771132357448,194.16,200.5,0,0,"Hemiscyllium hallstromi",-193.78,-331.85,-138.07
"Hemiscyllium_galei",31.0352029028723,27.7896156847094,11.4716693135458,528.13,0,0,4.24258393285048,4.19577429819163,0.97786792127334,327.58,329.5,0,0,1.25675302447156,1.27346951808356,0.433331526543312,196.37,198,0,0,"Hemiscyllium galei",-200.55,-331.76,-131.21
"Squatina_oculata",31.5434065797056,28.2643785234754,12.4473439328017,528.38,0,0,3.97484111728331,3.7526605689967,1.43064065964096,370.18,369.5,0,0,1.22707557557807,1.22139316981495,0.489971110811759,206.33,212,0,0,"Squatina oculata",-158.2,-322.05,-163.85
"Typhlonarke_aysoni",30.9738463032089,28.6301597197532,11.4785332906363,528.57,0,0,3.96454527905737,3.46286907112814,1.86685657505872,374.48,408.5,0,0,0.772973460498339,0.757232799246556,0.196578255434877,314.25,327,0,0,"Typhlonarke aysoni",-154.09,-214.32,-60.23
"Typhlonarke_tarakea",30.9738463032089,28.6301597197532,11.4785332906363,529.57,0,0,3.99524961354104,3.51650742831484,1.88632533667219,371.08,405,0,0,0.771587225212666,0.761079096030972,0.190526850100786,315.12,332,0,0,"Typhlonarke tarakea",-158.49,-214.45,-55.96
"Halaelurus_natalensis",29.6664742921252,29.0214809379855,6.41278843359675,529.58,0,0,3.3468995667385,3.54811235404189,1.01320466901696,429.92,427,0,0,0.400849347855976,0.379202752068001,0.164170060221271,574.34,544.5,0,0,"Halaelurus natalensis",-99.66,44.76,144.42
"Bythaelurus_immaculatus",31.4009706217952,29.2572335421401,12.7840612039462,533.58,0,0,2.9885903712072,3.03048193733473,1.58642657505739,519.07,512,0,0,0.35472263999942,0.346087954424882,0.132958069992614,632.89,606.5,0,0,"Bythaelurus immaculatus",-14.51,99.31,113.82
"Hemiscyllium_ocellatum",30.372552260571,28.3646148287579,9.59185562598916,533.69,0,0,4.13162499431442,4.17858318275187,0.816809927675375,335.27,343,0,0,1.24406413439545,1.3132568099202,0.395684904902991,196.88,199.5,0,0,"Hemiscyllium ocellatum",-198.42,-336.81,-138.39
"Scymnodalatias_albicauda",30.9819231086308,27.8037860282598,11.8662859014959,534.09,0,0,4.19423063945437,4.0539404208118,2.16646617833966,372.89,377,0,0,0.945389838412436,0.920883216892636,0.461732903762995,286.43,284.5,0,0,"Scymnodalatias albicauda",-161.2,-247.66,-86.46
"Torpedo_californica",30.3598242042249,27.797295463242,8.83754915442067,534.74,0,0,3.03161752687378,2.90374783857678,0.705562392967807,471.28,527,0,0,0.709306568105711,0.701710024184224,0.141019119520309,338.56,357.5,0,0,"Torpedo californica",-63.46,-196.18,-132.72
"Carcharhinus_perezii",29.4895097126797,31.9144880400432,7.88425576850391,536.12,0,0,0.901082855700555,0.945839021825553,0.263199638415753,980.25,972.5,0,0,0.247132844860498,0.250329659282689,0.0694120082573181,936.26,934.5,0,0,"Carcharhinus perezii",444.13,400.14,-43.99
"Hemiscyllium_henryi",30.2141248512952,27.5876285380658,9.85629597699949,536.19,0,0,4.1540791691529,4.15991228810329,0.853717055714503,332.37,345.5,0,0,1.25677817071136,1.2979385472844,0.415671813624636,194.65,191,0,0,"Hemiscyllium henryi",-203.82,-341.54,-137.72
"Myliobatis_rhombus",30.9483324954178,28.2108626350538,11.8956605775616,536.57,0,0,3.34615225891645,3.21811901699955,1.50008857315155,441.88,448,0,0,0.369577748004744,0.365383743421619,0.114405181783581,585.42,569,0,0,"Myliobatis rhombus",-94.69,48.8499999999999,143.54
"Myliobatis_tenuicaudatus",30.5167220154365,28.5143161032099,10.9683116839211,536.75,0,0,3.28218673749957,3.19550657791897,1.2682648958841,443.74,438.5,0,0,0.376561108821098,0.358654578230708,0.126174286201638,572.32,560,0,0,"Myliobatis tenuicaudatus",-93.01,35.57,128.58
"Cephaloscyllium_ventriosum",30.546043363572,27.8299145191008,10.6567866823515,537.81,0,0,2.32476657442781,2.29176572053955,0.707883736641058,590.35,578.5,0,0,0.611285708614098,0.626564469779774,0.228953143520574,404.78,399,0,0,"Cephaloscyllium ventriosum",52.5400000000001,-133.03,-185.57
"Etmopterus_pusillus",30.2112782753678,28.949277057628,9.47546966570594,538.86,0,0,2.21044645827613,2.38225150872556,0.825544876876108,628.27,628,0,0,0.575377209030954,0.591724406509122,0.191534154189066,415.62,418,0,0,"Etmopterus pusillus",89.41,-123.24,-212.65
"Halaelurus_lineatus",29.294849488633,28.7927528721217,6.71162609707142,538.96,0,0,3.320305309924,3.41322172202909,1.02078039373472,433.91,431,0,0,0.407276211484741,0.393032042218718,0.176800240757905,573.82,536,0,0,"Halaelurus lineatus",-105.05,34.86,139.91
"Bythaelurus_clevai",30.4017393896208,29.0616575342384,11.131106742162,543.12,0,0,2.91734095632432,3.07440229705897,1.39573955245935,520.66,509.5,0,0,0.350771300699016,0.328621584697392,0.125690723188574,638.05,618,0,0,"Bythaelurus clevai",-22.46,94.93,117.39
"Bythaelurus_giddingsi",29.9487171633912,28.4735078745331,9.95480241626703,543.64,0,0,2.92754771053213,3.0842968418324,1.37863138957895,516.27,502,0,0,0.352062174336434,0.342296344716851,0.129711834164751,645.37,610,0,0,"Bythaelurus giddingsi",-27.37,101.73,129.1
"Hemiscyllium_strahani",29.9900172601858,26.6426327526686,9.96943070250843,547.23,0,0,4.12721941818347,4.15005921854977,0.802960556732587,335.53,335.5,0,0,1.26559187342092,1.26258812646405,0.425323543754484,193.16,182,0,0,"Hemiscyllium strahani",-211.7,-354.07,-142.37
"Scymnodalatias_sherwoodi",30.7184656041655,28.0377540848411,12.1947385242557,547.37,0,0,4.10420143274458,4.03186289072255,2.02542510395605,378.46,379,0,0,0.950354834982801,0.920611012909829,0.465964170289768,287.89,280,0,0,"Scymnodalatias sherwoodi",-168.91,-259.48,-90.57
"Halaelurus_boesemani",29.5386758158422,27.3032636389263,8.61739571507789,548.05,0,0,3.34444632430646,3.42589230785368,1.0520133935711,432.05,431,0,0,0.401247342401004,0.39063341722696,0.167276334080259,574.49,535,0,0,"Halaelurus boesemani",-116,26.4400000000001,142.44
"Anacanthobatis_donghaiensis",31.2019092204339,28.8459085444835,14.0108075859388,549.36,0,0,3.94656496091698,3.4372095640738,2.40136694974592,413.18,414.5,0,0,0.517731071505559,0.423648527215905,0.321584667815916,511.58,496,0,0,"Anacanthobatis donghaiensis",-136.18,-37.78,98.4
"Bythaelurus_lutarius",31.1563906894908,27.906832569425,13.5162159147209,549.87,0,0,3.02281930196695,2.91718652314228,1.7357033093746,517.77,512,0,0,0.352493762882716,0.341048874362551,0.124452869069813,638.36,610.5,0,0,"Bythaelurus lutarius",-32.1,88.49,120.59
"Sphyrna_tiburo",28.1731719071223,28.3361214299733,3.50078345571985,550.03,0,0,1.74567590776915,1.75496579324059,0.891292096031954,777.06,778,0,0,0.277883814453692,0.284983415828294,0.0844386454874649,828.74,810.5,0,0,"Sphyrna tiburo",227.03,278.71,51.6800000000001
"Carcharhinus_borneensis",28.4257995614414,30.1589224033607,5.43193659104445,551.36,0,0,0.893077948222827,0.933667598166839,0.255541696454778,983.67,976.5,0,0,0.246876971030201,0.249902127202881,0.0651282786159602,929.06,928,0,0,"Carcharhinus borneensis",432.31,377.7,-54.61
"Hemiscyllium_michaeli",29.6674268053104,27.326604159455,9.7484063764602,551.43,0,0,4.15846925940366,4.1943851357788,0.885796562960528,332.94,341.5,0,0,1.24532613561231,1.26100945585144,0.417112468151592,198.06,199.5,0,0,"Hemiscyllium michaeli",-218.49,-353.37,-134.88
"Orectolobus_floridus",29.3869383244323,30.8037209758335,8.67809417404991,551.95,0,0,4.9088313021223,5.16494151421364,1.19607143636023,281.94,279.5,0,0,1.52458711333121,1.59710883638568,0.586045465260381,155.81,151,0,0,"Orectolobus floridus",-270.01,-396.14,-126.13
"Squatina_argentina",31.2999315375965,27.9895934567126,14.6558452539867,551.99,1,0.01,4.00297556364106,3.74397315718035,1.98356737731952,378.18,375,0,0,1.22025150484965,1.1613399901293,0.482691468077286,210.82,216,0,0,"Squatina argentina",-173.81,-341.17,-167.36
"Squalus_megalops",31.496663121999,33.8771330711978,13.4720210283446,552.22,0,0,2.87742874274113,3.12209604875336,1.26293410118373,517.56,499,0,0,0.696563323449374,0.707653178419754,0.324170030872608,378.71,354.5,0,0,"Squalus megalops",-34.6600000000001,-173.51,-138.85
"Bythaelurus_incanus",30.6873192650066,27.3976989947732,12.8310785868852,553.58,0,0,2.94369393561037,2.93622582118493,1.51421930959187,522.36,528.5,0,0,0.35314665809061,0.343221701145438,0.129571475233406,638.02,601,0,0,"Bythaelurus incanus",-31.22,84.4399999999999,115.66
"Sutorectus_tentaculatus",29.5678686159226,29.5568475663011,9.48605800004758,553.74,0,0,4.91713331206625,5.0468912629151,1.21937516423966,281.55,279,0,0,1.52768395246305,1.62862159119306,0.584130229491486,154.84,146,0,0,"Sutorectus tentaculatus",-272.19,-398.9,-126.71
"Haploblepharus_kistnasamyi",29.5831620509771,27.5512949772464,9.65029327310493,553.84,0,0,3.46480251528763,3.63931262860894,1.12034903851554,418.81,421,0,0,0.420745689293368,0.378776655647625,0.206315792246727,568.97,529,0,0,"Haploblepharus kistnasamyi",-135.03,15.13,150.16
"Anacanthobatis_folirostris",30.9601363578433,28.928332185558,14.5191444252347,554.25,0,0,3.94015504956101,3.4453776787604,2.57016375733099,414.01,410,0,0,0.500457823541557,0.410162747480334,0.281312751523571,517.41,498.5,0,0,"Anacanthobatis folirostris",-140.24,-36.84,103.4
"Haploblepharus_pictus",29.2172977600545,28.7857042373909,7.95494261338605,554.29,0,0,3.46486027592515,3.72647836680132,1.08433390702482,417.84,415,0,0,0.413227235884155,0.376432842196252,0.20332973374686,572.16,532.5,0,0,"Haploblepharus pictus",-136.45,17.87,154.32
"Etmopterus_virens",28.8126774749923,29.3514129989677,6.77811935758845,555.45,0,0,2.19182380258879,2.28835642670456,0.851163319147357,634.3,643.5,0,0,0.574017450571686,0.583752026206322,0.195149153850292,421.01,422,0,0,"Etmopterus virens",78.8499999999999,-134.44,-213.29
"Oxynotus_caribbaeus",29.1126713000371,29.02729605503,8.48616468074618,555.89,0,0,3.52764984452695,3.73626192523024,1.25819875575739,418.66,425,0,0,0.900091331748448,0.947429307151028,0.383620979427832,293.05,285,0,0,"Oxynotus caribbaeus",-137.23,-262.84,-125.61
"Bythaelurus_hispidus",30.5192210248861,27.6533370176226,12.7287544840069,556,0,0,2.99452022714634,3.09104410586452,1.61144470894761,515.6,504.5,0,0,0.349680011203713,0.33348429617219,0.133395227287843,643,613,0,0,"Bythaelurus hispidus",-40.4,87,127.4
"Scymnodalatias_oligodon",29.7489821268463,28.7507162662634,10.5677333587581,556.41,0,0,4.03904803440466,4.02537814173344,1.91098654710357,383.02,391.5,0,0,0.93290527570011,0.877442947678841,0.467039890591906,291.03,289.5,0,0,"Scymnodalatias oligodon",-173.39,-265.38,-91.99
"Scymnodalatias_garricki",29.8359142552672,27.6136648415398,10.7768168273804,556.7,0,0,4.02638466377418,3.96892047955768,1.93512070968173,382.22,387,0,0,0.944989404864622,0.916099884512724,0.457508327244849,286.1,289.5,0,0,"Scymnodalatias garricki",-174.48,-270.6,-96.12
"Squalus_brevirostris",31.2323026357042,33.3320611341065,13.4681983329313,558.02,0,0,2.89797854726362,3.08612225421686,1.35027284620522,520.04,502.5,0,0,0.695446245778798,0.691420637878047,0.332322849115535,376.27,364.5,0,0,"Squalus brevirostris",-37.98,-181.75,-143.77
"Okamejei_meerdervoortii",30.5040450926821,26.5611348944218,13.0278996558021,558.07,0,0,0.874014128937605,0.675235484926819,0.971077750702572,1052.48,1075,0,0,0.209699754490287,0.199095556247674,0.0674424617378748,1048.96,1062,0,0,"Okamejei meerdervoortii",494.41,490.89,-3.51999999999998
"Anacanthobatis_ori",30.359594561242,27.7339149727322,12.3931852520325,559.24,0,0,3.78159257023141,3.39058346048071,2.17524416844851,422.04,440.5,0,0,0.492738858782102,0.419758068948752,0.288575886694475,544.69,503.5,0,0,"Anacanthobatis ori",-137.2,-14.55,122.65
"Dasyatis_garouaensis",30.6816340253481,27.741111816033,13.5784920060463,559.5,0,0,2.3862885401501,1.8593541855374,1.66407241535658,649.68,687.5,0,0,0.284465776546092,0.282880156930302,0.0701325664040846,784.67,788.5,0,0,"Dasyatis garouaensis",90.18,225.17,134.99
"Myliobatis_peruvianus",29.7131993293226,26.949268008133,10.7899623995102,560.68,0,0,3.28473162282853,3.17982736494563,1.45718900437048,447.48,452,0,0,0.376881176560427,0.365028197227687,0.124677071346963,574.82,555,0,0,"Myliobatis peruvianus",-113.2,14.1400000000001,127.34
"Orectolobus_reticulatus",29.722468748088,28.6919033160434,10.9863861060133,561.48,0,0,4.8476800675021,4.67791527673755,1.5431737608096,290.01,289.5,0,0,1.46555529289179,1.48368783309726,0.594215361451216,165.02,160,0,0,"Orectolobus reticulatus",-271.47,-396.46,-124.99
"Orectolobus_maculatus",29.657068971159,27.8061144860934,10.6103605171578,561.6,0,0,4.66444269782151,4.62899072681313,1.24031807019318,300.57,294,0,0,1.43273540754401,1.47155261764712,0.544973193081361,168.72,161.5,0,0,"Orectolobus maculatus",-261.03,-392.88,-131.85
"Rhinoptera_jayakari",28.9134605427434,27.667468805954,8.8242529348228,562.1,0,0,2.37232798613507,2.3035297587024,0.843261327761122,582.81,574.5,0,0,0.347491176949717,0.340350402839787,0.107308545461639,623.91,609,0,0,"Rhinoptera jayakari",20.7099999999999,61.81,41.1
"Oxynotus_japonicus",28.6808622941735,28.3368765747735,8.2942085224586,564.4,0,0,3.50951467045803,3.76919605798142,1.25388785607345,420.14,415,0,0,0.890414314025963,0.900787885403116,0.383504829470957,295.36,293,0,0,"Oxynotus japonicus",-144.26,-269.04,-124.78
"Anacanthobatis_marmoratus",30.2896279333217,28.1383549213653,12.9850496720518,564.61,1,0.01,3.71785988733518,3.3096751041511,1.9258285103942,425.59,433.5,0,0,0.518438980522529,0.413694843909162,0.3730487416906,513.25,496,0,0,"Anacanthobatis marmoratus",-139.02,-51.36,87.66
"Halaelurus_buergeri",28.9046579164151,27.347763893676,8.84434678452897,564.92,0,0,3.34375685970416,3.49990101862078,1.06879926598002,431.95,433,0,0,0.408265907685647,0.382861857953683,0.174680768035697,570.95,528.5,0,0,"Halaelurus buergeri",-132.97,6.03000000000009,139
"Narke_dipterygia",29.5086028157267,26.7854065197245,10.4504231200899,565.75,0,0,4.02351281239602,3.59223995887726,1.58893427983352,373.57,400,0,0,0.759245492738867,0.740091966179762,0.183214208851388,318.72,334.5,0,0,"Narke dipterygia",-192.18,-247.03,-54.85
"Narke_japonica",29.8175804554674,27.3046914147798,11.5170661552205,566.67,0,0,4.04981294328475,3.55481280866868,1.62411333314634,369.76,395,0,0,0.771617615573592,0.73711429583606,0.196249139258138,316.97,332.5,0,0,"Narke japonica",-196.91,-249.7,-52.79
"Haploblepharus_fuscus",28.7055040381645,27.2232894303164,8.20125530881317,566.85,0,0,3.48344919392607,3.73871378087074,1.09380192191138,415.66,417.5,0,0,0.41504105348438,0.3923869554798,0.192618978026174,565.12,535,0,0,"Haploblepharus fuscus",-151.19,-1.73000000000002,149.46
"Gurgesiella_furvescens",30.6878088475195,28.4925357242569,14.0966873809078,567.06,0,0,1.94583740561718,0.854663273878232,2.46729404591861,865.46,998,0,0,0.256576330763229,0.222255716472222,0.13773246812503,942.59,993,0,0,"Gurgesiella furvescens",298.4,375.53,77.13
"Narke_capensis",29.5055036039999,27.3046914147798,10.9778963014676,567.65,0,0,4.02249419112379,3.51860174986308,1.66857818856293,373.33,396.5,0,0,0.762614498705673,0.739998045291586,0.184087033868945,318.73,327.5,0,0,"Narke capensis",-194.32,-248.92,-54.6
"Orectolobus_hutchinsi",28.8642193379515,29.7424376659219,9.04396081175192,569.97,0,0,4.56131272040233,4.57341600449059,1.1223961581556,305.37,301,0,0,1.40717240341901,1.44650274945663,0.519041495987094,171.96,176,0,0,"Orectolobus hutchinsi",-264.6,-398.01,-133.41
"Etmopterus_splendidus",28.499386213415,28.5687910339045,8.23586103045444,571.11,0,0,2.22225795627531,2.33979183303681,0.876609451705963,627.37,636.5,0,0,0.583172134857283,0.574307054982959,0.222833661857595,418.27,420.5,0,0,"Etmopterus splendidus",56.26,-152.84,-209.1
"Himantura_jenkinsii",29.3446806804943,28.7842230909367,9.63366340668052,572.35,0,0,1.53639975993075,1.51349651511165,0.307425335379237,781.13,829.5,0,0,0.283009310426112,0.274504330446092,0.069255978438153,787.95,793.5,0,0,"Himantura jenkinsii",208.78,215.6,6.82000000000005
"Scyliorhinus_retifer",28.8603809723451,26.933412198078,9.39383789614552,572.67,0,0,2.76099095557181,2.6818305431845,0.926506631603864,513.94,509.5,0,0,0.690291830834974,0.687647860759105,0.304530547908638,378.59,359.5,0,0,"Scyliorhinus retifer",-58.7299999999999,-194.08,-135.35
"Squalus_suckleyi",30.1474277602973,32.1868018866277,12.3722260729201,572.77,0,0,4.45519020036782,4.53160149122044,2.45829486645682,386.58,345,0,0,0.790168465053661,0.777128083750626,0.382418941417954,341.36,325,0,0,"Squalus suckleyi",-186.19,-231.41,-45.22
"Rhinoptera_steindachneri",28.503231867165,27.4335721932453,8.56001292501863,574.42,0,0,2.36863940953828,2.36597100307966,0.862141257644055,583.1,580.5,0,0,0.34563119280127,0.330495124124237,0.0990512066586849,624.87,618,0,0,"Rhinoptera steindachneri",8.68000000000006,50.45,41.77
"Etmopterus_lucifer",28.6447088336638,27.2061145602805,8.63074010987947,575.14,0,0,2.37174090606802,2.43679162194837,1.03281972377888,600.75,605.5,0,0,0.572146502271162,0.582993958028482,0.192389500530163,419.18,421,0,0,"Etmopterus lucifer",25.61,-155.96,-181.57
"Carcharhinus_amblyrhynchos",29.1053303381013,26.6043104504797,10.4972047259069,576.21,0,0,0.913270356254509,0.959843263946328,0.26504769514846,973.33,969.5,0,0,0.245853326173331,0.246061259580932,0.0648099248238225,933.05,935.5,0,0,"Carcharhinus amblyrhynchos",397.12,356.84,-40.2800000000001
"Etmopterus_polli",28.0774890049551,28.8152313086283,7.0798278824122,577.04,0,0,2.19848199558066,2.21423753631884,0.863318028065758,632.54,640,0,0,0.574011100320688,0.591884144339224,0.195006931371948,421.78,418,0,0,"Etmopterus polli",55.5,-155.26,-210.76
"Lamiopsis_temminckii",27.8213027417869,27.2469674969752,6.4159887631434,577.44,0,0,1.16801856824512,1.11321845724024,0.528763752950187,908.47,910,0,0,0.25938736634122,0.264046665390624,0.0724411206377291,893.5,883,0,0,"Lamiopsis temminckii",331.03,316.06,-14.97
"Anacanthobatis_nanhaiensis",29.7671268955497,27.9191825101942,13.7227382317309,577.84,1,0.01,3.8953171729751,3.34517576581871,2.69619165336228,423.87,424,0,0,0.496935794189669,0.417548618224678,0.30302005971642,529.22,506,0,0,"Anacanthobatis nanhaiensis",-153.97,-48.62,105.35
"Orectolobus_wardi",29.2794243443117,26.990975552265,11.9217738972332,578.33,0,0,4.84652100574544,4.73106955756839,1.57814291866213,291.35,283,0,0,1.44903649508467,1.44850484347105,0.593773567463208,168.24,167.5,0,0,"Orectolobus wardi",-286.98,-410.09,-123.11
"Lamiopsis_tephrodes",27.8213027417869,27.2469674969752,6.4159887631434,578.44,0,0,1.17173560678503,1.11056718148453,0.530021885240275,907.29,908.5,0,0,0.259650134020529,0.262334085291493,0.0748314848115813,892.5,883.5,0,0,"Lamiopsis tephrodes",328.85,314.06,-14.79
"Orectolobus_leptolineatus",28.8351601870723,27.7478715671257,9.86710783563407,578.82,0,0,4.64483849156083,4.74536037514929,1.10264523158371,298.63,297,0,0,1.43592640531608,1.47903086798074,0.548531264276424,167.37,164,0,0,"Orectolobus leptolineatus",-280.19,-411.45,-131.26
"Orectolobus_halei",28.805484642421,28.0309745943556,9.84332616369642,579.54,0,0,4.76080921856793,4.71782247413107,1.24565402003387,293.44,288.5,0,0,1.42064364248549,1.47824595453636,0.52724977199181,170.2,168,0,0,"Orectolobus halei",-286.1,-409.34,-123.24
"Mobula_diabolus",29.0144940151878,26.0486394158919,10.8070272949412,580.99,0,0,2.40654809661252,2.30313598362547,0.870219612117128,578.93,576.5,0,0,0.350812006652455,0.334837540356544,0.106400474899036,620.77,602,0,0,"Mobula diabolus",-2.06000000000006,39.78,41.84
"Halaelurus_maculosus",28.2306177809186,27.2047420785542,8.02633863721385,581.77,0,0,3.3478698853746,3.56111832212213,1.02320625922094,431.83,434.5,0,0,0.404743400618254,0.389972865685874,0.170225889168361,577.74,532.5,0,0,"Halaelurus maculosus",-149.94,-4.02999999999997,145.91
"Orectolobus_japonicus",28.5058627635639,28.1197070514738,9.12755927773974,581.79,0,0,4.63008983198043,4.71999688393578,1.13651625089698,299.83,292.5,0,0,1.4192828038102,1.44141841141142,0.531622071996772,171.02,171,0,0,"Orectolobus japonicus",-281.96,-410.77,-128.81
"Manta_birostris",28.6312912647098,28.3626432717644,9.81021465808049,582.16,0,0,2.38404731800891,2.3487840452769,0.774932444573925,578.91,569.5,0,0,0.349180570593726,0.338885952330996,0.107327327773342,623.47,606.5,0,0,"Manta birostris",-3.25,41.3100000000001,44.5600000000001
"Dasyatis_laevigata",30.1894199227642,27.576921681983,13.5820818620613,582.78,0,0,1.75931550271803,1.7335420681306,0.712666589943287,743.32,754.5,0,0,0.286719714077858,0.272248319726037,0.0756202906101733,779.7,767,0,0,"Dasyatis laevigata",160.54,196.92,36.38
"Manta_alfredi",28.6312912647098,28.3626432717644,9.81021465808049,583.16,0,0,2.35699568473643,2.29453677351733,0.728245542791906,582.6,584.5,0,0,0.350988354605068,0.329857309886562,0.106316177597201,618.42,602,0,0,"Manta alfredi",-0.559999999999945,35.26,35.8199999999999
"Haploblepharus_edwardsii",28.2371464106395,26.8951756972848,8.32043475404029,583.4,0,0,3.45485802100561,3.66492778372424,1.10988147549227,419.04,416.5,0,0,0.415551374712892,0.380354325863163,0.197663789931565,566.68,536.5,0,0,"Haploblepharus edwardsii",-164.36,-16.72,147.64
"Orectolobus_parvimaculatus",28.3050594062354,28.6362750553645,8.86039569186221,583.97,0,0,4.55438963357419,4.67757757370619,1.11435687040843,306.13,302,0,0,1.41331051864421,1.4397860576117,0.5159577909872,171.44,173,0,0,"Orectolobus parvimaculatus",-277.84,-412.53,-134.69
"Etmopterus_fusus",28.0289126606352,26.8288250318839,8.41526678286394,586.25,0,0,2.25357519781564,2.34482276663028,0.904161597551048,621.02,628,0,0,0.575912251863645,0.571954837137084,0.204526852463872,418.97,422.5,0,0,"Etmopterus fusus",34.77,-167.28,-202.05
"Himantura_pastinacoides",28.5231860480433,26.9084460609304,9.04148230161518,586.45,0,0,1.54124311506845,1.496415028156,0.309225920347062,779.78,831,0,0,0.282266408453619,0.27131624217965,0.0700026061214709,787.87,790,0,0,"Himantura pastinacoides",193.33,201.42,8.09000000000003
"Dasyatis_guttata",29.3700023510125,27.4707159170571,12.0591373566193,587.16,0,0,2.21988258359009,1.97204057434188,1.15284917293702,652.49,669.5,0,0,0.285483228528659,0.27617147163651,0.0698280318257582,780.62,773.5,0,0,"Dasyatis guttata",65.33,193.46,128.13
"Rhinobatos_formosensis",28.5518591935522,27.9840173471736,10.1001695589642,587.23,0,0,5.24657901501968,5.34350166481152,2.56856311886316,298.73,312.5,0,0,1.19000553991522,1.18507559807065,0.53073806954801,224.56,225,0,0,"Rhinobatos formosensis",-288.5,-362.67,-74.17
"Anacanthobatis_longirostris",29.7161031358224,26.8265557511533,13.9868566041077,587.24,0,0,3.89190974190678,3.22390507478796,2.66243163393111,423.24,434,0,0,0.522771689360685,0.424599013546887,0.362436899606294,527.41,495,0,0,"Anacanthobatis longirostris",-164,-59.83,104.17
"Rhinobatos_schlegelii",28.5647984196583,27.9040213324338,10.1478516606277,587.5,0,0,5.26185759262671,5.42179173634827,2.60852176486679,297.52,314.5,0,0,1.19349192622869,1.22172634927708,0.556959862440008,225.47,226,0,0,"Rhinobatos schlegelii",-289.98,-362.03,-72.05
"Dasyatis_marmorata",29.4937656747207,27.8573858669371,12.6403289634178,589.05,0,0,2.13314566430132,1.84895281560875,1.23158386933731,679.41,722,0,0,0.280121554011386,0.260048935398649,0.072915282221169,801.27,796.5,0,0,"Dasyatis marmorata",90.36,212.22,121.86
"Squalus_acanthias",29.4861100816941,28.8241045986312,12.318212237412,589.85,0,0,4.41161457040173,4.48620422704852,2.42990422278103,389.15,345,0,0,0.789466993266347,0.778655867860269,0.396068709845461,341.96,324,0,0,"Squalus acanthias",-200.7,-247.89,-47.19
"Sympterygia_acuta",27.498324594713,28.4699127542222,5.96692146115498,590.12,0,0,1.24310065078833,1.0311105504942,0.641382444411418,880.52,900.5,0,0,0.268997368442301,0.238539108365268,0.0958766248937799,855.32,868.5,0,0,"Sympterygia acuta",290.4,265.2,-25.1999999999999
"Heliotrygon_gomesi",28.2996209898013,26.1160529147154,9.91028518879526,590.35,0,0,1.95024284937546,1.70969146136828,1.13643191445098,706.73,772.5,0,0,0.283299232751549,0.270179929488213,0.0667295330734676,783.12,785,0,0,"Heliotrygon gomesi",116.38,192.77,76.39
"Heliotrygon_rosai",28.2996209898013,26.1160529147154,9.91028518879526,591.35,0,0,1.94419344664249,1.68956224904404,1.08883975404539,705.29,767.5,0,0,0.281355730493578,0.267215249780607,0.0680552195423673,788.76,798.5,0,0,"Heliotrygon rosai",113.94,197.41,83.47
"Halaelurus_quagga",27.830817825463,26.1256744365546,8.48114624178512,592.27,0,0,3.30256148653744,3.49918961746737,1.00784361022916,435.91,439,0,0,0.395812710699245,0.37822309674833,0.168154849936825,582.77,561,0,0,"Halaelurus quagga",-156.36,-9.5,146.86
"Dasyatis_marianae",30.0524015923219,25.8304663823961,14.9906825951652,593.63,0,0,2.33372199387433,1.94854950876627,1.61651519622155,656.95,702.5,0,0,0.282771672771772,0.278875309371816,0.0711961827547514,790.05,783.5,0,0,"Dasyatis marianae",63.32,196.42,133.1
"Anacanthobatis_americanus",30.6228463237977,26.1260516695571,17.7754278313993,594.45,1,0.01,4.02467703719567,3.2420054081592,3.37152253550532,419.57,429.5,1,0.01,0.510424917740288,0.431292792415111,0.342985337708784,525.58,494.5,0,0,"Anacanthobatis americanus",-174.88,-68.87,106.01
"Heteronarce_mollis",27.6162834290589,27.304850857701,7.38884071812085,594.59,0,0,3.68947149707416,3.45879986509072,1.10130005395483,393.61,427,0,0,0.768081904894205,0.754262027935501,0.186294550357148,316.86,329.5,0,0,"Heteronarce mollis",-200.98,-277.73,-76.75
"Himantura_uarnak",27.0053643696233,27.1918963957534,3.42970025014646,594.86,0,0,1.52938034822134,1.48637755575572,0.291522113335563,783.34,831,0,0,0.286567821976043,0.276694726769788,0.0712102598909024,777.28,796,0,0,"Himantura uarnak",188.48,182.42,-6.06000000000006
"Dasyatis_hypostigma",29.3816913943438,27.7824933175267,13.3409682000422,595.05,0,0,2.19717230117211,1.8444905873764,1.41478208812471,667.26,703,0,0,0.287228367940592,0.26876725815851,0.0784291754880763,780.11,748,0,0,"Dasyatis hypostigma",72.21,185.06,112.85
"Squatina_californica",27.4674377659319,26.813111192007,7.5010377327346,596.44,0,0,3.69670638309797,3.62302664245434,1.08004257180071,390.02,384,0,0,1.19229239296839,1.24334144767877,0.394079593255745,209.24,215,0,0,"Squatina californica",-206.42,-387.2,-180.78
"Dasyatis_sinensis",30.259186957248,26.165711740715,15.6570138833442,596.57,0,0,2.1887307783025,1.74927331658714,1.49001341400431,681.49,724.5,0,0,0.286484538504344,0.276116873286785,0.0786896735887271,784.19,775.5,0,0,"Dasyatis sinensis",84.92,187.62,102.7
"Proscymnodon_plunketi",27.3406714415318,28.5828036093706,6.81450318491795,596.81,0,0,3.5270776292075,3.85049374720917,1.23652233660147,417.7,413.5,0,0,0.884811318343204,0.918580781334456,0.373656390792504,299.08,288.5,0,0,"Proscymnodon plunketi",-179.11,-297.73,-118.62
"Proscymnodon_macracanthus",27.3406714415318,28.5828036093706,6.81450318491795,597.81,0,0,3.50173738883887,3.83195504610605,1.22518582593881,421.04,422.5,0,0,0.879895158258697,0.907288825144079,0.368920144007781,300.63,289.5,0,0,"Proscymnodon macracanthus",-176.77,-297.18,-120.41
"Himantura_uarnacoides",28.4310542696101,27.1762518699108,10.0049244385526,598.47,0,0,1.53497571664235,1.50503065737839,0.337718047825269,781.91,836,0,0,0.28537556883048,0.277627415376784,0.0635402207378749,777.49,801,0,0,"Himantura uarnacoides",183.44,179.02,-4.41999999999996
"Carcharhinus_falciformis",27.7723699317722,26.4220256289145,8.9814352992842,598.52,0,0,0.91538677915619,0.958155880449731,0.269109258276789,972.23,967,0,0,0.247318392098732,0.25175518007713,0.0641745691497209,926.95,937,0,0,"Carcharhinus falciformis",373.71,328.43,-45.28
"Mobula_mobular",27.9980333692987,26.6059609377032,9.30358816089451,598.57,0,0,2.38214975252911,2.3159096488394,0.898653402586691,582.22,576,0,0,0.347342679973667,0.344754474709302,0.0977570603191736,618.85,592,0,0,"Mobula mobular",-16.35,20.28,36.63
"Himantura_undulata",26.8618501509395,27.0087591071825,3.67504176724121,600.12,0,0,1.5215597048049,1.48271025195455,0.305825422997863,785.94,837.5,0,0,0.284055323386507,0.275505232694845,0.0695597875955141,782.8,782,0,0,"Himantura undulata",185.82,182.68,-3.1400000000001
"Urobatis_concentricus",26.8152014739959,26.2398904840472,4.97815783629831,600.2,0,0,3.28947429951164,3.12372996207129,1.3089795122185,446.27,448,0,0,0.307908067696457,0.293777783482008,0.0931728071131634,718.57,714.5,0,0,"Urobatis concentricus",-153.93,118.37,272.3
"Squatina_dumeril",27.6366235815612,26.9679234832373,8.39188918357343,600.77,0,0,3.70735634354112,3.68796347934444,1.08376977099785,387.96,390.5,0,0,1.19158485629097,1.19833972832342,0.398851729866936,209.6,214.5,0,0,"Squatina dumeril",-212.81,-391.17,-178.36
"Prionace_glauca",27.4514779629708,26.4212916955302,8.31022445983802,601.84,0,0,0.91172967637369,0.958341594566473,0.265350083236482,974.44,976,0,0,0.245389351674678,0.246540833032959,0.0649845002242685,932.23,938,0,0,"Prionace glauca",372.6,330.39,-42.21
"Scyliorhinus_torrei",28.801058673686,24.8253674302017,12.3898146324827,602.02,0,0,2.84849133822309,2.58060699977016,1.44152043399122,517.49,528.5,0,0,0.695758764893787,0.691625647558417,0.32297936019245,378.99,371.5,0,0,"Scyliorhinus torrei",-84.53,-223.03,-138.5
"Urobatis_maculatus",26.7445861507357,26.215108366616,5.06118238665735,602.61,0,0,3.27914154403256,3.14925331678845,1.2760446222454,447.48,448.5,0,0,0.308950545657572,0.29219940948104,0.0961643740093069,716.54,706,0,0,"Urobatis maculatus",-155.13,113.93,269.06
"Sphyrna_tudes",26.4122333118873,26.4858311457917,3.24420031634404,603.05,0,0,1.73206561351621,1.78401722257889,0.87071171228911,779.25,780.5,0,0,0.275747261077883,0.280167149661792,0.0818438852769184,836.98,822,0,0,"Sphyrna tudes",176.2,233.93,57.73
"Carcharhinus_albimarginatus",28.0402981454057,26.2016010531438,10.0784669506593,603.08,0,0,0.912590268271472,0.950504167886809,0.267892855756909,975.18,972,0,0,0.244006817011282,0.247630178566545,0.0642636251578003,939.68,941,0,0,"Carcharhinus albimarginatus",372.1,336.6,-35.5
"Carcharhinus_macloti",27.0457508439175,28.5557130845335,6.46610573678331,603.11,0,0,0.888750870479471,0.946251753815736,0.252282346525494,986.38,981.5,0,0,0.246141848931641,0.251852328134768,0.0632040427047806,930.79,930,0,0,"Carcharhinus macloti",383.27,327.68,-55.59
"Urolophus_aurantiacus",27.3237825245977,26.792653643631,7.32267784456949,603.6,0,0,2.12818968098048,2.06879839292374,0.46978874797027,632.29,659.5,0,0,0.350645127238245,0.33256106378725,0.116071559497221,622.65,599.5,0,0,"Urolophus aurantiacus",28.6899999999999,19.05,-9.63999999999999
"Gurgesiella_dorsalifera",29.1060635361119,28.4151623071779,13.5072144477847,604.02,0,0,1.90419272751715,0.834910174949376,2.50350433861532,870.81,994,0,0,0.261221810788923,0.219345904069055,0.154966630753179,948.72,1020,0,0,"Gurgesiella dorsalifera",266.79,344.7,77.9100000000001
"Sphyrna_media",26.4122333118873,26.4858311457917,3.24420031634404,604.05,0,0,1.72787193841233,1.78237210663788,0.869293441005439,782.07,776,0,0,0.276846208422174,0.28509447068683,0.079192699270787,827.22,822.5,0,0,"Sphyrna media",178.02,223.17,45.15
"Breviraja_spinosa",29.6693407217385,26.2210355848996,14.7926143771655,604.61,0,0,1.98241730314021,1.21630109001805,2.27054943594487,833.66,910.5,0,0,0.258127598922324,0.230153083463593,0.12865082782973,932.98,1004.5,0,0,"Breviraja spinosa",229.05,328.37,99.32
"Dasyatis_gigantea",28.9741162301419,27.2513416372542,12.7845499710921,606.28,0,0,2.02055167426637,1.83956246730113,0.952824849026574,688.08,717.5,0,0,0.286753411458894,0.280140107030294,0.0730934544936094,778.61,769.5,0,0,"Dasyatis gigantea",81.8000000000001,172.33,90.53
"Dasyatis_hastata",28.8288477067471,26.4645034820703,12.8126459975574,606.7,0,0,2.18060239850595,1.85997741667413,1.24460403896726,669.5,706.5,0,0,0.29017802676246,0.280837511632592,0.075349702733537,766.83,754,0,0,"Dasyatis hastata",62.8,160.13,97.33
"Dasyatis_colarensis",29.5642960507063,25.7787027429736,14.6726193792029,607.05,0,0,2.2758508311934,1.72814611227199,1.53639258769864,663.72,706,0,0,0.293433126814767,0.285897926910598,0.0782958186884144,757.64,743.5,0,0,"Dasyatis colarensis",56.6700000000001,150.59,93.92
"Anacanthobatis_stenosoma",29.1917955959587,24.8831886513591,14.4329458871959,607.78,0,0,3.86548861809675,3.22406112628043,2.39034241271925,424.77,434,0,0,0.503341987166772,0.406965760142296,0.307834786306119,528,505,0,0,"Anacanthobatis stenosoma",-183.01,-79.78,103.23
"Gurgesiella_atlantica",29.4302127254707,28.2891762713628,14.2883808581892,608.84,0,0,1.95151434000196,0.814582853858548,2.65763772643555,872.04,995.5,0,0,0.258668719578932,0.223957699889491,0.140734186251752,942.09,1001.5,0,0,"Gurgesiella atlantica",263.2,333.25,70.0500000000001
"Etmopterus_sheikoi",28.1098731531407,25.2922104523268,10.956050631621,609.99,0,0,2.38558043771908,2.48236469836915,0.99976879124519,598.18,609.5,0,0,0.579008319715175,0.591966066198449,0.20802842909038,419,421,0,0,"Etmopterus sheikoi",-11.8100000000001,-190.99,-179.18
"Himantura_dalyensis",27.7749002886352,25.6408553059974,9.49637761215403,610.11,0,0,1.60216152221413,1.52986988644527,0.374578931686572,765.34,824,0,0,0.287077403983614,0.276268666135214,0.0714537111323068,773.38,772,0,0,"Himantura dalyensis",155.23,163.27,8.03999999999996
"Torpedo_puelcha",29.5145237020907,24.8660246309476,15.9829141906016,610.61,1,0.01,3.03074326508343,2.50622026883936,1.97547538358075,515.88,575,0,0,0.677343388020239,0.644618304337637,0.155607758764526,354.92,371,0,0,"Torpedo puelcha",-94.73,-255.69,-160.96
"Squatina_nebulosa",26.7687287083118,27.8361350339761,6.26262780176327,611.82,0,0,3.83060651871099,3.96158813228609,1.08905098290737,374.61,370.5,0,0,1.19515925548321,1.2093439894246,0.39788547143831,208.62,209.5,0,0,"Squatina nebulosa",-237.21,-403.2,-165.99
"Scyliorhinus_haeckelii",28.1406325422113,25.987146401546,11.2440608612261,611.98,0,0,2.73687138043979,2.54515471848925,1.13078504929033,524.76,523,0,0,0.683418336489089,0.703439812143614,0.295122025448887,382.64,370,0,0,"Scyliorhinus haeckelii",-87.22,-229.34,-142.12
"Squatina_formosa",26.760954440808,27.8845939362383,6.33267760660995,612.19,0,0,3.81960891802897,3.96395419894585,1.08663120800924,375.84,371,0,0,1.19482286264069,1.22088385772268,0.403519485462461,209.17,207,0,0,"Squatina formosa",-236.35,-403.02,-166.67
"Dasyatis_multispinosa",28.5873374948562,26.6836587483266,12.4960208693961,613.18,0,0,2.30799928954676,1.87583722095195,1.52788707575945,657.34,705.5,0,0,0.29392432818752,0.285972664724894,0.0881144895782095,764.56,752.5,0,0,"Dasyatis multispinosa",44.1600000000001,151.38,107.22
"Dasyatis_acutirostra",28.5706710706952,26.0400046726686,13.1377906912413,614.02,0,0,2.27779273226242,1.92416326888798,1.41160978605223,653.25,674.5,0,0,0.292514645005251,0.275787369446033,0.0962953247001675,767.49,761.5,0,0,"Dasyatis acutirostra",39.23,153.47,114.24
"Scyliorhinus_cervigoni",28.3494226571539,25.8090129285255,11.6020164608952,614.07,0,0,2.64012883152664,2.56764883025998,0.969758779235062,538.17,537.5,0,0,0.682641545375903,0.693853148434006,0.29428471377691,385.27,367.5,0,0,"Scyliorhinus cervigoni",-75.9000000000001,-228.8,-152.9
"Scyliorhinus_besnardi",28.3253817689124,25.5850960880328,12.2661096196346,614.85,0,0,2.73423834519308,2.52534875547842,1.2098234027495,530.02,531.5,0,0,0.677202053404346,0.696011541756269,0.318266256350671,385.29,373,0,0,"Scyliorhinus besnardi",-84.83,-229.56,-144.73
"Heteronarce_prabhui",27.2199258936762,26.7011305511875,8.55831035048783,615.75,0,0,3.69327679013613,3.4325329838252,1.14664108288834,393.44,430,0,0,0.767006461010499,0.745857394277015,0.184541423669805,315.92,326,0,0,"Heteronarce prabhui",-222.31,-299.83,-77.52
"Rhizoprionodon_acutus",28.4662337983747,24.3637351472646,12.3909063870215,616.34,0,0,1.83979981441105,1.76259989174788,1.02753150115601,763.74,776,0,0,0.276809457378418,0.284033776986356,0.0811067718817829,830.12,816.5,0,0,"Rhizoprionodon acutus",147.4,213.78,66.38
"Mobula_rochebrunei",27.8086743630549,25.1861618152214,11.1179699190135,616.5,0,0,2.4318925241946,2.29578007496542,0.932598272566996,574.69,578.5,0,0,0.348254681979708,0.332119088038943,0.104797108674456,622.69,608.5,0,0,"Mobula rochebrunei",-41.8099999999999,6.19000000000005,48
"Heteronarce_garmani",27.4190812612396,25.3620204006129,9.33525953994624,616.74,0,0,3.69872907159295,3.44080605472297,1.14407173415444,394.09,424,0,0,0.77259395762231,0.759303599786578,0.196221151654975,315.79,325.5,0,0,"Heteronarce garmani",-222.65,-300.95,-78.3
"Heteronarce_bentuviai",27.5171559892442,25.6668709132404,10.5119160552591,617.06,1,0.01,3.73743468950257,3.43952479878726,1.66442502669514,397.4,436.5,1,0.01,0.760384868769029,0.741062859944922,0.186663313912374,319.48,325.5,0,0,"Heteronarce bentuviai",-219.66,-297.58,-77.92
"Dasyatis_tortonesei",28.8750291538747,25.5775277233048,13.9013949653876,617.13,0,0,2.21527159873779,1.88627620607497,1.22664046117972,665.63,703.5,0,0,0.289838164283599,0.28192021805134,0.0783353983660815,768.62,750.5,0,0,"Dasyatis tortonesei",48.5,151.49,102.99
"Himantura_kittipongi",27.2077434914333,25.8055030228158,8.7180358259134,617.88,0,0,1.6006045036548,1.55575564943281,0.362700597278282,766.41,811,0,0,0.284298813615254,0.271381704667711,0.0677389126402578,780.49,794.5,0,0,"Himantura kittipongi",148.53,162.61,14.08
"Scyliorhinus_boa",28.5370601234476,26.0221885171575,12.8144893316357,618.97,0,0,2.84887471574416,2.49151234735571,1.61693200473898,521.47,539.5,0,0,0.691329707264918,0.662918425709464,0.351491981241896,388.18,366.5,0,0,"Scyliorhinus boa",-97.5,-230.79,-133.29
"Urolophus_westraliensis",26.779893015224,26.2416923519681,7.26345254731469,619.24,0,0,2.13114087177082,2.09584818230785,0.478890811791757,631.55,647.5,0,0,0.350985268922963,0.330880851917255,0.113234079869403,621.86,615.5,0,0,"Urolophus westraliensis",12.3099999999999,2.62,-9.68999999999994
"Brochiraja_microspinifera",26.7670556921686,26.1557583549304,7.58735942149634,619.36,0,0,1.03719787259907,0.938676499714638,0.406973370607728,930.13,927,0,0,0.262338669059968,0.260666338034586,0.08030766020164,871.5,876,0,0,"Brochiraja microspinifera",310.77,252.14,-58.63
"Scyliorhinus_comoroensis",28.8149333435639,24.9426440414768,14.3254899461293,620.74,0,0,2.88332294111235,2.57460940148208,1.67390844428893,517.74,526,0,0,0.677944041424089,0.677595482208263,0.298197187946646,387.89,370,0,0,"Scyliorhinus comoroensis",-103,-232.85,-129.85
"Sympterygia_bonapartii",26.6080714323885,26.4739966767795,6.77179455717615,621.02,0,0,1.21801773322655,1.02348399816674,0.62292715624874,888.45,902,0,0,0.268720788008049,0.240798202690923,0.0951288880373696,859.68,877.5,0,0,"Sympterygia bonapartii",267.43,238.66,-28.7700000000001
"Galeus_arae",26.8040326992328,25.6566541404993,7.91848428339345,623.47,0,0,2.13459065102765,2.34354667956131,0.891638517726767,654.73,639.5,0,0,0.319711408084813,0.305382616817465,0.105219357209867,708.2,692.5,0,0,"Galeus arae",31.26,84.73,53.47
"Acroteriobatus_variegatus",27.4673165518906,25.2378661766744,10.8071480665557,628.05,0,0,5.38426334914736,4.84597137240027,2.85561070466962,294.94,305,0,0,1.23682519373183,1.21720801631284,0.613112021501184,217.11,224.5,0,0,"Acroteriobatus variegatus",-333.11,-410.94,-77.83
"Rhinobatos_annandalei",27.4663031663224,25.2378661766744,10.8083436748171,628.07,0,0,5.39603393378638,4.90250695596732,2.86681648275128,294.38,303.5,0,0,1.2371385274378,1.21834590287132,0.617081449542433,217.03,225.5,0,0,"Rhinobatos annandalei",-333.69,-411.04,-77.35
"Rhinoptera_marginata",28.1318799157915,24.4436007110863,13.7776009594914,629.31,0,0,2.41364624059768,2.17534371012527,1.16835340401899,587.93,590,0,0,0.342620033533554,0.331779504470985,0.096694653305178,628.04,619,0,0,"Rhinoptera marginata",-41.38,-1.26999999999998,40.11
"Mobula_eregoodootenkee",27.2807056280791,24.7712359359259,10.2939803010581,629.45,0,0,2.34373689487728,2.30728518090716,0.763300216468762,587.28,581,0,0,0.345917319126811,0.325237413593491,0.10890225558515,631.17,606,0,0,"Mobula eregoodootenkee",-42.1700000000001,1.71999999999991,43.89
"Urolophus_papilio",28.3833552636901,25.8326764181075,14.6907383741585,630.19,0,0,3.09437812864432,2.12090474764116,2.62774931695558,555.78,629.5,0,0,0.367417070331934,0.337458233112949,0.1409704763411,601.52,584,0,0,"Urolophus papilio",-74.4100000000001,-28.6700000000001,45.74
"Dasyatis_geijskesi",28.743499877258,24.5545961935073,15.0863580575805,630.69,0,0,2.21408229570629,1.76243941547459,1.46975968005448,674.76,716,0,0,0.288923528903409,0.279861925954034,0.07562447203881,770.88,760.5,0,0,"Dasyatis geijskesi",44.0699999999999,140.19,96.12
"Dasyatis_rudis",28.3461952981078,25.0720023538164,13.4268537461078,632.5,0,0,2.09621705229593,1.86369331910357,1.10921120612862,677.55,687,0,0,0.286360833913803,0.28124875707695,0.0706558182221386,778.2,780.5,0,0,"Dasyatis rudis",45.05,145.7,100.65
"Dasyatis_izuensis",28.5209859494535,24.7182935288572,14.4673936145861,633.15,0,0,1.7455482248279,1.62078738394209,0.740030720142648,749.88,766,0,0,0.283879033630704,0.26963935800089,0.071719488760136,788.52,795,0,0,"Dasyatis izuensis",116.73,155.37,38.64
"Mobula_thurstoni",26.0744614687719,26.027093513661,6.69760174442698,633.39,0,0,2.33311650701727,2.29418992050961,0.773081591801899,590.34,590,0,0,0.349160443094828,0.343961207124813,0.103553647279153,620.54,603,0,0,"Mobula thurstoni",-43.05,-12.85,30.1999999999999
"Himantura_randalli",26.4842259417548,24.5587226248626,8.37954090660403,633.81,0,0,1.59169389939929,1.49039942392527,0.402646830780335,769.67,819,0,0,0.28246926155441,0.267333277349638,0.0696149834434011,789.34,797.5,0,0,"Himantura randalli",135.86,155.53,19.6700000000001
"Mobula_kuhlii",26.0643563892398,25.7570929094693,6.69476974877198,634.76,0,0,2.32853055301359,2.27826449202419,0.75073481438574,589.21,593.5,0,0,0.348394644198038,0.335681144343922,0.108973732253065,627.71,589.5,0,0,"Mobula kuhlii",-45.55,-7.04999999999995,38.5
"Fenestraja_plutonia",27.9777512596094,25.576443939885,12.8190491606745,635.11,0,0,1.83938481581544,1.0667718015995,1.64803403467638,814.39,905,0,0,0.269976339715208,0.238784855853926,0.124323539676395,898.12,970,0,0,"Fenestraja plutonia",179.28,263.01,83.73
"Okamejei_hollandi",26.9927907855205,25.750405862437,10.0314036766781,635.35,0,0,0.76851541542684,0.665771538899125,0.417890033697397,1070.62,1075,0,0,0.211644558363138,0.20169681432245,0.0607722860095856,1041.93,1062,0,0,"Okamejei hollandi",435.27,406.58,-28.6899999999998
"Breviraja_nigriventralis",27.8338371247173,24.180305562228,12.6952230245244,635.53,0,0,1.88894063668202,1.21609617590674,2.01778677216258,840.23,903.5,0,0,0.258701107509295,0.225402251343955,0.135177886016036,929.32,984,0,0,"Breviraja nigriventralis",204.7,293.79,89.09
"Scyliorhinus_tokubee",27.9532365069616,24.850012347391,14.9597612673245,635.57,1,0.01,2.86811278233028,2.47192097921095,2.63305916752539,540.72,550.5,1,0.01,0.689249367985695,0.692616493934503,0.394858701818958,391.65,370.5,0,0,"Scyliorhinus tokubee",-94.85,-243.92,-149.07
"Rhinoptera_peli",27.3887006284431,23.5128188069592,11.6781482691117,637.54,0,0,2.32484426551716,2.1959111148213,0.782299718597321,593.52,590.5,0,0,0.345421175642626,0.337763664751081,0.0944727325299051,622.04,608.5,0,0,"Rhinoptera peli",-44.02,-15.5,28.52
"Scyliorhinus_garmani",26.9754233290572,24.9333075144887,10.0240987692121,637.89,0,0,2.69734165327448,2.57226878039596,0.987143064849368,527.02,536,0,0,0.669342681202164,0.678877631991138,0.28094244285936,384.78,369,0,0,"Scyliorhinus garmani",-110.87,-253.11,-142.24
"Breviraja_claramaculata",27.2492428939546,25.7666358803043,11.7398636167766,639.45,0,0,1.89540034787763,1.20905446817964,2.10043678817616,840.48,905,0,0,0.260854469974727,0.223906784123983,0.15624286592506,938.19,990.5,0,0,"Breviraja claramaculata",201.03,298.74,97.71
"Raja_undulata",26.9184939086553,25.1510738962518,10.8698884631729,641.35,0,0,0.851394396709589,0.74549629343249,0.446975947479787,1038.78,1047.5,0,0,0.213187981058843,0.207312255666295,0.0630988256423457,1036.15,1048,0,0,"Raja undulata",397.43,394.8,-2.62999999999988
"Breviraja_colesi",28.4454985865035,24.5865014781819,15.6024884250387,641.78,0,0,2.01849326173995,1.18778764911074,2.6321187953636,841.18,919,0,0,0.262588225754974,0.228724035327998,0.156176179918317,937.73,999,0,0,"Breviraja colesi",199.4,295.95,96.5500000000001
"Etmopterus_compagnoi",27.2042807125223,25.0298245686978,11.6022845394803,641.88,0,0,2.22953518193514,2.24012869971253,1.08328694470844,635.05,650,0,0,0.567471739295016,0.558394331687027,0.202269769318828,423.55,419.5,0,0,"Etmopterus compagnoi",-6.83000000000004,-218.33,-211.5
"Scyliorhinus_hesperius",27.5914928530987,25.5856001508744,13.0164008527338,643.78,0,0,2.84728049959083,2.62549211031978,1.403938396518,521.7,518,0,0,0.694748728296191,0.689712220628774,0.357553645202858,383.79,363.5,0,0,"Scyliorhinus hesperius",-122.08,-259.99,-137.91
"Torpedo_semipelagica",26.8800069605154,24.3244956897493,11.1944072057118,644.74,0,0,2.68794066618617,2.46456218538481,0.756952471571377,533.33,587.5,0,0,0.6711383302295,0.633283629802757,0.1477215701873,357.52,367,0,0,"Torpedo semipelagica",-111.41,-287.22,-175.81
"Torpedo_suessii",27.1181943326402,24.3977026947402,11.3546243603034,645.27,0,0,2.6667119093772,2.54975234106752,0.687000161214914,531.03,554.5,0,0,0.674491594110011,0.648342602081988,0.137575799025924,354.76,363,0,0,"Torpedo suessii",-114.24,-290.51,-176.27
"Dasyatis_parvonigra",27.8603633418485,24.1071809151115,13.8985549020937,645.7,0,0,1.7581820584782,1.67413506107981,0.753952302557401,745.57,745.5,0,0,0.286589239091569,0.273997399145225,0.073227599583688,779.53,781,0,0,"Dasyatis parvonigra",99.87,133.83,33.9599999999999
"Himantura_marginata",26.1992796805833,24.5314513159733,8.81525748318215,646.86,0,0,1.58445313707428,1.53379953175694,0.40336650167472,772.8,823.5,0,0,0.282434076134698,0.266431118820474,0.074669185858478,790.34,776.5,0,0,"Himantura marginata",125.94,143.48,17.5400000000001
"Etmopterus_hillianus",26.9070128078262,24.693759590534,10.7983318479882,647.69,0,0,2.22337211299861,2.16799323745714,0.989361218598083,637.11,654,0,0,0.567723442843465,0.576755406030238,0.193538500618699,420.24,425,0,0,"Etmopterus hillianus",-10.58,-227.45,-216.87
"Galeus_springeri",28.1241229462347,25.0638524318606,15.3784188301961,648.26,0,0,2.600866200389,2.31038921682133,2.00457565995911,619.12,653.5,0,0,0.321377204695888,0.320186588185013,0.112056374647533,712.4,691.5,0,0,"Galeus springeri",-29.14,64.14,93.28
"Squatina_guggenheim",25.7417076974363,26.7544136151344,6.69291657093747,649.39,0,0,3.64824927832095,3.60802090502798,1.0286085518536,394.26,396.5,0,0,1.1705357865912,1.16977314592526,0.393452780476327,214.48,215.5,0,0,"Squatina guggenheim",-255.13,-434.91,-179.78
"Torpedo_alexandrinsis",26.8236397245562,23.1625799262791,11.1713507498677,654.24,0,0,2.70570242078859,2.5448825101094,0.678575197664613,525.75,562,0,0,0.659203439399792,0.640658549067523,0.151563308254104,364.25,377,0,0,"Torpedo alexandrinsis",-128.49,-289.99,-161.5
"Scyliorhinus_meadi",26.6151072370554,24.8999815306941,11.0172662344596,654.37,0,0,2.67510568786921,2.48489118198857,1.02810391785856,534.27,536,0,0,0.666688476949143,0.675529583760988,0.291784998524691,386.45,376.5,0,0,"Scyliorhinus meadi",-120.1,-267.92,-147.82
"Squatina_occulta",25.5725331875653,26.4661993161454,6.75544527140424,654.81,0,0,3.64516395710918,3.6596667201514,1.01584554884596,393.52,393.5,0,0,1.17795100894095,1.19464009510338,0.388668831094648,211.71,212.5,0,0,"Squatina occulta",-261.29,-443.1,-181.81
"Torpedo_formosa",26.5612123140235,24.798256406966,10.9825734346555,656.92,0,0,2.72390601417904,2.52292007435907,0.886127298836468,525.61,563,0,0,0.676110837990901,0.624004550208664,0.17672196605166,356.9,364.5,0,0,"Torpedo formosa",-131.31,-300.02,-168.71
"Galeus_antillensis",27.360786532428,24.3857807587737,14.026560864792,657.25,0,0,2.56802492534721,2.39276863237091,1.94496103445407,623.57,652.5,0,0,0.322550091246398,0.318173366100782,0.109007585959114,701.54,687.5,0,0,"Galeus antillensis",-33.68,44.29,77.9699999999999
"Raja_miraletus",26.2801500454491,24.7785866847107,10.6630327425503,657.46,0,0,0.881112235829436,0.754201534618886,0.555834137922089,1029.69,1040.5,0,0,0.218147553765286,0.208161408851608,0.0681690578743208,1030.86,1054.5,0,0,"Raja miraletus",372.23,373.4,1.16999999999985
"Hemitriakis_indroyonoi",26.0457780003796,24.6569834821754,8.88104399861251,657.8,0,0,3.10877068521282,3.43609772073664,1.44041699467622,502.95,458,0,0,0.330448330770657,0.332548255942179,0.12026555631392,699.92,669,0,0,"Hemitriakis indroyonoi",-154.85,42.12,196.97
"Urotrygon_venezuelae",26.2670605251523,23.9829260654481,10.2947924897971,658.59,0,0,2.14292623630733,2.0440627434137,0.699969839607442,638.92,638.5,0,0,0.295120612072716,0.286820360865386,0.0797789668120006,750.11,739,0,0,"Urotrygon venezuelae",-19.6700000000001,91.52,111.19
"Rhinoptera_adspersa",26.0017438180307,24.0768878480625,9.27788870172768,659.24,0,0,2.29787769248431,2.19482706732321,0.709400725397394,597.09,601,0,0,0.343643710007098,0.33575417824359,0.0959336368318567,626.87,612,0,0,"Rhinoptera adspersa",-62.15,-32.37,29.78
"Hemitriakis_abdita",25.8345099546646,24.0059597840397,8.53241717756452,660.16,0,0,3.13257464548776,3.37415282193475,1.48453152824262,502.98,452.5,0,0,0.325598444901098,0.339064736880004,0.115234395825708,709.24,673.5,0,0,"Hemitriakis abdita",-157.18,49.08,206.26
"Etmopterus_joungi",26.0228133854801,24.5120073576819,9.53402998792544,661.64,0,0,2.27760093918285,2.28453447176294,1.13106650231702,628.48,653.5,0,0,0.573086975715714,0.580459449306701,0.198584171069003,418.54,418.5,0,0,"Etmopterus joungi",-33.16,-243.1,-209.94
"Etmopterus_schmidti",26.2369910546709,24.1187133209159,10.6422873044044,663.98,0,0,2.24023079712914,2.20199425897755,0.973912438429707,630.09,645,0,0,0.572465561508837,0.593782035554735,0.200959604683005,419.24,420.5,0,0,"Etmopterus schmidti",-33.89,-244.74,-210.85
"Fenestraja_sinusmexicanus",26.17552382002,25.0751082063098,10.8047053061532,664.91,0,0,1.81217094227324,1.03426430332082,1.54215191702461,813.22,906.5,0,0,0.276963774924519,0.240541137038676,0.138237846355916,886.04,920.5,0,0,"Fenestraja sinusmexicanus",148.31,221.13,72.8199999999999
"Carcharhinus_brachyurus",25.0222428527019,26.3442344367949,6.17698430790688,666.31,0,0,0.894751363101738,0.939513829380423,0.25237795405647,980.85,978.5,0,0,0.245153310929474,0.244256836103462,0.065695671298472,935.64,938.5,0,0,"Carcharhinus brachyurus",314.54,269.33,-45.21
"Urotrygon_simulatrix",26.0545122239317,25.8320223419395,10.6198188162502,666.86,0,0,2.09218880911632,2.01940231380184,0.637789063176605,648.33,662,0,0,0.296788322238219,0.283061404544892,0.0833254736245565,749.28,759.5,0,0,"Urotrygon simulatrix",-18.53,82.42,100.95
"Malacoraja_obscura",25.9576543213085,24.6143020632141,9.82456047140236,666.89,0,0,1.60253032116699,1.53794711252268,1.11571647235728,839.56,872,0,0,0.255851714079192,0.235970973364359,0.112500387307292,915.06,951.5,0,0,"Malacoraja obscura",172.67,248.17,75.5
"Galeus_cadenati",27.1246720974459,22.6198877726112,14.9540468071944,667.18,0,0,2.53863471005612,2.23372057249551,2.28546891582361,632.65,656.5,0,0,0.320717627886974,0.3161766793928,0.110582316097812,713.83,708.5,0,0,"Galeus cadenati",-34.53,46.6500000000001,81.1800000000001
"Etmopterus_villosus",26.2683501573224,22.635282918727,11.4104907871782,667.36,0,0,2.23348814641223,2.22078542288084,1.09694072222691,636.53,651.5,0,0,0.573549775962052,0.583222920193413,0.200539316663339,420.49,420,0,0,"Etmopterus villosus",-30.83,-246.87,-216.04
"Fenestraja_ishiyamai",26.0982799815957,25.2592646800142,10.3162589451469,667.78,0,0,1.81237507835252,1.0534802076177,1.5863434458945,814.8,910.5,0,0,0.272411578339529,0.239605320982162,0.12469022868505,885.9,941.5,0,0,"Fenestraja ishiyamai",147.02,218.12,71.1
"Fenestraja_atripinna",26.0718762964596,24.5420353225136,10.0816126964429,667.85,0,0,1.87528576008353,1.03994415598315,1.77672762941118,813.23,907,0,0,0.280838911088894,0.254069483458228,0.134001081719819,866.5,928,0,0,"Fenestraja atripinna",145.38,198.65,53.27
"Carcharhinus_isodon",24.840003833449,26.1714817713183,5.9266876194114,669.07,0,0,0.890404974949958,0.937680656314875,0.251661040755984,984.42,978,0,0,0.242378116143171,0.23608129763633,0.0644999943300417,946.5,961.5,0,0,"Carcharhinus isodon",315.35,277.43,-37.92
"Mustelus_californicus",25.6026191846854,27.1980396261811,8.79356383963956,669.54,0,0,1.51120995893017,1.58644742408229,0.607889231266239,826.68,825.5,0,0,0.294339413509458,0.308098284525211,0.0980459124528761,784.35,755.5,0,0,"Mustelus californicus",157.14,114.81,-42.3299999999999
"Malacoraja_senta",26.3370111572474,24.4369420881948,11.5991352699615,670.4,0,0,1.64228538919624,1.4838074983838,1.3034541426989,833,869.5,0,0,0.254684489273964,0.239326610687176,0.095296475383505,915.52,949.5,0,0,"Malacoraja senta",162.6,245.12,82.52
"Galeus_schultzi",26.8169229874331,22.8380212703465,13.1531051030617,670.78,0,0,2.40794305646997,2.23526440926821,1.46321812498786,631.53,665.5,0,0,0.321829740268649,0.316685172589088,0.112543707547726,715.64,703,0,0,"Galeus schultzi",-39.25,44.86,84.11
"Urolophus_gigas",26.3859175412825,23.6358790432002,12.1474226755658,670.81,0,0,2.72004682517563,2.17194148978568,1.61146683987323,571.1,633.5,0,0,0.351453640127321,0.333447572530303,0.121951954221841,624.49,599,0,0,"Urolophus gigas",-99.7099999999999,-46.3199999999999,53.39
"Etmopterus_burgessi",26.0178882842796,23.4413139134175,11.3107479008461,671.46,0,0,2.3465678482347,2.37423707156342,1.70124811466552,626.59,637,0,0,0.579986879966487,0.572370974029986,0.208147548482401,416.64,418.5,0,0,"Etmopterus burgessi",-44.87,-254.82,-209.95
"Etmopterus_evansi",25.9407933973237,23.5103615731599,10.3260636098836,671.85,0,0,2.21171102677213,2.22414361155251,0.951681510152937,634.8,651,0,0,0.57866138415412,0.579800750983448,0.203409064512832,416.64,415.5,0,0,"Etmopterus evansi",-37.0500000000001,-255.21,-218.16
"Carcharhinus_dussumieri",24.7695759098593,25.5073737633037,5.74269730023582,672.14,0,0,0.898754621082194,0.925208093954729,0.262728302007517,980.08,973.5,0,0,0.242657727052239,0.24397594133927,0.065857177429002,946.14,951,0,0,"Carcharhinus dussumieri",307.94,274,-33.9400000000001
"Leucoraja_ocellata",25.0654493446448,25.4771683399723,7.55815724638869,672.32,0,0,0.976665362997386,0.94743679349974,0.486568110116013,976.23,967,0,0,0.227400783605981,0.221101228039742,0.0668288676131826,989.04,990,0,0,"Leucoraja ocellata",303.91,316.72,12.8099999999999
"Galeus_nipponensis",27.7105837211001,22.4472349895381,16.5131054171553,672.36,0,0,2.6454864682233,2.30407335175186,2.11634785462512,621.29,663,0,0,0.3235337717886,0.316641137931482,0.110835474075947,707.25,692,0,0,"Galeus nipponensis",-51.07,34.89,85.96
"Etmopterus_decacuspidatus",26.4933945715308,24.3849628092937,12.3712432724094,672.38,0,0,2.19657471747332,2.25644166757501,1.05548343259648,643.88,660,0,0,0.562350854613055,0.574784906061709,0.186639001117191,422.28,423.5,0,0,"Etmopterus decacuspidatus",-28.5,-250.1,-221.6
"Fenestraja_sibogae",26.0978248638244,23.0268661980799,11.9053437121538,672.47,0,0,1.78337732039108,1.02302063652333,1.62505978421122,818.16,897.5,0,0,0.275850351635585,0.232493862001163,0.141339240378308,883.27,916.5,0,0,"Fenestraja sibogae",145.69,210.8,65.11
"Etmopterus_bullisi",25.4974219070289,23.9090775799285,8.98575206274932,673.11,0,0,2.15801447250982,2.21602680585586,0.866459526217512,646.05,662,0,0,0.570507209996001,0.578860620767205,0.203505528525382,419.03,420,0,0,"Etmopterus bullisi",-27.0600000000001,-254.08,-227.02
"Mustelus_norrisi",25.322564158553,28.3347166922666,8.02922564966187,673.68,0,0,1.51412578569394,1.5852152863907,0.607526494824414,823.9,824.5,0,0,0.297299860358223,0.297229448066152,0.0985296398723284,778.36,764.5,0,0,"Mustelus norrisi",150.22,104.68,-45.54
"Rhinoptera_brasiliensis",25.3675320137742,24.3351955083705,8.92128670704465,674.85,0,0,2.27907931717336,2.18176981844144,0.714774810128207,600.47,598,0,0,0.343293356942598,0.327167346444718,0.0958001619181826,628.64,609.5,0,0,"Rhinoptera brasiliensis",-74.38,-46.21,28.17
"Torpedo_peruana",25.7930860316605,23.4499396055203,10.0508793706884,675.09,0,0,2.61101222852461,2.49891124921246,0.628818223271467,542.2,585.5,0,0,0.651124787720755,0.629632246796034,0.132459068721028,364.84,382,0,0,"Torpedo peruana",-132.89,-310.25,-177.36
"Leucoraja_erinacea",24.9130412156961,24.1001215691867,7.3543391569581,676.71,0,0,0.963372103191158,0.9433004798993,0.472250758202982,981.56,974.5,0,0,0.225035936237765,0.2179146350839,0.0666663345276017,999.22,1022,0,0,"Leucoraja erinacea",304.85,322.51,17.6600000000001
"Carcharhinus_brevipinna",24.6470758077724,25.7573240722218,6.09329051570585,677.24,0,0,0.893935554892608,0.937745815141452,0.255112200690809,982.26,982,0,0,0.246046129315213,0.25113502957968,0.0653199757306728,934.22,930.5,0,0,"Carcharhinus brevipinna",305.02,256.98,-48.04
"Urolophus_kaianus",27.932579951116,21.463082324767,17.287976387884,677.28,2,0.02,3.08951376234258,2.1735643807022,2.67228307814014,564.57,658,0,0,0.362178644978892,0.336470700384793,0.151194248880955,610.31,604,0,0,"Urolophus kaianus",-112.71,-66.97,45.7399999999999
"Rhinoptera_sewelli",25.511957674999,23.6514097772027,9.70729968648186,678.06,0,0,2.27230812472978,2.21603064838621,0.755966934202188,604.57,600.5,0,0,0.347298685693133,0.338271922680028,0.0958458546511029,617.74,604.5,0,0,"Rhinoptera sewelli",-73.4899999999999,-60.3199999999999,13.17
"Fenestraja_cubensis",25.8743310436657,22.8059526887223,11.641643390152,678.32,0,0,1.86551785756479,1.07600649012824,1.85615758078582,814.67,909.5,0,0,0.267960075875741,0.243118799537197,0.125126299298852,897.21,945.5,0,0,"Fenestraja cubensis",136.35,218.89,82.5400000000001
"Etmopterus_perryi",26.08410927785,23.6967895130422,12.216473451512,679.76,0,0,2.28260796406769,2.26792942117522,1.14164424244669,628.17,645.5,0,0,0.573059243622158,0.584130845966146,0.196511970569479,420.59,421,0,0,"Etmopterus perryi",-51.59,-259.17,-207.58
"Rhinoptera_hainanensis",25.5465091022659,24.3693548444611,10.2312590914721,680.48,0,0,2.30341005024585,2.22179427427076,0.829620049737664,598.57,580.5,0,0,0.346290998451324,0.338982322128614,0.100552528609398,623.48,616,0,0,"Rhinoptera hainanensis",-81.91,-57,24.91
"Galeus_priapus",26.3402956582456,22.0666274151362,13.0291931269686,681.12,0,0,2.32970184614115,2.36194775286702,1.26106585650439,637.01,657,0,0,0.321097072688985,0.312860321265142,0.106365099519612,708.49,690.5,0,0,"Galeus priapus",-44.11,27.37,71.48
"Etmopterus_robinsi",25.632634826313,22.3818685598958,10.315106560401,682.35,0,0,2.2096650448733,2.21608340667615,0.942378208941868,637.76,662.5,0,0,0.579005827481154,0.573104457662743,0.207548738474403,413.47,412,0,0,"Etmopterus robinsi",-44.59,-268.88,-224.29
"Etmopterus_viator",25.7961633762093,23.2672219831503,11.5349640059279,682.54,0,0,2.27798170538499,2.23193873548622,1.27997002250332,633.63,643.5,0,0,0.562862638701291,0.562633183249155,0.193686162049035,424.73,425.5,0,0,"Etmopterus viator",-48.91,-257.81,-208.9
"Parmaturus_lanatus",25.5244759153837,24.1026694802238,10.102350043947,682.59,0,0,2.09681580098848,2.16577402827232,0.934217199809918,670.73,668.5,0,0,0.317541944585742,0.316727123555083,0.108891113334372,714.54,692,0,0,"Parmaturus lanatus",-11.86,31.9499999999999,43.8099999999999
"Himantura_walga",24.1328798682095,24.285094713941,3.08655354563036,682.61,0,0,1.50489915364208,1.48602815329301,0.297457858245006,788.74,842,0,0,0.280945929044021,0.271060635195702,0.0605781766858898,784.85,782,0,0,"Himantura walga",106.13,102.24,-3.88999999999999
"Etmopterus_carteri",25.2146556985243,23.0644945104448,9.7775721813845,685.03,0,0,2.24542736295089,2.31231147459754,1.02795915772685,636.92,654,0,0,0.57214684279606,0.582390964446524,0.187332585556104,420.41,418,0,0,"Etmopterus carteri",-48.11,-264.62,-216.51
"Carcharhinus_sorrah",24.8028974960022,22.7039121206132,8.30553597504371,685.15,0,0,0.888840869450969,0.923894032999997,0.245283805894938,982.33,976,0,0,0.244548269976865,0.248477687575603,0.0636841898181135,937.39,942,0,0,"Carcharhinus sorrah",297.18,252.24,-44.9400000000001
"Apristurus_macrostomus",26.7719304477971,23.1352388470517,15.9538611689374,685.55,0,0,2.22489909538751,1.84320788023725,2.46739990783298,709.98,772,0,0,0.314139372100045,0.304700059638346,0.125298876850232,733.19,718.5,0,0,"Apristurus macrostomus",24.4300000000001,47.6400000000001,23.21
"Urolophus_mitosis",25.4621416511182,23.313131555568,11.1008434601648,686.18,0,0,2.78448843633568,2.13561473760915,1.91017822305372,572.78,653.5,0,0,0.354162818429023,0.338496004010696,0.115508733972387,614.63,597.5,0,0,"Urolophus mitosis",-113.4,-71.55,41.85
"Rhizoprionodon_longurio",24.3328823189663,25.3038382799675,5.43633215171827,686.67,0,0,1.71027791545147,1.70157853947845,0.859802330489979,788.44,786,0,0,0.277167628256078,0.284187055517299,0.0799898517055641,825.69,825.5,0,0,"Rhizoprionodon longurio",101.77,139.02,37.25
"Torpedo_marmorata",25.0519914638708,24.479959744125,8.95028868856735,687.14,0,0,2.50728468702844,2.42382688916962,0.461831279339782,556.23,593.5,0,0,0.649926592452129,0.640185433697771,0.139747522970847,366.54,389,0,0,"Torpedo marmorata",-130.91,-320.6,-189.69
"Apristurus_gibbosus",25.8569880605971,22.74531301645,11.8491096283572,687.7,0,0,1.92845296973878,1.8466969135673,1.05320610749264,728.63,759.5,0,0,0.313317460402967,0.299644752662904,0.102551989415159,730.63,730,0,0,"Apristurus gibbosus",40.93,42.93,2
"Carcharhinus_sealei",24.317904076815,24.683064113956,5.70671555547933,687.91,0,0,0.899388526924716,0.936655382539963,0.256020681690491,978.22,972.5,0,0,0.240180416003626,0.242239897038357,0.0649508727925475,957.9,962.5,0,0,"Carcharhinus sealei",290.31,269.99,-20.32
"Torpedo_tremens",25.6054017412692,22.2301720974371,11.8319341744125,688.01,0,0,2.67085528407214,2.49744951362602,0.818008310887617,534.11,567.5,0,0,0.662539966279256,0.627043423693376,0.164518879535355,363.28,371.5,0,0,"Torpedo tremens",-153.9,-324.73,-170.83
"Urolophus_circularis",26.5776361168273,22.5801731120829,14.6627561368248,688.28,1,0.01,2.86581017536176,2.16814556604532,2.41322710931999,574.17,640,0,0,0.366397697026023,0.346939280792995,0.155958947203686,601.7,581,0,0,"Urolophus circularis",-114.11,-86.5799999999999,27.5300000000001
"Galeus_gracilis",26.2877311783197,22.2315928678384,14.3931859171126,688.3,0,0,2.4480840448618,2.33526292944022,2.03830809317723,638.56,664,0,0,0.321871152158942,0.315173499293122,0.114970341192643,714,705,0,0,"Galeus gracilis",-49.74,25.7,75.44
"Torpedo_adenensis",25.4021040887198,22.5823194341359,10.7487915790718,688.57,0,0,2.58144725746297,2.43608859759635,0.594219153449859,546.76,591.5,0,0,0.650186882205197,0.616227576214063,0.145292475567321,367.42,388,0,0,"Torpedo adenensis",-141.81,-321.15,-179.34
"Apristurus_riveri",25.7178889318319,22.2253530984699,11.3857434536765,688.82,0,0,1.90371649682672,1.87814085246781,0.96905482983369,728.29,771.5,0,0,0.315541400258329,0.302102125413073,0.109752945466199,721.39,706,0,0,"Apristurus riveri",39.4699999999999,32.5699999999999,-6.89999999999998
"Torpedo_panthera",25.9089544646882,21.9352480566613,12.3664405400535,689.14,0,0,2.74782517998548,2.4494799715329,0.967350455578515,529.57,594.5,0,0,0.656764268316567,0.634042308705208,0.1497959257644,363.31,373.5,0,0,"Torpedo panthera",-159.57,-325.83,-166.26
"Torpedo_zugmayeri",25.5531067687356,22.317590482387,11.5215439616666,689.22,0,0,2.65788801491319,2.49743171909307,0.874809495300804,537.32,574,0,0,0.662026899198197,0.65238680936954,0.144520001907664,363.58,373.5,0,0,"Torpedo zugmayeri",-151.9,-325.64,-173.74
"Etmopterus_sculptus",26.2016817777369,24.3693515519623,13.5652130401623,689.3,0,0,2.35334322457405,2.2231241904593,1.58951756813555,629.1,648.5,0,0,0.582315171237128,0.579316438270367,0.217199089420408,414.76,409.5,0,0,"Etmopterus sculptus",-60.1999999999999,-274.54,-214.34
"Malacoraja_spinacidermis",25.0186705174426,23.574756292896,9.34053699056866,689.87,0,0,1.5906381284028,1.46061358068666,1.09204196144901,841.14,864,0,0,0.256607029548933,0.229921067471824,0.11951105838001,926.87,944,0,0,"Malacoraja spinacidermis",151.27,237,85.73
"Rhizoprionodon_lalandii",24.1712521064266,24.906328852294,5.37458441787092,690.21,0,0,1.71864751570691,1.7882782438932,0.860763230291381,784.96,781,0,0,0.275079535933267,0.27353631895446,0.0792875457630316,835.58,831.5,0,0,"Rhizoprionodon lalandii",94.75,145.37,50.62
"Fenestraja_maceachrani",25.1616296972552,23.128393547508,10.6643309559443,690.9,0,0,1.78499269662589,1.04344191875439,1.74015885862472,829.69,911,0,0,0.276155086599103,0.245325054394,0.128467738460961,878.71,934.5,0,0,"Fenestraja maceachrani",138.79,187.81,49.02
"Squatina_albipunctata",24.1809841164987,24.9585836806775,5.20266523687101,691.3,0,0,3.71853388634134,3.70236225610533,1.09566201730178,387.95,386,0,0,1.19090924004439,1.19197826195687,0.421680630454073,211.76,212.5,0,0,"Squatina albipunctata",-303.35,-479.54,-176.19
"Triaenodon_obesus",24.7003007085099,23.9368895341468,8.70237705161153,691.54,0,0,0.892435562015899,0.94395470805519,0.254695933521365,983.12,975,0,0,0.246675983123342,0.252439021197906,0.0659936570009144,931.31,930,0,0,"Triaenodon obesus",291.58,239.77,-51.8100000000001
"Torpedo_bauchotae",25.3494445918189,22.8055656583415,11.101605095256,692.17,0,0,2.70621624163786,2.49268478501096,0.802473800058579,530.49,561.5,0,0,0.661944758140369,0.652997607285861,0.150361722754293,363.91,369.5,0,0,"Torpedo bauchotae",-161.68,-328.26,-166.58
"Scyliorhinus_stellaris",24.3008177912076,24.4187540563762,6.78736953551126,692.27,0,0,2.63812650571691,2.62534816808661,0.86223532656709,532.92,526,0,0,0.677191472236936,0.692532287726008,0.277801479753479,382.52,364.5,0,0,"Scyliorhinus stellaris",-159.35,-309.75,-150.4
"Urotrygon_microphthalmum",25.3133037888393,22.264065223673,10.8331950225936,692.66,0,0,2.08072595793828,1.96872457417738,0.737070408725663,656.82,668.5,0,0,0.29474287558731,0.283806799590143,0.0903214889942465,756.65,740,0,0,"Urotrygon microphthalmum",-35.8399999999999,63.99,99.8299999999999
"Etmopterus_litvinovi",25.4543691503328,23.651274231127,12.5981445835809,693.51,1,0.01,2.46796870031287,2.26936669332202,2.31071737438293,624.45,659.5,0,0,0.579332525934975,0.57404114458062,0.294647832344927,425.81,420.5,0,0,"Etmopterus litvinovi",-69.06,-267.7,-198.64
"Etmopterus_molleri",24.2306382831198,24.3012774268745,6.62942307267083,693.78,0,0,2.2841275537022,2.41735683445496,0.919727269788713,617.33,627.5,0,0,0.572969969682945,0.592751166094411,0.19393058668432,417.59,415,0,0,"Etmopterus molleri",-76.4499999999999,-276.19,-199.74
"Parmaturus_xaniurus",24.9667195502454,23.480890568067,9.58856106806753,695.59,0,0,2.07642389422642,2.24159463633544,0.904269344735418,673.09,657,0,0,0.323466953060638,0.314092998756922,0.109191169147883,696.72,692,0,0,"Parmaturus xaniurus",-22.5,1.13,23.63
"Neoraja_iberica",25.1089214591306,22.8589969371853,9.90723051930538,696.17,0,0,1.52469827912956,1.46927203377993,0.903344868922536,850.34,862.5,0,0,0.245197379109907,0.223792509045179,0.078371601503783,933.89,957,0,0,"Neoraja iberica",154.17,237.72,83.55
"Torpedo_tokionis",24.9643545203866,22.3712429383337,9.50218943771851,696.57,0,0,2.5266337467492,2.4139208959492,0.574709014209749,557.31,609,0,0,0.651145243347529,0.642158901382935,0.146622256284085,369.15,398.5,0,0,"Torpedo tokionis",-139.26,-327.42,-188.16
"Parmaturus_bigus",25.1762870896076,23.5359214772461,10.5088939301648,697.68,0,0,2.0898708679084,2.1269447743331,0.967793583346835,674.79,663,0,0,0.318421563164852,0.313793085023053,0.10631403885554,712.08,701,0,0,"Parmaturus bigus",-22.89,14.4000000000001,37.2900000000001
"Fenestraja_mamillidens",25.314703956676,22.088804681368,11.471503542392,699.68,0,0,1.83944578438188,1.09924613166582,1.65912991063536,816.35,905,0,0,0.267597253709762,0.244492330737565,0.105980311989626,884.7,934,0,0,"Fenestraja mamillidens",116.67,185.02,68.35
"Urolophus_neocaledoniensis",26.6646120513539,21.3321310676037,16.6804648212903,699.97,2,0.02,2.98604413791369,2.14363805117353,2.67479888919128,565.99,657,0,0,0.362249402928709,0.344296722803808,0.121731108073855,603.12,582.5,0,0,"Urolophus neocaledoniensis",-133.98,-96.85,37.13
"Urotrygon_aspidura",25.0498588468628,23.5657655179712,10.199561187473,700.77,0,0,2.08362012577766,1.98656050662735,0.628663008349729,650.88,669,0,0,0.295483570593349,0.286416951381184,0.077654235770636,751.42,749,0,0,"Urotrygon aspidura",-49.89,50.65,100.54
"Etmopterus_pycnolepis",24.8832597469251,23.0702924380508,10.2490563648038,701.76,0,0,2.15913355581965,2.32127907749049,0.845334974981417,644.42,657,0,0,0.572552240395454,0.584670640679418,0.194328591000514,422.71,420,0,0,"Etmopterus pycnolepis",-57.34,-279.05,-221.71
"Apristurus_saldanha",25.5624871042661,22.2016275345414,12.1599167835463,701.93,0,0,1.92058214116258,1.90546464630112,1.20932741837883,735.37,772,0,0,0.310540411621869,0.306957195616882,0.100018726581097,734.11,707.5,0,0,"Apristurus saldanha",33.4400000000001,32.1800000000001,-1.25999999999999
"Apristurus_canutus",25.9602953747863,21.2644709754076,13.6782074786444,702.27,0,0,2.02413742255369,1.91085724485018,1.41126832344346,722.4,773,0,0,0.309357459104512,0.303692363201054,0.099208656278633,738.39,734,0,0,"Apristurus canutus",20.13,36.12,15.99
"Neoraja_stehmanni",24.6983744306151,23.3008519691918,9.59360329381104,702.6,0,0,1.55046285581031,1.40284418175859,0.936047296994506,843.48,863.5,0,0,0.251516857662957,0.22961226568755,0.0847057424237491,920.65,921.5,0,0,"Neoraja stehmanni",140.88,218.05,77.17
"Urotrygon_caudispinosus",24.8113737389461,22.8937407086258,10.4586630775484,702.66,0,0,2.07521842773296,1.97750616821418,0.63969201835015,655.64,675.5,0,0,0.296857079847474,0.288712703102597,0.0885860169453948,751.46,755,0,0,"Urotrygon caudispinosus",-47.02,48.8000000000001,95.82
"Urolophus_orarius",24.6598507265896,22.7071523720041,10.1617992405028,702.86,0,0,2.57516304776771,2.12474033060337,1.71583672207886,595.04,653,0,0,0.366469681918785,0.33824330240624,0.145547424761987,599.28,593.5,0,0,"Urolophus orarius",-107.82,-103.58,4.24000000000001
"Torpedo_microdiscus",24.807721538448,21.404077809743,9.99042741840952,702.87,0,0,2.60651986092326,2.46926744750446,0.617551398708962,543.37,569,0,0,0.65111306949544,0.631391611080726,0.146845663685277,367.74,388,0,0,"Torpedo microdiscus",-159.5,-335.13,-175.63
"Glyphis_garricki",23.7591859350934,24.0179844528856,5.33642876496174,703.1,0,0,1.12883254566357,1.09979201975885,0.473277904815558,915.04,914,0,0,0.256926631710301,0.256405776105362,0.0738851780900945,899.2,884.5,0,0,"Glyphis garricki",211.94,196.1,-15.8399999999999
"Parmaturus_melanobranchus",25.4104428794872,22.0996653940225,12.0279808301956,703.78,0,0,2.17852584936201,2.17652632621816,1.28182261521054,667.93,670,0,0,0.319983345444406,0.319800052546741,0.107360159455054,704.18,681,0,0,"Parmaturus melanobranchus",-35.85,0.399999999999977,36.25
"Dipturus_kwangtungensis",25.2563288727578,24.6162765570287,11.5464272482525,704.03,0,0,0.665382275242946,0.607933157262807,0.378625708243442,1114.28,1120.5,0,0,0.202588797682119,0.190846303761218,0.0558321139597957,1069.13,1098.5,0,0,"Dipturus kwangtungensis",410.25,365.1,-45.1499999999999
"Etmopterus_caudistigmus",24.8167206921305,23.0980212874119,10.4212516146928,704.37,0,0,2.19707250194518,2.23664935351739,0.895586291709581,635.27,641.5,0,0,0.566244358664065,0.55896395808332,0.196159307840364,422.42,421.5,0,0,"Etmopterus caudistigmus",-69.1,-281.95,-212.85
"Malacoraja_kreffti",24.5176177598578,23.8214337809494,9.08067449937631,705.41,0,0,1.61076756295805,1.44805356793908,1.24857981264429,838.55,850,0,0,0.254245020250193,0.239156633866562,0.109242433535724,928.5,944,0,0,"Malacoraja kreffti",133.14,223.09,89.95
"Torpedo_polleni",24.5777686713086,21.1737684180699,10.3619206540415,705.47,0,0,2.62644832317154,2.47653478154568,0.794280917748164,543.42,585.5,0,0,0.654993147794222,0.634844584248919,0.156059515969975,365.77,380,0,0,"Torpedo polleni",-162.05,-339.7,-177.65
"Galeus_mincaronei",25.7065321068292,21.6473357294964,13.0625158700862,705.48,0,0,2.37960873449949,2.18914465188747,1.49637249374656,638.45,674,0,0,0.318415778490503,0.312139981276394,0.10447967754418,713.48,699.5,0,0,"Galeus mincaronei",-67.03,8,75.03
"Urolophus_armatus",25.3858374700977,20.7998406635665,13.2492065570189,706.78,0,0,2.98714024259874,2.12357341055337,2.53217192163057,561.7,643.5,0,0,0.362125795568645,0.34580066206357,0.142106647580516,616.25,594,0,0,"Urolophus armatus",-145.08,-90.53,54.55
"Sympterygia_lima",23.7011226656797,22.6609486386115,6.37711427377869,706.89,0,0,1.23247323256738,1.04337710144249,0.621890467756978,883.22,899,0,0,0.274407380351557,0.243313110629225,0.102793754212968,844.44,850.5,0,0,"Sympterygia lima",176.33,137.55,-38.78
"Parmaturus_albimarginatus",24.6725436131764,22.566782051949,9.5102873357602,707.31,0,0,2.0883560342965,2.21833810364714,0.92051026354153,670,656,0,0,0.320496174798818,0.307832154174996,0.110048035188934,704.97,678.5,0,0,"Parmaturus albimarginatus",-37.3099999999999,-2.33999999999992,34.97
"Etmopterus_dislineatus",23.8188143247717,23.0079565787448,6.45071979805672,708.7,0,0,2.26784957044124,2.38865631319494,0.906182892543393,620.86,635.5,0,0,0.574982925328162,0.591179750895454,0.198391195380622,417.52,415,0,0,"Etmopterus dislineatus",-87.84,-291.18,-203.34
"Urolophus_deforgesi",25.2404319399051,20.8387206713602,13.0949601142279,708.75,0,0,3.02121776917396,2.09399841964431,2.41691471574809,556.81,605,0,0,0.366410904454415,0.333321527733362,0.162903643080443,603.3,583,0,0,"Urolophus deforgesi",-151.94,-105.45,46.49
"Urolophus_kapalensis",23.9834238096869,23.4849509952307,7.633328050699,708.81,0,0,2.08365308974434,2.06246987857092,0.456930579978527,645.89,673.5,0,0,0.34822414812023,0.329387001555619,0.10944651719423,620.96,610.5,0,0,"Urolophus kapalensis",-62.92,-87.8499999999999,-24.93
"Urotrygon_chilensis",24.605805964517,22.1446437461038,10.0703077799542,708.99,0,0,2.09423678298874,2.05759608944124,0.679116164118769,650.34,660,0,0,0.30049756957936,0.288218079488701,0.0871226770538844,738.63,739.5,0,0,"Urotrygon chilensis",-58.65,29.64,88.29
"Galeus_piperatus",25.2927919541244,22.4542436754627,11.7560565476785,709,0,0,2.23216953202683,2.26137565257313,1.05617965211419,649.1,682.5,0,0,0.317102874728626,0.310769398033626,0.105239729751412,717.2,712.5,0,0,"Galeus piperatus",-59.9,8.20000000000005,68.1
"Glyphis_glyphis",23.5828236452287,23.2281648028872,5.23085718521232,709.01,0,0,1.12623857253312,1.08134357936127,0.466153683394805,914.63,912.5,0,0,0.257861105394872,0.255599468536303,0.0778622415336812,899.79,883.5,0,0,"Glyphis glyphis",205.62,190.78,-14.84
"Apristurus_herklotsi",25.9093734921997,21.2218761929084,14.4055131278839,709.29,0,0,2.12158273943616,1.84510464996774,1.75940039622766,715.77,770,0,0,0.311995253262159,0.31196210973845,0.0973838757718656,720.67,706.5,0,0,"Apristurus herklotsi",6.48000000000002,11.38,4.89999999999998
"Scyliorhinus_canicula",23.7493470446097,22.5764869939568,6.21431254216518,709.69,0,0,2.64697348526178,2.61436789458454,0.890648218587527,532.29,532.5,0,0,0.670451165487111,0.687787326475189,0.286684742063487,389.53,368.5,0,0,"Scyliorhinus canicula",-177.4,-320.16,-142.76
"Urolophus_javanicus",25.0466201525435,21.4661832950798,12.7335420872379,710.5,0,0,2.81554231725617,2.23993613960725,1.78890917156978,557.15,607,0,0,0.360825735452853,0.335151598803465,0.118329377283033,617.46,607,0,0,"Urolophus javanicus",-153.35,-93.04,60.3100000000001
"Carcharhinus_leucas",24.0573260585145,22.8561012398682,8.21921648248856,711.09,0,0,0.889932730963819,0.926074371026943,0.252596164019948,986.02,975,0,0,0.243549731390484,0.245828021788512,0.0636304932692348,941.79,935,0,0,"Carcharhinus leucas",274.93,230.7,-44.23
"Raja_stellulata",23.6311947148139,24.1078483733874,5.69039316498847,712.55,0,0,0.718334978593851,0.63922544818849,0.472032416542285,1094.99,1110,0,0,0.20476535701778,0.191434258796939,0.0580117418874228,1069.11,1089.5,0,0,"Raja stellulata",382.44,356.56,-25.8800000000001
"Urotrygon_cimar",24.5085309327777,21.5601295742261,9.69391009464838,712.73,0,0,2.06458705721475,2.05141599252876,0.582832431014346,653.97,673,0,0,0.291299816456378,0.278502642157271,0.078500186602375,763.61,768,0,0,"Urotrygon cimar",-58.76,50.88,109.64
"Raja_rhina",23.6311947148139,24.1078483733874,5.69039316498847,713.55,0,0,0.71448836539811,0.642989857992659,0.466969465113964,1095.94,1112,0,0,0.204664356416224,0.19666129127458,0.0587236716495708,1066.55,1087,0,0,"Raja rhina",382.39,353,-29.3900000000001
"Parmaturus_albipenis",24.7868661044359,22.0066314635657,10.5226682584337,713.88,0,0,2.07528897439237,2.15734018418373,0.902910017259699,675.27,673.5,0,0,0.317867111693809,0.312649136216741,0.105462374935252,710.45,715.5,0,0,"Parmaturus albipenis",-38.61,-3.42999999999995,35.1800000000001
"Sympterygia_brevicaudata",23.5122573399705,22.5009440126572,6.14080362003662,713.94,0,0,1.221000252795,1.02127342469365,0.645084225824439,889.56,900,0,0,0.269825548087945,0.24169748020952,0.0933214974080779,854.83,859.5,0,0,"Sympterygia brevicaudata",175.62,140.89,-34.7299999999999
"Torpedo_fairchildi",24.3408138231849,21.6899157193911,9.52306440444416,714.07,0,0,2.59181299026615,2.46892163400986,0.581462223818684,540.4,584,0,0,0.666805848747203,0.676987022067364,0.135900745846526,357.8,371.5,0,0,"Torpedo fairchildi",-173.67,-356.27,-182.6
"Leucoraja_caribbaea",24.5392122091782,21.3283282643136,11.297358374655,714.54,0,0,0.989955878257362,0.934815490798016,0.543436832190689,978.2,975.5,0,0,0.22550731499229,0.217066932620612,0.0699895178344665,998.82,1007.5,0,0,"Leucoraja caribbaea",263.66,284.28,20.62
"Torpedo_andersoni",24.6019463155297,22.3203286485753,10.1568240837173,714.69,0,0,2.70533583920127,2.51867821190391,0.765872019738705,530.98,581.5,0,0,0.662259345780612,0.648978692831386,0.151919772721973,361.91,376,0,0,"Torpedo andersoni",-183.71,-352.78,-169.07
"Apristurus_internatus",25.9313318219126,21.9310169428452,15.4025679165567,715.06,0,0,2.07945501650846,1.86670387301906,1.84373446245442,727.52,782.5,0,0,0.309646000803974,0.2930333738371,0.102088771348587,736.65,717.5,0,0,"Apristurus internatus",12.46,21.59,9.13
"Urotrygon_nana",24.8534187232319,22.2806139159302,11.0417943389122,715.24,0,0,2.0633752302661,1.98157482907513,0.666220772921394,660.9,690,0,0,0.291577713739043,0.28487418646701,0.0752079861454667,759.48,734.5,0,0,"Urotrygon nana",-54.34,44.24,98.58
"Parmaturus_campechiensis",24.1656857606938,22.2853019907636,8.68652960646838,715.51,0,0,2.09041258498354,2.17252646260471,0.979582160372295,674.35,667,0,0,0.314661589417933,0.318354291992502,0.104040208263921,722.45,689.5,0,0,"Parmaturus campechiensis",-41.16,6.94000000000005,48.1
"Parmaturus_pilosus",24.5194130392486,22.3992628184725,9.98541275304925,715.67,0,0,2.07962668859714,2.14405684398595,0.946851646261441,676.53,677.5,0,0,0.32037603674655,0.314764881597083,0.112446897963057,711.51,695.5,0,0,"Parmaturus pilosus",-39.14,-4.15999999999997,34.98
"Squatina_pseudocellata",23.4451619209488,24.2550388170045,5.02930187813886,716.81,0,0,3.71472242043312,3.71433526649814,1.09236550536895,388.48,380.5,0,0,1.18358560308731,1.21835543125587,0.413851849835096,213.28,214,0,0,"Squatina pseudocellata",-328.33,-503.53,-175.2
"Urolophus_piperatus",24.6493658964502,22.5178952301092,11.4065655151109,716.99,0,0,2.76144816901126,2.1626841625653,1.63002302232541,565.25,603,0,0,0.352341422874206,0.334332752478844,0.10303798703106,616.39,595.5,0,0,"Urolophus piperatus",-151.74,-100.6,51.14
"Squatina_tergocellata",23.4210112798583,24.2550388170045,5.04425142562294,717.13,0,0,3.72290850581977,3.74799795516853,1.10225134936564,388.04,379.5,0,0,1.18730576512788,1.21386997210304,0.418652964688925,212.64,217,0,0,"Squatina tergocellata",-329.09,-504.49,-175.4
"Urotrygon_rogersi",23.7408716309975,22.9956330099381,7.66808581888217,717.3,0,0,2.05134160352082,2.00063686344274,0.582090375347264,656.96,676.5,0,0,0.29224995877799,0.286491219190701,0.076515095109766,757.64,755.5,0,0,"Urotrygon rogersi",-60.3399999999999,40.34,100.68
"Urotrygon_reticulata",24.073358480171,22.100262861309,9.58609648061862,717.54,0,0,2.0633543344818,1.97502361536571,0.645152451158051,657.13,684,0,0,0.291678867733712,0.278928171387697,0.0766266595160688,758.08,760,0,0,"Urotrygon reticulata",-60.41,40.5400000000001,100.95
"Apristurus_investigatoris",24.7497419371931,21.6478169891109,11.9432662356114,718.53,0,0,1.83954561167119,1.85932560163563,1.00025737745758,744.23,774.5,0,0,0.310225013845184,0.305914242619535,0.0902218337937839,725.35,716.5,0,0,"Apristurus investigatoris",25.7,6.82000000000005,-18.88
"Neoraja_africana",23.9649417227135,22.858141441196,8.60817576351465,719.03,0,0,1.53298579263924,1.48685114411115,0.918929130973314,849.57,864,0,0,0.259212438187743,0.23654110853451,0.116089351580942,907.87,943.5,0,0,"Neoraja africana",130.54,188.84,58.3
"Galeus_longirostris",24.7126661330272,21.0907563478758,11.9459826082311,720,0,0,2.27350032872825,2.20346383479704,1.26133745841989,650.6,671,0,0,0.319641221436714,0.3025050666024,0.108718362856019,716.93,702.5,0,0,"Galeus longirostris",-69.4,-3.07000000000005,66.3299999999999
"Urotrygon_peruanus",24.3599965566479,21.7567374166124,9.75758441054024,720.22,0,0,2.04263741500029,1.99446287996193,0.605653192815891,660.95,681.5,0,0,0.291759808649353,0.286615609724936,0.0746786131471584,760.88,774,0,0,"Urotrygon peruanus",-59.27,40.66,99.93
"Parmaturus_sp.",24.2865451021883,21.2815193197015,9.63150518386312,720.27,0,0,2.08803149001347,2.17182492864379,0.943874510829831,673.59,672,0,0,0.318818679377516,0.30738792149209,0.111300970263201,713.89,699.5,0,0,"Parmaturus sp.",-46.68,-6.38,40.3
"Apristurus_bucephalus",24.3850394003479,21.5490788682113,10.3210652119329,720.92,0,0,1.90750750658243,1.86837952887375,1.0552416576489,732.82,766.5,0,0,0.306318008584871,0.309463989426362,0.0980013088338684,744.37,736.5,0,0,"Apristurus bucephalus",11.9000000000001,23.45,11.55
"Urotrygon_serrula",24.3647554597356,22.536466025023,10.41993689664,721.49,0,0,2.0691748859104,1.99160942858466,0.625319539730287,653.72,666,0,0,0.294515563784013,0.290086277873208,0.0808746560373301,753.74,732,0,0,"Urotrygon serrula",-67.77,32.25,100.02
"Urotrygon_munda",23.9758735670565,23.0502475648845,9.33023578428854,723.45,0,0,2.02860130307311,1.96093762604649,0.612757488071296,666.15,679.5,0,0,0.296750556524444,0.281259503541072,0.0793240838540843,747.46,744.5,0,0,"Urotrygon munda",-57.3000000000001,24.01,81.3100000000001
"Torpedo_mackayana",23.858752553944,21.4742712194667,8.83192028042346,727.98,0,0,2.43804373147424,2.3598811150692,0.482373972075417,570.85,610.5,0,0,0.64049346626316,0.645323713422553,0.131988340611729,369.13,380,0,0,"Torpedo mackayana",-157.13,-358.85,-201.72
"Apristurus_sibogae",24.399942963507,22.0779717741323,12.5589618716442,730.52,0,0,1.93737639017179,1.74582243018625,1.35322430479045,737.41,784,0,0,0.312186567055294,0.308046223379678,0.101802088330074,729.68,735.5,0,0,"Apristurus sibogae",6.88999999999999,-0.840000000000032,-7.73000000000002
"Parmaturus_macmillani",23.812276497238,22.8176762860947,8.92680231643143,731.07,0,0,2.09414464246053,2.21446163079483,0.930008297887452,673.05,673,0,0,0.318160520245816,0.317925756802324,0.104897402093196,710.1,697.5,0,0,"Parmaturus macmillani",-58.0200000000001,-20.97,37.0500000000001
"Apristurus_parvipinnis",25.5990483065367,20.7157089097174,15.9208811746291,731.84,0,0,2.2345411105016,1.87538385091016,2.04472417924648,712.27,776.5,0,0,0.309624138347714,0.305264465970723,0.0934302255930223,730.62,722,0,0,"Apristurus parvipinnis",-19.57,-1.22000000000003,18.35
"Okamejei_arafurensis",24.0994846915476,22.6307954244017,10.7403534103842,731.93,0,0,0.786617668085974,0.661006662208465,0.533459252624618,1070.08,1080.5,0,0,0.210949501096358,0.20523661769859,0.0634983284839302,1053.09,1068,0,0,"Okamejei arafurensis",338.15,321.16,-16.99
"Okamejei_porosa",24.0628669926171,21.7553024778694,11.3842103721898,732.06,0,0,0.763441870233426,0.664398007974868,0.434187790063268,1076.07,1091.5,0,0,0.212785966378162,0.210014893475945,0.0643664982651729,1042.27,1072,0,0,"Okamejei porosa",344.01,310.21,-33.8
"Neoraja_carolinensis",23.8345805787668,22.795495904026,9.32259796523817,732.2,0,0,1.53049603848972,1.49964562353027,0.911341440462457,850.14,852,0,0,0.252726702481258,0.239115180439532,0.0844299404216963,912.02,914,0,0,"Neoraja carolinensis",117.94,179.82,61.88
"Carcharhinus_tjutjot",23.9455626278616,22.4571967927087,10.0730649832517,733.6,0,0,0.925347807491016,0.963210368769274,0.281859181426672,971.01,960.5,0,0,0.244261541668966,0.241576514856544,0.0661374245802325,937.83,930,0,0,"Carcharhinus tjutjot",237.41,204.23,-33.18
"Dasyatis_matsubarai",23.5722222221675,23.8602432144402,7.87277949178229,734.36,0,0,1.85851701113593,1.75063160593563,0.839515811249302,727.08,738.5,0,0,0.287613983697152,0.281547804073052,0.0750341853609394,776.93,745,0,0,"Dasyatis matsubarai",-7.27999999999997,42.5699999999999,49.8499999999999
"Dasyatis_brevicaudata",23.5315455469014,23.194851057657,7.84916490410119,736.2,0,0,1.85107734166547,1.7401772104433,0.833738591690711,728.66,737.5,0,0,0.288125477659065,0.286100955344307,0.0749174989058441,775.23,748.5,0,0,"Dasyatis brevicaudata",-7.54000000000008,39.03,46.57
"Apristurus_stenseni",24.4434028696964,21.3976378258797,13.0208824285772,738.26,1,0.01,2.02614834679439,1.80739017976434,1.58337983767854,728.16,775.5,0,0,0.309541484488409,0.306141716970218,0.100435435855826,737.99,722,0,0,"Apristurus stenseni",-10.1,-0.269999999999982,9.83000000000004
"Squalus_blainville",24.7976040006848,22.7145056849006,13.3827754828255,739.9,0,0,2.9549875068746,2.61321396700766,1.96389648086612,546.91,592,0,0,0.66742883323436,0.681534624781234,0.31233686268868,389.88,388,0,0,"Squalus blainville",-192.99,-350.02,-157.03
"Okamejei_acutispina",23.4184501202283,21.3045156313772,8.99427388039778,740.33,0,0,0.744480946919805,0.665106778804331,0.380484799657251,1081.36,1090.5,0,0,0.210096570204901,0.200577395834895,0.0605270839532518,1054.77,1055.5,0,0,"Okamejei acutispina",341.03,314.44,-26.5899999999999
"Squalus_altipinnis",24.8090148126572,22.6223003904623,13.2905821162762,740.68,0,0,2.73001553954337,2.58800477734793,1.49265790717114,560.74,596.5,0,0,0.636925974546143,0.637675071426712,0.289525863503093,403.68,394,0,0,"Squalus altipinnis",-179.94,-337,-157.06
"Apristurus_nasutus",23.6037442001138,21.095968396275,10.3050672366936,741.15,0,0,1.77889580597128,1.78852848998751,0.855119439936604,756.49,781,0,0,0.311730696452353,0.307047033068053,0.101200345101265,734.6,724,0,0,"Apristurus nasutus",15.34,-6.54999999999995,-21.89
"Torpedo_nobiliana",22.5401108455668,22.3578440133369,4.43969037483353,741.39,0,0,2.8295040044686,2.71244973750537,0.563333045067055,501.07,547.5,0,0,0.69151487347588,0.664802319271651,0.144952789417171,347.05,364,0,0,"Torpedo nobiliana",-240.32,-394.34,-154.02
"Mustelus_mustelus",23.1001931959662,25.3639111149991,6.98246278786719,741.87,0,0,1.4721532737048,1.58705932201692,0.583760141372665,836.23,839,0,0,0.294437492855968,0.296939414028133,0.0961392621955104,781.76,764,0,0,"Mustelus mustelus",94.36,39.89,-54.47
"Mustelus_henlei",23.0245246437459,25.001603753619,6.64121724136172,741.91,0,0,1.5025997486466,1.56081914891313,0.606575895749834,828.16,836,0,0,0.29546311865803,0.289654002370551,0.100260195132973,783.66,765.5,0,0,"Mustelus henlei",86.25,41.75,-44.5
"Squalus_formosus",25.1461050057215,22.2387641051904,14.9914509225168,742.23,0,0,2.82194276837775,2.53124862973317,1.90252086741835,565.93,614,0,0,0.661849025004249,0.674567702746196,0.282542470903848,386.76,380,0,0,"Squalus formosus",-176.3,-355.47,-179.17
"Mustelus_mento",24.0543846533836,21.9598161483399,11.8943715240573,743.88,0,0,1.81955778997098,1.69860538514894,1.18636940553834,771.25,802.5,0,0,0.301539538303319,0.306557643918096,0.106168747257446,772.54,746.5,0,0,"Mustelus mento",27.37,28.66,1.28999999999996
"Rajella_leopardus",23.2410108934534,20.7896295991986,8.99334095640674,745.08,0,0,0.82877339779571,0.82865506023863,0.30095701580951,1026.23,1024,0,0,0.219102593630353,0.204975445593563,0.0659964722553133,1018.39,1045.5,0,0,"Rajella leopardus",281.15,273.31,-7.84000000000003
"Torpedo_macneilli",22.4210129084976,21.9152752880652,4.42329480102412,745.17,0,0,2.84070205144147,2.77127849013841,0.571512241312014,499.36,539.5,0,0,0.687273299267006,0.673915726241336,0.139695173150175,348.21,358,0,0,"Torpedo macneilli",-245.81,-396.96,-151.15
"Mustelus_whitneyi",23.9685865093995,20.9980113769151,11.5707425828284,745.89,0,0,1.73724474433268,1.65603441449958,0.971226577715791,777.33,823.5,0,0,0.301153880161118,0.300874877721024,0.101941975086079,766.47,752.5,0,0,"Mustelus whitneyi",31.4400000000001,20.58,-10.86
"Leucoraja_lentiginosa",23.6577957730946,20.0886924694425,10.878649073704,745.92,0,0,1.00330624940247,0.931374566631584,0.530005600613127,973.13,972,0,0,0.231737957980851,0.221247226023553,0.0732252801947894,980.29,1001,0,0,"Leucoraja lentiginosa",227.21,234.37,7.15999999999997
"Apristurus_spongiceps",23.8611247607263,21.2512804158194,11.8055154096591,746,0,0,1.88934275537884,1.78860573841165,1.11511377035134,738.98,779.5,0,0,0.31058884270423,0.30440841389379,0.0982162402292924,732,719,0,0,"Apristurus spongiceps",-7.01999999999998,-14,-6.98000000000002
"Carcharhinus_cautus",22.7251721359837,23.201468977565,5.96429945951024,748.47,0,0,0.962117781509103,0.993477176407004,0.329764685356868,956.44,951.5,0,0,0.248069961109837,0.255797276478957,0.0673854260004038,926.73,908,0,0,"Carcharhinus cautus",207.97,178.26,-29.71
"Hemitriakis_complicofasciata",22.5881478748756,23.5460312559612,5.06879889905855,748.89,0,0,3.05757082526683,3.29043628685172,1.4346666298192,511.29,457,0,0,0.323731327801744,0.325944736353048,0.110691591737283,709.94,674,0,0,"Hemitriakis complicofasciata",-237.6,-38.9499999999999,198.65
"Hemitriakis_falcata",22.5809530119292,23.6959574518319,5.12189280474188,748.95,0,0,3.05337706482806,3.28229939644563,1.43079366970647,511.8,458,0,0,0.325618422951495,0.330061477444643,0.114423788797572,709.8,672,0,0,"Hemitriakis falcata",-237.15,-39.1500000000001,198
"Mustelus_albipinnis",23.5327013892455,21.1978169877548,10.4229982349366,749.15,0,0,1.72054806729565,1.66149341671258,0.935601614966338,781.13,808.5,0,0,0.294069960520223,0.299022302892293,0.0931409716018064,784.18,752,0,0,"Mustelus albipinnis",31.98,35.03,3.04999999999995
"Carcharhinus_melanopterus",22.6698141562287,23.1739424367788,5.8991115461075,750.28,0,0,0.96501337727789,0.99257263221934,0.341354680427549,956.6,954,0,0,0.249051205038067,0.255062984373238,0.065879167015182,924.61,925.5,0,0,"Carcharhinus melanopterus",206.32,174.33,-31.99
"Okamejei_philipi",23.3929342895077,22.1626725344123,10.6031600902674,751.17,0,0,0.776076769772845,0.66139505091386,0.493666212293766,1071.58,1083.5,0,0,0.208108916907494,0.202335693757441,0.0619244281068141,1057.41,1072.5,0,0,"Okamejei philipi",320.41,306.24,-14.1699999999998
"Mustelus_dorsalis",24.0179779741147,20.2014778823275,12.6781717797505,751.43,0,0,1.77394476154057,1.73798552327252,1.03694078888994,773.91,810.5,0,0,0.299956702305301,0.303918950465119,0.102336324852591,775.87,785,0,0,"Mustelus dorsalis",22.48,24.4400000000001,1.96000000000004
"Squalus_bucephalus",24.0485495791895,21.295689644901,12.2832363098959,751.43,0,0,2.67913639961436,2.51398824687897,1.51722271272724,568.06,588,0,0,0.649569639107175,0.651150689201093,0.279568392009185,390.32,381,0,0,"Squalus bucephalus",-183.37,-361.11,-177.74
"Apristurus_micropterygeus",23.3055358895358,19.740937874871,10.3484069324148,751.63,0,0,1.80203455206567,1.79882978576172,0.878831671193542,746.01,775.5,0,0,0.307564278980275,0.316012824293751,0.0940772832466096,736.94,723,0,0,"Apristurus micropterygeus",-5.62,-14.6899999999999,-9.06999999999994
"Potamotrygon_falkneri",22.366650528565,21.4308133968962,6.6483835305443,751.95,0,0,1.36390937764546,1.32560212483108,0.306929344720468,820.52,871.5,0,0,0.271501221358713,0.255705923955469,0.0580808036506605,820.12,821,0,0,"Potamotrygon falkneri",68.5699999999999,68.17,-0.399999999999977
"Neoraja_caerulea",23.1021112996403,21.433454003759,8.96862711105682,752.61,0,0,1.54249118207864,1.39960898438409,0.918294654410992,845.63,861,0,0,0.254243661861908,0.235361002341737,0.0977368071618374,916.92,948,0,0,"Neoraja caerulea",93.02,164.31,71.29
"Etmopterus_dianthus",22.3169361185521,22.4484473750575,5.40534991187123,753.84,0,0,2.08479644171124,2.17117281628181,0.787158800709164,656.74,665.5,0,0,0.555306753619079,0.563394444248952,0.188159907095147,429.92,429,0,0,"Etmopterus dianthus",-97.1,-323.92,-226.82
"Squalus_griffini",24.56705369538,22.0696929985224,14.0964428928025,755.03,0,0,2.83215168477151,2.5719531276672,1.6372181471358,553.38,592.5,0,0,0.668020950578825,0.653212010469819,0.305191477813197,389.01,377,0,0,"Squalus griffini",-201.65,-366.02,-164.37
"Mustelus_canis",22.554117814922,23.4445676101291,6.30374078784371,755.53,0,0,1.49990669994372,1.57519195490616,0.597106508770605,828.42,830,0,0,0.300807931631361,0.304007447373967,0.103285977004706,771.44,747,0,0,"Mustelus canis",72.89,15.9100000000001,-56.9799999999999
"Leucoraja_compagnoi",23.9876873722031,20.759528245429,12.5746337474666,755.58,0,0,1.01633501247514,0.974069260895976,0.535917964575438,969.86,971,0,0,0.230716584424218,0.226308892697273,0.0705204339758975,983.36,1002.5,0,0,"Leucoraja compagnoi",214.28,227.78,13.5
"Hemitriakis_leucoperiptera",22.3384724941637,23.7443575612773,4.7646170138949,756.63,0,0,3.05583338461651,3.37479713325593,1.39021004773078,510.51,460,0,0,0.328856552493482,0.33016864304571,0.117873456154502,704.4,681,0,0,"Hemitriakis leucoperiptera",-246.12,-52.23,193.89
"Hemitriakis_japanica",22.3316131507247,24.0694721664228,4.75951242661432,756.7,0,0,3.07363070194467,3.40481544972354,1.40829084440579,508.66,456,0,0,0.32966654780811,0.330727337289169,0.118092608418748,701.67,660,0,0,"Hemitriakis japanica",-248.04,-55.0300000000001,193.01
"Squalus_crassispinus",23.456282387852,23.2945307580997,10.1182279914903,756.76,0,0,2.18758550519757,2.39437198360904,0.764736985277041,628.06,632.5,0,0,0.590248562707504,0.618474352462073,0.215410586633916,420.37,411,0,0,"Squalus crassispinus",-128.7,-336.39,-207.69
"Carcharhinus_longimanus",22.4167263173885,23.9518718017098,5.69415728012923,758.96,0,0,0.887759701151239,0.945978365405575,0.251167825619074,986.32,982,0,0,0.247356211303073,0.246015818614034,0.0672271779871658,927.61,918,0,0,"Carcharhinus longimanus",227.36,168.65,-58.71
"Squalus_grahami",23.486983102634,22.9312985849405,10.504150081573,759.23,0,0,2.18205372488145,2.35519185944189,0.77825251531156,628.72,628.5,0,0,0.602108433819706,0.614997895533314,0.239150453226014,415.36,414,0,0,"Squalus grahami",-130.51,-343.87,-213.36
"Rajella_bathyphila",23.0877853074618,22.5391761829443,9.85752353124116,759.36,0,0,0.825624645870481,0.831836261294748,0.306479084154047,1029.38,1026.5,0,0,0.216498174281214,0.216671593217475,0.0616693663727719,1028.11,1043,0,0,"Rajella bathyphila",270.02,268.75,-1.27000000000021
"Mustelus_schmitti",22.6939736664041,25.2253970505801,7.70584896492822,762.52,0,0,1.70477173695457,1.74175480991057,0.787546532148694,779.79,794.5,0,0,0.30230627458076,0.313018727459233,0.115029789832787,776.22,756.5,0,0,"Mustelus schmitti",17.27,13.7,-3.56999999999994
"Dipturus_pullopunctata",22.9832263837907,20.0885614946288,10.1854359240364,764.54,0,0,0.579493271155513,0.570539566642182,0.179005723093233,1147.92,1149,0,0,0.194698026581703,0.187022447483473,0.0507815328866592,1095.94,1109,0,0,"Dipturus pullopunctata",383.38,331.4,-51.98
"Hydrolagus_trolli",21.6304041652836,21.2501310299197,2.73193464924281,765.67,0,0,2.80446661938736,2.75879742577264,0.448935874379971,500.04,500.5,0,0,1.07885839114139,1.06752083730747,0.186386814810273,225.93,252.5,0,0,"Hydrolagus trolli",-265.63,-539.74,-274.11
"Isogomphodon_oxyrhynchus",22.4500641483566,20.9216604090013,8.33933316987663,766.77,0,0,0.899793659330501,0.946969084000046,0.268086623089645,983.46,979,0,0,0.243115838933906,0.245136891726744,0.0650220870915689,944.5,945.5,0,0,"Isogomphodon oxyrhynchus",216.69,177.73,-38.96
"Okamejei_leptoura",22.4411078314224,21.1884944390096,8.67340052985736,770.29,0,0,0.738414060953213,0.654778847162523,0.370838850911228,1082.1,1090,0,0,0.213445672160927,0.206286726328458,0.0631167688332042,1039.16,1053.5,0,0,"Okamejei leptoura",311.81,268.87,-42.9399999999998
"Mustelus_minicanis",23.5912408108419,20.0973071459916,13.1232958211982,771.28,0,0,1.74132855648876,1.66130754075335,1.10933895921386,784.97,814.5,0,0,0.299925854635814,0.309898947471394,0.100200747937383,771.73,756.5,0,0,"Mustelus minicanis",13.6900000000001,0.450000000000045,-13.24
"Hydrolagus_mirabilis",21.4782301742391,21.5901928445306,2.71115825421605,771.59,0,0,2.80829842928765,2.75517244852841,0.451762316644297,500.33,504.5,0,0,1.07899479901223,1.06185561642218,0.186599687901958,225.78,251,0,0,"Hydrolagus mirabilis",-271.26,-545.81,-274.55
"Cephaloscyllium_signourum",22.8393725756847,20.4111045022602,10.8279659505653,772.02,0,0,2.00792393984225,1.98943448107839,0.566935047529052,667.51,675.5,0,0,0.560453081125588,0.562540308145622,0.20620014720422,433.99,430.5,0,0,"Cephaloscyllium signourum",-104.51,-338.03,-233.52
"Cephaloscyllium_umbratile",22.0630571604872,20.5844497604776,7.98239189260939,773.66,0,0,1.91719675915834,1.90800574211873,0.45899966080916,688.47,716.5,0,0,0.55552258869321,0.555548661650878,0.202030578690396,439.51,436,0,0,"Cephaloscyllium umbratile",-85.1899999999999,-334.15,-248.96
"Okamejei_heemstrai",22.3966465185597,21.1038250850076,9.23264642996391,773.78,0,0,0.756068341371216,0.654761282022198,0.425463963692301,1080.92,1085.5,0,0,0.206910685345532,0.200590843195182,0.0610448659288593,1053.53,1069,0,0,"Okamejei heemstrai",307.14,279.75,-27.3900000000001
"Okamejei_schmidti",22.4607982070441,20.3874219984686,9.41865715491283,774.28,0,0,0.763768200628786,0.667604365289733,0.399266708510334,1070.98,1080,0,0,0.209282963857125,0.20191320823669,0.0605475644398617,1053.26,1069.5,0,0,"Okamejei schmidti",296.7,278.98,-17.72
"Cephaloscyllium_pardelotum",22.098473613667,20.9950812505726,8.46297531674613,774.3,0,0,1.99153968399609,1.99089559484141,0.515765933947679,670.46,682.5,0,0,0.558198503495865,0.568651461748386,0.201626572995789,441.58,437,0,0,"Cephaloscyllium pardelotum",-103.84,-332.72,-228.88
"Squalus_melanurus",24.1764888422318,21.3616700847964,15.4522792328715,776.81,0,0,2.93493233348873,2.42157104551409,2.26892907943503,566.63,620,0,0,0.655557298007367,0.623175323982979,0.323783704011313,397.54,402,0,0,"Squalus melanurus",-210.18,-379.27,-169.09
"Leucoraja_pristispina",22.6500202470748,20.3791514361134,9.81051088361536,777.54,0,0,1.00649828140911,0.938182233740466,0.549499398432734,975.55,972,0,0,0.225028327380106,0.220677209878373,0.0669758182728943,1001.6,1021,0,0,"Leucoraja pristispina",198.01,224.06,26.0500000000001
"Apristurus_indicus",22.5070296923384,20.5382437533727,10.4454953283466,778.8,0,0,1.75550763389937,1.79926723249184,0.851262620643304,761.31,794.5,0,0,0.305435357617526,0.299038703957024,0.0974248165329486,745.56,731.5,0,0,"Apristurus indicus",-17.49,-33.24,-15.75
"Centroscyllium_kamoharai",21.9906074725569,21.1772267570863,6.69669596304402,779.36,0,0,3.50700894718031,3.88792737859622,1.49876557395334,442.09,404,0,0,0.700767767950401,0.700778713891469,0.294734685393583,361.82,355,0,0,"Centroscyllium kamoharai",-337.27,-417.54,-80.27
"Hydrolagus_affinis",21.2418265075585,21.1233426509962,2.75996630515017,779.75,0,0,2.80393706382207,2.76744425327262,0.450209064164413,499.91,501.5,0,0,1.07975984945241,1.06391411601061,0.185041136893461,225.74,248,0,0,"Hydrolagus affinis",-279.84,-554.01,-274.17
"Centroscyllium_excelsum",21.8766392147181,21.5918068528704,6.11173180947202,779.93,0,0,3.46941815401392,3.94068687263945,1.45070202117016,445.13,400,0,0,0.696917844175816,0.717719962064576,0.289800783638678,364.14,353.5,0,0,"Centroscyllium excelsum",-334.8,-415.79,-80.99
"Okamejei_mengae",22.2972307960754,20.7946206832412,9.36167810180821,780.06,0,0,0.764292898111198,0.665373117706683,0.432188662471602,1072.96,1084.5,0,0,0.210101214821639,0.199200299826222,0.0643225991747635,1050.97,1065.5,0,0,"Okamejei mengae",292.9,270.91,-21.99
"Cephaloscyllium_sarawakensis",22.5277843115218,18.1235929157092,10.6184386443952,781.73,0,0,2.00236308713595,2.01953788534266,0.533084783909065,667.25,669,0,0,0.559965007257048,0.581713543213505,0.200092172273904,438.37,438,0,0,"Cephaloscyllium sarawakensis",-114.48,-343.36,-228.88
"Mustelus_lunulatus",21.8456845988404,24.0292968499538,6.15840600076856,782.8,0,0,1.47404464036423,1.58037228383402,0.571679921985764,834.42,836.5,0,0,0.292952686569077,0.295739198456946,0.0973170815762458,786.53,761.5,0,0,"Mustelus lunulatus",51.62,3.73000000000002,-47.89
"Mustelus_fasciatus",22.8668065621655,19.4180437265704,11.8050889215025,782.99,0,0,1.63515256989507,1.64963696052202,0.778514594952894,796.96,821.5,0,0,0.301689582631939,0.301150472182468,0.101001128960329,764.69,747,0,0,"Mustelus fasciatus",13.97,-18.3,-32.27
"Okamejei_powelli",22.3942987822474,20.9503845452587,10.379048941486,783.13,0,0,0.75991691731722,0.648404174379271,0.431540704969946,1076.67,1090,0,0,0.208807985687013,0.195664555043598,0.0624679546834591,1052.58,1070.5,0,0,"Okamejei powelli",293.54,269.45,-24.0900000000001
"Leucoraja_virginica",22.3787601792215,20.554630507076,9.31320154779639,783.27,0,0,0.992879949125306,0.936738262101013,0.508765008034276,974.83,974.5,0,0,0.229080938295105,0.222596166961966,0.0719657177788083,986.62,1009,0,0,"Leucoraja virginica",191.56,203.35,11.79
"Okamejei_cairae",22.0434190589861,21.3397306140933,8.67331394051159,783.81,0,0,0.742860360372333,0.664304690179759,0.380894977050792,1081.47,1083.5,0,0,0.207621505929095,0.199566039386262,0.0620294235751378,1060.6,1077.5,0,0,"Okamejei cairae",297.66,276.79,-20.8700000000001
"Asymbolus_funebris",22.3300749041108,20.4575425618883,10.0818213295057,786.76,0,0,2.20409466140163,2.32425466091029,0.925474111258838,636.9,633.5,0,0,0.33966197102068,0.336453873728087,0.122441505855256,671.61,652.5,0,0,"Asymbolus funebris",-149.86,-115.15,34.71
"Rhinoptera_javanica",21.4592429308914,21.2698784182026,5.07606849885701,786.81,0,0,2.24963720320498,2.27167291965924,0.65929117979359,603.71,600,0,0,0.342677111834206,0.331415025321668,0.0954422487732339,629.61,614.5,0,0,"Rhinoptera javanica",-183.1,-157.2,25.9
"Okamejei_pita",22.0507710498942,19.5239588099037,9.1542436864351,786.95,0,0,0.761668418171782,0.663380237051947,0.424584741959777,1072.77,1085,0,0,0.207708653108145,0.199891239256548,0.0623876611377197,1060.41,1067,0,0,"Okamejei pita",285.82,273.46,-12.3599999999999
"Rhinoptera_neglecta",21.3954522805819,21.1577665975485,5.00213686681663,787.97,0,0,2.23912589488116,2.28069933398805,0.638409194818532,604.59,596,0,0,0.343384016832876,0.33516838447117,0.0957763521743267,628.8,601,0,0,"Rhinoptera neglecta",-183.38,-159.17,24.2099999999999
"Dasyatis_ushiei",21.7311685439855,22.8023654873628,6.42461806954599,787.99,0,0,1.74508376320304,1.66437831828016,0.711244969498397,753.52,763,0,0,0.280585471968396,0.278761437902146,0.0720726744340764,798.02,780.5,0,0,"Dasyatis ushiei",-34.47,10.03,44.5
"Carcharhinus_hemiodon",22.1975786042467,19.5510499409265,9.96546358495903,789.25,0,0,0.908353296291995,0.94779284659482,0.278715582685627,980,970.5,0,0,0.245661808165289,0.254747664428974,0.062155796940219,931.1,931.5,0,0,"Carcharhinus hemiodon",190.75,141.85,-48.9
"Squalus_albifrons",23.0489689143089,20.563519753663,12.894336191305,789.33,0,0,2.69842786014787,2.51986670542278,1.72910626582321,577.19,595,0,0,0.639573084743271,0.645377385952336,0.258935139709537,395.93,387.5,0,0,"Squalus albifrons",-212.14,-393.4,-181.26
"Centroscyllium_fabricii",21.4390745972497,22.4958385370225,4.57488381994409,789.57,0,0,3.45040411028684,3.97969132292974,1.42119862592382,445.77,402.5,0,0,0.698380235786018,0.718119012473653,0.292781504928451,362.61,355.5,0,0,"Centroscyllium fabricii",-343.8,-426.96,-83.16
"Squalus_notocaudatus",22.695375736846,21.1534348128653,11.6990596204746,790.23,0,0,2.58576104053043,2.45964933520573,1.34670566130952,579.57,612,0,0,0.627711441420096,0.632687794680393,0.273089578153814,405.88,395,0,0,"Squalus notocaudatus",-210.66,-384.35,-173.69
"Urolophus_lobatus",21.2232850103584,20.0167293682094,5.76257643053333,790.31,0,0,2.06683679414373,2.07699030249716,0.429491851870419,648.74,671.5,0,0,0.34327977789893,0.330904660564355,0.100589287931369,630.07,614.5,0,0,"Urolophus lobatus",-141.57,-160.24,-18.67
"Asymbolus_occiduus",21.7613968053159,20.5063133349516,7.8463283688141,790.69,0,0,2.21331813337349,2.3827250365588,0.90703821863411,635.86,642,0,0,0.335279631741094,0.325929656201792,0.11537411172761,675.74,667.5,0,0,"Asymbolus occiduus",-154.83,-114.95,39.88
"Centroscyllium_ritteri",21.4343643106917,22.7966392652348,4.90430177607964,791.52,0,0,3.43998532076363,3.92637180233273,1.43141649044067,447.46,402,0,0,0.697129588151076,0.703501185188415,0.282512828301984,361.18,352,0,0,"Centroscyllium ritteri",-344.06,-430.34,-86.28
"Carcharhinus_coatesi",21.8646753371145,20.3650581871722,8.87011426222858,792.12,0,0,0.917726168726077,0.943408207702206,0.276359358991748,973.97,975.5,0,0,0.244746509771875,0.242943220177544,0.0682668149137962,941.76,946.5,0,0,"Carcharhinus coatesi",181.85,149.64,-32.21
"Mustelus_walkeri",22.7892833316676,19.8994765494689,12.6458921565786,792.28,0,0,1.76812704661169,1.64483531998181,1.28433693488385,786.9,824.5,0,0,0.301326112479385,0.315791631129508,0.101941370710631,768.81,755,0,0,"Mustelus walkeri",-5.38,-23.47,-18.09
"Leucoraja_yucatanensis",22.100377100647,18.7072703301834,9.80634868801724,792.57,0,0,1.01428270352448,0.938023790754485,0.551570630812406,974.39,974,0,0,0.230232780103706,0.224858040582522,0.075361170138372,991.6,1011,0,0,"Leucoraja yucatanensis",181.82,199.03,17.21
"Carcharhinus_wheeleri",21.5265478048513,20.7884983788048,7.73268262358441,792.64,0,0,0.913137598767317,0.955791395316745,0.302668116225003,976.34,967,0,0,0.249165779178839,0.250276966271487,0.0667593433472721,921.83,912.5,0,0,"Carcharhinus wheeleri",183.7,129.19,-54.51
"Mustelus_griseus",21.9318320897804,21.2844929268649,9.44076617096689,793.44,0,0,1.59504308530782,1.65162614725356,0.697114038038106,805.42,824,0,0,0.295484481374306,0.297664820712819,0.0981611510298235,781.17,765.5,0,0,"Mustelus griseus",11.9799999999999,-12.2700000000001,-24.25
"Cephaloscyllium_silasi",21.7791452906476,19.8039872195963,8.46981399314616,794.15,0,0,1.94046775343096,1.95019614320386,0.473139015429229,682.26,713.5,0,0,0.559096080311689,0.57849944202733,0.199099614563758,439.03,435.5,0,0,"Cephaloscyllium silasi",-111.89,-355.12,-243.23
"Carcharhinus_amboinensis",21.9070017084908,20.405413273369,8.67053837324834,794.28,0,0,0.91131713506301,0.957633634415034,0.258227586354855,972.85,961.5,0,0,0.247278983885713,0.255086468680422,0.0634518822848298,926.45,934.5,0,0,"Carcharhinus amboinensis",178.57,132.17,-46.4
"Asymbolus_pallidus",21.9037472175498,20.2363926019325,8.79401188109371,795.19,0,0,2.22558634781865,2.36824879676347,0.89924615688083,631.46,616.5,0,0,0.334195806321569,0.320163036117522,0.117532008873443,682.57,668,0,0,"Asymbolus pallidus",-163.73,-112.62,51.11
"Urolophus_expansus",20.85346032706,21.2461157859947,4.30086047420102,796.31,0,0,2.09275515309809,2.07026959805072,0.432028680610551,642.65,669.5,0,0,0.349132070000566,0.334922148606036,0.10524437224872,618.2,604.5,0,0,"Urolophus expansus",-153.66,-178.11,-24.4499999999999
"Apristurus_microps",21.2842077345964,20.9044198641746,6.70788941679026,796.72,0,0,1.5878755481384,1.66709042276893,0.6154229388208,799.01,809,0,0,0.301215731265133,0.305762142159421,0.0877623038150624,748.71,722,0,0,"Apristurus microps",2.28999999999996,-48.01,-50.3
"Glyphis_siamensis",21.3256190792325,20.4069286758138,6.67719586668816,798.72,0,0,1.11689615386626,1.09629808849824,0.448484287988716,916.31,914.5,0,0,0.254012276563535,0.256144590504473,0.0690606052174228,909.79,900.5,0,0,"Glyphis siamensis",117.59,111.07,-6.51999999999998
"Squalus_rancureli",22.8873293227356,20.3204032121624,13.088960207563,799.87,0,0,2.56296559769431,2.43981009718861,1.49334785900579,593.96,631,0,0,0.627999804154586,0.631506551782751,0.250650709038697,401.84,398.5,0,0,"Squalus rancureli",-205.91,-398.03,-192.12
"Centroscyllium_ornatum",21.2768262522117,21.301472067965,5.94121995360888,800.76,0,0,3.46547457383061,3.91621470127606,1.45845730021611,446.22,411.5,0,0,0.703621969566,0.721348959271622,0.296274486284867,361.99,349.5,0,0,"Centroscyllium ornatum",-354.54,-438.77,-84.23
"Urolophus_viridis",20.7576919557324,21.0739465800499,4.25749107146903,802.22,0,0,2.10086412187048,2.07587477566691,0.42492240015577,640.66,670,0,0,0.347554997549171,0.334067636407467,0.103389106745114,624.23,597,0,0,"Urolophus viridis",-161.56,-177.99,-16.43
"Urolophus_paucimaculatus",20.9688736102151,19.7618376562758,6.1431916365115,802.62,0,0,2.04705775395042,2.0373775171215,0.420171554189503,654.36,685,0,0,0.341812069563939,0.320994909077972,0.0930858124804236,630.21,606.5,0,0,"Urolophus paucimaculatus",-148.26,-172.41,-24.15
"Mustelus_higmani",22.2480570143004,19.8443393205894,11.4530043775169,803.01,0,0,1.60457733585646,1.70291138245482,0.69210548294039,803.81,810,0,0,0.297248037259935,0.302591514304152,0.0962223096799893,775.31,759,0,0,"Mustelus higmani",0.799999999999955,-27.7,-28.5
"Squalus_lalannei",22.8590142566633,20.4374380330568,13.2854258733473,803.07,0,0,2.66606831701793,2.4617934702808,1.52038757965107,582.68,626.5,0,0,0.628837643523255,0.63598465972876,0.250841062303634,401.59,397.5,0,0,"Squalus lalannei",-220.39,-401.48,-181.09
"Cephaloscyllium_fasciatum",21.4386638622558,18.5697780405213,9.38194427526722,804.04,0,0,1.97823726534577,1.96931665530911,0.499782046086233,672.82,682.5,0,0,0.558331603853838,0.56698185636348,0.200305288321962,438.52,439,0,0,"Cephaloscyllium fasciatum",-131.22,-365.52,-234.3
"Glyphis_sp.1",21.1787734612977,20.5615900048558,6.89454650534303,806.18,0,0,1.11747090268328,1.11427645598613,0.456860876316772,919.03,915,0,0,0.256806223790065,0.257962639285564,0.0719320213802889,900.08,886,0,0,"Glyphis sp.1",112.85,93.9000000000001,-18.9499999999999
"Asymbolus_vincenti",21.3843107363475,19.5525782343216,7.89983912674279,806.31,0,0,2.19719082915468,2.38974052785763,0.86936033365807,636.04,624.5,0,0,0.332177999796818,0.326022923876253,0.117577292784232,685.37,674,0,0,"Asymbolus vincenti",-170.27,-120.94,49.33
"Asymbolus_galacticus",21.6179627822915,19.2737198197811,9.36148219973102,807.92,0,0,2.17816274952821,2.3202810530707,0.872376953444895,641.72,642,0,0,0.33179918477567,0.325069462411378,0.115066433519993,686.95,665,0,0,"Asymbolus galacticus",-166.2,-120.97,45.23
"Carcharhinus_cerdale",21.4157200152444,20.68525798132,8.19469335450104,808.48,0,0,0.919461440685475,0.948347525188574,0.262841959486362,968.02,963.5,0,0,0.245029145423595,0.249014358561195,0.0683339622339283,939.41,939.5,0,0,"Carcharhinus cerdale",159.54,130.93,-28.61
"Cephaloscyllium_speccum",21.0549073534603,18.7118088216392,8.11901570500903,809.77,0,0,1.97663946853676,1.9813495149739,0.485315653578954,673.37,691.5,0,0,0.564096909835147,0.575660222990757,0.209333041753901,437.41,437,0,0,"Cephaloscyllium speccum",-136.4,-372.36,-235.96
"Carcharhinus_porosus",20.7561736599221,20.5506757215545,6.43263238994347,811.12,0,0,0.916227676388598,0.947876332866821,0.270867478103738,971.97,969.5,0,0,0.244329476590973,0.243408922026613,0.0678003091858189,941,951,0,0,"Carcharhinus porosus",160.85,129.88,-30.97
"Asymbolus_analis",21.1701784406282,19.5459240224657,8.20123627640145,811.16,0,0,2.2063869312624,2.32368159684639,0.927635350184185,638.15,628.5,0,0,0.336200479631028,0.334651414016458,0.121298307555686,679.16,657.5,0,0,"Asymbolus analis",-173.01,-132,41.01
"Rhizoprionodon_porosus",20.7174803329229,21.3188043479545,4.06008978879235,811.59,0,0,1.69588694039146,1.70226422689574,0.839983724907951,789.54,796,0,0,0.275264148651428,0.27902978818424,0.0790880123805283,834.17,843.5,0,0,"Rhizoprionodon porosus",-22.0500000000001,22.5799999999999,44.63
"Potamotrygon_hystrix",20.5324016043235,19.7576536621182,5.95139033057914,811.73,0,0,1.33339764856323,1.32109223578041,0.254952688564463,825.04,876,0,0,0.268490438647543,0.2608962129645,0.057363614157852,831.97,867.5,0,0,"Potamotrygon hystrix",13.3099999999999,20.24,6.93000000000006
"Leucoraja_leucosticta",21.4468897520751,19.2967173264752,9.6481255157944,812.35,0,0,1.00664040893479,0.957399778471567,0.571255251451111,975.23,975,0,0,0.233410871133763,0.221188330488051,0.0792309376100007,981.06,1006.5,0,0,"Leucoraja leucosticta",162.88,168.71,5.82999999999993
"Cephaloscyllium_stevensi",21.0159442675619,19.0333330009724,8.5736604137988,813.82,0,0,1.96166351005533,2.00872062779406,0.455387425549195,675.48,701,0,0,0.545302268166616,0.559007369493498,0.196670189463932,445.22,445,0,0,"Cephaloscyllium stevensi",-138.34,-368.6,-230.26
"Rhizoprionodon_terraenovae",20.6498606563033,21.3516934411617,4.0521372057177,813.85,0,0,1.69511158998665,1.70763604105324,0.83973184870982,790.15,795.5,0,0,0.27594890068886,0.282163275961558,0.080397466106596,833.17,822,0,0,"Rhizoprionodon terraenovae",-23.7,19.3199999999999,43.02
"Galeus_atlanticus",20.5634252373673,20.018397433915,5.25230080688563,815.36,0,0,1.96495673843929,2.12038193603912,0.776622270901477,696.87,697.5,0,0,0.314404841387982,0.312498182211336,0.10394083773377,723.68,706,0,0,"Galeus atlanticus",-118.49,-91.6800000000001,26.8099999999999
"Leucoraja_circularis",20.7503584123871,18.9741139675114,7.14388430255355,815.38,0,0,1.08751889811544,0.971131697894717,0.748052954644314,957.56,961,0,0,0.241610506484123,0.229653741450443,0.0990281086411792,961.02,981.5,0,0,"Leucoraja circularis",142.18,145.64,3.46000000000004
"Cephaloscyllium_maculatum",21.0210014012167,18.4243344472082,8.46941828964372,815.41,0,0,1.99995474984513,2.00095771698505,0.519972061425425,667.69,679.5,0,0,0.556455305993951,0.59253946443019,0.191855161407275,438.43,443.5,0,0,"Cephaloscyllium maculatum",-147.72,-376.98,-229.26
"Dasyatis_fluviorum",21.0614119677097,19.2774590696573,8.07957259129502,815.89,0,0,1.60977360395671,1.59553189947454,0.590299919784211,784,798.5,0,0,0.282387601686307,0.270382229396432,0.0730216424156208,794.02,769,0,0,"Dasyatis fluviorum",-31.89,-21.87,10.02
"Cephaloscyllium_isabellum",20.8840193608645,18.9666103647734,7.90092734227628,816.66,0,0,1.97673680212404,1.91986003704558,0.503189944772533,675.44,716.5,0,0,0.557873229382526,0.562347361623152,0.202461599419299,437.42,431.5,0,0,"Cephaloscyllium isabellum",-141.22,-379.24,-238.02
"Apristurus_albisoma",20.7373983784018,19.9599867294012,6.83167764521975,816.69,0,0,1.55025945641924,1.62543969058744,0.575099465246544,807.38,817,0,0,0.298889892680663,0.298698255748099,0.0867978430984071,758.33,738,0,0,"Apristurus albisoma",-9.31000000000006,-58.36,-49.05
"Mustelus_mangalorensis",21.8786432788704,19.1417412356392,13.3688358612046,817.46,0,0,1.82479450659271,1.69750862121783,2.11999615988225,787.83,812.5,0,0,0.298237827148973,0.295919786797167,0.113550696887554,784.2,787,0,0,"Mustelus mangalorensis",-29.63,-33.26,-3.63
"Raja_africana",21.8271520269263,18.5745534619435,12.044308842597,818.01,0,0,0.885982719927456,0.718935075962349,0.793013101886888,1039.42,1051,0,0,0.217684991050319,0.212477869208122,0.0692404714193654,1025.43,1045,0,0,"Raja africana",221.41,207.42,-13.99
"Apristurus_ampliceps",20.8998829961338,20.1089705164133,7.19698681021747,818.05,0,0,1.56540493241611,1.66193250264961,0.595316213674243,803.28,813.5,0,0,0.303175120764555,0.302251980995579,0.0910984998869851,749.89,720.5,0,0,"Apristurus ampliceps",-14.77,-68.16,-53.39
"Raja_montagui",20.9443027909634,19.7429219120706,7.44013083182201,819.02,0,0,0.816190070435707,0.7290663966522,0.409517966274494,1050.28,1049,0,0,0.213778203763005,0.213633289629922,0.060244952184675,1037.79,1041.5,0,0,"Raja montagui",231.26,218.77,-12.49
"Squalus_raoulensis",22.4035873580384,20.1478059061046,14.2087612930232,819.81,0,0,2.71155756890695,2.40229921085326,2.1734148300291,585.21,609.5,0,0,0.643468960182646,0.62459618257622,0.30721949822454,402.57,409,0,0,"Squalus raoulensis",-234.6,-417.24,-182.64
"Apristurus_aphyodes",20.3974544827284,20.7466854129841,4.72547879193344,820.76,0,0,1.53505567333453,1.63487040828432,0.572816685447326,811.75,819,0,0,0.301112437315347,0.29771009407008,0.0917591654987119,757.44,737.5,0,0,"Apristurus aphyodes",-9.00999999999999,-63.3199999999999,-54.3099999999999
"Dasyatis_akajei",20.9202303996309,19.7192866513355,8.13906215604271,821.42,0,0,1.59313871008758,1.56169472520437,0.570241886062569,788.97,799,0,0,0.278789442396506,0.269963201343137,0.0629304820797608,801.89,813.5,0,0,"Dasyatis akajei",-32.4499999999999,-19.53,12.92
"Cephaloscyllium_zebrum",20.9606087003087,18.5394515518086,9.31058109494266,821.55,0,0,1.93711698848256,2.01155935828372,0.419875619135898,681.34,689,0,0,0.556231958556635,0.577261567677629,0.199658119780518,438.8,441,0,0,"Cephaloscyllium zebrum",-140.21,-382.75,-242.54
"Apristurus_japonicus",20.4993481256092,20.2622169660548,5.93483202677966,822.53,0,0,1.86501387059796,1.98425407401288,0.765206265138683,728.37,744,0,0,0.30805824331123,0.313863527410714,0.0998313947454222,741.02,723,0,0,"Apristurus japonicus",-94.16,-81.51,12.65
"Galeus_polli",20.2701717802508,19.4924842509453,5.39318794941672,825.36,0,0,1.94234051422033,2.09103775344848,0.766126681629372,703.76,715.5,0,0,0.31343847901613,0.305624655862152,0.0993967919125798,722.31,720,0,0,"Galeus polli",-121.6,-103.05,18.55
"Asymbolus_submaculatus",20.7822548143536,19.0634604222298,8.10307410844899,826.44,0,0,2.20421885900743,2.35527815258384,0.895224405940729,638.52,639,0,0,0.334599879101449,0.333717329598607,0.121059657929423,685.7,677.5,0,0,"Asymbolus submaculatus",-187.92,-140.74,47.1800000000001
"Apristurus_manis",20.5293318818622,19.584552510582,7.14603789284792,828.99,0,0,1.55662720412604,1.64600328347064,0.580378124291298,805.59,805.5,0,0,0.304368875229701,0.298146893315482,0.0932557878805293,747.04,732.5,0,0,"Apristurus manis",-23.4,-81.95,-58.5500000000001
"Centroscyllium_nigrum",20.3073780721859,21.3557559715443,4.28778230759138,831.85,0,0,3.39948674914798,3.82652899814099,1.39140188721642,450.96,415,0,0,0.704847891713815,0.731227833458944,0.292220479687584,358.52,353.5,0,0,"Centroscyllium nigrum",-380.89,-473.33,-92.44
"Apristurus_brunneus",20.3136526313079,19.5188259396044,6.8691561467871,831.95,0,0,1.84319620305347,1.9815877906222,0.764815834869492,734.05,755,0,0,0.309060351967618,0.312117840979354,0.0957033242793313,731.15,720.5,0,0,"Apristurus brunneus",-97.9000000000001,-100.8,-2.89999999999998
"Rajella_barnardi",20.4757747789428,21.3237312337287,7.64807894219403,833.08,0,0,0.828883252305597,0.831184382039936,0.309480250418146,1026.97,1024.5,0,0,0.216853320138775,0.217807445135248,0.0602977731731941,1032.98,1062.5,0,0,"Rajella barnardi",193.89,199.9,6.00999999999999
"Cephaloscyllium_pictum",20.0321838492747,19.0303129168218,5.93943839784794,833.14,0,0,1.96062794941436,2.01063544894137,0.431565934628775,676.65,711.5,0,0,0.553841174516716,0.577314298636369,0.19461455768664,435.45,436.5,0,0,"Cephaloscyllium pictum",-156.49,-397.69,-241.2
"Rajella_kukujevi",20.5352752072651,20.8100243615235,7.77992512577954,833.28,0,0,0.829421450584564,0.847757077093509,0.302001702435784,1027.18,1021.5,0,0,0.220763897274382,0.213727893013228,0.0679511037095646,1019.91,1049.5,0,0,"Rajella kukujevi",193.9,186.63,-7.2700000000001
"Apristurus_laurussonii",20.2173725803822,19.4715086750701,6.83215206247584,834.39,0,0,1.82350032736324,1.92343908589584,0.743673805818333,739.43,761,0,0,0.310865683617859,0.311541789324878,0.0974980862376165,726.81,716,0,0,"Apristurus laurussonii",-94.96,-107.58,-12.62
"Raja_macrorynchus",21.38807813158,17.6641845919006,11.9872740418099,834.57,0,0,0.817554774211349,0.702561773572941,0.389535526159687,1044.68,1048,0,0,0.215946004803842,0.212512237780507,0.0651410499683805,1031.71,1068,0,0,"Raja macrorynchus",210.11,197.14,-12.97
"Centroscyllium_granulatum",20.1779955127225,20.9768323026418,4.20289894811822,835.06,0,0,3.39676579687242,3.86702305770172,1.39908035324182,451.17,411,0,0,0.697845163443901,0.706430251526285,0.292874239715374,362.86,357,0,0,"Centroscyllium granulatum",-383.89,-472.2,-88.31
"Cephaloscyllium_cooki",20.5168070919386,18.0537855459887,8.99760645628497,835.47,0,0,1.96851341757222,1.93648344475003,0.499529022488933,676.88,700.5,0,0,0.559771169968736,0.583069216419845,0.203558199763562,435.3,432.5,0,0,"Cephaloscyllium cooki",-158.59,-400.17,-241.58
"Potamotrygon_yepezi",19.707416970546,19.3470451551607,5.40273769715017,838.79,0,0,1.3326786598891,1.31607077030854,0.269295179095207,826.07,874.5,0,0,0.269089810980653,0.25700962102825,0.0574900635210461,829.04,844,0,0,"Potamotrygon yepezi",-12.7199999999999,-9.75,2.96999999999991
"Raja_bahamensis",21.2755770921328,17.4041539258418,12.828015256097,839.55,0,0,0.967398325129601,0.702928011651337,1.14539145427883,1029.18,1051.5,0,0,0.21487744884903,0.210206088906463,0.0659282061255964,1033.11,1053,0,0,"Raja bahamensis",189.63,193.56,3.92999999999984
"Raja_cervigoni",20.8224454527162,18.5365957525919,11.0459053367787,840.96,0,0,0.818409477187467,0.716774742523202,0.409683018616844,1048.79,1047,0,0,0.213981299446412,0.201722311944718,0.0612225365375744,1039.98,1056,0,0,"Raja cervigoni",207.83,199.02,-8.80999999999995
"Dipturus_springeri",20.2638429225492,17.7792324489398,8.85055082103057,841.53,0,0,0.566555082101866,0.580185366231033,0.162456802433097,1155.5,1155,0,0,0.191371415486013,0.190293748805773,0.0459750035311261,1105.82,1119.5,0,0,"Dipturus springeri",313.97,264.29,-49.6800000000001
"Raja_equatorialis",20.6655305436381,18.2476840063099,10.8415410475037,841.88,0,0,0.814859441128406,0.763672394769024,0.38696832054484,1044.62,1043.5,0,0,0.213287224871315,0.211737757790143,0.0619969911499087,1042.71,1068.5,0,0,"Raja equatorialis",202.74,200.83,-1.90999999999985
"Torpedo_sinuspersici",19.5091692037964,18.961071102427,3.67110208255097,843.07,0,0,2.29927209372212,2.2222644969391,0.35848294670287,599.61,648.5,0,0,0.626668246338333,0.623395774629391,0.133192056471196,379.36,397,0,0,"Torpedo sinuspersici",-243.46,-463.71,-220.25
"Raja_texana",20.601713814853,18.119814393929,10.2159456643052,843.18,0,0,0.857203957048741,0.702910545589781,0.648934258763325,1043.73,1055.5,0,0,0.217812886231067,0.211207835731998,0.0646280920609425,1026.78,1044,0,0,"Raja texana",200.55,183.6,-16.95
"Psammobatis_parvacauda",19.903094368101,17.8879295228712,6.88694304065965,844.28,0,0,1.13588660204011,0.975870682691274,0.517503980695956,906.31,912,0,0,0.278537647052731,0.253311471601952,0.100109052727784,830.93,840,0,0,"Psammobatis parvacauda",62.03,-13.35,-75.38
"Psammobatis_rutrum",19.9084441702923,17.7038667262003,7.82176022794308,848.33,0,0,1.15546614785219,1.00198458697074,0.551227884149979,903.08,910,0,0,0.276295197993592,0.253945117637218,0.102680634636107,837.52,841,0,0,"Psammobatis rutrum",54.75,-10.8100000000001,-65.5600000000001
"Apristurus_melanoasper",19.7667491608251,18.0968307411708,6.21255457851099,848.52,0,0,1.82961385571495,1.93938283053365,0.750889041527868,738.54,748.5,0,0,0.310396230424803,0.307487991470664,0.0956932062675516,727.98,727,0,0,"Apristurus melanoasper",-109.98,-120.54,-10.5599999999999
"Galeus_melastomus",19.7689205150965,18.9976608610648,5.6429002453675,849.77,0,0,1.96591068480588,2.08079960091897,0.78514333669998,696.92,700.5,0,0,0.314417377086164,0.305860066565733,0.102663843462104,720.85,714.5,0,0,"Galeus melastomus",-152.85,-128.92,23.9300000000001
"Nasolamia_velox",19.7623486138116,20.6800967355702,4.38916417100856,850.26,0,0,0.88346085564969,0.93107085595549,0.248206381218394,987.99,987,0,0,0.246415147129012,0.245856259429582,0.0648301369983667,930.42,938.5,0,0,"Nasolamia velox",137.73,80.16,-57.57
"Psammobatis_bergi",19.7441936226784,17.5080901386324,8.09771791824054,850.83,0,0,1.16858634489739,1.0009682968928,0.57398352025869,900.53,910.5,0,0,0.275826004043468,0.247000899623002,0.103500570362954,841.72,836.5,0,0,"Psammobatis bergi",49.6999999999999,-9.11000000000001,-58.81
"Asymbolus_parvus",19.7842639392481,19.5568867905015,5.76928216959721,851.06,0,0,2.13794694821164,2.2831342943562,0.811979491823458,646.07,637.5,0,0,0.328270438605524,0.326627468561026,0.110795854794973,692.56,674.5,0,0,"Asymbolus parvus",-204.99,-158.5,46.4899999999999
"Raja_atriventralis",20.5064859218786,17.4669057008524,11.1936947416147,852.34,0,0,0.902210070697495,0.720201943396669,0.955671060960897,1035.51,1043.5,0,0,0.218119525135891,0.216927016374773,0.0698338559233535,1029.79,1056.5,0,0,"Raja atriventralis",183.17,177.45,-5.72000000000003
"Rajella_bigelowi",19.9400765487083,20.4483604431875,7.63578962760381,853.11,0,0,0.821820044424014,0.825251498280443,0.304159997354704,1031,1031,0,0,0.215575036376406,0.218164285975711,0.0607680901291164,1028.37,1053,0,0,"Rajella bigelowi",177.89,175.26,-2.63000000000011
"Dasyatis_laosensis",19.8393336141768,18.9059868008766,7.10406029227229,855.27,0,0,1.59280510695225,1.54679724647935,0.570800764892976,789.4,804.5,0,0,0.279579076697071,0.273858935709722,0.0684206156188111,800.26,816,0,0,"Dasyatis laosensis",-65.87,-55.01,10.86
"Raja_polystigma",20.0662475913634,18.7455318516421,9.44640318022785,855.53,0,0,0.807492867504076,0.704298104210842,0.376562849903753,1049.15,1050.5,0,0,0.215310447676209,0.210564751605548,0.0626828822753899,1028.95,1054,0,0,"Raja polystigma",193.62,173.42,-20.2
"Carcharhinus_acronotus",19.6365574788091,20.584808144588,4.52946407117191,855.86,0,0,0.890351015267247,0.929010525685234,0.253550772796817,985.61,980.5,0,0,0.245453181505311,0.248907773240055,0.0622826078130073,934.21,940.5,0,0,"Carcharhinus acronotus",129.75,78.35,-51.4
"Raja_cortezensis",20.2428243482269,17.8267073392073,10.3039980975351,857.56,0,0,0.827923911014994,0.731248368589641,0.480810128972793,1043.36,1043.5,0,0,0.219403587859047,0.213034217366121,0.0684670307574419,1024.25,1041.5,0,0,"Raja cortezensis",185.8,166.69,-19.1099999999999
"Asymbolus_rubiginosus",19.5368152064507,18.7912097726179,5.61517011054334,858.12,0,0,2.13180923372188,2.31761036069152,0.82402589640015,649.11,645.5,0,0,0.330683780823556,0.32119717077089,0.11345167313163,689.24,666,0,0,"Asymbolus rubiginosus",-209.01,-168.88,40.13
"Raja_rondeleti",19.9291034887462,17.5449589008335,9.14119345455679,858.42,0,0,0.807910763548951,0.717532217934965,0.422549589699262,1052.62,1051,0,0,0.216279525542271,0.208400044945678,0.0661034138770276,1033.47,1050,0,0,"Raja rondeleti",194.2,175.05,-19.1499999999999
"Himantura_astra",19.0727378553947,19.0665559225742,3.98000092284775,858.68,0,0,1.50318752776527,1.48497000521336,0.290437830369161,788.83,836,0,0,0.280217265839639,0.267163622746219,0.0671177489827833,795.7,800,0,0,"Himantura astra",-69.8499999999999,-62.9799999999999,6.87
"Himantura_toshi",19.08176550156,19.0665559225742,3.96497642720315,859.18,0,0,1.50299692352477,1.49147198493994,0.286712185267357,788.76,835.5,0,0,0.281523043872122,0.269608281292629,0.0665230324962993,790.91,796,0,0,"Himantura toshi",-70.42,-68.27,2.14999999999998
"Cephaloscyllium_sufflans",19.4059773169925,17.7090553480219,7.03464641799306,860.18,0,0,1.9523597064713,1.96525572876993,0.453652515932991,679.59,710.5,0,0,0.552570869665235,0.555878993560182,0.19915540953343,440.32,446.5,0,0,"Cephaloscyllium sufflans",-180.59,-419.86,-239.27
"Psammobatis_normani",19.3829778836522,18.5840270519842,6.33208512319768,860.2,0,0,1.14868540492512,0.994443663285018,0.520072844299933,901.62,905.5,0,0,0.275520472420264,0.248618294004185,0.100676832156617,840.13,830,0,0,"Psammobatis normani",41.42,-20.07,-61.49
"Raja_ackleyi",19.6283871632115,18.3868862554924,8.49389552275368,861.96,0,0,0.807004183076653,0.69561718495676,0.38004632447109,1051.54,1051.5,0,0,0.21705968647175,0.211749399653134,0.0691931824576773,1036.3,1055.5,0,0,"Raja ackleyi",189.58,174.34,-15.24
"Raja_herwigi",19.8479736689489,17.7697385280914,9.12599833785002,862.51,0,0,0.824132569313364,0.7221732488184,0.530512135114291,1048.16,1057.5,0,0,0.210973925874417,0.21588580135369,0.0626778833622652,1045.3,1058.5,0,0,"Raja herwigi",185.65,182.79,-2.86000000000013
"Raja_rouxi",19.8055073805092,18.208981032955,9.55627079314827,863.96,0,0,0.798928864446573,0.744339364970714,0.372265004234861,1055.05,1047,0,0,0.209867209679547,0.201327849151131,0.0611214080519403,1049.88,1056.5,0,0,"Raja rouxi",191.09,185.92,-5.16999999999985
"Raja_chinensis",19.6848724561384,17.0888484762824,9.36964525177993,865.4,0,0,0.801131305049822,0.718899389846331,0.377074287141418,1051.48,1049.5,0,0,0.21235354860232,0.208337618083258,0.0598275147943081,1044.22,1063,0,0,"Raja chinensis",186.08,178.82,-7.25999999999999
"Raja_brachyura",19.4250878043624,20.2161364235292,6.66441572667355,868.43,0,0,0.811980402564614,0.721180609428546,0.40925693782321,1049.3,1050,0,0,0.210748519282635,0.212816838405374,0.0611710682416463,1046.72,1086.5,0,0,"Raja brachyura",180.87,178.29,-2.57999999999993
"Pavoraja_alleni",19.0248025896968,19.5101264014296,5.36121728678897,871.63,0,0,0.973240128791112,0.900022571654356,0.343329258687367,946.87,939,0,0,0.260723400310086,0.246016166791997,0.0777293917181133,875.51,871.5,0,0,"Pavoraja alleni",75.24,3.88,-71.36
"Leucoraja_fullonica",19.1360076402783,18.1242007817887,6.53785976274966,873.89,0,0,1.08115141089068,0.963485783523697,0.685580371319929,956.16,953.5,0,0,0.237477749950023,0.233933826831953,0.0852870140416466,968.53,981,0,0,"Leucoraja fullonica",82.27,94.64,12.37
"Psammobatis_extenta",18.812752796036,18.0155332700291,6.04979673298591,875.26,0,0,1.14666395260968,1.00109736438027,0.530778014718574,903.85,908,0,0,0.277435870864567,0.244786162520507,0.102390588348292,836.01,824,0,0,"Psammobatis extenta",28.59,-39.25,-67.84
"Psammobatis_scobina",18.9484423174316,17.2107948226971,7.2669370629468,877.94,0,0,1.14194557031206,0.995509579804639,0.507346914315362,906.32,910,0,0,0.272493509422105,0.249878217396842,0.0976250516493952,848.79,836.5,0,0,"Psammobatis scobina",28.38,-29.1500000000001,-57.5300000000001
"Dasyatis_thetidis",19.0764537583984,19.7390932635498,5.45504579610237,880.06,0,0,1.72894527770517,1.66877144756053,0.697240638176186,756.84,768,0,0,0.284166302678349,0.271361708290196,0.0737145772353219,788.02,783.5,0,0,"Dasyatis thetidis",-123.22,-92.04,31.18
"Dasyatis_centroura",19.0653924369736,19.864316968209,5.4840647229545,880.79,0,0,1.73433380833431,1.67879371560233,0.691340863211251,755.07,765,0,0,0.284662561427557,0.273936095487388,0.071373488854299,783.91,771.5,0,0,"Dasyatis centroura",-125.72,-96.88,28.8399999999999
"Apristurus_pinguis",18.8904090420338,18.5727836835729,5.00259510861053,882.19,0,0,1.5373898739533,1.63763629465522,0.575444923934763,811.73,821.5,0,0,0.301856263497533,0.296464379592711,0.0933757537293209,751.26,729,0,0,"Apristurus pinguis",-70.46,-130.93,-60.47
"Squalus_hemipinnis",19.2583645063556,20.6639720182379,7.2411676095956,882.86,0,0,2.14944478979269,2.32166909241638,0.759571314356231,638.05,650,0,0,0.585634868298571,0.609627700071508,0.214218157564212,420.99,410,0,0,"Squalus hemipinnis",-244.81,-461.87,-217.06
"Torpedo_torpedo",18.3511386976783,18.2752584149276,3.0060372990779,884.03,0,0,2.27338710384921,2.24772392506205,0.345943405806874,606.15,649,0,0,0.620325941908092,0.599896347419218,0.135513271091052,380.85,391,0,0,"Torpedo torpedo",-277.88,-503.18,-225.3
"Apristurus_profundorum",18.8180495758072,18.9117371201638,4.63464535054336,884.12,0,0,1.53217998092798,1.62688100395557,0.56634170794561,812.12,822,0,0,0.301249195148496,0.30417764148768,0.0929661563376253,754.75,758,0,0,"Apristurus profundorum",-72,-129.37,-57.37
"Squalus_edmundsi",19.1742929292566,20.2106017806584,7.1364888885356,885.02,0,0,2.11370000927402,2.28784731859888,0.735235325212395,645.85,647.5,0,0,0.589180837348435,0.607491814764751,0.215289968310282,419.76,415,0,0,"Squalus edmundsi",-239.17,-465.26,-226.09
"Raja_microocellata",18.8217540894873,18.5203715635003,6.18058617855699,885.72,0,0,0.808172629503784,0.713548311117768,0.400480748631014,1050.67,1045,0,0,0.213792795036612,0.205495094786946,0.0634254117614301,1037.59,1064,0,0,"Raja microocellata",164.95,151.87,-13.0800000000002
"Brochiraja_heuresa",18.2370951043418,17.7625050377676,6.35243524527507,887.93,0,0,0.990663589923317,0.924523478155197,0.349134374015393,941.13,946.5,0,0,0.256815631791405,0.251875820029602,0.0745498749273655,891.24,897.5,0,0,"Brochiraja heuresa",53.2,3.31000000000006,-49.89
"Leucoraja_melitensis",18.7719801484257,17.7827996672067,6.37913777675142,888.21,0,0,1.05231337056021,0.941060519920909,0.60995640276929,963.39,955.5,0,0,0.240235591704292,0.241372326720876,0.0831923643501482,958.33,976,0,0,"Leucoraja melitensis",75.18,70.12,-5.05999999999995
"Dipturus_laevis",18.9065484441565,16.3913692584713,8.15172449717116,888.29,0,0,0.577740985886403,0.571441676520468,0.182520460529629,1149.51,1152.5,0,0,0.194367626190945,0.194179716416669,0.0494160842527674,1093.63,1116.5,0,0,"Dipturus laevis",261.22,205.34,-55.8799999999999
"Squalus_cubensis",18.9736310141732,20.7872348928118,6.88589420681835,889.62,0,0,2.07261987621632,2.31133439007524,0.693200211974333,653.72,657.5,0,0,0.576127806408163,0.593250343384933,0.212850096548933,426.91,423,0,0,"Squalus cubensis",-235.9,-462.71,-226.81
"Torpedo_fuscomaculata",18.1832859881019,18.5045369552224,3.36713921935595,890.3,0,0,2.28471298122931,2.26272441735361,0.340783187675037,602.81,651.5,0,0,0.622551669079521,0.603099048750817,0.13244472177718,380.46,399.5,0,0,"Torpedo fuscomaculata",-287.49,-509.84,-222.35
"Potamotrygon_dumerilii",18.2436867291931,16.6521956261026,6.41894351621642,890.46,0,0,1.31225515610803,1.306443241711,0.265152117482025,830.41,878,0,0,0.273417586061974,0.258388660457364,0.0655944277857555,816.93,815,0,0,"Potamotrygon dumerilii",-60.0500000000001,-73.5300000000001,-13.48
"Raja_radula",18.8032553574463,16.8101764840143,8.20259183126361,890.79,0,0,0.807028267619156,0.695587119390505,0.400983924071506,1052.21,1055,0,0,0.216833150235582,0.2033746665217,0.0694070608520911,1033.67,1062.5,0,0,"Raja radula",161.42,142.88,-18.54
"Potamotrygon_humerosa",18.2664686982108,17.2498145720064,6.59461442259574,895.11,0,0,1.33067221512243,1.3096857482537,0.277962644980436,829.03,877.5,0,0,0.27195954855373,0.258954710103268,0.0630598505266809,821.07,840,0,0,"Potamotrygon humerosa",-66.08,-74.04,-7.95999999999992
"Cephaloscyllium_laticeps",18.2884427816861,17.7410125327963,4.20838368223132,895.78,0,0,1.85117768497225,1.88701996927872,0.392556994868602,706.18,737,0,0,0.534969931721204,0.552448914544272,0.186151236884044,449.8,450.5,0,0,"Cephaloscyllium laticeps",-189.6,-445.98,-256.38
"Rajella_lintea",18.6827539676586,17.7235383633277,7.87766339392546,896.08,0,0,0.823929600860711,0.8379495731185,0.300897293114562,1029,1024.5,0,0,0.219643609127105,0.214414085303012,0.0641090355186684,1019.72,1055,0,0,"Rajella lintea",132.92,123.64,-9.27999999999997
"Potamotrygon_scobina",18.1765137404767,16.3807982710057,6.71715884171217,896.44,0,0,1.31219122728233,1.30414966166318,0.258119318968738,832.58,876.5,0,0,0.270170283637649,0.260244421452498,0.058786681256456,826.71,832,0,0,"Potamotrygon scobina",-63.86,-69.73,-5.87
"Rajella_sadowskii",18.7131760584307,17.7470503994147,8.07043733756172,896.75,0,0,0.824761271160529,0.838391161104564,0.315907477745042,1030.13,1027.5,0,0,0.218920634759127,0.21145377842288,0.063106651619876,1019.64,1053.5,0,0,"Rajella sadowskii",133.38,122.89,-10.4900000000001
"Psammobatis_lentiginosa",18.1155728548707,17.4439729971889,4.83299065151677,897.3,0,0,1.13770327128708,0.97614208025165,0.522874206088501,907.44,913,0,0,0.273555771217492,0.249356526097817,0.095067333395303,839.73,838.5,0,0,"Psammobatis lentiginosa",10.1400000000001,-57.5699999999999,-67.71
"Cephaloscyllium_variegatum",18.2186697501292,17.7975690069279,4.4819702944847,897.92,0,0,1.86141195991374,1.89077762174883,0.391830487787817,703.67,723.5,0,0,0.530888097876357,0.539842981097475,0.178641222742234,454.02,450,0,0,"Cephaloscyllium variegatum",-194.25,-443.9,-249.65
"Potamotrygon_leopoldi",18.1977457228692,17.5407298778056,6.42915399923835,899.6,0,0,1.31914092243321,1.310524397697,0.272653110788938,833.65,872,0,0,0.268492076978453,0.261050481894064,0.0614749609157657,834.99,846.5,0,0,"Potamotrygon leopoldi",-65.95,-64.61,1.34000000000003
"Etmopterus_unicolor",18.322980313848,17.5782251623957,4.20370025303279,899.71,0,0,2.02273855707441,2.11437325202365,0.741756462717748,673.01,676,0,0,0.553810580232419,0.558721231836133,0.197703987063777,431.62,439,0,0,"Etmopterus unicolor",-226.7,-468.09,-241.39
"Potamotrygon_schuemacheri",18.1608538905094,16.3177806230942,7.01610641657881,899.96,0,0,1.31735990386327,1.31492883245094,0.266831947816595,832.81,874,0,0,0.270785118607169,0.260019204955466,0.059703463333575,820.42,828.5,0,0,"Potamotrygon schuemacheri",-67.1500000000001,-79.5400000000001,-12.39
"Pavoraja_mosaica",18.1949451022773,17.2502404867097,6.50503411250389,901.75,0,0,0.969843225137567,0.91534278615731,0.341312015653899,948.18,954.5,0,0,0.261059680106712,0.246806705566493,0.0752594077443964,871.43,881.5,0,0,"Pavoraja mosaica",46.43,-30.32,-76.75
"Rajella_caudaspinosa",18.5266398648989,19.5913074955722,6.84958375345225,902.23,0,0,0.824295130534762,0.836033585691694,0.305246008829042,1031.01,1022.5,0,0,0.213460866752234,0.206551233581334,0.0581430846538158,1036.81,1056.5,0,0,"Rajella caudaspinosa",128.78,134.58,5.79999999999995
"Rajella_annandalei",18.2928331738437,15.9480046112235,7.69154984960044,902.28,0,0,0.817305842924968,0.82560275154005,0.289726885492578,1029.7,1030,0,0,0.220806511330593,0.212525539845052,0.065082850345268,1018.01,1048.5,0,0,"Rajella annandalei",127.42,115.73,-11.6900000000001
"Himantura_imbricata",17.69140008467,17.8008631878864,1.87020795380898,902.84,0,0,1.49738944986114,1.46591782440959,0.299515581054348,790.54,840.5,0,0,0.277902744271646,0.270326979697576,0.058379042263926,796.76,804.5,0,0,"Himantura imbricata",-112.3,-106.08,6.22000000000003
"Dasyatis_lata",17.6916044206188,17.8008631878864,1.86965329787086,903.64,0,0,1.49708284718721,1.46894879122882,0.29927483101314,790.89,841.5,0,0,0.277727932922788,0.270699150961938,0.0581794240443285,797.91,811,0,0,"Dasyatis lata",-112.75,-105.73,7.01999999999998
"Rajella_fyllae",18.4388158408266,19.7327375706465,6.62126027082463,903.73,0,0,0.821653376222302,0.799271562663939,0.310649263599934,1032.25,1031,0,0,0.211678484273427,0.19949678379021,0.0610891085620049,1043.79,1061,0,0,"Rajella fyllae",128.52,140.06,11.54
"Pavoraja_nitida",17.9733157527903,17.5394460322412,5.29399281676974,904.75,0,0,0.968776517258896,0.903389583488124,0.334709031819005,947.49,953.5,0,0,0.25828803450355,0.241421986903556,0.0793752047134296,881.46,894,0,0,"Pavoraja nitida",42.74,-23.29,-66.03
"Raja_asterias",18.2608258853617,17.4100942841662,7.4496090338543,906.6,0,0,0.780196115929845,0.683319946348512,0.374728194656331,1062.19,1064,0,0,0.212240785824927,0.207588209999271,0.0666092115666395,1047.16,1062.5,0,0,"Raja asterias",155.59,140.56,-15.03
"Carcharhinus_plumbeus",18.1821144780993,17.7684981410042,4.72647058469943,906.84,0,0,0.883876676055508,0.914176220221447,0.249630966004334,986.99,977,0,0,0.243580657451927,0.240822394142446,0.066542115107183,944.18,950,0,0,"Carcharhinus plumbeus",80.15,37.3399999999999,-42.8100000000001
"Squalus_japonicus",18.4817768923959,19.6388205461918,6.70008904282427,906.92,0,0,2.12121193964226,2.26303254479242,0.733889460946507,644.25,654.5,0,0,0.585948137878541,0.614928198060563,0.21503353754984,424.34,420,0,0,"Squalus japonicus",-262.67,-482.58,-219.91
"Squalus_nasutus",18.4948550524073,19.9669017832087,6.70716651828253,907.01,0,0,2.12411157300497,2.3147330473731,0.736491900341977,643.79,648,0,0,0.586330198234276,0.620862357199315,0.212590562073662,422.85,419,0,0,"Squalus nasutus",-263.22,-484.16,-220.94
"Brochiraja_vittacauda",17.8059057389856,17.0924491167459,6.50621842246898,907.31,0,0,1.00088055291378,0.960058769228848,0.361519647640043,937.54,938,0,0,0.259344832151374,0.245558125219505,0.0794340725598466,880.29,889,0,0,"Brochiraja vittacauda",30.23,-27.02,-57.25
"Psammobatis_rudis",17.791965321011,17.6417462104076,4.46579206575383,907.42,0,0,1.13531737511858,0.998444479458207,0.515783340463745,909.32,909.5,0,0,0.273972317664054,0.244766224691491,0.0999340620663374,844.75,843,0,0,"Psammobatis rudis",1.90000000000009,-62.67,-64.57
"Potamotrygon_ocellata",17.7433345253676,16.7380279439374,7.21910991229752,908.33,0,0,1.29908619827044,1.2836153443292,0.274662656183626,835.5,878.5,0,0,0.268429541704747,0.255499818358549,0.0601458513879932,833.47,853.5,0,0,"Potamotrygon ocellata",-72.83,-74.86,-2.02999999999997
"Etmopterus_granulosus",18.0816207254582,17.8853145861382,4.31124310010143,908.72,0,0,2.02026997321815,2.11804484374722,0.731591034934037,675.46,690,0,0,0.554165420794931,0.549615154457568,0.193431985725163,429.6,427,0,0,"Etmopterus granulosus",-233.26,-479.12,-245.86
"Mustelus_manazo",18.3144105723938,19.8752919256276,5.78185381761053,909.44,0,0,1.58616141213863,1.64000978263482,0.676440075546572,809.47,810,0,0,0.298879372232813,0.305222041439219,0.105165899746943,779.93,757,0,0,"Mustelus manazo",-99.97,-129.51,-29.5400000000001
"Carcharhinus_altimus",18.104384565072,17.843648926846,4.79468100498913,909.72,0,0,0.885621114956512,0.922257257883385,0.253200438683617,986.29,977,0,0,0.244743496287583,0.245569937971299,0.0672376344240894,940.81,947,0,0,"Carcharhinus altimus",76.5699999999999,31.0899999999999,-45.48
"Potamotrygon_schroederi",17.7853127011598,16.1734834242424,6.5355137042104,911.28,0,0,1.31582679874183,1.28813103370604,0.273283876589584,832.6,876,0,0,0.269159811244892,0.252803003101459,0.0607831741654087,828.88,827.5,0,0,"Potamotrygon schroederi",-78.68,-82.4,-3.72000000000003
"Brochiraja_aenigma",17.6772338026308,17.3032050983973,6.23176277426205,912.19,0,0,0.994179290877917,0.925252156205681,0.351375056378226,938.99,943,0,0,0.254124318830308,0.248744391395,0.0734012908496623,896.15,916.5,0,0,"Brochiraja aenigma",26.8,-16.0400000000001,-42.84
"Glyphis_fowlerae",17.9771649180778,18.613727739929,3.7056880544487,912.71,0,0,1.11498612637915,1.07535815329002,0.44998038646205,919.03,915.5,0,0,0.251644676184157,0.254116628236813,0.0673908601162517,916.67,920,0,0,"Glyphis fowlerae",6.31999999999994,3.95999999999992,-2.36000000000001
"Glyphis_gangeticus",17.9689521060053,18.5126932054346,3.71934679681001,913.11,0,0,1.11716947216355,1.08269323468804,0.453784846979998,918.66,915.5,0,0,0.252983873099162,0.251859819927748,0.0689205348354141,912.02,915,0,0,"Glyphis gangeticus",5.54999999999995,-1.09000000000003,-6.63999999999999
"Okamejei_kenojei",17.9236468661474,17.9856215518125,5.3224503957257,913.35,0,0,0.732193469339859,0.647150822331289,0.391111280940842,1089.45,1101,0,0,0.212691249281311,0.200675074362031,0.0649994588608697,1045.2,1062,0,0,"Okamejei kenojei",176.1,131.85,-44.25
"Apristurus_kampae",17.8268042272621,18.258851186405,3.69490589734155,917.13,0,0,1.52827484069968,1.6380354794637,0.560505867442955,812.91,821,0,0,0.301121357559956,0.29749874473222,0.0914683492423181,754.52,741.5,0,0,"Apristurus kampae",-104.22,-162.61,-58.39
"Rajella_dissimilis",17.9986183803992,16.352587248236,8.06399654828912,918.28,0,0,0.820130599799886,0.834331193883312,0.29491652692358,1029.12,1030.5,0,0,0.212574022469205,0.2038369476005,0.0601480046660605,1035.03,1047.5,0,0,"Rajella dissimilis",110.84,116.75,5.91000000000008
"Rajella_purpuriventralis",18.0706699539886,16.9881444382185,8.01083104234657,919.21,0,0,0.819905533674639,0.849108479524088,0.299183733913935,1031.48,1027,0,0,0.217201158537349,0.210057065322165,0.0651063934093184,1027.18,1053,0,0,"Rajella purpuriventralis",112.27,107.97,-4.29999999999995
"Potamotrygon_marinae",17.6392501426902,16.4315964466534,6.48612136382635,919.63,0,0,1.31352085050221,1.31270552211598,0.282586944352468,834.32,879,0,0,0.269917115905575,0.260624618816801,0.0588581061166427,826.86,833.5,0,0,"Potamotrygon marinae",-85.31,-92.77,-7.46000000000004
"Okamejei_boesemani",17.7327930562068,17.2175226547285,5.25137371091346,919.92,0,0,0.731690021993855,0.653414285442045,0.375152931846674,1089.07,1093,0,0,0.211055831343858,0.201943800149445,0.0649514557987365,1050.13,1070,0,0,"Okamejei boesemani",169.15,130.21,-38.9399999999998
"Leucoraja_naevus",17.7127920248565,17.2596382219688,4.4172652713726,921.71,0,0,1.0559139063511,0.955951191340527,0.616061834170481,962.81,951.5,0,0,0.234558480516709,0.229684615243491,0.078123679885567,977.12,994,0,0,"Leucoraja naevus",41.0999999999999,55.41,14.3100000000001
"Plesiotrygon_iwamae",17.3107729206914,16.9410010330433,3.87127354378915,921.82,0,0,1.32833796349424,1.33070085110839,0.267378566701113,827.4,875.5,0,0,0.268068485264943,0.253963392636018,0.0621103607546521,837.14,860,0,0,"Plesiotrygon iwamae",-94.4200000000001,-84.6800000000001,9.74000000000001
"Apristurus_fedorovi",17.62667137166,18.013221685695,3.78801946831942,922.37,0,0,1.5185714626541,1.6177806960274,0.56421081067172,815,825.5,0,0,0.301137778604993,0.297188931287947,0.0898552556725678,752.41,740,0,0,"Apristurus fedorovi",-107.37,-169.96,-62.59
"Plesiotrygon_nana",17.3107729206914,16.9410010330433,3.87127354378915,922.82,0,0,1.32582899293344,1.32780990200055,0.265432808948652,827.85,876,0,0,0.267487157810998,0.257922068240585,0.0608159443589084,839.53,856,0,0,"Plesiotrygon nana",-94.97,-83.2900000000001,11.68
"Rajella_eisenhardti",17.7910775784007,16.8901143210217,7.12018242526173,924.08,0,0,0.82475651653065,0.834924820091513,0.308319938549343,1028.85,1025,0,0,0.220085610946337,0.217884391869238,0.0635046481829373,1017.55,1046,0,0,"Rajella eisenhardti",104.77,93.4699999999999,-11.3
"Pavoraja_arenaria",17.454491545993,17.0942053946343,5.21252147902757,926.32,0,0,0.962023815501881,0.914161315862393,0.334716396534913,951.29,957.5,0,0,0.257557861248248,0.24136555810127,0.0777048341505431,883.31,890,0,0,"Pavoraja arenaria",24.9699999999999,-43.0100000000001,-67.98
"Dipturus_ecuadoriensis",17.5540438837277,15.9099663551544,8.69219182242295,926.39,0,0,0.573028835005634,0.560092961756894,0.175224364230033,1151.79,1156,0,0,0.194030023052288,0.188236108220076,0.0506916205606945,1095.95,1119.5,0,0,"Dipturus ecuadoriensis",225.4,169.56,-55.8399999999999
"Dipturus_mennii",17.3890431951396,14.9453991003395,8.24090183441437,926.53,0,0,0.570623057788501,0.567477495669871,0.173843661192052,1153.27,1160,0,0,0.194903163319908,0.193708023942568,0.0498730684824129,1090.53,1109,0,0,"Dipturus mennii",226.74,164,-62.74
"Potamotrygon_constellata",17.3139753312205,16.3204564641563,6.04344291894751,927.93,0,0,1.31922581365639,1.31454921799533,0.274606405281682,831.79,874.5,0,0,0.269194525400965,0.25768410917203,0.0605703370386525,831.45,817.5,0,0,"Potamotrygon constellata",-96.14,-96.4799999999999,-0.339999999999918
"Dipturus_intermedia",17.7160275507173,14.9760773269267,9.60582916363045,928.51,0,0,0.564028781335503,0.564832644408735,0.162066517498085,1156.47,1163,0,0,0.188486169150103,0.19004176138734,0.0460963289150969,1112.41,1123.5,0,0,"Dipturus intermedia",227.96,183.9,-44.0599999999999
"Leucoraja_wallacei",17.4874743832283,17.3544721287685,4.69173874588789,929.47,0,0,1.06065256020461,0.993294695376913,0.61686024547501,959.19,953.5,0,0,0.235759781260575,0.232591717287746,0.0783976941674931,971.32,984.5,0,0,"Leucoraja wallacei",29.72,41.85,12.13
"Rajella_nigerrima",17.5919189168344,16.727919727449,7.0108102792272,931.76,0,0,0.819494994493473,0.834931298973571,0.292193697478974,1030.94,1028,0,0,0.21592904782801,0.211830828823847,0.060646242446607,1035.48,1068,0,0,"Rajella nigerrima",99.1800000000001,103.72,4.53999999999996
"Dipturus_stenorhynchus",17.6082114853545,15.1914062647757,9.54047992800745,932.39,0,0,0.587024610710167,0.560545504590439,0.277287167498099,1149.3,1156.5,0,0,0.18931160680969,0.188120662333661,0.0464537437775343,1110.4,1125.5,0,0,"Dipturus stenorhynchus",216.91,178.01,-38.8999999999999
"Rajella_alia",17.5786828403871,16.7198789883332,7.20055281753723,932.93,0,0,0.814159933059886,0.825716728553247,0.296456952078331,1034.15,1032,0,0,0.21747714958707,0.212655767199253,0.0643198177166967,1027.63,1052.5,0,0,"Rajella alia",101.22,94.7000000000002,-6.51999999999998
"Apristurus_platyrhynchus",17.198517150837,16.89342953829,3.85561477907532,933.48,0,0,1.7892590836348,1.88812021805772,0.702002324306233,747.72,768.5,0,0,0.308297987598979,0.309701980293602,0.098965746226908,738.71,737,0,0,"Apristurus platyrhynchus",-185.76,-194.77,-9.00999999999999
"Dipturus_gigas",17.5580607796778,16.2041364219459,9.39761148745318,934.23,0,0,0.576646679056067,0.566028189095439,0.185554348668605,1152.63,1157,0,0,0.192163676299114,0.187173244664009,0.0510125551607647,1106.13,1118.5,0,0,"Dipturus gigas",218.4,171.9,-46.5
"Apristurus_sinensis",17.2487928221407,17.2118702235207,3.90900083108901,934.36,0,0,1.78759308528951,1.90561754475825,0.697931698640698,748.06,768,0,0,0.309973049254973,0.306877114435585,0.0970760348123505,731.58,729.5,0,0,"Apristurus sinensis",-186.3,-202.78,-16.4799999999999
"Dipturus_bullisi",17.1825819671942,15.9552696827618,8.27096001154183,934.41,0,0,0.571267349312778,0.568366623406276,0.171942019715834,1152.85,1162.5,0,0,0.195003353435328,0.191941017339554,0.0509444658016048,1089.77,1116,0,0,"Dipturus bullisi",218.44,155.36,-63.0799999999999
"Mustelus_mosis",17.4881800866376,19.029541894817,4.60707172540665,935.13,0,0,1.45495663618154,1.56649313245497,0.561236504867368,839.82,846,0,0,0.291918197120389,0.296114376266939,0.0997431756245207,791.84,771,0,0,"Mustelus mosis",-95.31,-143.29,-47.98
"Potamotrygon_tatianae",16.8588076293443,15.6586471148951,6.07694698619678,935.9,0,0,1.3183850446668,1.31213947889247,0.273956810029669,832.42,876.5,0,0,0.270351674280969,0.256218817359639,0.0647518054368844,826.74,820,0,0,"Potamotrygon tatianae",-103.48,-109.16,-5.67999999999995
"Pavoraja_pseudonitida",17.1674681406577,16.4312813510654,5.86186151063628,936.05,0,0,0.968255746492807,0.908228742703639,0.339697433656462,948.09,957.5,0,0,0.258997200611041,0.250442787565235,0.0758303465882383,877.7,880,0,0,"Pavoraja pseudonitida",12.0400000000001,-58.3499999999999,-70.39
"Potamotrygon_magdalenae",17.1530441840872,15.5950528346577,6.4544148576121,936.56,0,0,1.31923326588629,1.3033577773982,0.293382401820232,832.95,875,0,0,0.267924408941223,0.259187633149595,0.0576953992642214,834.4,849,0,0,"Potamotrygon magdalenae",-103.61,-102.16,1.44999999999993
"Potamotrygon_brachyura",17.0002558290019,16.1793253438487,6.02624903523573,936.72,0,0,1.31504623760343,1.33108704387795,0.261114608232534,831.74,877.5,0,0,0.270385079381069,0.256606883301282,0.0604407065260986,827.81,835.5,0,0,"Potamotrygon brachyura",-104.98,-108.91,-3.93000000000006
"Dipturus_apricus",17.2822653990379,15.4170153562011,8.58870673896592,936.92,0,0,0.569036767922227,0.564822514101752,0.170353100354114,1154.05,1162,0,0,0.196427962351776,0.189314192781554,0.0509142368996815,1088.91,1106,0,0,"Dipturus apricus",217.13,151.99,-65.1399999999999
"Rajella_fuliginea",17.5580174702367,16.3919273484248,8.01762350770655,937.79,0,0,0.820065798501507,0.831476169890902,0.297613377994437,1031.96,1031.5,0,0,0.217535359152267,0.211440537878435,0.062694862914117,1027.89,1047.5,0,0,"Rajella fuliginea",94.1700000000001,90.1000000000001,-4.06999999999994
"Potamotrygon_tigrina",17.0410478888133,16.1750618926496,5.62299167064795,939.15,0,0,1.30897640871708,1.29294304538046,0.273991620226951,833.57,880,0,0,0.267760603038724,0.253368658715941,0.056416834454111,831.13,844.5,0,0,"Potamotrygon tigrina",-105.58,-108.02,-2.44000000000005
"Dipturus_wengi",17.3769523584049,15.3691404203668,8.65628275391936,939.48,0,0,0.573513095905093,0.57477699765152,0.171754855664801,1151.63,1156,0,0,0.192478118575365,0.190217732741507,0.047121374444357,1100.99,1114,0,0,"Dipturus wengi",212.15,161.51,-50.6400000000001
"Potamotrygon_signata",16.9033888470522,16.4907343670385,5.64900006574456,940.91,0,0,1.31260233501118,1.3383906069299,0.260318482799407,833.1,878,0,0,0.265538988540772,0.249738766352,0.0647005382715197,844.97,856.5,0,0,"Potamotrygon signata",-107.81,-95.9399999999999,11.87
"Rajella_ravidula",17.3393689411933,16.6819660230654,7.29383921236024,941.11,0,0,0.822452359849437,0.812985877267727,0.303390781292967,1029.63,1027,0,0,0.219358518212271,0.21418737778412,0.0641926031782673,1025.68,1041.5,0,0,"Rajella ravidula",88.5200000000001,84.57,-3.95000000000005
"Cephaloscyllium_hiscosellum",16.8414777161258,16.6715153433246,3.15931007388268,943.4,0,0,1.82887541112979,1.86913223934999,0.384910945196534,711.42,732,0,0,0.528882696659476,0.53583864196318,0.184247209832313,456.3,451,0,0,"Cephaloscyllium hiscosellum",-231.98,-487.1,-255.12
"Dipturus_oculus",16.8777135002266,14.8129174901398,7.97649041482704,946.48,0,0,0.572054221383066,0.564373106756858,0.173001811075303,1152.28,1158.5,0,0,0.193752276688265,0.191153200072523,0.0501710708528861,1098.32,1114.5,0,0,"Dipturus oculus",205.8,151.84,-53.96
"Etmopterus_princeps",17.0076247654454,17.4844341309253,3.37992927789005,946.9,0,0,2.01346677804701,2.12766117937618,0.729135848191607,677.11,692,0,0,0.552830503136132,0.55696345927357,0.191456485146903,431.48,432,0,0,"Etmopterus princeps",-269.79,-515.42,-245.63
"Rajella_challengeri",17.0069819572439,16.3000167692804,6.98639144358882,947.78,0,0,0.815907404046172,0.802367320063795,0.304181906657473,1033.64,1033.5,0,0,0.218459495287136,0.216765041906839,0.0635999455965376,1026.84,1038.5,0,0,"Rajella challengeri",85.8600000000001,79.06,-6.80000000000018
"Dipturus_garricki",16.774930757554,15.5433760464249,7.13838104081264,948.28,0,0,0.563692908073025,0.567722816172403,0.160235367009457,1154.43,1164.5,0,0,0.195399309632982,0.193195674980691,0.0498930792837777,1098.25,1108,0,0,"Dipturus garricki",206.15,149.97,-56.1800000000001
"Cephaloscyllium_albipinnum",16.7006662752458,16.6013064074131,3.17284050270255,949.52,0,0,1.82826123127257,1.87267587820467,0.378755252203601,712.19,730.5,0,0,0.531285650527886,0.541574365781792,0.185020287401289,455.3,450,0,0,"Cephaloscyllium albipinnum",-237.33,-494.22,-256.89
"Pavoraja_umbrosa",16.9311116153517,16.5591582973361,6.17735947931194,950.07,0,0,0.962407082825855,0.906406502721821,0.329580832144328,949.13,957,0,0,0.262995018118189,0.247682036386525,0.0801088745595317,866.94,863.5,0,0,"Pavoraja umbrosa",-0.940000000000055,-83.13,-82.1899999999999
"Dipturus_flavirostris",16.5420188752874,15.1177490608293,7.63763664339961,950.73,0,0,0.566922399956158,0.574844809406397,0.159970054464133,1155.15,1155.5,0,0,0.191753728682472,0.18668898479971,0.0472291892105457,1105.32,1115,0,0,"Dipturus flavirostris",204.42,154.59,-49.8300000000002
"Etmopterus_spinax",16.9456077617736,17.4131292241003,3.52955445365231,950.78,0,0,2.01730659517049,2.12322698741364,0.740190638581626,675.43,683,0,0,0.55121253885009,0.55412505322856,0.193038543737873,434.09,438,0,0,"Etmopterus spinax",-275.35,-516.69,-241.34
"Dipturus_grahami",17.041408640586,15.5230477296619,9.2479418473358,950.93,0,0,0.601110629101453,0.574645810311254,0.338508697734518,1147.27,1153,0,0,0.193504494845707,0.195229077015369,0.0480936179898342,1097.66,1110,0,0,"Dipturus grahami",196.34,146.73,-49.6099999999999
"Dipturus_endeavouri",16.4749702538575,14.8137760652327,7.86663213655349,958.68,0,0,0.568232192481307,0.561723792474736,0.164158158807828,1153.89,1159.5,0,0,0.193258155342214,0.190719373167516,0.0516618906453178,1100.74,1128.5,0,0,"Dipturus endeavouri",195.21,142.06,-53.1500000000001
"Potamotrygon_boesemani",16.1316761911897,14.8631134069037,5.13830041949329,962.22,0,0,1.30978468346106,1.31475437077338,0.258366679352341,834.27,878,0,0,0.271180757637375,0.257566848589601,0.063761815606572,825.37,827.5,0,0,"Potamotrygon boesemani",-127.95,-136.85,-8.89999999999998
"Dipturus_queenslandicus",16.405406070383,14.1516716525966,8.26182752174321,962.62,0,0,0.585693763061027,0.569292644389128,0.261375736765094,1149.53,1157,0,0,0.194161399708651,0.191023710947436,0.0510870858718137,1097.81,1122.5,0,0,"Dipturus queenslandicus",186.91,135.19,-51.72
"Potamotrygon_henlei",16.2195616554686,16.3695273523502,4.1372044345797,963.07,0,0,1.30193085309087,1.30561004941796,0.280775290152878,837.86,882,0,0,0.269872606122738,0.260690754099903,0.0591600533931357,826.47,846,0,0,"Potamotrygon henlei",-125.21,-136.6,-11.39
"Dipturus_wuhanlingi",16.3840558234405,15.1693255494427,7.36563258451987,964.46,0,0,0.586766971038998,0.560946965328419,0.247413256928538,1149.87,1159,0,0,0.193294933549037,0.181982637734435,0.0540531989729923,1101.79,1115,0,0,"Dipturus wuhanlingi",185.41,137.33,-48.0799999999999
"Urolophus_cruciatus",16.2793155341516,16.0899552543408,3.12547600125139,966.24,0,0,2.04566308829341,2.02226772065915,0.410968211022002,655.01,681,0,0,0.346072939196216,0.32606095295211,0.0998259295043725,623.74,614,0,0,"Urolophus cruciatus",-311.23,-342.5,-31.27
"Urolophus_sufflavus",16.2836153051816,16.0899552543408,3.11825781900482,966.37,0,0,2.04726661804868,2.04193440014166,0.415384623053456,654.57,677,0,0,0.345928722088419,0.324486887495612,0.0997846869049958,623.72,608.5,0,0,"Urolophus sufflavus",-311.8,-342.65,-30.85
"Dipturus_lanceorostratus",16.2945200250416,14.375173998695,8.43907173869981,966.75,0,0,0.567295289168817,0.558076546366896,0.169717498609919,1155.4,1159,0,0,0.192308291201039,0.194727414612454,0.046870159181219,1101.37,1115.5,0,0,"Dipturus lanceorostratus",188.65,134.62,-54.0300000000002
"Dipturus_nidarosiensis",16.1110589535832,15.2835851271224,7.30488154972636,967.75,0,0,0.569043253708451,0.552662708068882,0.163521309259389,1152.84,1157.5,0,0,0.191849851434897,0.188865696280765,0.0480553215465091,1102.99,1119,0,0,"Dipturus nidarosiensis",185.09,135.24,-49.8499999999999
"Spiniraja_whitleyi",16.341722916209,14.0292958728254,8.80665071299513,969.09,0,0,0.598484670123952,0.563603398129063,0.34990987530458,1149.2,1162.5,0,0,0.196198788126768,0.190715714057072,0.0513447672658596,1091.33,1113.5,0,0,"Spiniraja whitleyi",180.11,122.24,-57.8700000000001
"Bathyraja_aleutica",15.6670636532281,14.7373052036124,5.6490591537138,970.1,0,0,0.671519231521434,0.656891632218225,0.15662349953221,1076.13,1091.5,0,0,0.209586955982414,0.20856340020552,0.0527197562593788,1038.91,1054,0,0,"Bathyraja aleutica",106.03,68.8100000000001,-37.22
"Dipturus_falloargus",16.209601531835,14.1204170500601,7.50605326227984,971.95,0,0,0.569548778955009,0.560620965761514,0.165644121261652,1154.79,1158,0,0,0.191982344119199,0.183464437473977,0.0503392211125048,1102.81,1120.5,0,0,"Dipturus falloargus",182.84,130.86,-51.98
"Dipturus_teevani",15.8765276371613,14.7419625488979,7.036908974128,974.66,0,0,0.567479708850362,0.573689767861903,0.1636152611212,1153.96,1160,0,0,0.191552179017327,0.185922497005488,0.0506718663127032,1107.69,1122.5,0,0,"Dipturus teevani",179.3,133.03,-46.27
"Carcharhinus_limbatus",16.2849904079763,17.0167604442339,3.85531332556426,975.04,0,0,0.947914624456969,0.985638312642028,0.304029248608854,960.67,951,0,0,0.248237654582032,0.248020671670961,0.0710429450443637,928.85,938.5,0,0,"Carcharhinus limbatus",-14.37,-46.1899999999999,-31.8199999999999
"Amblyraja_georgiana",16.1300003844939,12.6590752829694,9.82373431775389,975.65,0,0,0.827983413815748,0.816483095095626,0.360243038125144,1031.3,1032,0,0,0.222821661679255,0.215064097055764,0.0677351259015212,1009.87,1020.5,0,0,"Amblyraja georgiana",55.65,34.22,-21.43
"Dipturus_canutus",16.2450544917379,14.6379419269165,8.43325963311516,976.43,0,0,0.571951099845498,0.557540933701998,0.18625699239616,1155.62,1161.5,0,0,0.19217413244059,0.187242024642533,0.0490795746417754,1105.82,1122,0,0,"Dipturus canutus",179.19,129.39,-49.8
"Bathyraja_longicauda",16.0873428568307,13.3434124257919,11.3157495110505,978.53,0,0,0.848030845150608,0.670969202235008,1.67209632847739,1055.59,1084.5,0,0,0.213180628034274,0.200760276763283,0.0616977045587785,1025.81,1046.5,0,0,"Bathyraja longicauda",77.06,47.28,-29.78
"Dipturus_polyommata",16.0137516751846,14.9771771512955,7.88795006427408,978.91,0,0,0.596527006202884,0.563404604507556,0.355126579493663,1152.86,1163.5,0,0,0.195900380277962,0.19054908944986,0.0545454222293913,1090.39,1110.5,0,0,"Dipturus polyommata",173.95,111.48,-62.4699999999998
"Bathyraja_shuntovi",15.6372238845045,13.7265702517444,5.78363211902742,979.03,0,0,0.667773713902764,0.667256911872691,0.141198167101973,1076.77,1081.5,0,0,0.209448671726775,0.202191733078941,0.0555561032951382,1035.96,1044,0,0,"Bathyraja shuntovi",97.74,56.9300000000001,-40.8099999999999
"Dipturus_crosnieri",15.8890897969878,15.3226751262999,6.02238522526352,979.85,0,0,0.564606510956264,0.567909424649168,0.162355608413725,1154.38,1157.5,0,0,0.192121993219057,0.188585535585386,0.0537298669383172,1101.96,1128.5,0,0,"Dipturus crosnieri",174.53,122.11,-52.4200000000001
"Dipturus_healdi",15.9824664306098,14.5318560426593,6.41585166800669,980.28,0,0,0.551335264930418,0.552692109638549,0.154555345181035,1164.98,1168.5,0,0,0.192345467358017,0.186025086595853,0.0496940460706879,1105.55,1120.5,0,0,"Dipturus healdi",184.7,125.27,-59.4300000000001
"Bathyraja_scaphiops",15.4842616563108,14.5975697384691,5.94983881203893,981.48,0,0,0.665459667612738,0.664560222517298,0.149915722330934,1079.01,1089.5,0,0,0.214005952431766,0.204827086736752,0.0559703708664554,1024.59,1046,0,0,"Bathyraja scaphiops",97.53,43.1099999999999,-54.4200000000001
"Dipturus_melanospilus",16.1089390978592,14.4702377590753,9.1777927837979,981.76,0,0,0.58475778012565,0.566280670502021,0.237158791707993,1148.27,1154.5,0,0,0.189641189239919,0.192884250373627,0.0443816707247463,1105.87,1124.5,0,0,"Dipturus melanospilus",166.51,124.11,-42.4000000000001
"Rhinoraja_multispinis",15.4328466080557,12.8398729733548,7.05291947029589,982.35,0,0,0.666802767930699,0.663038457872973,0.151422852955602,1079.43,1088,0,0,0.210145328342924,0.202504275078189,0.0482731191258841,1029.43,1037,0,0,"Rhinoraja multispinis",97.08,47.08,-50
"Dipturus_doutrei",15.8652635894964,14.766413226879,7.1929024000172,982.43,0,0,0.567031638248867,0.555918718595791,0.17232298507225,1154.86,1161,0,0,0.193046504556664,0.192474407832936,0.0478549593078629,1094.73,1111.5,0,0,"Dipturus doutrei",172.43,112.3,-60.1299999999999
"Dipturus_acrobelus",15.7906327203623,15.5779310105604,7.52953317956821,982.89,0,0,0.57421334888608,0.558053245975493,0.177752770918292,1150.28,1156,0,0,0.194595403296245,0.192311747798866,0.0495498335017202,1093.76,1108.5,0,0,"Dipturus acrobelus",167.39,110.87,-56.52
"Bathyraja_smithii",15.6553116717834,12.4678860005807,9.76423613807873,984.26,0,0,0.69907188851031,0.665063273731604,0.197063316712585,1063.63,1082,0,0,0.21262634098506,0.20215184905692,0.0606532708130666,1023.57,1052,0,0,"Bathyraja smithii",79.3700000000001,39.3100000000001,-40.0600000000001
"Bathyraja_peruana",15.2860467215158,13.8161441052616,6.6712811240872,985.47,0,0,0.687822828159735,0.650408586387577,0.183869401929592,1068.07,1087.5,0,0,0.212388713410969,0.203580224798094,0.0579050759068101,1028.87,1046,0,0,"Bathyraja peruana",82.5999999999999,43.3999999999999,-39.2
"Bathyraja_matsubarai",15.2825787425462,13.4926719123053,7.90089649513309,986.45,0,0,0.688584197004628,0.661385472769348,0.17211127503825,1067.46,1085,0,0,0.21506292897288,0.20666138776971,0.0590440413513484,1018.29,1042.5,0,0,"Bathyraja matsubarai",81.01,31.8399999999999,-49.1700000000001
"Dipturus_campbelli",15.4789708981542,14.371608971917,6.53122896827111,986.6,0,0,0.556377975019974,0.56335984517411,0.151744512900551,1159.67,1164,0,0,0.194274265914698,0.193214235043242,0.0512548305150649,1098.05,1111,0,0,"Dipturus campbelli",173.07,111.45,-61.6200000000001
"Bathyraja_andriashevi",15.3757245589478,12.8933323136322,8.1162535686496,987.21,0,0,0.692848267128289,0.66111348280872,0.179903471851233,1064.16,1075.5,0,0,0.214081169398661,0.20069862500927,0.0628351005612336,1021.25,1033.5,0,0,"Bathyraja andriashevi",76.95,34.04,-42.9100000000001
"Bathyraja_maccaini",15.2598823943713,14.3382453907098,6.07251529419699,987.31,0,0,0.667673073854038,0.657078019921767,0.137620037516291,1074.19,1091.5,0,0,0.20910936621339,0.203754987777163,0.0542425418343311,1034.19,1053.5,0,0,"Bathyraja maccaini",86.8800000000001,46.8800000000001,-40
"Dipturus_olseni",15.576522151886,14.2532280234012,6.75865917935108,987.74,0,0,0.570726668534995,0.567775458036669,0.17835129716407,1154.05,1159.5,0,0,0.19071785537448,0.189197237714679,0.0488414545783952,1108.11,1124.5,0,0,"Dipturus olseni",166.31,120.37,-45.9400000000001
"Bathyraja_griseocauda",15.3404946445808,14.718475349545,6.41535228940188,987.95,0,0,0.668614957880683,0.662955462973295,0.14302551763085,1076.91,1085.5,0,0,0.212947922187556,0.205033291554884,0.0552590863369621,1025.2,1047,0,0,"Bathyraja griseocauda",88.96,37.25,-51.71
"Carcharhinus_obscurus",15.9857780738683,16.6073347264158,3.74424800525782,989.02,0,0,0.884862511979127,0.934735681134375,0.248966813120644,987.53,980,0,0,0.24280229738276,0.246820152033536,0.0653066841151427,943.85,937.5,0,0,"Carcharhinus obscurus",-1.49000000000001,-45.17,-43.68
"Carcharhinus_galapagensis",15.9762116728908,16.6073347264158,3.75714775687174,989.84,0,0,0.882323824400883,0.93204254664482,0.248327650848447,988.92,985.5,0,0,0.242780000091583,0.246597577829931,0.0651761502353879,943.93,939,0,0,"Carcharhinus galapagensis",-0.920000000000073,-45.9100000000001,-44.99
"Dipturus_johannisdavesi",15.348193151501,12.889719840822,8.0642724944398,990.63,0,0,0.561050998185565,0.562430255566438,0.160705290219113,1158.91,1163,0,0,0.192651511629384,0.191557611150031,0.0498995437153912,1101.44,1118.5,0,0,"Dipturus johannisdavesi",168.28,110.81,-57.47
"Rhinoraja_odai",15.0300197929404,12.1712619741427,7.7354195401297,991.27,0,0,0.743113836671683,0.661891226016015,0.561621773997703,1060.6,1087,0,0,0.210388344375499,0.197835784654015,0.0593471336238447,1040.97,1072,0,0,"Rhinoraja odai",69.3299999999999,49.7,-19.6299999999999
"Bathyraja_meridionalis",15.0594450697574,14.0017535828673,5.57491050914039,992.15,0,0,0.665327935444436,0.662080895207689,0.13487416623225,1076.7,1087,0,0,0.209536705228795,0.202371564538715,0.0506091172511932,1043.47,1052,0,0,"Bathyraja meridionalis",84.5500000000001,51.32,-33.23
"Squalus_mitsukurii",15.9251873828833,17.2122157720711,5.5982493746288,992.81,0,0,2.04144834061718,2.30841341300258,0.675612370593638,663.16,670.5,0,0,0.573907664605098,0.603104682127157,0.208793248433354,430.45,426,0,0,"Squalus mitsukurii",-329.65,-562.36,-232.71
"Carcharhinus_leiodon",15.7332358394228,15.6879688596207,3.81971112054142,994.54,0,0,0.94344761900867,0.998764855609247,0.302024091868205,962.47,951.5,0,0,0.247860164264194,0.25073748519114,0.0703222265985046,925.9,945,0,0,"Carcharhinus leiodon",-32.0699999999999,-68.64,-36.57
"Bathyraja_leucomelanos",15.6109855874011,14.0304808507268,8.82644876126446,994.62,0,0,0.723133606464685,0.672490473473012,0.558371768994316,1070.04,1089,0,0,0.21445456037373,0.209915618773318,0.0581068416465112,1021.3,1038.5,0,0,"Bathyraja leucomelanos",75.42,26.68,-48.74
"Dipturus_oregoni",15.479210116441,14.2643071478163,7.20890092198822,994.89,0,0,0.567828460989549,0.575450375865642,0.156790132699475,1150.78,1154.5,0,0,0.193338070846962,0.189558762190666,0.0477362103213269,1099.84,1116.5,0,0,"Dipturus oregoni",155.89,104.95,-50.9400000000001
"Bathyraja_tunae",15.2115034353779,13.5617645626015,8.14384620261153,995.46,0,0,0.757383802182463,0.674274483731682,0.6499291292483,1059.64,1082,0,0,0.217421505430255,0.201892294735386,0.0764118957623645,1020.75,1055,0,0,"Bathyraja tunae",64.1800000000001,25.29,-38.8900000000001
"Amblyraja_taaf",15.2000435445968,13.0518843039638,8.62491179799238,996.54,0,0,0.813844431173243,0.800374448325493,0.319297533899628,1036.19,1037.5,0,0,0.222219524848519,0.219669943924376,0.0630684277910175,1009.06,1038.5,0,0,"Amblyraja taaf",39.6500000000001,12.52,-27.1300000000001
"Bathyraja_trachura",14.7837070486666,13.6102340290407,5.9429452271677,996.58,0,0,0.661353643653172,0.651885643024167,0.130165663917901,1077.6,1095,0,0,0.211167367880116,0.205663994299264,0.0560453737433567,1036.87,1038.5,0,0,"Bathyraja trachura",81.0199999999999,40.2899999999998,-40.73
"Squalus_montalbani",15.7878641609655,17.2131717910872,5.29216998859111,997.21,0,0,2.03690075475149,2.2778348667211,0.67486279731345,664.27,671.5,0,0,0.572132403818472,0.604844872939504,0.208479088177125,431.44,419.5,0,0,"Squalus montalbani",-332.94,-565.77,-232.83
"Bathyraja_aguja",15.133685548611,13.560416709871,8.16337760935536,997.8,0,0,0.673471492295934,0.672334400349367,0.138905664096538,1071.46,1091.5,0,0,0.212551570175945,0.205578152474084,0.058890680589904,1025.93,1034,0,0,"Bathyraja aguja",73.6600000000001,28.1300000000001,-45.53
"Squalus_chloroculus",15.8217478574136,17.0005023588567,5.42969594539617,997.98,0,0,2.03707610582286,2.27072802884659,0.672797233666008,665.1,674,0,0,0.575969759678269,0.607064331204216,0.211964278439507,428.61,425,0,0,"Squalus chloroculus",-332.88,-569.37,-236.49
"Bathyraja_pallida",14.951565857177,14.0157632809826,5.79768920247317,998.03,0,0,0.665332576671035,0.66321585101979,0.140077466984062,1077.75,1089,0,0,0.207635988267015,0.20485197347379,0.0554110873467865,1044.66,1062,0,0,"Bathyraja pallida",79.72,46.6300000000001,-33.0899999999999
"Bathyraja_minispinosa",14.7569238933769,14.0488759288035,5.30410461163945,998.38,0,0,0.67467378633839,0.680249891616233,0.137855843632658,1069.82,1078.5,0,0,0.208196753761297,0.203231645686041,0.0527746714361766,1042.92,1037,0,0,"Bathyraja minispinosa",71.4399999999999,44.5400000000001,-26.8999999999999
"Bathyraja_trachouros",14.9483495778553,12.5876653665041,8.36783726684706,998.75,0,0,0.78582485348445,0.665963657091239,0.738774372186051,1055.88,1082,0,0,0.217276537860811,0.204744172235644,0.0740182317259993,1023.67,1035.5,0,0,"Bathyraja trachouros",57.1300000000001,24.92,-32.2100000000002
"Rhinoraja_longicauda",15.0367046228862,12.8989538717821,8.26282887346243,998.88,0,0,0.696646481494687,0.666417499371795,0.220048297570259,1067.65,1081,0,0,0.214300205919747,0.20531995173166,0.056172912540035,1021.15,1050,0,0,"Rhinoraja longicauda",68.7700000000001,22.27,-46.5000000000001
"Carcharhinus_tilstoni",15.5666616218644,16.6205856759757,3.42875834929003,1001.05,0,0,0.942136914536496,0.984549653144986,0.306789039302197,963.24,949.5,0,0,0.247689395815195,0.24892764667681,0.0692404675575512,928.03,946.5,0,0,"Carcharhinus tilstoni",-37.8099999999999,-73.02,-35.21
"Carcharhinus_amblyrhynchoides",15.5057598598828,16.5832499593054,3.43971340528787,1004.35,0,0,0.941009690189995,0.979856619998167,0.30335333733585,963.03,950,0,0,0.245951856062399,0.242661219391608,0.0683495529165549,933.98,949,0,0,"Carcharhinus amblyrhynchoides",-41.32,-70.37,-29.05
"Bathyraja_abyssicola",14.8704345763064,13.5895099291815,6.41164766567909,1004.56,0,0,0.666923606849496,0.663072552319047,0.131341648139029,1074.37,1086,0,0,0.211493163804685,0.200083433048762,0.0545606280684278,1027.31,1041,0,0,"Bathyraja abyssicola",69.81,22.75,-47.0599999999999
"Raja_straeleni",15.496407536143,15.6801429065957,5.19715643947485,1004.65,0,0,0.787241668044736,0.696416348311891,0.374798689650632,1058.41,1058,0,0,0.214007768433759,0.206524545219074,0.0645772723471697,1033.91,1057,0,0,"Raja straeleni",53.7600000000001,29.2600000000001,-24.5
"Bathyraja_cousseauae",14.7896920886942,13.8496334973274,5.60197627265464,1005.58,0,0,0.669575242298162,0.651928092694416,0.141591376495103,1073.46,1089.5,0,0,0.20972074918281,0.200853014022534,0.050905534471907,1036.5,1060,0,0,"Bathyraja cousseauae",67.88,30.92,-36.96
"Bathyraja_notoroensis",14.7835251041046,12.3525441913733,8.0959403235686,1007.61,0,0,0.745874210298698,0.65908864384882,0.623142660970732,1062.79,1088.5,0,0,0.212611203334754,0.201450990836195,0.0680436716988314,1032.19,1053,0,0,"Bathyraja notoroensis",55.18,24.58,-30.5999999999999
"Brochiraja_albilabiata",14.9434815853993,14.6791730668972,3.32498745003735,1007.71,0,0,0.98459063313078,0.938874442688064,0.347096127100405,941.04,946.5,0,0,0.252763122418248,0.240729850282646,0.0764061959659877,899.69,918.5,0,0,"Brochiraja albilabiata",-66.6700000000001,-108.02,-41.3499999999999
"Bathyraja_panthera",14.5682706964656,13.3905931164794,7.81670479870684,1009.47,0,0,0.687645448439997,0.654610330907583,0.206949989408177,1069.64,1085,0,0,0.209750512520658,0.202358558864314,0.0597269426338032,1039.93,1063.5,0,0,"Bathyraja panthera",60.1700000000001,30.46,-29.71
"Bathyraja_isotrachys",14.4460971757679,13.1447512280416,6.54720331283329,1009.51,0,0,0.67304569079795,0.646124114053633,0.145819433920874,1072.58,1088.5,0,0,0.214111580205323,0.203981027196065,0.065574789617702,1028.65,1052.5,0,0,"Bathyraja isotrachys",63.0699999999999,19.1400000000001,-43.9299999999998
"Brochiraja_leviveneta",14.8999943305803,14.6457056040365,3.70450442159358,1011.18,0,0,0.985880534795809,0.919626224732791,0.342180158714989,942.07,944,0,0,0.254557413822505,0.249801228302505,0.0749521023303099,897.31,888,0,0,"Brochiraja leviveneta",-69.1099999999999,-113.87,-44.7600000000001
"Bathyraja_tzinovskii",14.163561450784,11.7333274829248,6.83122251820354,1013.07,0,0,0.684649368327826,0.658321106640528,0.163687889120894,1066.61,1081.5,0,0,0.211169254162746,0.202049717371825,0.0544273152760068,1031.63,1046,0,0,"Bathyraja tzinovskii",53.5399999999998,18.5600000000001,-34.9799999999998
"Bathyraja_microtrachys",14.8385098118608,12.3330573237988,8.23506320142518,1013.41,0,0,0.699367143711427,0.665853048190835,0.256016694557691,1069.79,1083,0,0,0.217760180204426,0.207083582762345,0.0670529926799364,1012.5,1033.5,0,0,"Bathyraja microtrachys",56.38,-0.909999999999968,-57.29
"Amblyraja_frerichsi",14.7213964613645,13.7238605729641,6.93878277860205,1013.6,0,0,0.810247992232748,0.799222302297763,0.301528302356879,1036.18,1034.5,0,0,0.220725606656606,0.218540234654398,0.064594767031566,1017.75,1042.5,0,0,"Amblyraja frerichsi",22.58,4.14999999999998,-18.4300000000001
"Dasyatis_bennetti",15.1268786643468,15.0979608712506,4.00359872666074,1017.46,0,0,1.55249646874973,1.55768209013937,0.522882332397181,798.75,811.5,0,0,0.281548126811712,0.267810248921428,0.071722187393277,795.64,811,0,0,"Dasyatis bennetti",-218.71,-221.82,-3.11000000000001
"Dasyatis_navarrae",15.1218489668907,15.0979608712506,4.00460112852007,1017.53,0,0,1.55262915036997,1.55787513831845,0.521192632723617,798.47,810,0,0,0.281321912429146,0.270171422255924,0.0713338287547445,795.97,818.5,0,0,"Dasyatis navarrae",-219.06,-221.56,-2.5
"Amblyraja_robertsi",14.5321052003386,12.1907696145329,7.59663480520963,1018.44,0,0,0.8095191412919,0.791684273852373,0.308724023748075,1037.6,1034.5,0,0,0.221883040154312,0.220212379742449,0.0673625887506053,1014.78,1029,0,0,"Amblyraja robertsi",19.1599999999999,-3.66000000000008,-22.8199999999999
"Bathyraja_simoterus",14.4124260161766,11.6808314105213,8.27641963037959,1019.26,0,0,0.678216294617716,0.658306072921168,0.159405828554086,1073.04,1087.5,0,0,0.209922448088815,0.200242115563722,0.0545881061224044,1034.99,1058.5,0,0,"Bathyraja simoterus",53.78,15.73,-38.05
"Bathyraja_fedorovi",14.2466787653925,12.2441919007743,7.24018814579996,1020.99,0,0,0.674597608616624,0.669273362817972,0.144789597825133,1072.79,1085.5,0,0,0.211424658124799,0.200641527470007,0.0554071511276314,1027.01,1042.5,0,0,"Bathyraja fedorovi",51.8,6.01999999999998,-45.78
"Amblyraja_radiata",14.8680406057062,13.9382957095466,4.89243032509045,1021.62,0,0,0.806311340503885,0.796766107046548,0.298112079396975,1038.73,1039.5,0,0,0.221270012879895,0.216551379070528,0.0660251059943889,1012.17,1039,0,0,"Amblyraja radiata",17.11,-9.45000000000005,-26.5600000000001
"Bathyraja_spinosissima",14.245355722985,12.5024671771156,7.84249991882563,1025.53,0,0,0.694600569799806,0.676089273746195,0.224823598866784,1070.12,1079,0,0,0.212409375100396,0.207431213720255,0.0598402926438335,1029.58,1047,0,0,"Bathyraja spinosissima",44.5899999999999,4.04999999999995,-40.54
"Bathyraja_bergi",14.0696179811797,12.9722266314256,5.75609140383467,1026.44,0,0,0.66982369250705,0.661440139657314,0.14950938720029,1077.16,1091.5,0,0,0.21293138973278,0.202706894493002,0.0620750761251426,1029.64,1036,0,0,"Bathyraja bergi",50.72,3.20000000000005,-47.52
"Amblyraja_reversa",14.1631316892061,11.699117963118,7.94602313182086,1026.82,0,0,0.816199269790491,0.799687778308982,0.31638839198902,1032.99,1032.5,0,0,0.222454552783483,0.218382284568692,0.0640649461442858,1011.58,1034,0,0,"Amblyraja reversa",6.17000000000007,-15.2399999999999,-21.41
"Bathyraja_richardsoni",13.8022985417929,12.740345853387,5.02613622444537,1027.24,0,0,0.665970937328327,0.668929790350625,0.13903972983538,1075.59,1094,0,0,0.206115778642271,0.201618346646405,0.0510074956367767,1046.05,1067,0,0,"Bathyraja richardsoni",48.3499999999999,18.8099999999999,-29.54
"Zearaja_nasuta",14.5420043134513,13.9175381569711,5.81009764258284,1029.98,0,0,0.556591493822448,0.558616974100195,0.157599683721666,1159.99,1163,0,0,0.191690983847315,0.18664072298157,0.0468970981962401,1104.98,1118.5,0,0,"Zearaja nasuta",130.01,75,-55.01
"Bathyraja_hesperafricana",14.0530084344956,11.6699182359722,6.19083612171512,1030.19,0,0,0.675860927300718,0.662851178349119,0.158574876084522,1071.23,1084,0,0,0.21086536725877,0.198932907764202,0.0581414632065108,1032.48,1049.5,0,0,"Bathyraja hesperafricana",41.04,2.28999999999996,-38.75
"Rhinoraja_kujiensis",13.872820795155,12.379353792813,7.00555287833744,1030.4,0,0,0.6832153289601,0.66945507851197,0.183673690150092,1069.61,1084,0,0,0.213157807472393,0.205353316312552,0.0572739361825078,1021.55,1043,0,0,"Rhinoraja kujiensis",39.2099999999998,-8.85000000000014,-48.0599999999999
"Bathyraja_diplotaenia",13.5658232256655,11.9370082582228,5.48315212737487,1031.81,0,0,0.714722562534002,0.663047199568257,0.367783237043991,1064.73,1082,0,0,0.211984996260923,0.201721148938205,0.0612836889024262,1032.51,1069.5,0,0,"Bathyraja diplotaenia",32.9200000000001,0.700000000000045,-32.22
"Zearaja_argentinensis",14.4750541761602,13.8732983088648,5.91592004167132,1032.18,0,0,0.558739968987786,0.560250911150908,0.15798209677288,1159.57,1159.5,0,0,0.191288784850004,0.18362133555847,0.0491612982860292,1106.7,1122,0,0,"Zearaja argentinensis",127.39,74.52,-52.8699999999999
"Bathyraja_spinicauda",14.1159802590898,13.1917905063153,5.96748385606697,1033.05,0,0,0.663610227742976,0.663934030015809,0.144235066729314,1079.94,1096.5,0,0,0.211776468435265,0.198553913230201,0.0566030951353217,1029.62,1047.5,0,0,"Bathyraja spinicauda",46.8900000000001,-3.43000000000006,-50.3200000000002
"Zearaja_chilensis",14.4554532532239,13.6092513021747,6.07782166546238,1033.97,0,0,0.558378581222515,0.564759268780247,0.157980560852222,1159.25,1163,0,0,0.190544594099153,0.185856587329411,0.0491653414664703,1108.1,1126,0,0,"Zearaja chilensis",125.28,74.1299999999999,-51.1500000000001
"Bathyraja_papilionifera",13.6857123118763,11.8319553053537,6.15873119980766,1034.05,0,0,0.670058686340872,0.648683836820013,0.157882562305073,1078.96,1094.5,0,0,0.213788788630166,0.206197309653784,0.0566871986087579,1022.28,1030,0,0,"Bathyraja papilionifera",44.9100000000001,-11.77,-56.6800000000001
"Bathyraja_ishiharai",14.0628978497256,12.3416326546454,7.68863206875895,1034.11,0,0,0.684445336995631,0.66053569207484,0.193398741291372,1073.23,1088.5,0,0,0.210678196701603,0.199355326616708,0.0578814467366909,1038.49,1074,0,0,"Bathyraja ishiharai",39.1200000000001,4.38000000000011,-34.74
"Bathyraja_eatonii",13.8341867945538,12.096263339002,6.74043925189888,1034.64,0,0,0.712328667366488,0.663853102760693,0.516937156846188,1068.96,1087,0,0,0.214179012199588,0.199561585308463,0.0720329145006782,1027.84,1048,0,0,"Bathyraja eatonii",34.3199999999999,-6.80000000000018,-41.1200000000001
"Raja_clavata",14.525899740122,14.3703876930042,4.82484811487349,1039.77,0,0,0.783789762666735,0.704120675009345,0.363715403531546,1059.12,1059.5,0,0,0.211749772150714,0.202879994851634,0.0625509969122343,1045.84,1067,0,0,"Raja clavata",19.3499999999999,6.06999999999994,-13.28
"Raja_maderensis",14.4638126267156,14.5745181579053,4.83044577606058,1040.51,0,0,0.783279759868205,0.684650591817692,0.36565265297164,1059.89,1061.5,0,0,0.213606720567682,0.206908567556772,0.0670076669766769,1036.87,1042.5,0,0,"Raja maderensis",19.3800000000001,-3.6400000000001,-23.0200000000002
"Bathyraja_schroederi",13.5920201849414,12.0781360465606,6.71120891666191,1042.12,0,0,0.714710576691304,0.655021484447218,0.404712249387369,1065.69,1090,0,0,0.210885766509122,0.205846180837279,0.0569095958476847,1031.03,1069.5,0,0,"Bathyraja schroederi",23.5700000000002,-11.0899999999999,-34.6600000000001
"Zearaja_maugeana",14.0081798576885,13.664319360192,5.66916327757021,1046.5,0,0,0.556334062623322,0.557278326534048,0.156406940104594,1161.3,1162,0,0,0.19284607300931,0.18513420621248,0.0482404108753849,1099.22,1121,0,0,"Zearaja maugeana",114.8,52.72,-62.0799999999999
"Mustelus_stevensi",14.3588380080555,15.4266431061121,4.34971938701686,1047.86,0,0,1.54998320904815,1.60039826467347,0.648107623680449,819.8,823,0,0,0.294232403442879,0.303685793340188,0.100867285096994,789.85,764.5,0,0,"Mustelus stevensi",-228.06,-258.01,-29.9499999999999
"Mustelus_ravidus",14.2986826385725,15.4130066596464,3.64641700197381,1048.07,0,0,1.44238845894271,1.54675338886327,0.55407336570084,843.36,846,0,0,0.290281981916873,0.300043400013438,0.0963645610146267,794.18,764,0,0,"Mustelus ravidus",-204.71,-253.89,-49.1800000000001
"Mustelus_widodoi",14.3017016452035,15.4130066596464,3.62115685074605,1048.17,0,0,1.44187062232605,1.54647619780297,0.552435010520731,843.27,847.5,0,0,0.291431759068673,0.295171606760509,0.0994413451615546,790.93,761,0,0,"Mustelus widodoi",-204.9,-257.24,-52.34
"Dipturus_gudgeri",13.876879567667,13.788633893307,4.48068783323544,1051.72,0,0,0.547854817142331,0.556950253835017,0.152274863590096,1166.66,1173,0,0,0.190388618210642,0.184754582809813,0.0513059418565135,1114.38,1130,0,0,"Dipturus gudgeri",114.94,62.6600000000001,-52.28
"Mustelus_palumbes",14.1340131745855,14.9802169210685,3.9938661928366,1053.99,0,0,1.55693394558846,1.60529318092835,0.656120483222783,817.31,818.5,0,0,0.297164064110684,0.301611451954392,0.104369404425021,783.99,760.5,0,0,"Mustelus palumbes",-236.68,-270,-33.3199999999999
"Mustelus_asterias",14.1158819481429,15.0455916244287,4.01402034501715,1054.53,0,0,1.55805312520605,1.60752398077799,0.661985367720516,817.84,825.5,0,0,0.295105408741946,0.301038574179933,0.100276887811622,787.87,785.5,0,0,"Mustelus asterias",-236.69,-266.66,-29.97
"Dipturus_oxyrinchus",13.8890077050137,14.0355119965673,4.55550819871539,1054.83,0,0,0.572596707725318,0.563627485548233,0.17348122991331,1152.45,1155,0,0,0.193868651101976,0.188925407307435,0.0531710436079598,1094.74,1111.5,0,0,"Dipturus oxyrinchus",97.6200000000001,39.9100000000001,-57.71
"Dipturus_innominatus",13.6242076637262,13.2029574883672,4.89670678490613,1055.56,0,0,0.548413676243422,0.552436129824366,0.155107772973514,1166.24,1171.5,0,0,0.189203583243921,0.1862085955253,0.0504000151205271,1116.42,1127.5,0,0,"Dipturus innominatus",110.68,60.8600000000001,-49.8199999999999
"Dipturus_batis",13.6809691487442,13.5244504710686,4.5504053585222,1061.01,0,0,0.571146573903643,0.570602896091829,0.175744633888172,1154.57,1156,0,0,0.192793020601107,0.187184292521589,0.051790071451961,1099.69,1123,0,0,"Dipturus batis",93.56,38.6800000000001,-54.8799999999999
"Mustelus_lenticulatus",13.9230238411374,14.8283271147319,3.95730340965183,1062.03,0,0,1.55041408554849,1.5827153535234,0.651555745968199,819.76,822.5,0,0,0.29471884527445,0.300284687268417,0.098721058735654,787.71,787,0,0,"Mustelus lenticulatus",-242.27,-274.32,-32.05
"Mustelus_antarcticus",13.9213154844626,14.9339613206832,4.01013977908043,1062.72,0,0,1.54800576514489,1.59701156518799,0.645274711914915,819.38,823,0,0,0.294121859686796,0.30009864363238,0.10044435357769,791.37,770.5,0,0,"Mustelus antarcticus",-243.34,-271.35,-28.01
"Insentiraja_subtilispinosa",13.4491541909388,13.2383463842562,3.40920467629036,1063.99,0,0,0.901320753283273,0.859062246152988,0.2818626221697,973.28,984,0,0,0.244465300160419,0.227471707216215,0.0740025158498735,931.19,937.5,0,0,"Insentiraja subtilispinosa",-90.71,-132.8,-42.0899999999999
"Insentiraja_laxipella",13.4491541909388,13.2383463842562,3.40920467629036,1064.99,0,0,0.899717696982442,0.857478008499196,0.277360704171677,974.18,983.5,0,0,0.244944911612261,0.23574085644285,0.0745103800488081,928.78,937.5,0,0,"Insentiraja laxipella",-90.8100000000001,-136.21,-45.4
"Brochiraja_spinifera",13.2664220452209,12.9054095280889,2.3532234209235,1066.96,0,0,0.984817716062915,0.935047128383482,0.340657184781768,940.57,944,0,0,0.255331347030458,0.243627563472191,0.0776017759805035,892.26,906.5,0,0,"Brochiraja spinifera",-126.39,-174.7,-48.3100000000001
"Potamotrygon_motoro",13.1297613495465,12.9980865290572,2.49521204512975,1072.95,0,0,1.29386865557386,1.29350513670791,0.27150333568621,839.33,880.5,0,0,0.270324512558534,0.255253366912103,0.0625737057456202,828.7,813.5,0,0,"Potamotrygon motoro",-233.62,-244.25,-10.63
"Brochiraja_asperula",13.073906182332,13.0294345649818,2.46108155210457,1074.46,0,0,0.987740526942623,0.940634435055181,0.343743032102319,940.37,945.5,0,0,0.25184261641579,0.23762836385529,0.0754801849147462,904.68,917,0,0,"Brochiraja asperula",-134.09,-169.78,-35.6900000000001
"Bathyraja_brachyurops",12.5798182848677,12.5307838576125,2.81894223551572,1084.75,0,0,0.661674151637538,0.657298196610862,0.130613400445915,1079.61,1087.5,0,0,0.207394469420084,0.1996022555136,0.0544107628047035,1044.97,1078.5,0,0,"Bathyraja brachyurops",-5.1400000000001,-39.78,-34.6399999999999
"Potamotrygon_orbignyi",12.692634471266,12.9086566088281,2.40763410913842,1084.83,0,0,1.29462508856672,1.28759241890302,0.281907719441497,839.95,880.5,0,0,0.270082720134279,0.258092821808183,0.0607288727832351,829.8,824,0,0,"Potamotrygon orbignyi",-244.88,-255.03,-10.1500000000001
"Potamotrygon_castexi",12.5662182189076,12.50528936978,2.37524424804706,1088.82,0,0,1.29602608685593,1.29124203919205,0.280425409159514,840.05,880,0,0,0.270513565649949,0.255073222194052,0.0608448765922126,827.78,829,0,0,"Potamotrygon castexi",-248.77,-261.04,-12.27
"Rhinoraja_magellanica",12.3042155973993,11.9756795606358,3.00939277722682,1089.62,0,0,0.65979618608317,0.652633779216593,0.130020490652898,1081.04,1092.5,0,0,0.207273041138842,0.199192881726385,0.0539279949772776,1043.93,1069,0,0,"Rhinoraja magellanica",-8.57999999999993,-45.6899999999998,-37.1099999999999
"Bathyraja_irrasa",11.7846287083518,11.5324985480726,2.56358417595822,1100.32,0,0,0.659464491093928,0.662554715169805,0.129347310418038,1082.86,1093,0,0,0.210935038082817,0.201383864225706,0.0561878792044137,1028.97,1024,0,0,"Bathyraja irrasa",-17.46,-71.3499999999999,-53.8899999999999
"Rhinoraja_murrayi",11.5938408646941,11.6409835810742,2.59937767131002,1102.98,0,0,0.661013437028205,0.66527138685103,0.128976204426901,1080.17,1092,0,0,0.210886999931471,0.205709397247097,0.0573569638048391,1031.03,1025,0,0,"Rhinoraja murrayi",-22.8099999999999,-71.95,-49.1400000000001
"Dipturus_trachydermus",11.6119754964051,11.2941712739948,3.56419992878166,1116.83,0,0,0.559130878862755,0.559040401059874,0.164063217111254,1161.07,1164,0,0,0.191189627353855,0.190115253426235,0.0469088322741538,1104.11,1122.5,0,0,"Dipturus trachydermus",44.24,-12.72,-56.96
"Dipturus_leptocaudus",11.6093446529767,11.2941712739948,3.56723052998441,1117.04,0,0,0.558417546955826,0.556890787746278,0.163359833043864,1161.44,1164.5,0,0,0.191213683225424,0.190115253426235,0.0472084358035206,1104.69,1126.5,0,0,"Dipturus leptocaudus",44.4000000000001,-12.3499999999999,-56.75
"Bathyraja_smirnovi",10.8908168048939,10.8270812589664,2.83551512349388,1121.87,0,0,0.663139860605175,0.647412683990985,0.135953385811386,1078.07,1087.5,0,0,0.212221270251059,0.199404061780662,0.0581690973713309,1028.61,1046,0,0,"Bathyraja smirnovi",-43.8,-93.26,-49.46
"Bathyraja_parmifera",10.9516173869342,10.952690378642,2.85997790856485,1121.99,0,0,0.660551336760271,0.64291659770955,0.135228570960763,1080.84,1091.5,0,0,0.211949950107262,0.199444995887008,0.0559539622691268,1028.14,1048.5,0,0,"Bathyraja parmifera",-41.1500000000001,-93.8499999999999,-52.6999999999998
"Notoraja_lira",10.9505286345115,10.788162560544,3.07243835768393,1122.06,0,0,0.886209900785232,0.851502656619582,0.26234683511947,977.37,981.5,0,0,0.246854470885026,0.240695015546375,0.0720526378537321,918.77,896,0,0,"Notoraja lira",-144.69,-203.29,-58.6
"Notoraja_alisae",10.9846273353503,10.398284400678,3.42490894422759,1125.21,0,0,0.888116434450362,0.858070157465449,0.271142758823842,979.42,990,0,0,0.246386250369421,0.230303168594686,0.0695549296596363,920.59,920,0,0,"Notoraja alisae",-145.79,-204.62,-58.8299999999999
"Notoraja_inusitata",10.7769253012988,10.1718801845917,3.13422610488684,1126.73,0,0,0.88943200147666,0.859990045366876,0.263139708125255,974.89,981,0,0,0.242443155852033,0.234628805596301,0.0707384558303914,934.74,954.5,0,0,"Notoraja inusitata",-151.84,-191.99,-40.15
"Notoraja_tobitukai",10.8036616194516,10.412353444028,3.00698669829773,1127.2,0,0,0.889414809008066,0.871016432638458,0.2644035729335,977.05,979.5,0,0,0.243911785083314,0.233737869998296,0.0701706510902689,926.83,925.5,0,0,"Notoraja tobitukai",-150.15,-200.37,-50.2199999999999
"Notoraja_fijiensis",10.7636675043202,10.3095149310778,3.3584703560076,1127.42,0,0,0.885911771143089,0.862176792593115,0.261372756105084,978.27,981,0,0,0.24269461167383,0.237892500486013,0.0668992220966203,929.28,929,0,0,"Notoraja fijiensis",-149.15,-198.14,-48.99
"Notoraja_ochroderma",10.7944031174946,10.0387844254962,3.23770670141931,1128.81,0,0,0.883141917571207,0.85730434385579,0.259712580186269,978.8,988.5,0,0,0.244925506758807,0.232193185878069,0.0711657735315733,927.2,936,0,0,"Notoraja ochroderma",-150.01,-201.61,-51.5999999999999
"Amblyraja_doellojuradoi",11.2404835370125,11.5376649626644,2.97206300101946,1128.84,0,0,0.796878919876891,0.801060069305181,0.290123970784593,1042.24,1043.5,0,0,0.218469213634267,0.212214537085961,0.0614119478803421,1024.95,1032.5,0,0,"Amblyraja doellojuradoi",-86.5999999999999,-103.89,-17.29
"Notoraja_sapphira",10.5902387038102,9.84499527452849,3.14512828287669,1130.41,0,0,0.889105356990036,0.863979904202223,0.262279385400884,976.18,983.5,0,0,0.243806473703239,0.235248170982742,0.0685456571263545,929.11,930.5,0,0,"Notoraja sapphira",-154.23,-201.3,-47.0699999999999
"Notoraja_longiventralis",10.5574165256538,10.0885181748647,2.88626054422913,1130.76,0,0,0.887595517258499,0.851783296536946,0.261927980395906,977.64,980.5,0,0,0.243551053499014,0.235524773045117,0.0707449414187082,928.45,938.5,0,0,"Notoraja longiventralis",-153.12,-202.31,-49.1899999999999
"Rhinoraja_macloviana",10.3173497696715,10.1195288115578,2.55935810753285,1134.32,0,0,0.66055525993716,0.647602774533875,0.138153914674928,1080.85,1091.5,0,0,0.209519203658016,0.20314909987573,0.0543495210666952,1030.64,1054.5,0,0,"Rhinoraja macloviana",-53.47,-103.68,-50.2099999999998
"Rhinoraja_albomaculata",10.3010184108528,10.0954367202702,2.56251185853566,1134.77,0,0,0.660854028166399,0.647126743557426,0.140049590669164,1080.75,1090,0,0,0.209625948511206,0.200158908122568,0.0539652403946456,1030.7,1042,0,0,"Rhinoraja albomaculata",-54.02,-104.07,-50.05
"Notoraja_azurea",10.3932892798149,9.74231552901729,2.92545563359375,1135.65,0,0,0.886076788468759,0.85355811842152,0.265447628280908,977.68,978.5,0,0,0.24161917927343,0.232798252866663,0.0659772830336194,933.59,928,0,0,"Notoraja azurea",-157.97,-202.06,-44.0899999999999
"Notoraja_sticta",10.5195672347544,10.0963505774737,3.15148332612011,1135.87,0,0,0.884914049968151,0.869838570178993,0.254709754119829,976.85,983.5,0,0,0.246416913130607,0.237955560090264,0.0693808284547348,913.86,915.5,0,0,"Notoraja sticta",-159.02,-222.01,-62.99
"Dipturus_macrocauda",10.6797816284967,10.1902497978647,3.60101977372412,1137.28,0,0,0.555046443920477,0.556805074200871,0.162796978353856,1162.5,1168,0,0,0.189751869834444,0.180363371675746,0.0488972377566782,1111.36,1122.5,0,0,"Dipturus macrocauda",25.22,-25.9200000000001,-51.1400000000001
"Dipturus_tengu",10.678639961424,10.1902497978647,3.60185831699625,1137.41,0,0,0.555014092354317,0.557929039947721,0.162760817424607,1162.52,1167,0,0,0.189885590467943,0.180810266776503,0.0488552524044267,1111.09,1123.5,0,0,"Dipturus tengu",25.1099999999999,-26.3200000000002,-51.4300000000001
"Dipturus_australis",10.4742034855027,10.3904422095064,3.18475770184169,1137.79,0,0,0.548563616443578,0.557009984449433,0.151515969612316,1166.86,1170,0,0,0.190202161082253,0.187926832979556,0.0501654472996798,1111.82,1124,0,0,"Dipturus australis",29.0699999999999,-25.97,-55.04
"Bathyraja_lindbergi",10.0930068942478,9.62669145312738,2.6091187116293,1138.6,0,0,0.660047085602724,0.656594243290753,0.131157780560325,1081.46,1096.5,0,0,0.209098802507996,0.201168607414799,0.0539069017458043,1037.25,1062.5,0,0,"Bathyraja lindbergi",-57.1399999999999,-101.35,-44.21
"Bathyraja_maculata",10.07721706904,9.6215254076832,2.62719143331153,1138.78,0,0,0.658961697186407,0.658424915042638,0.128945498368465,1082.23,1098,0,0,0.20879884051225,0.199577377482649,0.0533813343866549,1037.33,1062,0,0,"Bathyraja maculata",-56.55,-101.45,-44.9000000000001
"Notoraja_hirticauda",10.2600087529415,9.82787856648078,2.96720637018776,1139.35,0,0,0.88563996197289,0.84240227438199,0.263466354844333,978.34,988,0,0,0.243661010491754,0.22957131832583,0.0725064113015408,932.18,935,0,0,"Notoraja hirticauda",-161.01,-207.17,-46.1600000000001
"Rhinoraja_taranetzi",10.1384590400475,10.1052138484292,2.40365155011929,1142.85,0,0,0.660211484049124,0.66299066439654,0.13799966842612,1082.94,1098,0,0,0.20844137413824,0.205023681092682,0.0546140832088679,1036.84,1054,0,0,"Rhinoraja taranetzi",-59.9099999999999,-106.01,-46.1000000000001
"Dentiraja_lemprieri",9.22530285907222,9.46193314620631,2.72415996677409,1161.84,0,0,0.544824243464945,0.548449353165868,0.147761969879615,1166.75,1172.5,0,0,0.188190388920881,0.188605837297277,0.0504695377225954,1114.71,1136,0,0,"Dentiraja lemprieri",4.91000000000008,-47.1299999999999,-52.04
"Dentiraja_flindersi",9.22530285907222,9.46193314620631,2.72415996677409,1162.84,0,0,0.545487719211896,0.545332517869024,0.148400102309082,1166.88,1172,0,0,0.188842152331176,0.188921792303302,0.0500362598105731,1114.1,1132.5,0,0,"Dentiraja flindersi",4.04000000000019,-48.74,-52.7800000000002
"Dipturus_cerva",9.21587206015858,9.79588523545188,2.40912221157069,1163.85,0,0,0.544587941903028,0.548227627667447,0.14915552747098,1167.09,1176.5,0,0,0.190538472997593,0.188105650273026,0.0494322454466087,1109.83,1120.5,0,0,"Dipturus cerva",3.24000000000001,-54.02,-57.26
"Dipturus_confusus",9.17914713358734,9.63699425674837,2.32588607245279,1163.9,0,0,0.547506738923866,0.55355536748869,0.150511177013258,1165.45,1172.5,0,0,0.189017099557657,0.187707516061197,0.0472788069693119,1114.09,1128,0,0,"Dipturus confusus",1.54999999999995,-49.8100000000002,-51.3600000000001
"Amblyraja_jenseni",8.96689426693627,8.95542948237865,2.25053129407344,1168.77,0,0,0.794907577288571,0.791354476868145,0.286001502101414,1042.81,1037.5,0,0,0.216821332671442,0.214323587533346,0.0605320781239521,1028.95,1038,0,0,"Amblyraja jenseni",-125.96,-139.82,-13.8599999999999
"Amblyraja_hyperborea",8.99890098014986,8.98550863347406,2.22374602880098,1168.82,0,0,0.794917852451177,0.791832671828427,0.284727179495736,1042.69,1037,0,0,0.216370923877351,0.213070760087127,0.0597471025816326,1028.32,1048,0,0,"Amblyraja hyperborea",-126.13,-140.5,-14.3700000000001
"Amblyraja_badia",8.97018878081085,9.09112979773745,2.3095600665849,1169.27,0,0,0.792417894897642,0.78455146815568,0.284096267771749,1044.08,1041,0,0,0.218320954901396,0.212964368412733,0.0622167027345317,1023.65,1036.5,0,0,"Amblyraja badia",-125.19,-145.62,-20.43
"Bathyraja_mariposa",7.46188254008963,7.44802457963164,1.59883844121611,1182.28,0,0,0.660232087247557,0.661243500805013,0.142917126405175,1083.28,1098.5,0,0,0.207705346654669,0.199306880469237,0.0557195604799659,1037.4,1065.5,0,0,"Bathyraja mariposa",-99,-144.88,-45.8799999999999
"Bathyraja_violacea",7.44713524886756,7.43979844457976,1.66928884147703,1182.45,0,0,0.660764281926339,0.662832434411905,0.142685575225844,1081.43,1102,0,0,0.207803520376125,0.199306880469237,0.0543690190905095,1036.17,1065,0,0,"Bathyraja violacea",-101.02,-146.28,-45.26
"Bathyraja_kincaidii",7.40877513437417,7.43910822182832,1.63172089809156,1182.85,0,0,0.660769008146484,0.662945853351053,0.143348826608595,1082.75,1101,0,0,0.20752596551651,0.199306880469237,0.0540570238119406,1036.19,1059.5,0,0,"Bathyraja kincaidii",-100.1,-146.66,-46.5599999999999
