"species","Rank_ED","ED","Rank_min0","EvoHeritage_min0","Rank_min66","EvoHeritage_min66","Rank_min145","EvoHeritage_min145","change_min0_vs_ED","change_min66_vs_ED","change_min145_vs_ED","scientificname","valid_name","class","order","family","genus","major_group"
"Acroteriobatus annulatus",233,45.0618753655774,173,40.6470739430683,218,6.56879326346232,138,1.62927650323099,-60,-15,-95,"Acroteriobatus annulatus","Acroteriobatus annulatus","Elasmobranchii","Rhinopristiformes","Rhinobatidae","Acroteriobatus","ray"
"Acroteriobatus blochii",366,37.7259278145774,340,32.3433926421394,311,4.97286951820813,186,1.36105033073949,-26,-55,-180,"Acroteriobatus blochii","Acroteriobatus blochii","Elasmobranchii","Rhinopristiformes","Rhinobatidae","Acroteriobatus","ray"
"Acroteriobatus leucospilus",103,58.566417482125,83,49.8729980522302,81,11.6379572807318,160,1.49842204817514,-20,-22,57,"Acroteriobatus leucospilus","Acroteriobatus leucospilus","Elasmobranchii","Rhinopristiformes","Rhinobatidae","Acroteriobatus","ray"
"Acroteriobatus ocellatus",310,40.4846937776553,324,32.8830193040743,205,6.73380220006206,227,1.23329660674407,14,-105,-83,"Acroteriobatus ocellatus","Acroteriobatus ocellatus","Elasmobranchii","Rhinopristiformes","Rhinobatidae","Acroteriobatus","ray"
"Acroteriobatus salalah",229,45.2721415009887,195,38.7799907774281,256,5.80569296226766,200,1.31626001247841,-34,27,-29,"Acroteriobatus salalah","Acroteriobatus salalah","Elasmobranchii","Rhinopristiformes","Rhinobatidae","Acroteriobatus","ray"
"Acroteriobatus variegatus",661,26.6952710872107,798,19.6277753272602,296,5.19648850809231,226,1.23969213682062,137,-365,-435,"Acroteriobatus variegatus","Acroteriobatus variegatus","Elasmobranchii","Rhinopristiformes","Rhinobatidae","Acroteriobatus","ray"
"Acroteriobatus zanzibarensis",330,39.4641585141553,307,33.7474910495585,204,6.74074030032632,241,1.18284503313271,-23,-126,-89,"Acroteriobatus zanzibarensis","Acroteriobatus zanzibarensis","Elasmobranchii","Rhinopristiformes","Rhinobatidae","Acroteriobatus","ray"
"Aculeola nigra",301,40.7351295470056,263,35.6124162879333,232,6.19332395122958,353,0.718863622073628,-38,-69,52,"Aculeola nigra","Aculeola nigra","Elasmobranchii","Squaliformes","Etmopteridae","Aculeola","shark"
"Aetobatus flagellum",41,82.5191407171089,45,58.4166469881749,64,13.4640041184978,471,0.52161677910883,4,23,430,"Aetobatus flagellum","Aetobatus flagellum","Elasmobranchii","Myliobatiformes","Aetobatidae","Aetobatus","ray"
"Aetobatus narinari",42,82.5191407171089,33,61.8684901373977,39,16.7559632479106,527,0.395026730039921,-9,-3,485,"Aetobatus narinari","Aetobatus narinari","Elasmobranchii","Myliobatiformes","Aetobatidae","Aetobatus","ray"
"Aetomylaeus maculatus",96,60.6993941181752,78,51.1049147019489,158,7.66236967130992,485,0.471217390806827,-18,62,389,"Aetomylaeus maculatus","Aetomylaeus maculatus","Elasmobranchii","Myliobatiformes","Myliobatidae","Aetomylaeus","ray"
"Aetomylaeus nichofii",165,49.9572173081752,150,41.8724108892948,202,6.78588173791654,483,0.471846798387244,-15,37,318,"Aetomylaeus nichofii","Aetomylaeus nichofii","Elasmobranchii","Myliobatiformes","Myliobatidae","Aetomylaeus","ray"
"Aetomylaeus vespertilio",37,84.0944656756753,37,61.0589411511163,68,12.9923787442454,476,0.48965394634554,0,31,439,"Aetomylaeus vespertilio","Aetomylaeus vespertilio","Elasmobranchii","Myliobatiformes","Myliobatidae","Aetomylaeus","ray"
"Alopias pelagicus",28,91.3227227874443,28,66.1031777010132,29,18.6657335367834,48,3.10290023960803,0,1,20,"Alopias pelagicus","Alopias pelagicus","Elasmobranchii","Lamniformes","Alopiidae","Alopias","shark"
"Alopias superciliosus",10,108.130378747778,18,71.1998245757383,18,22.5107839368468,24,4.21627187864933,8,8,14,"Alopias superciliosus","Alopias superciliosus","Elasmobranchii","Lamniformes","Alopiidae","Alopias","shark"
"Alopias vulpinus",27,91.3227227874443,23,67.3450667004608,32,17.8244935254022,71,2.41287925911214,-4,5,44,"Alopias vulpinus","Alopias vulpinus","Elasmobranchii","Lamniformes","Alopiidae","Alopias","shark"
"Amblyraja badia",1188,7.64298999876906,1187,6.74459697470823,1028,0.800121976780714,1059,0.185183839212846,-1,-160,-129,"Amblyraja badia","Amblyraja hyperborea","Elasmobranchii","Rajiformes","Rajidae","Amblyraja","ray"
"Amblyraja doellojuradoi",1159,10.1692071482291,1155,9.36520626011403,1011,0.817136361973521,1041,0.190072392802011,-4,-148,-118,"Amblyraja doellojuradoi","Amblyraja doellojuradoi","Elasmobranchii","Rajiformes","Rajidae","Amblyraja","ray"
"Amblyraja frerichsi",1158,10.1692071482291,1154,9.37906015376387,1040,0.78311637530432,1031,0.193176773257111,-4,-118,-127,"Amblyraja frerichsi","Amblyraja frerichsi","Elasmobranchii","Rajiformes","Rajidae","Amblyraja","ray"
"Amblyraja georgiana",1155,10.1999873943957,1157,9.28148327582078,1014,0.815667086869948,1062,0.184089989687994,2,-141,-93,"Amblyraja georgiana","Amblyraja georgiana","Elasmobranchii","Rajiformes","Rajidae","Amblyraja","ray"
"Amblyraja hyperborea",1186,8.36793977472906,1185,7.53720531140061,1034,0.788257072278077,1087,0.179609554718029,-1,-152,-99,"Amblyraja hyperborea","Amblyraja hyperborea","Elasmobranchii","Rajiformes","Rajidae","Amblyraja","ray"
"Amblyraja jenseni",1187,7.64298999876906,1188,6.73444105877304,1027,0.800121976780714,1058,0.185183839212846,1,-160,-129,"Amblyraja jenseni","Amblyraja jenseni","Elasmobranchii","Rajiformes","Rajidae","Amblyraja","ray"
"Amblyraja radiata",878,19.7741454624652,856,18.1158145518137,1039,0.783303003713041,1010,0.204829483600911,-22,161,132,"Amblyraja radiata","Amblyraja radiata","Elasmobranchii","Rajiformes","Rajidae","Amblyraja","ray"
"Amblyraja reversa",1185,8.36793977472906,1186,7.43733924729655,1032,0.791598128498953,1050,0.188088761478992,1,-153,-135,"Amblyraja reversa","Amblyraja reversa","Elasmobranchii","Rajiformes","Rajidae","Amblyraja","ray"
"Amblyraja robertsi",964,17.4047814350207,931,16.2251845972029,1004,0.831281063900282,1013,0.203105347902553,-33,40,49,"Amblyraja robertsi","Amblyraja hyperborea","Elasmobranchii","Rajiformes","Rajidae","Amblyraja","ray"
"Amblyraja taaf",1154,10.1999873943957,1153,9.41571627881791,1016,0.814081228225741,1042,0.189971603419484,-1,-138,-112,"Amblyraja taaf","Amblyraja taaf","Elasmobranchii","Rajiformes","Rajidae","Amblyraja","ray"
"Anacanthobatis americanus",773,23.0658705340149,749,20.5626824806343,543,2.61589958015099,659,0.323040327811121,-24,-230,-114,"Anacanthobatis americanus","Schroederobatis americana","Elasmobranchii","Rajiformes","Anacanthobatidae","Anacanthobatis","ray"
"Anacanthobatis donghaiensis",716,24.7421133528482,671,22.6118259811475,581,2.4217981123126,603,0.342495137042758,-45,-135,-113,"Anacanthobatis donghaiensis","Anacanthobatis donghaiensis","Elasmobranchii","Rajiformes","Anacanthobatidae","Anacanthobatis","ray"
"Anacanthobatis folirostris",609,28.3830796588982,584,24.9964036944978,547,2.60682851283328,1049,0.188112194985991,-25,-62,440,"Anacanthobatis folirostris","Springeria folirostris","Elasmobranchii","Rajiformes","Anacanthobatidae","Anacanthobatis","ray"
"Anacanthobatis longirostris",321,40.0167796074697,275,35.0059693803347,419,3.72044652232303,751,0.292148123044344,-46,98,430,"Anacanthobatis longirostris","Springeria longirostris","Elasmobranchii","Rajiformes","Anacanthobatidae","Anacanthobatis","ray"
"Anacanthobatis marmoratus",844,20.7144288378482,855,18.1255901996973,561,2.54138798404273,694,0.313312067925356,11,-283,-150,"Anacanthobatis marmoratus","Anacanthobatis marmorata","Elasmobranchii","Rajiformes","Anacanthobatidae","Anacanthobatis","ray"
"Anacanthobatis nanhaiensis",843,20.7144288378482,870,17.711908999098,554,2.57871672710471,662,0.321999506073988,27,-289,-181,"Anacanthobatis nanhaiensis","Anacanthobatis nanhaiensis","Elasmobranchii","Rajiformes","Anacanthobatidae","Anacanthobatis","ray"
"Anacanthobatis ori",772,23.0658705340149,752,20.4528133352326,526,2.75129493084024,764,0.286893059480353,-20,-246,-8,"Anacanthobatis ori","Indobatis ori","Elasmobranchii","Rajiformes","Anacanthobatidae","Anacanthobatis","ray"
"Anacanthobatis stenosoma",681,26.1600169915149,662,22.8602905432163,556,2.57142890522682,691,0.315005396653245,-19,-125,10,"Anacanthobatis stenosoma","Sinobatis stenosoma","Elasmobranchii","Rajiformes","Anacanthobatidae","Anacanthobatis","ray"
"Anoxypristis cuspidata",6,125.9208433425,7,75.9666816654408,9,26.8254738615311,59,2.5849294181462,1,3,53,"Anoxypristis cuspidata","Anoxypristis cuspidata","Elasmobranchii","Rhinopristiformes","Pristidae","Anoxypristis","ray"
"Apristurus albisoma",939,18.1792586945153,910,16.8204506317629,832,1.63101329720316,614,0.338453781320089,-29,-107,-325,"Apristurus albisoma","Apristurus albisoma","Elasmobranchii","Carcharhiniformes","Pentanchidae","Apristurus","shark"
"Apristurus ampliceps",956,17.650799607307,935,16.1416068734269,819,1.67055683364535,620,0.33476371185961,-21,-137,-336,"Apristurus ampliceps","Apristurus ampliceps","Elasmobranchii","Carcharhiniformes","Pentanchidae","Apristurus","shark"
"Apristurus aphyodes",958,17.6372722441737,944,15.9086561164128,779,1.81504978831104,669,0.32029745648419,-14,-179,-289,"Apristurus aphyodes","Apristurus aphyodes","Elasmobranchii","Carcharhiniformes","Pentanchidae","Apristurus","shark"
"Apristurus australis",457,33.2053067463012,431,28.9720352146217,731,1.9562387550061,600,0.342882514305305,-26,274,143,"Apristurus australis","Apristurus australis","Elasmobranchii","Carcharhiniformes","Pentanchidae","Apristurus","shark"
"Apristurus brunneus",616,28.1010479873481,586,24.9414889252231,612,2.28712353235231,660,0.322754382915914,-30,-4,44,"Apristurus brunneus","Apristurus brunneus","Elasmobranchii","Carcharhiniformes","Pentanchidae","Apristurus","shark"
"Apristurus bucephalus",940,18.1792586945153,928,16.3072238506044,830,1.63628774676388,618,0.335238513608719,-12,-110,-322,"Apristurus bucephalus","Apristurus bucephalus","Elasmobranchii","Carcharhiniformes","Pentanchidae","Apristurus","shark"
"Apristurus canutus",56,73.4275560920478,65,54.1922767721889,259,5.7468497455318,818,0.264512714392751,9,203,762,"Apristurus canutus","Apristurus canutus","Elasmobranchii","Carcharhiniformes","Pentanchidae","Apristurus","shark"
"Apristurus exsanguis",107,58.4361173975862,103,47.1392879255245,533,2.6872131137574,683,0.317031326642607,-4,426,576,"Apristurus exsanguis","Apristurus exsanguis","Elasmobranchii","Carcharhiniformes","Pentanchidae","Apristurus","shark"
"Apristurus fedorovi",1014,16.156485841007,996,14.4762798865322,792,1.77914549050848,605,0.340874243456559,-18,-222,-409,"Apristurus fedorovi","Apristurus fedorovi","Elasmobranchii","Carcharhiniformes","Pentanchidae","Apristurus","shark"
"Apristurus gibbosus",456,33.2053077463012,414,29.3264718322266,678,2.10420945007431,610,0.339689048792116,-42,222,154,"Apristurus gibbosus","Apristurus gibbosus","Elasmobranchii","Carcharhiniformes","Pentanchidae","Apristurus","shark"
"Apristurus herklotsi",578,29.4258290284196,537,26.3940215636502,591,2.36485828905398,719,0.305305837433153,-41,13,141,"Apristurus herklotsi","Apristurus herklotsi","Elasmobranchii","Carcharhiniformes","Pentanchidae","Apristurus","shark"
"Apristurus indicus",1013,16.156485841007,989,14.6356777606868,795,1.76490620129666,607,0.340548679534857,-24,-218,-406,"Apristurus indicus","Apristurus indicus","Elasmobranchii","Carcharhiniformes","Pentanchidae","Apristurus","shark"
"Apristurus internatus",354,38.1003749055862,286,34.2579675814604,585,2.40744530148966,681,0.317912774846865,-68,231,327,"Apristurus internatus","Apristurus internatus","Elasmobranchii","Carcharhiniformes","Pentanchidae","Apristurus","shark"
"Apristurus investigatoris",247,44.5527780326345,204,38.5706087300283,711,2.01947215167758,704,0.311177545555428,-43,464,457,"Apristurus investigatoris","Apristurus investigatoris","Elasmobranchii","Carcharhiniformes","Pentanchidae","Apristurus","shark"
"Apristurus japonicus",388,36.5144406350148,355,31.4775306005949,589,2.37071472901247,736,0.299337320817939,-33,201,348,"Apristurus japonicus","Apristurus japonicus","Elasmobranchii","Carcharhiniformes","Pentanchidae","Apristurus","shark"
"Apristurus kampae",883,19.643371686507,859,18.0744505586144,794,1.76841716251455,646,0.326378156223534,-24,-89,-237,"Apristurus kampae","Apristurus kampae","Elasmobranchii","Carcharhiniformes","Pentanchidae","Apristurus","shark"
"Apristurus laurussonii",515,31.1255909458481,477,27.6727679878962,614,2.28218507096605,689,0.315603366636217,-38,99,174,"Apristurus laurussonii","Apristurus laurussonii","Elasmobranchii","Carcharhiniformes","Pentanchidae","Apristurus","shark"
"Apristurus longicephalus",470,32.8049364533012,483,27.6003452170832,634,2.23798678232751,654,0.324100538884572,13,164,184,"Apristurus longicephalus","Apristurus longicephalus","Elasmobranchii","Carcharhiniformes","Pentanchidae","Apristurus","shark"
"Apristurus macrorhynchus",387,36.5216387600862,327,32.7994041518211,544,2.61384782051303,805,0.268134967424669,-60,157,418,"Apristurus macrorhynchus","Apristurus macrorhynchus","Elasmobranchii","Carcharhiniformes","Pentanchidae","Apristurus","shark"
"Apristurus macrostomus",849,20.5852785565153,816,18.956175126388,755,1.87224101232003,589,0.34648607091724,-33,-94,-260,"Apristurus macrostomus","Apristurus macrostomus","Elasmobranchii","Carcharhiniformes","Pentanchidae","Apristurus","shark"
"Apristurus manis",1058,14.715066344107,1079,12.7531112251073,800,1.74335301093632,590,0.346289239145172,21,-258,-468,"Apristurus manis","Apristurus manis","Elasmobranchii","Carcharhiniformes","Pentanchidae","Apristurus","shark"
"Apristurus melanoasper",828,21.2205697841815,828,18.7474520764309,667,2.13467721104424,617,0.335703312796628,0,-161,-211,"Apristurus melanoasper","Apristurus melanoasper","Elasmobranchii","Carcharhiniformes","Pentanchidae","Apristurus","shark"
"Apristurus microps",1059,14.715066344107,1062,12.9420295184102,802,1.74259390836695,584,0.349223814373231,3,-257,-475,"Apristurus microps","Apristurus microps","Elasmobranchii","Carcharhiniformes","Pentanchidae","Apristurus","shark"
"Apristurus micropterygeus",579,29.4258290284196,548,25.7980675538792,588,2.37734459424357,648,0.325751925689658,-31,9,69,"Apristurus micropterygeus","Apristurus micropterygeus","Elasmobranchii","Carcharhiniformes","Pentanchidae","Apristurus","shark"
"Apristurus nasutus",469,32.8049374533012,447,28.5447585925525,613,2.28532483868749,626,0.333377684739581,-22,144,157,"Apristurus nasutus","Apristurus nasutus","Elasmobranchii","Carcharhiniformes","Pentanchidae","Apristurus","shark"
"Apristurus parvipinnis",957,17.6372722441737,945,15.9038625877583,753,1.87305730343595,671,0.319947673113173,-12,-204,-286,"Apristurus parvipinnis","Apristurus parvipinnis","Elasmobranchii","Carcharhiniformes","Pentanchidae","Apristurus","shark"
"Apristurus pinguis",636,27.2900424645759,569,25.3224709717154,785,1.80348711997828,575,0.35382437166642,-67,149,-61,"Apristurus pinguis","Apristurus pinguis","Elasmobranchii","Carcharhiniformes","Pentanchidae","Apristurus","shark"
"Apristurus platyrhynchus",829,21.1238575347815,829,18.730975182309,682,2.08728933926934,582,0.349803017104978,0,-147,-247,"Apristurus platyrhynchus","Apristurus platyrhynchus","Elasmobranchii","Carcharhiniformes","Pentanchidae","Apristurus","shark"
"Apristurus profundorum",637,27.2900424645759,573,25.1901227848708,761,1.85834186948157,568,0.360579312922824,-64,124,-69,"Apristurus profundorum","Apristurus profundorum","Elasmobranchii","Carcharhiniformes","Pentanchidae","Apristurus","shark"
"Apristurus riveri",492,31.8518284046345,446,28.54527814077,645,2.18408552187874,651,0.324596065163082,-46,153,159,"Apristurus riveri","Apristurus riveri","Elasmobranchii","Carcharhiniformes","Pentanchidae","Apristurus","shark"
"Apristurus saldanha",40,82.9052859213335,46,57.9688438882812,118,9.22862847256679,625,0.333653097548284,6,78,585,"Apristurus saldanha","Apristurus saldanha","Elasmobranchii","Carcharhiniformes","Pentanchidae","Apristurus","shark"
"Apristurus sibogae",615,28.1010479873481,579,25.0715688542311,623,2.27397839888062,725,0.303321947441557,-36,8,110,"Apristurus sibogae","Apristurus sibogae","Elasmobranchii","Carcharhiniformes","Pentanchidae","Apristurus","shark"
"Apristurus sinensis",830,21.1238575347815,841,18.4267353716837,658,2.15819647159699,599,0.34314569046912,11,-172,-231,"Apristurus sinensis","Apristurus sinensis","Elasmobranchii","Carcharhiniformes","Pentanchidae","Apristurus","shark"
"Apristurus spongiceps",516,30.9887851274196,468,28.0471543429274,571,2.49384328438694,656,0.323666440810684,-48,55,140,"Apristurus spongiceps","Apristurus spongiceps","Elasmobranchii","Carcharhiniformes","Pentanchidae","Apristurus","shark"
"Apristurus stenseni",491,31.8518284046345,426,29.0341535536515,583,2.41567707622893,639,0.328335373833824,-65,92,148,"Apristurus stenseni","Apristurus stenseni","Elasmobranchii","Carcharhiniformes","Pentanchidae","Apristurus","shark"
"Aptychotrema rostrata",100,60.2571069563372,190,39.0555367302151,58,14.0045157384614,42,3.41519856720576,90,-42,-58,"Aptychotrema rostrata","Aptychotrema rostrata","Elasmobranchii","Rhinopristiformes","Trygonorrhinidae","Aptychotrema","ray"
"Aptychotrema timorensis",99,60.2571069563372,208,38.325043107902,57,14.0943386112918,47,3.11225613357887,109,-42,-52,"Aptychotrema timorensis","Aptychotrema timorensis","Elasmobranchii","Rhinopristiformes","Trygonorrhinidae","Aptychotrema","ray"
"Aptychotrema vincentiana",55,74.4174995403372,47,57.8227449356213,42,16.4275785124611,30,3.82252177281587,-8,-13,-25,"Aptychotrema vincentiana","Aptychotrema vincentiana","Elasmobranchii","Rhinopristiformes","Trygonorrhinidae","Aptychotrema","ray"
"Arhynchobatis asperrimus",640,27.2677503063219,640,23.5223568464195,1010,0.819596168473563,1071,0.183121631142073,0,370,431,"Arhynchobatis asperrimus","Arhynchobatis asperrimus","Elasmobranchii","Rajiformes","Arhynchobatidae","Arhynchobatis","ray"
"Asymbolus analis",961,17.5198474527874,978,15.041571368765,599,2.33920533955759,586,0.348978476995313,17,-362,-375,"Asymbolus analis","Asymbolus analis","Elasmobranchii","Carcharhiniformes","Pentanchidae","Asymbolus","shark"
"Asymbolus funebris",276,42.2738170997696,231,37.4349823577537,487,3.16994167365397,583,0.349698775651446,-45,211,307,"Asymbolus funebris","Asymbolus funebris","Elasmobranchii","Carcharhiniformes","Pentanchidae","Asymbolus","shark"
"Asymbolus galacticus",423,34.7463413097874,401,29.6851855967543,511,2.97161016622801,755,0.290172857612158,-22,88,332,"Asymbolus galacticus","Asymbolus galacticus","Elasmobranchii","Carcharhiniformes","Pentanchidae","Asymbolus","shark"
"Asymbolus occiduus",970,17.2395797631208,991,14.5633581801236,620,2.27632020885912,655,0.323879251871982,21,-350,-315,"Asymbolus occiduus","Asymbolus occiduus","Elasmobranchii","Carcharhiniformes","Pentanchidae","Asymbolus","shark"
"Asymbolus pallidus",383,36.9044834006446,345,32.2491794714177,515,2.86442965364741,677,0.318557254197386,-38,132,294,"Asymbolus pallidus","Asymbolus pallidus","Elasmobranchii","Carcharhiniformes","Pentanchidae","Asymbolus","shark"
"Asymbolus parvus",980,17.0218579551208,998,14.4519810709722,619,2.27644822633201,665,0.321226795413741,18,-361,-315,"Asymbolus parvus","Asymbolus parvus","Elasmobranchii","Carcharhiniformes","Pentanchidae","Asymbolus","shark"
"Asymbolus rubiginosus",993,16.5087598782874,1022,14.0041792770125,597,2.34310623964638,558,0.366800170041016,29,-396,-435,"Asymbolus rubiginosus","Asymbolus rubiginosus","Elasmobranchii","Carcharhiniformes","Pentanchidae","Asymbolus","shark"
"Asymbolus submaculatus",992,16.5087598782874,1020,14.0569681841701,610,2.29571008912305,563,0.365545820372556,28,-382,-429,"Asymbolus submaculatus","Asymbolus submaculatus","Elasmobranchii","Carcharhiniformes","Pentanchidae","Asymbolus","shark"
"Asymbolus vincenti",979,17.0218579551208,987,14.6866140843649,639,2.20816118508683,668,0.320376052436553,8,-340,-311,"Asymbolus vincenti","Asymbolus vincenti","Elasmobranchii","Carcharhiniformes","Pentanchidae","Asymbolus","shark"
"Atelomycterus baliensis",136,53.5882789284473,121,44.0590656215603,104,10.1307392383867,104,1.92546480728991,-15,-32,-32,"Atelomycterus baliensis","Atelomycterus baliensis","Elasmobranchii","Carcharhiniformes","Scyliorhinidae","Atelomycterus","shark"
"Atelomycterus fasciatus",339,38.9450633097807,410,29.3648898680191,172,7.37866264653263,133,1.68184482448008,71,-167,-206,"Atelomycterus fasciatus","Atelomycterus fasciatus","Elasmobranchii","Carcharhiniformes","Scyliorhinidae","Atelomycterus","shark"
"Atelomycterus macleayi",340,38.9450633097807,437,28.761648142419,179,7.17038538489748,122,1.72881530950589,97,-161,-218,"Atelomycterus macleayi","Atelomycterus macleayi","Elasmobranchii","Carcharhiniformes","Scyliorhinidae","Atelomycterus","shark"
"Atelomycterus marmoratus",137,53.5882789284473,128,43.7942487848023,98,10.6316797215985,105,1.91081486764753,-9,-39,-32,"Atelomycterus marmoratus","Atelomycterus marmoratus","Elasmobranchii","Carcharhiniformes","Scyliorhinidae","Atelomycterus","shark"
"Atelomycterus marnkalha",322,39.7938626417807,430,28.9875858144521,193,6.93070563687092,131,1.6851767886187,108,-129,-191,"Atelomycterus marnkalha","Atelomycterus marnkalha","Elasmobranchii","Carcharhiniformes","Scyliorhinidae","Atelomycterus","shark"
"Atlantoraja castelnaui",434,34.0869358828146,370,30.8026721954903,1021,0.806255259404852,1190,0.142668968592053,-64,587,756,"Atlantoraja castelnaui","Atlantoraja castelnaui","Elasmobranchii","Rajiformes","Arhynchobatidae","Atlantoraja","ray"
"Atlantoraja cyclophora",591,29.0579606128146,535,26.41280061131,1062,0.745193518214535,1183,0.146115463667062,-56,471,592,"Atlantoraja cyclophora","Atlantoraja cyclophora","Elasmobranchii","Rajiformes","Arhynchobatidae","Atlantoraja","ray"
"Atlantoraja platana",590,29.0579606128146,539,26.2913012851083,1042,0.779633172824594,1192,0.125973849527127,-51,452,602,"Atlantoraja platana","Atlantoraja platana","Elasmobranchii","Rajiformes","Arhynchobatidae","Atlantoraja","ray"
"Aulohalaelurus kanakorum",184,48.9269401454473,282,34.5120782705913,106,10.0767441029232,148,1.58930795063195,98,-78,-36,"Aulohalaelurus kanakorum","Aulohalaelurus kanakorum","Elasmobranchii","Carcharhiniformes","Scyliorhinidae","Aulohalaelurus","shark"
"Aulohalaelurus labiosus",183,48.9269401454473,272,35.082235535011,102,10.3446184050968,136,1.63740252539049,89,-81,-47,"Aulohalaelurus labiosus","Aulohalaelurus labiosus","Elasmobranchii","Carcharhiniformes","Scyliorhinidae","Aulohalaelurus","shark"
"Bathyraja abyssicola",924,18.4966864866754,894,17.1285922562949,1167,0.567799190623941,1063,0.183876583850741,-30,243,139,"Bathyraja abyssicola","Bathyraja abyssicola","Elasmobranchii","Rajiformes","Arhynchobatidae","Bathyraja","ray"
"Bathyraja aguja",1190,7.02447333507801,1189,6.11208716926763,1157,0.576474571423284,1153,0.159996546968307,-1,-33,-37,"Bathyraja aguja","Bathyraja aguja","Elasmobranchii","Rajiformes","Arhynchobatidae","Bathyraja","ray"
"Bathyraja aleutica",990,16.6573622676649,967,15.3209631878292,1170,0.563063017478632,1172,0.153135396052481,-23,180,182,"Bathyraja aleutica","Bathyraja aleutica","Elasmobranchii","Rajiformes","Arhynchobatidae","Bathyraja","ray"
"Bathyraja andriashevi",707,25.0688231833328,665,22.8207195007296,1098,0.634161165301548,1161,0.157690834783072,-42,391,454,"Bathyraja andriashevi","Bathyraja andriashevi","Elasmobranchii","Rajiformes","Arhynchobatidae","Bathyraja","ray"
"Bathyraja bergi",903,19.1591926663649,883,17.4071694906931,1182,0.546623322931784,1099,0.175739426318202,-20,279,196,"Bathyraja bergi","Bathyraja bergi","Elasmobranchii","Rajiformes","Arhynchobatidae","Bathyraja","ray"
"Bathyraja brachyurops",1177,8.90898481224944,1178,8.08824469044467,1126,0.59858951547441,1130,0.166346068884983,1,-51,-47,"Bathyraja brachyurops","Bathyraja brachyurops","Elasmobranchii","Rajiformes","Arhynchobatidae","Bathyraja","ray"
"Bathyraja cousseauae",1173,9.13870604747722,1170,8.42887895345961,1187,0.53933843411143,1189,0.143297467231934,-3,14,16,"Bathyraja cousseauae","Bathyraja cousseauae","Elasmobranchii","Rajiformes","Arhynchobatidae","Bathyraja","ray"
"Bathyraja diplotaenia",1178,8.90898281224944,1175,8.19162765535691,1131,0.596713042701613,1131,0.166346068884983,-3,-47,-47,"Bathyraja diplotaenia","Bathyraja diplotaenia","Elasmobranchii","Rajiformes","Arhynchobatidae","Bathyraja","ray"
"Bathyraja eatonii",1126,11.8301482813315,1114,11.1571531607954,1184,0.545483530852596,1136,0.164726824357975,-12,58,10,"Bathyraja eatonii","Bathyraja eatonii","Elasmobranchii","Rajiformes","Arhynchobatidae","Bathyraja","ray"
"Bathyraja fedorovi",1174,9.13870504747722,1171,8.40916343012065,1185,0.543697936750235,1173,0.153093027464228,-3,11,-1,"Bathyraja fedorovi","Bathyraja fedorovi","Elasmobranchii","Rajiformes","Arhynchobatidae","Bathyraja","ray"
"Bathyraja griseocauda",819,21.601073565178,780,19.9083906243536,1144,0.588415681736144,1064,0.18382682294873,-39,325,245,"Bathyraja griseocauda","Bathyraja griseocauda","Elasmobranchii","Rajiformes","Arhynchobatidae","Bathyraja","ray"
"Bathyraja hesperafricana",786,22.6648780532899,768,20.2594902741188,1169,0.566420065106395,1074,0.182092911612086,-18,383,288,"Bathyraja hesperafricana","Bathyraja hesperafricana","Elasmobranchii","Rajiformes","Arhynchobatidae","Bathyraja","ray"
"Bathyraja irrasa",1175,9.11266157374944,1172,8.39995723704105,1094,0.639068056737039,1101,0.175470269205577,-3,-81,-74,"Bathyraja irrasa","Bathyraja irrasa","Elasmobranchii","Rajiformes","Arhynchobatidae","Bathyraja","ray"
"Bathyraja ishiharai",796,22.35510353383,750,20.5191310928747,1151,0.581799568134425,1143,0.161337149381439,-46,355,347,"Bathyraja ishiharai","Bathyraja ishiharai","Elasmobranchii","Rajiformes","Arhynchobatidae","Bathyraja","ray"
"Bathyraja isotrachys",991,16.6573612676649,966,15.3394870450991,1181,0.548448181890042,1139,0.162582168411615,-25,190,148,"Bathyraja isotrachys","Bathyraja isotrachys","Elasmobranchii","Rajiformes","Arhynchobatidae","Bathyraja","ray"
"Bathyraja kincaidii",1191,6.77024973232801,1192,5.79891080557254,1162,0.571892420461298,1150,0.159996546968307,1,-29,-41,"Bathyraja kincaidii","Bathyraja kincaidii","Elasmobranchii","Rajiformes","Arhynchobatidae","Bathyraja","ray"
"Bathyraja leucomelanos",1079,13.9784908708447,1093,12.2771741395634,1121,0.605698384577376,1052,0.187422131519007,14,42,-27,"Bathyraja leucomelanos","Bathyraja leucomelanos","Elasmobranchii","Rajiformes","Arhynchobatidae","Bathyraja","ray"
"Bathyraja lindbergi",1124,11.87753348833,1118,10.9834812549371,1164,0.570462846982161,1129,0.166579498061446,-6,40,5,"Bathyraja lindbergi","Bathyraja lindbergi","Elasmobranchii","Rajiformes","Arhynchobatidae","Bathyraja","ray"
"Bathyraja longicauda",1144,10.9140592194772,1138,10.1620934299478,1177,0.552958038555728,1176,0.152107553606369,-6,33,32,"Bathyraja longicauda","Bathyraja longicauda","Elasmobranchii","Rajiformes","Arhynchobatidae","Bathyraja","ray"
"Bathyraja maccaini",1133,11.5367534725649,1132,10.3334813559392,1192,0.520478658720685,1157,0.159198705749342,-1,59,24,"Bathyraja maccaini","Bathyraja maccaini","Elasmobranchii","Rajiformes","Arhynchobatidae","Bathyraja","ray"
"Bathyraja maculata",1123,11.87753348833,1124,10.673371394374,1163,0.571565245245248,1145,0.160931405448319,1,40,22,"Bathyraja maculata","Bathyraja maculata","Elasmobranchii","Rajiformes","Arhynchobatidae","Bathyraja","ray"
"Bathyraja mariposa",1189,7.02447533507801,1190,6.10400430051373,1156,0.57785475779252,1152,0.159996546968307,1,-33,-37,"Bathyraja mariposa","Bathyraja mariposa","Elasmobranchii","Rajiformes","Arhynchobatidae","Bathyraja","ray"
"Bathyraja matsubarai",1182,8.74866876717801,1180,7.96779496853028,1138,0.591730751199987,1174,0.152913272285725,-2,-44,-8,"Bathyraja matsubarai","Bathyraja matsubarai","Elasmobranchii","Rajiformes","Arhynchobatidae","Bathyraja","ray"
"Bathyraja meridionalis",1106,12.8964858547494,1100,11.8451167400316,1118,0.609410815501272,1092,0.178185976756856,-6,12,-14,"Bathyraja meridionalis","Bathyraja meridionalis","Elasmobranchii","Rajiformes","Arhynchobatidae","Bathyraja","ray"
"Bathyraja microtrachys",1061,14.6277984218315,1044,13.4569227781851,1176,0.553041858053816,1160,0.157776117863185,-17,115,99,"Bathyraja microtrachys","Bathyraja microtrachys","Elasmobranchii","Rajiformes","Arhynchobatidae","Bathyraja","ray"
"Bathyraja minispinosa",1153,10.2055735314772,1156,9.36363494646325,1134,0.59534937857324,1149,0.160088789668346,3,-19,-4,"Bathyraja minispinosa","Bathyraja minispinosa","Elasmobranchii","Rajiformes","Arhynchobatidae","Bathyraja","ray"
"Bathyraja notoroensis",835,20.8136919439994,785,19.8049726195111,1084,0.676732151903923,1124,0.168419908864766,-50,249,289,"Bathyraja notoroensis","Bathyraja notoroensis","Elasmobranchii","Rajiformes","Arhynchobatidae","Bathyraja","ray"
"Bathyraja pallida",1082,13.9382774994994,1074,12.819672208023,1141,0.590791746658577,1084,0.18072737358604,-8,59,2,"Bathyraja pallida","Bathyraja pallida","Elasmobranchii","Rajiformes","Arhynchobatidae","Bathyraja","ray"
"Bathyraja panthera",1168,9.52286204824944,1169,8.61197413906693,1106,0.619837611338165,1147,0.160550041781476,1,-62,-21,"Bathyraja panthera","Bathyraja panthera","Elasmobranchii","Rajiformes","Arhynchobatidae","Bathyraja","ray"
"Bathyraja papilionifera",1176,9.11266057374944,1174,8.2736695856746,1097,0.634719056083842,1089,0.179006828116191,-2,-79,-87,"Bathyraja papilionifera","Bathyraja papilionifera","Elasmobranchii","Rajiformes","Arhynchobatidae","Bathyraja","ray"
"Bathyraja parmifera",1165,9.67617636769944,1164,8.85823238933968,1099,0.632762337309427,1109,0.174995452661766,-1,-66,-56,"Bathyraja parmifera","Arctoraja parmifera","Elasmobranchii","Rajiformes","Arhynchobatidae","Bathyraja","ray"
"Bathyraja peruana",1170,9.41679412547722,1166,8.75674347223649,1146,0.584238211552812,1138,0.164242825415858,-4,-24,-32,"Bathyraja peruana","Bathyraja peruana","Elasmobranchii","Rajiformes","Arhynchobatidae","Bathyraja","ray"
"Bathyraja richardsoni",621,27.9368143238447,597,24.6622473484479,1108,0.617172656672882,1029,0.193883470370992,-24,487,408,"Bathyraja richardsoni","Bathyraja richardsoni","Elasmobranchii","Rajiformes","Arhynchobatidae","Bathyraja","ray"
"Bathyraja scaphiops",1051,15.0230492567494,1017,14.0906790370938,1104,0.622509468769492,1170,0.153402522721594,-34,53,119,"Bathyraja scaphiops","Bathyraja scaphiops","Elasmobranchii","Rajiformes","Arhynchobatidae","Bathyraja","ray"
"Bathyraja schroederi",1095,13.5492317176106,1080,12.7429088897791,1133,0.596058755281572,1061,0.184285754746996,-15,38,-34,"Bathyraja schroederi","Bathyraja schroederi","Elasmobranchii","Rajiformes","Arhynchobatidae","Bathyraja","ray"
"Bathyraja shuntovi",1057,14.8177589006994,1034,13.7085240695347,1123,0.602095262901849,1056,0.18600769350638,-23,66,-1,"Bathyraja shuntovi","Bathyraja shuntovi","Elasmobranchii","Rajiformes","Arhynchobatidae","Bathyraja","ray"
"Bathyraja simoterus",950,17.7262064619994,923,16.3598436994196,1089,0.650078758089797,1114,0.171827668215406,-27,139,164,"Bathyraja simoterus","Arctoraja simoterus","Elasmobranchii","Rajiformes","Arhynchobatidae","Bathyraja","ray"
"Bathyraja smirnovi",1183,8.70443259219944,1182,7.74800638637674,1122,0.60237027577144,1108,0.17507575104105,-1,-61,-75,"Bathyraja smirnovi","Bathyraja smirnovi","Elasmobranchii","Rajiformes","Arhynchobatidae","Bathyraja","ray"
"Bathyraja smithii",955,17.6553324838447,890,17.2312214180083,1158,0.575345912898057,1098,0.175787596135492,-65,203,143,"Bathyraja smithii","Bathyraja smithii","Elasmobranchii","Rajiformes","Arhynchobatidae","Bathyraja","ray"
"Bathyraja spinicauda",1125,11.8301492813315,1120,10.8249493290061,1180,0.549289799710362,1133,0.166195444323026,-5,55,8,"Bathyraja spinicauda","Bathyraja spinicauda","Elasmobranchii","Rajiformes","Arhynchobatidae","Bathyraja","ray"
"Bathyraja spinosissima",797,22.35510353383,753,20.4443864926363,1153,0.580088562410264,1086,0.18018671132226,-44,356,289,"Bathyraja spinosissima","Bathyraja spinosissima","Elasmobranchii","Rajiformes","Arhynchobatidae","Bathyraja","ray"
"Bathyraja trachouros",1080,13.9784908708447,1092,12.4142310407102,1114,0.61044836915541,1065,0.183820096901942,12,34,-15,"Bathyraja trachouros","Bathyraja trachouros","Elasmobranchii","Rajiformes","Arhynchobatidae","Bathyraja","ray"
"Bathyraja trachura",925,18.4966864866754,895,17.0844014978311,1149,0.584028428699597,1019,0.199326579141749,-30,224,94,"Bathyraja trachura","Bathyraja trachura","Elasmobranchii","Rajiformes","Arhynchobatidae","Bathyraja","ray"
"Bathyraja tunae",1169,9.41679412547722,1168,8.64141036170293,1143,0.588689062386018,1134,0.166068668204104,-1,-26,-35,"Bathyraja tunae","Bathyraja tunae","Elasmobranchii","Rajiformes","Arhynchobatidae","Bathyraja","ray"
"Bathyraja tzinovskii",951,17.7262064619994,929,16.3006008338667,1092,0.643915601491279,1126,0.167911576841051,-22,141,175,"Bathyraja tzinovskii","Bathyraja tzinovskii","Elasmobranchii","Rajiformes","Arhynchobatidae","Bathyraja","ray"
"Bathyraja violacea",1192,6.77024973232801,1191,5.80530068391033,1159,0.574614803512936,1151,0.159996546968307,-1,-33,-41,"Bathyraja violacea","Bathyraja violacea","Elasmobranchii","Rajiformes","Arhynchobatidae","Bathyraja","ray"
"Benthobatis kreffti",495,31.7614276418941,577,25.1126108040424,319,4.91174027460592,211,1.27981685424191,82,-176,-284,"Benthobatis kreffti","Benthobatis kreffti","Elasmobranchii","Torpediniformes","Narcinidae","Benthobatis","ray"
"Benthobatis marcida",148,51.8967398842274,114,45.4799874567118,144,8.21583948934943,207,1.28726818971176,-34,-4,59,"Benthobatis marcida","Benthobatis marcida","Elasmobranchii","Torpediniformes","Narcinidae","Benthobatis","ray"
"Benthobatis moresbyi",372,37.3413307308941,356,31.3480642866608,251,5.87065609325819,195,1.32246686677312,-16,-121,-177,"Benthobatis moresbyi","Benthobatis moresbyi","Elasmobranchii","Torpediniformes","Narcinidae","Benthobatis","ray"
"Benthobatis yangi",496,31.7614276418941,599,24.5725906669474,312,4.96621363167886,216,1.26574759166963,103,-184,-280,"Benthobatis yangi","Benthobatis yangi","Elasmobranchii","Torpediniformes","Narcinidae","Benthobatis","ray"
"Beringraja binoculata",462,33.0971609343492,394,29.9355548279494,1058,0.756750107598448,1009,0.20504110904667,-68,596,547,"Beringraja binoculata","Beringraja binoculata","Elasmobranchii","Rajiformes","Rajidae","Beringraja","ray"
"Beringraja pulchra",463,33.0971609343492,412,29.33958368792,1037,0.785804902007789,1110,0.174895627989365,-51,574,647,"Beringraja pulchra","Beringraja pulchra","Elasmobranchii","Rajiformes","Rajidae","Beringraja","ray"
"Brachaelurus colcloughi",13,106.983319344262,10,74.2770806728851,13,25.2479759741452,10,5.95823801731953,-3,0,-3,"Brachaelurus colcloughi","Brachaelurus colcloughi","Elasmobranchii","Orectolobiformes","Brachaeluridae","Brachaelurus","shark"
"Brachaelurus waddi",14,106.983319344262,6,75.968119208115,11,26.3353414350832,16,5.4015834057728,-8,-3,2,"Brachaelurus waddi","Brachaelurus waddi","Elasmobranchii","Orectolobiformes","Brachaeluridae","Brachaelurus","shark"
"Breviraja claramaculata",720,24.615792138659,712,21.3214404815443,528,2.72811900550836,578,0.352608353454596,-8,-192,-142,"Breviraja claramaculata","Breviraja claramaculata","Elasmobranchii","Rajiformes","Rajidae","Breviraja","ray"
"Breviraja colesi",719,24.615792138659,713,21.2809349572766,575,2.46518685128418,581,0.350864153078356,-6,-144,-138,"Breviraja colesi","Breviraja colesi","Elasmobranchii","Rajiformes","Rajidae","Breviraja","ray"
"Breviraja nigriventralis",573,29.6231098433256,505,27.1536402310037,520,2.80845860480395,978,0.216038024890699,-68,-53,405,"Breviraja nigriventralis","Breviraja nigriventralis","Elasmobranchii","Rajiformes","Rajidae","Breviraja","ray"
"Breviraja spinosa",701,25.364746989659,699,21.6931458565757,559,2.55205004658842,781,0.279008432094066,-2,-142,80,"Breviraja spinosa","Breviraja spinosa","Elasmobranchii","Rajiformes","Rajidae","Breviraja","ray"
"Brochiraja aenigma",809,21.8291803751382,737,20.6934514124917,920,1.04247929408133,574,0.354066351981718,-72,111,-235,"Brochiraja aenigma","Brochiraja aenigma","Elasmobranchii","Rajiformes","Arhynchobatidae","Brochiraja","ray"
"Brochiraja albilabiata",1078,14.0032323094632,1078,12.7714013621721,938,0.962463468405962,772,0.282537516796774,0,-140,-306,"Brochiraja albilabiata","Brochiraja albilabiata","Elasmobranchii","Rajiformes","Arhynchobatidae","Brochiraja","ray"
"Brochiraja asperula",1011,16.1715535308632,972,15.1698119490507,914,1.05644400844356,830,0.257953804427649,-39,-97,-181,"Brochiraja asperula","Brochiraja asperula","Elasmobranchii","Rajiformes","Arhynchobatidae","Brochiraja","ray"
"Brochiraja heuresa",861,20.3016499916382,811,19.1812401868466,913,1.06118277634596,730,0.301228758218951,-50,52,-131,"Brochiraja heuresa","Brochiraja heuresa","Elasmobranchii","Rajiformes","Arhynchobatidae","Brochiraja","ray"
"Brochiraja leviveneta",1077,14.0032323094632,1066,12.9034691004629,939,0.961765123103733,795,0.273996130063681,-11,-138,-282,"Brochiraja leviveneta","Brochiraja leviveneta","Elasmobranchii","Rajiformes","Arhynchobatidae","Brochiraja","ray"
"Brochiraja microspinifera",512,31.1774827151382,473,27.7207923090651,908,1.09344072979803,530,0.391176205505224,-39,396,18,"Brochiraja microspinifera","Brochiraja microspinifera","Elasmobranchii","Rajiformes","Arhynchobatidae","Brochiraja","ray"
"Brochiraja spinifera",1012,16.1715535308632,979,15.023463667763,919,1.04267068430406,872,0.245726386239041,-33,-93,-140,"Brochiraja spinifera","Brochiraja spinifera","Elasmobranchii","Rajiformes","Arhynchobatidae","Brochiraja","ray"
"Brochiraja vittacauda",860,20.3016499916382,808,19.2904123564081,911,1.07267914455342,726,0.302760970038182,-52,51,-134,"Brochiraja vittacauda","Brochiraja vittacauda","Elasmobranchii","Rajiformes","Arhynchobatidae","Brochiraja","ray"
"Bythaelurus alcockii",574,29.5597572619817,527,26.6156202035561,410,3.79993766146315,685,0.316897629680077,-47,-164,111,"Bythaelurus alcockii","Bythaelurus alcockii","Elasmobranchii","Carcharhiniformes","Scyliorhinidae","Bythaelurus","shark"
"Bythaelurus canescens",174,49.2501867434817,138,42.8138225516574,390,4.03927279654931,535,0.385363476588686,-36,216,361,"Bythaelurus canescens","Bythaelurus canescens","Elasmobranchii","Carcharhiniformes","Scyliorhinidae","Bythaelurus","shark"
"Bythaelurus clevai",665,26.534511219815,668,22.6741824636778,508,3.01085571713014,529,0.391618504924152,3,-157,-136,"Bythaelurus clevai","Bythaelurus clevai","Elasmobranchii","Carcharhiniformes","Scyliorhinidae","Bythaelurus","shark"
"Bythaelurus dawsoni",771,23.1635101056484,795,19.6452575313913,450,3.42587877675537,643,0.32688590315337,24,-321,-128,"Bythaelurus dawsoni","Bythaelurus dawsoni","Elasmobranchii","Carcharhiniformes","Scyliorhinidae","Bythaelurus","shark"
"Bythaelurus giddingsi",575,29.5597572619817,582,25.0160660568517,416,3.72888054177542,661,0.322088526436531,7,-159,86,"Bythaelurus giddingsi","Bythaelurus giddingsi","Elasmobranchii","Carcharhiniformes","Scyliorhinidae","Bythaelurus","shark"
"Bythaelurus hispidus",547,30.119141921815,467,28.0543556845678,500,3.11590413385831,522,0.399269833039991,-80,-47,-25,"Bythaelurus hispidus","Bythaelurus hispidus","Elasmobranchii","Carcharhiniformes","Scyliorhinidae","Bythaelurus","shark"
"Bythaelurus immaculatus",664,26.534511219815,678,22.4552305976736,501,3.10100500924448,542,0.38023714683901,14,-163,-122,"Bythaelurus immaculatus","Bythaelurus immaculatus","Elasmobranchii","Carcharhiniformes","Scyliorhinidae","Bythaelurus","shark"
"Bythaelurus incanus",770,23.1635101056484,805,19.3843332067509,449,3.43715503367159,650,0.3250843352992,35,-321,-120,"Bythaelurus incanus","Bythaelurus incanus","Elasmobranchii","Carcharhiniformes","Scyliorhinidae","Bythaelurus","shark"
"Bythaelurus lutarius",682,26.0792326656484,679,22.3091295751143,464,3.32858357014041,645,0.326454451198904,-3,-218,-37,"Bythaelurus lutarius","Bythaelurus lutarius","Elasmobranchii","Carcharhiniformes","Scyliorhinidae","Bythaelurus","shark"
"Callorhinchus callorynchus",61,73.2875858724286,166,40.9305419778633,36,17.3565608696914,8,6.88498867293541,105,-25,-53,"Callorhinchus callorynchus","Callorhinchus callorynchus","Holocephali","Chimaeriformes","Callorhinchidae","Callorhinchus","chimaera"
"Callorhinchus capensis",65,72.1392630339286,200,38.646719276993,43,16.2814424648106,17,5.37794458335223,135,-22,-48,"Callorhinchus capensis","Callorhinchus capensis","Holocephali","Chimaeriformes","Callorhinchidae","Callorhinchus","chimaera"
"Callorhinchus milii",64,72.1392630339286,217,37.8932258009662,41,16.511793601592,12,5.83765633563927,153,-23,-52,"Callorhinchus milii","Callorhinchus milii","Holocephali","Chimaeriformes","Callorhinchidae","Callorhinchus","chimaera"
"Carcharhinus acronotus",852,20.4999349345318,807,19.2957858496141,967,0.901167065899433,844,0.250952505922993,-45,115,-8,"Carcharhinus acronotus","Carcharhinus acronotus","Elasmobranchii","Carcharhiniformes","Carcharhinidae","Carcharhinus","shark"
"Carcharhinus albimarginatus",758,23.5454716644985,667,22.7050854223333,949,0.927795029814855,876,0.244332125396698,-91,191,118,"Carcharhinus albimarginatus","Carcharhinus albimarginatus","Elasmobranchii","Carcharhiniformes","Carcharhinidae","Carcharhinus","shark"
"Carcharhinus altimus",962,17.4614245776985,921,16.4665496436204,973,0.88808075382689,874,0.244770227145548,-41,11,-88,"Carcharhinus altimus","Carcharhinus altimus","Elasmobranchii","Carcharhiniformes","Carcharhinidae","Carcharhinus","shark"
"Carcharhinus amblyrhynchoides",927,18.3840011806151,915,16.7000845359225,933,0.988676819179492,958,0.222831515029623,-12,6,31,"Carcharhinus amblyrhynchoides","Carcharhinus amblyrhynchoides","Elasmobranchii","Carcharhiniformes","Carcharhinidae","Carcharhinus","shark"
"Carcharhinus amblyrhynchos",304,40.6853591466985,285,34.3281247493025,935,0.971331406405114,883,0.241487637010898,-19,631,579,"Carcharhinus amblyrhynchos","Carcharhinus amblyrhynchos","Elasmobranchii","Carcharhiniformes","Carcharhinidae","Carcharhinus","shark"
"Carcharhinus amboinensis",563,29.825953832436,515,26.7615136431571,963,0.90307836069947,926,0.231433853885931,-48,400,363,"Carcharhinus amboinensis","Carcharhinus amboinensis","Elasmobranchii","Carcharhiniformes","Carcharhinidae","Carcharhinus","shark"
"Carcharhinus borneensis",551,30.072465525586,524,26.685869175997,953,0.918773210186067,902,0.2372878433036,-27,402,351,"Carcharhinus borneensis","Carcharhinus borneensis","Elasmobranchii","Carcharhiniformes","Carcharhinidae","Carcharhinus","shark"
"Carcharhinus brachyurus",561,29.8549768285985,540,26.2755758952689,948,0.931209424273371,977,0.216126797886957,-21,387,416,"Carcharhinus brachyurus","Carcharhinus brachyurus","Elasmobranchii","Carcharhiniformes","Carcharhinidae","Carcharhinus","shark"
"Carcharhinus brevipinna",562,29.8549768285985,521,26.7172700731264,964,0.902051774598207,1002,0.206490355161229,-41,402,440,"Carcharhinus brevipinna","Carcharhinus brevipinna","Elasmobranchii","Carcharhiniformes","Carcharhinidae","Carcharhinus","shark"
"Carcharhinus cautus",646,27.0615657969485,565,25.3914160861783,916,1.04858841390911,991,0.211138370587096,-81,270,345,"Carcharhinus cautus","Carcharhinus cautus","Elasmobranchii","Carcharhiniformes","Carcharhinidae","Carcharhinus","shark"
"Carcharhinus cerdale",880,19.6849037387056,845,18.3484464266043,976,0.878246853162942,1007,0.205570869670985,-35,96,127,"Carcharhinus cerdale","Carcharhinus cerdale","Elasmobranchii","Carcharhiniformes","Carcharhinidae","Carcharhinus","shark"
"Carcharhinus coatesi",918,18.6223085723723,898,17.057892088692,965,0.901526788463713,967,0.219852259241359,-20,47,49,"Carcharhinus coatesi","Carcharhinus coatesi","Elasmobranchii","Carcharhiniformes","Carcharhinidae","Carcharhinus","shark"
"Carcharhinus dussumieri",674,26.273566735586,631,23.7651172814443,962,0.90415627935701,919,0.233544958733513,-43,288,245,"Carcharhinus dussumieri","Carcharhinus dussumieri","Elasmobranchii","Carcharhiniformes","Carcharhinidae","Carcharhinus","shark"
"Carcharhinus falciformis",785,22.8502054124985,755,20.4279133214194,952,0.91910956004237,892,0.239910535419617,-30,167,107,"Carcharhinus falciformis","Carcharhinus falciformis","Elasmobranchii","Carcharhiniformes","Carcharhinidae","Carcharhinus","shark"
"Carcharhinus fitzroyensis",334,39.1048384469485,284,34.3834573057595,928,1.00839582956151,966,0.220071674546269,-50,594,632,"Carcharhinus fitzroyensis","Carcharhinus fitzroyensis","Elasmobranchii","Carcharhiniformes","Carcharhinidae","Carcharhinus","shark"
"Carcharhinus galapagensis",1087,13.8013314683723,1084,12.6446920174984,958,0.912411403493543,1003,0.206264546837018,-3,-129,-84,"Carcharhinus galapagensis","Carcharhinus galapagensis","Elasmobranchii","Carcharhiniformes","Carcharhinidae","Carcharhinus","shark"
"Carcharhinus hemiodon",532,30.5489719744985,481,27.6321924628794,974,0.883171672699213,903,0.237210138303587,-51,442,371,"Carcharhinus hemiodon","Carcharhinus hemiodon","Elasmobranchii","Carcharhiniformes","Carcharhinidae","Carcharhinus","shark"
"Carcharhinus isodon",680,26.1853261715318,638,23.5662403191516,968,0.899316157288604,894,0.239876429244904,-42,288,214,"Carcharhinus isodon","Carcharhinus isodon","Elasmobranchii","Carcharhiniformes","Carcharhinidae","Carcharhinus","shark"
"Carcharhinus leiodon",865,20.2424791376151,861,17.97506667825,940,0.958282836188247,988,0.212333804015466,-4,75,123,"Carcharhinus leiodon","Carcharhinus leiodon","Elasmobranchii","Carcharhiniformes","Carcharhinidae","Carcharhinus","shark"
"Carcharhinus leucas",923,18.4979357061985,909,16.8511014908039,977,0.872987536263157,859,0.2481850818474,-14,54,-64,"Carcharhinus leucas","Carcharhinus leucas","Elasmobranchii","Carcharhiniformes","Carcharhinidae","Carcharhinus","shark"
"Carcharhinus limbatus",912,18.8221881216151,919,16.6201635343056,937,0.96526851923998,941,0.227181342456467,7,25,29,"Carcharhinus limbatus","Carcharhinus limbatus","Elasmobranchii","Carcharhiniformes","Carcharhinidae","Carcharhinus","shark"
"Carcharhinus longimanus",1063,14.5944364517056,1055,13.141829030902,951,0.921124885218861,925,0.231480687306155,-8,-112,-138,"Carcharhinus longimanus","Carcharhinus longimanus","Elasmobranchii","Carcharhiniformes","Carcharhinidae","Carcharhinus","shark"
"Carcharhinus macloti",552,30.072465525586,520,26.7242123442518,956,0.913685058316801,908,0.236463705992094,-32,404,356,"Carcharhinus macloti","Carcharhinus macloti","Elasmobranchii","Carcharhiniformes","Carcharhinidae","Carcharhinus","shark"
"Carcharhinus melanopterus",645,27.0615657969485,646,23.2290055180941,923,1.03157152398506,979,0.21480606774133,1,278,334,"Carcharhinus melanopterus","Carcharhinus melanopterus","Elasmobranchii","Carcharhiniformes","Carcharhinidae","Carcharhinus","shark"
"Carcharhinus obscurus",1086,13.8013314683723,1089,12.5398111531223,960,0.910288904823858,1008,0.205411114411263,3,-126,-78,"Carcharhinus obscurus","Carcharhinus obscurus","Elasmobranchii","Carcharhiniformes","Carcharhinidae","Carcharhinus","shark"
"Carcharhinus perezii",467,32.8596062158485,435,28.8403391268894,941,0.94186957252289,962,0.221014450193804,-32,474,495,"Carcharhinus perezii","Carcharhinus perezii","Elasmobranchii","Carcharhiniformes","Carcharhinidae","Carcharhinus","shark"
"Carcharhinus plumbeus",963,17.4614245776985,941,15.9831060331751,957,0.9136196935378,916,0.2343420666403,-22,-6,-47,"Carcharhinus plumbeus","Carcharhinus plumbeus","Elasmobranchii","Carcharhiniformes","Carcharhinidae","Carcharhinus","shark"
"Carcharhinus porosus",401,35.679094877836,379,30.4527019043627,946,0.935305896916325,905,0.236743190846446,-22,545,504,"Carcharhinus porosus","Carcharhinus porosus","Elasmobranchii","Carcharhiniformes","Carcharhinidae","Carcharhinus","shark"
"Carcharhinus sealei",673,26.273566735586,619,24.1231383656757,966,0.901211261714805,923,0.23262802953751,-54,293,250,"Carcharhinus sealei","Carcharhinus sealei","Elasmobranchii","Carcharhiniformes","Carcharhinidae","Carcharhinus","shark"
"Carcharhinus signatus",255,43.8342195066151,230,37.4408647872688,915,1.05139209186556,826,0.260790238398354,-25,660,571,"Carcharhinus signatus","Carcharhinus signatus","Elasmobranchii","Carcharhiniformes","Carcharhinidae","Carcharhinus","shark"
"Carcharhinus sorrah",870,19.934702197436,849,18.2803771764544,979,0.869661902981385,968,0.219060399435334,-21,109,98,"Carcharhinus sorrah","Carcharhinus sorrah","Elasmobranchii","Carcharhiniformes","Carcharhinidae","Carcharhinus","shark"
"Carcharhinus tilstoni",926,18.3840011806151,940,15.9921152554111,930,0.997551715573185,954,0.224187492534324,14,4,28,"Carcharhinus tilstoni","Carcharhinus tilstoni","Elasmobranchii","Carcharhiniformes","Carcharhinidae","Carcharhinus","shark"
"Carcharhinus tjutjot",879,19.6849037387056,857,18.0908788627903,950,0.921627036256598,984,0.213347051429202,-22,71,105,"Carcharhinus tjutjot","Carcharhinus tjutjot","Elasmobranchii","Carcharhiniformes","Carcharhinidae","Carcharhinus","shark"
"Carcharhinus wheeleri",784,22.8502064124985,735,20.7383765697991,942,0.941528561806368,912,0.235809085358928,-49,158,128,"Carcharhinus wheeleri","Carcharhinus amblyrhynchos","Elasmobranchii","Carcharhiniformes","Carcharhinidae","Carcharhinus","shark"
"Carcharias taurus",9,110.368168349206,14,73.1204018461554,15,24.5827571689558,29,3.89900095410674,5,6,20,"Carcharias taurus","Carcharias taurus","Elasmobranchii","Lamniformes","Odontaspididae","Carcharias","shark"
"Carcharodon carcharias",67,71.9708625508729,63,54.916412578555,99,10.465189867711,66,2.49081260003151,-4,32,-1,"Carcharodon carcharias","Carcharodon carcharias","Elasmobranchii","Lamniformes","Lamnidae","Carcharodon","shark"
"Centrophorus atromarginatus",59,73.3709887666619,42,59.6647400724066,37,17.2791688556663,90,2.0791011587104,-17,-22,31,"Centrophorus atromarginatus","Centrophorus atromarginatus","Elasmobranchii","Squaliformes","Centrophoridae","Centrophorus","shark"
"Centrophorus granulosus",331,39.3454533843285,337,32.4130366347393,242,6.01880316060609,193,1.32943116987922,6,-89,-138,"Centrophorus granulosus","Centrophorus granulosus","Elasmobranchii","Squaliformes","Centrophoridae","Centrophorus","shark"
"Centrophorus harrissoni",503,31.3969131706285,549,25.7519214820113,279,5.49803911933881,202,1.30372954404272,46,-224,-301,"Centrophorus harrissoni","Centrophorus harrissoni","Elasmobranchii","Squaliformes","Centrophoridae","Centrophorus","shark"
"Centrophorus isodon",474,32.7005587261285,507,27.0279449123024,302,5.12848737117404,212,1.27938824057731,33,-172,-262,"Centrophorus isodon","Centrophorus isodon","Elasmobranchii","Squaliformes","Centrophoridae","Centrophorus","shark"
"Centrophorus lusitanicus",559,29.8581247604619,612,24.2991682624981,284,5.42033341199707,173,1.41560113686786,53,-275,-386,"Centrophorus lusitanicus","Centrophorus lusitanicus","Elasmobranchii","Squaliformes","Centrophoridae","Centrophorus","shark"
"Centrophorus moluccensis",560,29.8581247604619,610,24.3331303655125,280,5.49642909016503,170,1.43316916390019,50,-280,-390,"Centrophorus moluccensis","Centrophorus moluccensis","Elasmobranchii","Squaliformes","Centrophoridae","Centrophorus","shark"
"Centrophorus seychellorum",504,31.3969121706285,545,25.908962775835,287,5.35550536198609,205,1.29082328353789,41,-217,-299,"Centrophorus seychellorum","Centrophorus seychellorum","Elasmobranchii","Squaliformes","Centrophoridae","Centrophorus","shark"
"Centrophorus squamosus",110,58.1172650973285,85,49.6995111280972,143,8.22825875229324,108,1.86922724240626,-25,33,-2,"Centrophorus squamosus","Centrophorus squamosus","Elasmobranchii","Squaliformes","Centrophoridae","Centrophorus","shark"
"Centrophorus tessellatus",332,39.3454523843285,354,31.5173531589706,229,6.31966877749732,178,1.39347142322143,22,-103,-154,"Centrophorus tessellatus","Centrophorus tessellatus","Elasmobranchii","Squaliformes","Centrophoridae","Centrophorus","shark"
"Centrophorus westraliensis",220,46.7187036666619,201,38.5967292076459,223,6.423706665022,171,1.42247534790267,-19,3,-49,"Centrophorus westraliensis","Centrophorus westraliensis","Elasmobranchii","Squaliformes","Centrophoridae","Centrophorus","shark"
"Centrophorus zeehaani",60,73.3709887666619,54,56.5308628850542,44,16.1055737930807,70,2.42720542757744,-6,-16,10,"Centrophorus zeehaani","Centrophorus zeehaani","Elasmobranchii","Squaliformes","Centrophoridae","Centrophorus","shark"
"Centroscyllium excelsum",868,20.0655955392556,948,15.7660381590381,402,3.8883397415829,399,0.641352980740369,80,-466,-469,"Centroscyllium excelsum","Centroscyllium excelsum","Elasmobranchii","Squaliformes","Etmopteridae","Centroscyllium","shark"
"Centroscyllium fabricii",743,24.0964263940056,757,20.4089561201341,380,4.12452006552268,407,0.628878779732986,14,-363,-336,"Centroscyllium fabricii","Centroscyllium fabricii","Elasmobranchii","Squaliformes","Etmopteridae","Centroscyllium","shark"
"Centroscyllium granulatum",867,20.0655955392556,942,15.9773015334057,387,4.05631848611384,394,0.655498555230637,75,-480,-473,"Centroscyllium granulatum","Centroscyllium granulatum","Elasmobranchii","Squaliformes","Etmopteridae","Centroscyllium","shark"
"Centroscyllium kamoharai",937,18.2806362727556,1025,13.9273139498001,393,4.01659014207549,362,0.701673977675779,88,-544,-575,"Centroscyllium kamoharai","Centroscyllium kamoharai","Elasmobranchii","Squaliformes","Etmopteridae","Centroscyllium","shark"
"Centroscyllium nigrum",938,18.2806362727556,1016,14.0911966725287,397,3.98114322091516,363,0.701673977675779,78,-541,-575,"Centroscyllium nigrum","Centroscyllium nigrum","Elasmobranchii","Squaliformes","Etmopteridae","Centroscyllium","shark"
"Centroscyllium ornatum",700,25.3769386530056,695,21.8411424908177,348,4.53687204692719,343,0.731592430803823,-5,-352,-357,"Centroscyllium ornatum","Centroscyllium ornatum","Elasmobranchii","Squaliformes","Etmopteridae","Centroscyllium","shark"
"Centroscyllium ritteri",744,24.0964263940056,763,20.3011342639132,372,4.20257964000575,342,0.735213203281961,19,-372,-402,"Centroscyllium ritteri","Centroscyllium ritteri","Elasmobranchii","Squaliformes","Etmopteridae","Centroscyllium","shark"
"Centroscymnus coelolepis",124,55.2126461840744,122,43.9947289029629,363,4.32223076417646,270,1.01854269715264,-2,239,146,"Centroscymnus coelolepis","Centroscymnus coelolepis","Elasmobranchii","Squaliformes","Somniosidae","Centroscymnus","shark"
"Centroscymnus owstonii",396,35.9884413252744,364,31.0639691551743,370,4.23369848056598,310,0.835859031072402,-32,-26,-86,"Centroscymnus owstonii","Centroscymnus owstonii","Elasmobranchii","Squaliformes","Somniosidae","Centroscymnus","shark"
"Centroselachus crepidater",80,66.6332293838935,70,52.9735594516124,127,8.96760778046434,153,1.55484589205502,-10,47,73,"Centroselachus crepidater","Centroselachus crepidater","Elasmobranchii","Squaliformes","Somniosidae","Centroselachus","shark"
"Cephaloscyllium albipinnum",917,18.7238949805724,933,16.2110669198857,809,1.72435866331017,384,0.672082566952236,16,-108,-533,"Cephaloscyllium albipinnum","Cephaloscyllium albipinnum","Elasmobranchii","Carcharhiniformes","Scyliorhinidae","Cephaloscyllium","shark"
"Cephaloscyllium cooki",545,30.2195407249464,525,26.6414210904974,713,2.0174937498354,350,0.721413434112569,-20,168,-195,"Cephaloscyllium cooki","Cephaloscyllium cooki","Elasmobranchii","Carcharhiniformes","Scyliorhinidae","Cephaloscyllium","shark"
"Cephaloscyllium fasciatum",677,26.2410225499778,642,23.4141749828067,781,1.80915965300377,422,0.609511702290668,-35,104,-255,"Cephaloscyllium fasciatum","Cephaloscyllium fasciatum","Elasmobranchii","Carcharhiniformes","Scyliorhinidae","Cephaloscyllium","shark"
"Cephaloscyllium hiscosellum",949,17.809046242939,964,15.3887476669307,796,1.76179825307936,391,0.662118065794119,15,-153,-558,"Cephaloscyllium hiscosellum","Cephaloscyllium hiscosellum","Elasmobranchii","Carcharhiniformes","Scyliorhinidae","Cephaloscyllium","shark"
"Cephaloscyllium isabellum",899,19.2345053775724,913,16.745516697996,805,1.72895870989328,378,0.680651639464687,14,-94,-521,"Cephaloscyllium isabellum","Cephaloscyllium isabella","Elasmobranchii","Carcharhiniformes","Scyliorhinidae","Cephaloscyllium","shark"
"Cephaloscyllium laticeps",823,21.4284069752857,818,18.9248571780206,818,1.67328448256128,374,0.682755030774225,-5,-5,-449,"Cephaloscyllium laticeps","Cephaloscyllium laticeps","Elasmobranchii","Carcharhiniformes","Scyliorhinidae","Cephaloscyllium","shark"
"Cephaloscyllium maculatum",226,46.3195276811921,214,38.0734613665865,616,2.28069821097691,312,0.813527355364516,-12,390,86,"Cephaloscyllium maculatum","Cephaloscyllium fasciatum","Elasmobranchii","Carcharhiniformes","Scyliorhinidae","Cephaloscyllium","shark"
"Cephaloscyllium pardelotum",508,31.1912746207242,472,27.8069393621586,811,1.70613373021037,332,0.746003776424981,-36,303,-176,"Cephaloscyllium pardelotum","Cephaloscyllium fasciatum","Elasmobranchii","Carcharhiniformes","Scyliorhinidae","Cephaloscyllium","shark"
"Cephaloscyllium pictum",678,26.2410225499778,614,24.2335953200312,808,1.72439488227764,404,0.636934745510518,-64,130,-274,"Cephaloscyllium pictum","Cephaloscyllium pictum","Elasmobranchii","Carcharhiniformes","Scyliorhinidae","Cephaloscyllium","shark"
"Cephaloscyllium sarawakensis",888,19.4839230174524,899,17.0550137692965,841,1.6063764497322,349,0.724909176004118,11,-47,-539,"Cephaloscyllium sarawakensis","Cephaloscyllium sarawakense","Elasmobranchii","Carcharhiniformes","Scyliorhinidae","Cephaloscyllium","shark"
"Cephaloscyllium signourum",909,18.9062481049112,947,15.7960545790409,647,2.18293635086319,449,0.567397052608264,38,-262,-460,"Cephaloscyllium signourum","Cephaloscyllium signourum","Elasmobranchii","Carcharhiniformes","Scyliorhinidae","Cephaloscyllium","shark"
"Cephaloscyllium silasi",407,35.0791096147242,389,30.0708862356716,732,1.95589166735028,375,0.682509237062689,-18,325,-32,"Cephaloscyllium silasi","Cephaloscyllium silasi","Elasmobranchii","Carcharhiniformes","Scyliorhinidae","Cephaloscyllium","shark"
"Cephaloscyllium speccum",509,31.1912746207242,506,27.1426685141172,738,1.92710420544623,339,0.737509562704938,-3,229,-170,"Cephaloscyllium speccum","Cephaloscyllium speccum","Elasmobranchii","Carcharhiniformes","Scyliorhinidae","Cephaloscyllium","shark"
"Cephaloscyllium stevensi",910,18.9062481049112,950,15.7119610694002,652,2.17229223448338,450,0.567397052608264,40,-258,-460,"Cephaloscyllium stevensi","Cephaloscyllium stevensi","Elasmobranchii","Carcharhiniformes","Scyliorhinidae","Cephaloscyllium","shark"
"Cephaloscyllium sufflans",283,41.7322697278075,277,34.9388580117577,714,2.01700570405085,418,0.61531855620744,-6,431,135,"Cephaloscyllium sufflans","Cephaloscyllium sufflans","Elasmobranchii","Carcharhiniformes","Scyliorhinidae","Cephaloscyllium","shark"
"Cephaloscyllium umbratile",928,18.368103468439,946,15.9028529322558,815,1.69352804735115,382,0.676859275095046,18,-113,-546,"Cephaloscyllium umbratile","Cephaloscyllium umbratile","Elasmobranchii","Carcharhiniformes","Scyliorhinidae","Cephaloscyllium","shark"
"Cephaloscyllium variegatum",793,22.3909471955714,793,19.6978003792772,820,1.66560679977346,365,0.700394491438675,0,27,-428,"Cephaloscyllium variegatum","Cephaloscyllium variegatum","Elasmobranchii","Carcharhiniformes","Scyliorhinidae","Cephaloscyllium","shark"
"Cephaloscyllium ventriosum",842,20.7234317873112,823,18.7897004878936,659,2.1498621825754,456,0.557730750547314,-19,-183,-386,"Cephaloscyllium ventriosum","Cephaloscyllium ventriosum","Elasmobranchii","Carcharhiniformes","Scyliorhinidae","Cephaloscyllium","shark"
"Cephaloscyllium zebrum",948,17.809047242939,968,15.2901853325871,798,1.75808763258035,381,0.679096437904125,20,-150,-567,"Cephaloscyllium zebrum","Cephaloscyllium zebrum","Elasmobranchii","Carcharhiniformes","Scyliorhinidae","Cephaloscyllium","shark"
"Cephalurus cephalus",355,38.0502144732634,375,30.5423692618503,216,6.64275995501298,204,1.29192027862025,20,-139,-151,"Cephalurus cephalus","Cephalurus cephalus","Elasmobranchii","Carcharhiniformes","Pentanchidae","Cephalurus","shark"
"Cetorhinus maximus",20,100.944419104206,20,69.6695893493582,23,20.3296236435696,43,3.36860738010478,0,3,23,"Cetorhinus maximus","Cetorhinus maximus","Elasmobranchii","Lamniformes","Cetorhinidae","Cetorhinus","shark"
"Chaenogaleus macrostoma",131,54.283895606231,110,46.647783063963,340,4.65877029571737,913,0.235441946982844,-21,209,782,"Chaenogaleus macrostoma","Chaenogaleus macrostoma","Elasmobranchii","Carcharhiniformes","Hemigaleidae","Chaenogaleus","shark"
"Chiloscyllium arabicum",543,30.2561266634765,630,23.8430198679426,264,5.68469686746437,167,1.45013555812726,87,-279,-376,"Chiloscyllium arabicum","Chiloscyllium arabicum","Elasmobranchii","Orectolobiformes","Hemiscylliidae","Chiloscyllium","shark"
"Chiloscyllium burmensis",446,33.5063404618099,420,29.248107689961,254,5.82338431653556,144,1.6020249613192,-26,-192,-302,"Chiloscyllium burmensis","Chiloscyllium burmense","Elasmobranchii","Orectolobiformes","Hemiscylliidae","Chiloscyllium","shark"
"Chiloscyllium griseum",663,26.5521599699765,813,19.1115485707119,289,5.35108231745467,165,1.45986247983018,150,-374,-498,"Chiloscyllium griseum","Chiloscyllium griseum","Elasmobranchii","Orectolobiformes","Hemiscylliidae","Chiloscyllium","shark"
"Chiloscyllium hasseltii",662,26.5521599699765,810,19.1973037282103,285,5.36863372804712,164,1.46188938045798,148,-377,-498,"Chiloscyllium hasseltii","Chiloscyllium hasseltii","Elasmobranchii","Orectolobiformes","Hemiscylliidae","Chiloscyllium","shark"
"Chiloscyllium indicum",134,53.9315144459765,115,45.4097388461218,243,6.01857930070736,137,1.6296849709616,-19,109,3,"Chiloscyllium indicum","Chiloscyllium indicum","Elasmobranchii","Orectolobiformes","Hemiscylliidae","Chiloscyllium","shark"
"Chiloscyllium plagiosum",135,53.9315144459765,129,43.7402338303913,277,5.54790160374416,150,1.56367310271527,-6,142,15,"Chiloscyllium plagiosum","Chiloscyllium plagiosum","Elasmobranchii","Orectolobiformes","Hemiscylliidae","Chiloscyllium","shark"
"Chiloscyllium punctatum",93,60.7879954059765,89,49.3905309969799,227,6.34554632329545,99,1.97325642813993,-4,134,6,"Chiloscyllium punctatum","Chiloscyllium punctatum","Elasmobranchii","Orectolobiformes","Hemiscylliidae","Chiloscyllium","shark"
"Chimaera argiloba",390,36.498276323255,440,28.690989465849,208,6.71540953435199,127,1.71113763025199,50,-182,-263,"Chimaera argiloba","Chimaera argiloba","Holocephali","Chimaeriformes","Chimaeridae","Chimaera","chimaera"
"Chimaera bahamaensis",141,53.0294816647853,153,41.7024130734909,241,6.02507648950267,179,1.38611162426358,12,100,38,"Chimaera bahamaensis","Chimaera bahamaensis","Holocephali","Chimaeriformes","Chimaeridae","Chimaera","chimaera"
"Chimaera cubana",160,50.3112925911186,183,39.5393975977017,268,5.6709305788876,206,1.28838971214657,23,108,46,"Chimaera cubana","Chimaera cubana","Holocephali","Chimaeriformes","Chimaeridae","Chimaera","chimaera"
"Chimaera fulva",415,34.87173959136,519,26.7381716241971,460,3.35197002018877,210,1.28442457260914,104,45,-205,"Chimaera fulva","Chimaera fulva","Holocephali","Chimaeriformes","Chimaeridae","Chimaera","chimaera"
"Chimaera jordani",159,50.3112925911186,171,40.7877404335068,292,5.29312672963918,169,1.44151127735983,12,133,10,"Chimaera jordani","Chimaera jordani","Holocephali","Chimaeriformes","Chimaeridae","Chimaera","chimaera"
"Chimaera lignaria",670,26.3699163185933,790,19.7307874663233,478,3.20671854914984,283,0.966180913697299,120,-192,-387,"Chimaera lignaria","Chimaera lignaria","Holocephali","Chimaeriformes","Chimaeridae","Chimaera","chimaera"
"Chimaera macrospina",523,30.6869444586016,649,23.1722379867301,494,3.13552297155407,269,1.03121063776386,126,-29,-254,"Chimaera macrospina","Chimaera macrospina","Holocephali","Chimaeriformes","Chimaeridae","Chimaera","chimaera"
"Chimaera monstrosa",524,30.6869434586016,650,23.1480278922369,499,3.11627911237228,265,1.05936954670051,126,-25,-259,"Chimaera monstrosa","Chimaera monstrosa","Holocephali","Chimaeriformes","Chimaeridae","Chimaera","chimaera"
"Chimaera notafricana",671,26.3699163185933,792,19.7004993949746,482,3.19012407615596,284,0.966180913697299,121,-189,-387,"Chimaera notafricana","Chimaera notafricana","Holocephali","Chimaeriformes","Chimaeridae","Chimaera","chimaera"
"Chimaera obscura",140,53.294145460255,131,43.625758512593,154,7.89815503392736,84,2.12354097022629,-9,14,-56,"Chimaera obscura","Chimaera obscura","Holocephali","Chimaeriformes","Chimaeridae","Chimaera","chimaera"
"Chimaera opalescens",384,36.8586377681933,371,30.7353100135153,498,3.12234707620146,223,1.24645536176976,-13,114,-161,"Chimaera opalescens","Chimaera opalescens","Holocephali","Chimaeriformes","Chimaeridae","Chimaera","chimaera"
"Chimaera owstoni",379,36.9839995465365,498,27.2737076875987,177,7.19693824030226,140,1.61179865634744,119,-202,-239,"Chimaera owstoni","Chimaera owstoni","Holocephali","Chimaeriformes","Chimaeridae","Chimaera","chimaera"
"Chimaera panthera",325,39.53059411336,357,31.3369498191841,474,3.22170108996766,219,1.25443399206698,32,149,-106,"Chimaera panthera","Chimaera panthera","Holocephali","Chimaeriformes","Chimaeridae","Chimaera","chimaera"
"Chimaera phantasma",69,71.5656219418699,52,56.7145471330448,86,11.4505044203566,118,1.74976485669941,-17,17,49,"Chimaera phantasma","Chimaera phantasma","Holocephali","Chimaeriformes","Chimaeridae","Chimaera","chimaera"
"Chlamydoselachus africana",34,86.620362642149,119,44.2362358821018,25,19.3351458348166,5,7.73883212837806,85,-9,-29,"Chlamydoselachus africana","Chlamydoselachus africana","Elasmobranchii","Hexanchiformes","Chlamydoselachidae","Chlamydoselachus","shark"
"Chlamydoselachus anguineus",33,86.620362642149,118,44.2362358821018,24,19.3351458348166,4,7.73883212837806,85,-9,-29,"Chlamydoselachus anguineus","Chlamydoselachus anguineus","Elasmobranchii","Hexanchiformes","Chlamydoselachidae","Chlamydoselachus","shark"
"Cirrhigaleus asper",73,69.1521100577141,57,56.094800026183,108,9.88950123707757,306,0.851511683020032,-16,35,233,"Cirrhigaleus asper","Cirrhigaleus asper","Elasmobranchii","Squaliformes","Squalidae","Cirrhigaleus","shark"
"Cirrhigaleus australis",182,48.9708794627141,149,41.9912440588925,149,8.12067132386513,296,0.90662429824594,-33,-33,114,"Cirrhigaleus australis","Cirrhigaleus australis","Elasmobranchii","Squaliformes","Squalidae","Cirrhigaleus","shark"
"Cirrhigaleus barbifer",181,48.9708794627141,185,39.4144455867998,150,7.93027324440439,311,0.829447979926448,4,-31,130,"Cirrhigaleus barbifer","Cirrhigaleus barbifer","Elasmobranchii","Squaliformes","Squalidae","Cirrhigaleus","shark"
"Cirrhoscyllium expolitum",302,40.7056207494163,522,26.7101954732597,170,7.38594411038308,82,2.19244317034306,220,-132,-220,"Cirrhoscyllium expolitum","Cirrhoscyllium expolitum","Elasmobranchii","Orectolobiformes","Parascylliidae","Cirrhoscyllium","shark"
"Cirrhoscyllium formosanum",303,40.7056207494163,469,27.9798276156254,159,7.65466764130787,77,2.35325179833335,166,-144,-226,"Cirrhoscyllium formosanum","Cirrhoscyllium formosanum","Elasmobranchii","Orectolobiformes","Parascylliidae","Cirrhoscyllium","shark"
"Cirrhoscyllium japonicum",232,45.0680188794163,361,31.1347103299023,145,8.21444807753658,55,2.64753848375388,129,-87,-177,"Cirrhoscyllium japonicum","Cirrhoscyllium japonicum","Elasmobranchii","Orectolobiformes","Parascylliidae","Cirrhoscyllium","shark"
"Crassinarke dormitor",679,26.2291546666679,684,22.1836921056883,459,3.35314526410167,334,0.74221315972236,5,-220,-345,"Crassinarke dormitor","Crassinarke dormitor","Elasmobranchii","Torpediniformes","Narkidae","Crassinarke","ray"
"Cruriraja andamanica",541,30.3943764228447,461,28.2775604530625,382,4.08615630342438,571,0.357004316813102,-80,-159,30,"Cruriraja andamanica","Cruriraja andamanica","Elasmobranchii","Rajiformes","Gurgesiellidae","Cruriraja","ray"
"Cruriraja atlantis",582,29.2861429271636,637,23.5819410499619,360,4.34437282353714,533,0.386036085004308,55,-222,-49,"Cruriraja atlantis","Cruriraja atlantis","Elasmobranchii","Rajiformes","Gurgesiellidae","Cruriraja","ray"
"Cruriraja cadenati",540,30.3943764228447,553,25.676077294144,441,3.4999353871714,562,0.365598198397272,13,-99,22,"Cruriraja cadenati","Cruriraja cadenati","Elasmobranchii","Rajiformes","Gurgesiellidae","Cruriraja","ray"
"Cruriraja durbanensis",583,29.2861429271636,634,23.6774105339718,355,4.47228188831374,534,0.385974557028394,51,-228,-49,"Cruriraja durbanensis","Cruriraja durbanensis","Elasmobranchii","Rajiformes","Gurgesiellidae","Cruriraja","ray"
"Cruriraja hulleyi",48,80.3928673578447,38,60.7228452274263,67,13.183174579224,469,0.532285408663917,-10,19,421,"Cruriraja hulleyi","Cruriraja hulleyi","Elasmobranchii","Rajiformes","Gurgesiellidae","Cruriraja","ray"
"Cruriraja parcomaculata",224,46.4191699898302,159,41.3898462783721,225,6.38920996884696,282,0.97188148566819,-65,1,58,"Cruriraja parcomaculata","Cruriraja parcomaculata","Elasmobranchii","Rajiformes","Gurgesiellidae","Cruriraja","ray"
"Cruriraja poeyi",433,34.1121886348302,409,29.435322949695,317,4.94068700560618,543,0.379841283312863,-24,-116,110,"Cruriraja poeyi","Cruriraja poeyi","Elasmobranchii","Rajiformes","Gurgesiellidae","Cruriraja","ray"
"Cruriraja rugosa",483,32.4581473741636,510,26.8635748222204,342,4.64799828773904,555,0.371377896815848,27,-141,72,"Cruriraja rugosa","Cruriraja rugosa","Elasmobranchii","Rajiformes","Gurgesiellidae","Cruriraja","ray"
"Ctenacis fehlmanni",288,41.4013240587352,276,34.9865494733018,211,6.6954877072101,327,0.753693626322716,-12,-77,39,"Ctenacis fehlmanni","Ctenacis fehlmanni","Elasmobranchii","Carcharhiniformes","Proscylliidae","Ctenacis","shark"
"Dactylobatus armatus",227,45.7050270516515,194,38.7869284786277,630,2.24345990807033,946,0.225964771405701,-33,403,719,"Dactylobatus armatus","Dactylobatus armatus","Elasmobranchii","Rajiformes","Rajidae","Dactylobatus","ray"
"Dactylobatus clarkii",228,45.7050270516515,209,38.2187113008324,693,2.05849165926201,949,0.22521971937309,-19,465,721,"Dactylobatus clarkii","Dactylobatus clarkii","Elasmobranchii","Rajiformes","Rajidae","Dactylobatus","ray"
"Dalatias licha",24,98.6090018008094,19,70.6463589467758,12,25.6686712935167,184,1.36877940521987,-5,-12,160,"Dalatias licha","Dalatias licha","Elasmobranchii","Squaliformes","Dalatiidae","Dalatias","shark"
"Dasyatis acutirostra",436,34.0814534759479,404,29.5960603924793,529,2.71912561046732,721,0.304955435588591,-32,93,285,"Dasyatis acutirostra","Telatrygon acutirostra","Elasmobranchii","Myliobatiformes","Dasyatidae","Dasyatis","ray"
"Dasyatis akajei",977,17.0917876940001,976,15.1322705593203,826,1.64640136683926,886,0.241150148414241,-1,-151,-91,"Dasyatis akajei","Hemitrygon akajei","Elasmobranchii","Myliobatiformes","Dasyatidae","Dasyatis","ray"
"Dasyatis americana",613,28.1205925285574,615,24.2309998088993,538,2.64539829698754,841,0.251739192004589,2,-75,228,"Dasyatis americana","Hypanus americanus","Elasmobranchii","Myliobatiformes","Dasyatidae","Dasyatis","ray"
"Dasyatis bennetti",932,18.3138073604334,956,15.5084234220871,823,1.65397966755811,891,0.240051292974743,24,-109,-41,"Dasyatis bennetti","Hemitrygon bennettii","Elasmobranchii","Myliobatiformes","Dasyatidae","Dasyatis","ray"
"Dasyatis brevicaudata",724,24.4341253031528,742,20.628294491504,774,1.83304627116356,778,0.279644581277194,18,50,54,"Dasyatis brevicaudata","Bathytoshia brevicaudata","Elasmobranchii","Myliobatiformes","Dasyatidae","Dasyatis","ray"
"Dasyatis centroura",755,23.6572054764862,771,20.1902438077118,742,1.91045678392309,632,0.330650537717523,16,-13,-123,"Dasyatis centroura","Bathytoshia centroura","Elasmobranchii","Myliobatiformes","Dasyatidae","Dasyatis","ray"
"Dasyatis chrysonota",343,38.56967245426,303,33.7780692288183,696,2.05670493091347,746,0.293374842229314,-40,353,403,"Dasyatis chrysonota","Dasyatis chrysonota","Elasmobranchii","Myliobatiformes","Dasyatidae","Dasyatis","ray"
"Dasyatis colarensis",371,37.4855177942812,317,33.3810396081134,537,2.65982721818751,707,0.310750889808021,-54,166,336,"Dasyatis colarensis","Fontitrygon colarensis","Elasmobranchii","Myliobatiformes","Dasyatidae","Dasyatis","ray"
"Dasyatis dipterura",308,40.6186802859479,229,37.4881131246698,519,2.81043923159599,635,0.329037681764339,-79,211,327,"Dasyatis dipterura","Hypanus dipterurus","Elasmobranchii","Myliobatiformes","Dasyatidae","Dasyatis","ray"
"Dasyatis fluviorum",1037,15.3168808196667,1050,13.2888155336303,842,1.60467746585465,812,0.265803899475681,13,-195,-225,"Dasyatis fluviorum","Hemitrygon fluviorum","Elasmobranchii","Myliobatiformes","Dasyatidae","Dasyatis","ray"
"Dasyatis garouaensis",1016,16.0824759676667,1005,14.3094290897667,831,1.63373155562863,804,0.268557293093622,-11,-185,-212,NA,NA,NA,NA,NA,NA,"unknown"
"Dasyatis geijskesi",604,28.5465782742812,550,25.7492099288728,562,2.53912337695662,745,0.293588904018565,-54,-42,141,"Dasyatis geijskesi","Fontitrygon geijskesi","Elasmobranchii","Myliobatiformes","Dasyatidae","Dasyatis","ray"
"Dasyatis gigantea",597,28.7181614947574,587,24.9227563731223,527,2.74411876930404,846,0.250084802703034,-10,-70,249,"Dasyatis gigantea","Dasyatis gigantea","Elasmobranchii","Myliobatiformes","Dasyatidae","Dasyatis","ray"
"Dasyatis guttata",774,23.0198273605812,809,19.2599921613088,572,2.48980891917977,705,0.311055992985654,35,-202,-69,"Dasyatis guttata","Hypanus guttatus","Elasmobranchii","Myliobatiformes","Dasyatidae","Dasyatis","ray"
"Dasyatis hastata",976,17.0917886940001,971,15.2109780088902,836,1.6241470529045,904,0.23706391696766,-5,-140,-72,"Dasyatis hastata","Dasyatis hastata","Elasmobranchii","Myliobatiformes","Dasyatidae","Dasyatis","ray"
"Dasyatis hypostigma",775,23.0198273605812,804,19.3868483299549,577,2.4593923735059,706,0.311055992985654,29,-198,-69,"Dasyatis hypostigma","Dasyatis hypostigma","Elasmobranchii","Myliobatiformes","Dasyatidae","Dasyatis","ray"
"Dasyatis izuensis",450,33.3845794833334,396,29.8229028990569,635,2.22968515263816,628,0.332236388350322,-54,185,178,"Dasyatis izuensis","Hemitrygon izuensis","Elasmobranchii","Myliobatiformes","Dasyatidae","Dasyatis","ray"
"Dasyatis laevigata",451,33.3845794833334,418,29.2636090231837,671,2.12236698296404,703,0.311344089644378,-33,220,252,"Dasyatis laevigata","Hemitrygon laevigata","Elasmobranchii","Myliobatiformes","Dasyatidae","Dasyatis","ray"
"Dasyatis laosensis",900,19.2175947480001,882,17.4077176798919,821,1.66141755476016,864,0.247491869632574,-18,-79,-36,NA,NA,NA,NA,NA,NA,"unknown"
"Dasyatis lata",1031,15.582108305694,1041,13.5432809026051,864,1.49866847294101,917,0.234258261074601,10,-167,-114,"Dasyatis lata","Bathytoshia lata","Elasmobranchii","Myliobatiformes","Dasyatidae","Dasyatis","ray"
"Dasyatis longa",691,25.7549857920574,706,21.4619652699494,542,2.61817759594834,825,0.260977855377551,15,-149,134,"Dasyatis longa","Hypanus longus","Elasmobranchii","Myliobatiformes","Dasyatidae","Dasyatis","ray"
"Dasyatis margarita",263,43.346958746203,273,35.074825296377,512,2.95358344405664,572,0.355271908481301,10,249,309,"Dasyatis margarita","Fontitrygon margarita","Elasmobranchii","Myliobatiformes","Dasyatidae","Dasyatis","ray"
"Dasyatis margaritella",262,43.346958746203,189,39.0693442944353,510,2.98991381444688,594,0.345936146188414,-73,248,332,"Dasyatis margaritella","Fontitrygon margaritella","Elasmobranchii","Myliobatiformes","Dasyatidae","Dasyatis","ray"
"Dasyatis marianae",690,25.7549867920574,758,20.4009798482825,534,2.68608893325525,855,0.248698773662937,68,-156,165,"Dasyatis marianae","Hypanus marianae","Elasmobranchii","Myliobatiformes","Dasyatidae","Dasyatis","ray"
"Dasyatis marmorata",130,54.2985781748433,127,43.8341542646634,725,1.97599452755597,758,0.288921643435877,-3,595,628,"Dasyatis marmorata","Dasyatis marmorata","Elasmobranchii","Myliobatiformes","Dasyatidae","Dasyatis","ray"
"Dasyatis matsubarai",723,24.4341253031528,715,21.2583861442397,789,1.79583819509722,797,0.272490235570701,-8,66,74,"Dasyatis matsubarai","Bathytoshia brevicaudata","Elasmobranchii","Myliobatiformes","Dasyatidae","Dasyatis","ray"
"Dasyatis microps",31,87.3029707076845,39,60.7081664266195,78,11.7023295822981,536,0.385322219398802,8,47,505,"Dasyatis microps","Megatrygon microps","Elasmobranchii","Myliobatiformes","Dasyatidae","Dasyatis","ray"
"Dasyatis multispinosa",642,27.2412367116528,568,25.3323582115211,749,1.89685993060958,822,0.262413400918637,-74,107,180,"Dasyatis multispinosa","Dasyatis multispinosa","Elasmobranchii","Myliobatiformes","Dasyatidae","Dasyatis","ray"
"Dasyatis navarrae",933,18.3138073604334,957,15.5052848897226,824,1.64962820495026,896,0.23946291471069,24,-109,-37,"Dasyatis navarrae","Hemitrygon navarrae","Elasmobranchii","Myliobatiformes","Dasyatidae","Dasyatis","ray"
"Dasyatis parvonigra",699,25.4524963783334,629,23.8741180476801,810,1.71204284184457,870,0.246684622468809,-70,111,171,"Dasyatis parvonigra","Hemitrygon parvonigra","Elasmobranchii","Myliobatiformes","Dasyatidae","Dasyatis","ray"
"Dasyatis pastinaca",374,37.24857235776,335,32.4970839872794,680,2.09050519518859,809,0.266595806441062,-39,306,435,"Dasyatis pastinaca","Dasyatis pastinaca","Elasmobranchii","Myliobatiformes","Dasyatidae","Dasyatis","ray"
"Dasyatis rudis",373,37.24857335776,291,34.1039212410175,727,1.96695523548714,675,0.319274730812846,-82,354,302,"Dasyatis rudis","Hypanus rudis","Elasmobranchii","Myliobatiformes","Dasyatidae","Dasyatis","ray"
"Dasyatis sabina",214,47.0942333097574,169,40.8333237586912,399,3.89286193705389,754,0.29033524989756,-45,185,540,"Dasyatis sabina","Hypanus sabinus","Elasmobranchii","Myliobatiformes","Dasyatidae","Dasyatis","ray"
"Dasyatis say",435,34.0814534759479,422,29.2018811842868,521,2.79751418553274,699,0.312208920752809,-13,86,264,"Dasyatis say","Hypanus say","Elasmobranchii","Myliobatiformes","Dasyatidae","Dasyatis","ray"
"Dasyatis sinensis",215,47.0942333097574,182,39.5602602356021,442,3.49538158213094,679,0.318362188813644,-33,227,464,"Dasyatis sinensis","Hemitrygon sinensis","Elasmobranchii","Myliobatiformes","Dasyatidae","Dasyatis","ray"
"Dasyatis thetidis",754,23.6572054764862,769,20.2295588330855,768,1.84963106452859,598,0.343323408985159,15,14,-156,"Dasyatis thetidis","Bathytoshia lata","Elasmobranchii","Myliobatiformes","Dasyatidae","Dasyatis","ray"
"Dasyatis tortonesei",1036,15.3168818196667,1047,13.3334154646324,833,1.62854017398289,810,0.266585339357626,11,-203,-226,"Dasyatis tortonesei","Dasyatis tortonesei","Elasmobranchii","Myliobatiformes","Dasyatidae","Dasyatis","ray"
"Dasyatis ushiei",643,27.1988686149862,604,24.4057081111523,764,1.85345297964276,637,0.328941733075852,-39,121,-6,"Dasyatis ushiei","Bathytoshia lata","Elasmobranchii","Myliobatiformes","Dasyatidae","Dasyatis","ray"
"Dasyatis zugei",85,64.1393483056061,86,49.5668658883715,546,2.60722339802681,591,0.346232390164089,1,461,506,"Dasyatis zugei","Telatrygon zugei","Elasmobranchii","Myliobatiformes","Dasyatidae","Dasyatis","ray"
"Deania calcea",239,45.00699638698,271,35.2040819599292,119,9.20345596839681,126,1.71152449273188,32,-120,-113,"Deania calcea","Deania calceus","Elasmobranchii","Squaliformes","Centrophoridae","Deania","shark"
"Deania hystricosa",238,45.00699638698,298,33.8586706800481,125,9.02750830166564,110,1.8344519567107,60,-113,-128,"Deania hystricosa","Deania hystricosa","Elasmobranchii","Squaliformes","Centrophoridae","Deania","shark"
"Deania profundorum",176,49.16639462598,162,41.0965492411298,84,11.5525483819473,149,1.567167442252,-14,-92,-27,"Deania profundorum","Deania profundorum","Elasmobranchii","Squaliformes","Centrophoridae","Deania","shark"
"Deania quadrispinosa",175,49.16639462598,158,41.4261782211589,72,12.0269380112942,163,1.48776966454549,-17,-103,-12,"Deania quadrispinosa","Deania quadrispinosa","Elasmobranchii","Squaliformes","Centrophoridae","Deania","shark"
"Dentiraja flindersi",1164,9.69541947549607,1162,8.90264149915044,1136,0.593371903319224,1072,0.182989038755079,-2,-28,-92,"Dentiraja flindersi","Dentiraja flindersi","Elasmobranchii","Rajiformes","Rajidae","Dentiraja","ray"
"Dentiraja lemprieri",1163,9.69541947549607,1165,8.77078890818816,1127,0.598387808291668,1106,0.175084038308639,2,-36,-57,"Dentiraja lemprieri","Dentiraja lemprieri","Elasmobranchii","Rajiformes","Rajidae","Dentiraja","ray"
"Diplobatis colombiensis",351,38.1751227685512,328,32.724282266055,322,4.84100331123874,370,0.695482681146579,-23,-29,19,"Diplobatis colombiensis","Diplobatis colombiensis","Elasmobranchii","Torpediniformes","Narcinidae","Diplobatis","ray"
"Diplobatis guamachensis",115,57.3421858618846,96,48.3067089391553,178,7.1793297673259,307,0.850206567855274,-19,63,192,"Diplobatis guamachensis","Diplobatis guamachensis","Elasmobranchii","Torpediniformes","Narcinidae","Diplobatis","ray"
"Diplobatis ommata",403,35.3874911210512,400,29.6923008315485,308,5.04002793921533,397,0.649693592748897,-3,-95,-6,"Diplobatis ommata","Diplobatis ommata","Elasmobranchii","Torpediniformes","Narcinidae","Diplobatis","ray"
"Diplobatis pictus",404,35.3874911210512,392,29.9910841605561,334,4.69454495033388,380,0.679118740581994,-12,-70,-24,"Diplobatis pictus","Diplobatis picta","Elasmobranchii","Torpediniformes","Narcinidae","Diplobatis","ray"
"Dipturus acrobelus",965,17.3653861371309,934,16.1662071884428,1088,0.65431595886139,1166,0.154313379430329,-31,123,201,"Dipturus acrobelus","Dipturus acrobelus","Elasmobranchii","Rajiformes","Rajidae","Dipturus","ray"
"Dipturus apricus",1117,12.1815024092976,1112,11.3276877265622,1100,0.632607145770788,1175,0.152861076717267,-5,-17,58,"Dipturus apricus","Dipturus apricus","Elasmobranchii","Rajiformes","Rajidae","Dipturus","ray"
"Dipturus australis",1161,9.76663208166273,1161,9.07663872826597,1142,0.588827954893453,1177,0.151841200006487,0,-19,16,"Dipturus australis","Dentiraja australis","Elasmobranchii","Rajiformes","Rajidae","Dipturus","ray"
"Dipturus batis",1118,12.1815014092976,1111,11.3887444647628,1102,0.630942192373085,1142,0.161524941659677,-7,-16,24,"Dipturus batis","Dipturus batis","Elasmobranchii","Rajiformes","Rajidae","Dipturus","ray"
"Dipturus bullisi",766,23.2938686510408,765,20.2712453257283,1140,0.591188710313948,1020,0.198106327048492,-1,374,254,"Dipturus bullisi","Dipturus bullisi","Elasmobranchii","Rajiformes","Rajidae","Dipturus","ray"
"Dipturus campbelli",1056,14.8677209657976,1043,13.4610478851481,1112,0.613219984533284,1162,0.15717729941453,-13,56,106,"Dipturus campbelli","Dipturus campbelli","Elasmobranchii","Rajiformes","Rajidae","Dipturus","ray"
"Dipturus canutus",1151,10.5272440104961,1145,9.64378402299625,1147,0.584170095248829,1078,0.181323257378615,-6,-4,-73,"Dipturus canutus","Dipturus canutus","Elasmobranchii","Rajiformes","Rajidae","Dipturus","ray"
"Dipturus cerva",1162,9.76663208166273,1160,9.08481612673157,1152,0.581529646459924,1141,0.161559239820504,-2,-10,-21,"Dipturus cerva","Dentiraja cerva","Elasmobranchii","Rajiformes","Rajidae","Dipturus","ray"
"Dipturus confusus",1139,11.0960802976627,1129,10.3911179439654,1113,0.611689058819963,1051,0.187862226354089,-10,-26,-88,"Dipturus confusus","Dentiraja confusa","Elasmobranchii","Rajiformes","Rajidae","Dipturus","ray"
"Dipturus crosnieri",1074,14.2651829780287,1048,13.2949532438431,1165,0.570202875856313,1057,0.185311377552746,-26,91,-17,"Dipturus crosnieri","Dipturus crosnieri","Elasmobranchii","Rajiformes","Rajidae","Dipturus","ray"
"Dipturus doutrei",836,20.7971857307976,788,19.7358259993821,1168,0.566567696390877,1132,0.166301822578834,-48,332,296,"Dipturus doutrei","Dipturus doutrei","Elasmobranchii","Rajiformes","Rajidae","Dipturus","ray"
"Dipturus ecuadoriensis",996,16.3241687456309,962,15.4315172096938,1137,0.592337049123764,1191,0.14239974247349,-34,141,195,"Dipturus ecuadoriensis","Dipturus ecuadoriensis","Elasmobranchii","Rajiformes","Rajidae","Dipturus","ray"
"Dipturus endeavouri",1081,13.9687286392314,1045,13.4185532541029,1107,0.618441742474504,1027,0.196228756526485,-36,26,-54,"Dipturus endeavouri","Dentiraja endeavouri","Elasmobranchii","Rajiformes","Rajidae","Dipturus","ray"
"Dipturus falloargus",1179,8.81282832237871,1177,8.10503958707032,1179,0.549296649576083,1127,0.167571441630091,-2,0,-52,"Dipturus falloargus","Dentiraja falloargus","Elasmobranchii","Rajiformes","Rajidae","Dipturus","ray"
"Dipturus flavirostris",1112,12.6874608238797,1117,11.0586270031686,1161,0.571923691986768,1047,0.188970643896584,5,49,-65,"Dipturus flavirostris","Dipturus flavirostris","Elasmobranchii","Rajiformes","Rajidae","Dipturus","ray"
"Dipturus garricki",767,23.2938686510408,714,21.2799071643684,1132,0.59654809889513,1028,0.194674168606735,-53,365,261,"Dipturus garricki","Dipturus garricki","Elasmobranchii","Rajiformes","Rajidae","Dipturus","ray"
"Dipturus gigas",998,16.3231308452314,977,15.0691125153599,1110,0.615879966459349,1014,0.202410122293438,-21,112,16,"Dipturus gigas","Dipturus gigas","Elasmobranchii","Rajiformes","Rajidae","Dipturus","ray"
"Dipturus grahami",1098,13.3451052392314,1090,12.4407842221948,1109,0.616881306108909,995,0.209682608589855,-8,11,-103,"Dipturus grahami","Dipturus grahamorum","Elasmobranchii","Rajiformes","Rajidae","Dipturus","ray"
"Dipturus gudgeri",893,19.3676802719961,864,17.9191801793586,1111,0.615568031312054,1035,0.191122869032173,-29,218,142,"Dipturus gudgeri","Dipturus gudgeri","Elasmobranchii","Rajiformes","Rajidae","Dipturus","ray"
"Dipturus healdi",1110,12.7285857416287,1099,11.9234620238406,1178,0.551102265369767,1122,0.168625416795611,-11,68,12,"Dipturus healdi","Dentiraja healdi","Elasmobranchii","Rajiformes","Rajidae","Dipturus","ray"
"Dipturus innominatus",894,19.3676802719961,853,18.2217125962505,1093,0.642511927080304,1104,0.175381342857891,-41,199,210,"Dipturus innominatus","Dipturus innominatus","Elasmobranchii","Rajiformes","Rajidae","Dipturus","ray"
"Dipturus intermedia",997,16.3241687456309,973,15.1471690739451,1119,0.607861523407518,1165,0.15512154227864,-24,122,168,NA,NA,NA,NA,NA,NA,"unknown"
"Dipturus johannisdavesi",1107,12.7844456014961,1102,11.8000599142165,1124,0.601649704569878,1090,0.17886223778034,-5,17,-17,"Dipturus johannisdavesi","Dipturus johannisdavisi","Elasmobranchii","Rajiformes","Rajidae","Dipturus","ray"
"Dipturus kwangtungensis",191,48.3327699332954,187,39.2635351098815,1125,0.600632685843276,1075,0.181980014724198,-4,934,884,"Dipturus kwangtungensis","Dipturus kwangtungensis","Elasmobranchii","Rajiformes","Rajidae","Dipturus","ray"
"Dipturus laevis",1055,14.8677209657976,1030,13.7522627299838,1129,0.598204071908126,1178,0.150881447287943,-25,74,123,"Dipturus laevis","Dipturus laevis","Elasmobranchii","Rajiformes","Rajidae","Dipturus","ray"
"Dipturus lanceorostratus",943,18.0172894331954,906,16.8699401582155,1148,0.584070284445443,1105,0.175355354136013,-37,205,162,"Dipturus lanceorostratus","Dipturus lanceorostratus","Elasmobranchii","Rajiformes","Rajidae","Dipturus","ray"
"Dipturus leptocaudus",1039,15.2312443042742,1036,13.6979118435985,1155,0.579659073194264,1083,0.180771793234268,-3,116,44,"Dipturus leptocaudus","Dipturus leptocauda","Elasmobranchii","Rajiformes","Rajidae","Dipturus","ray"
"Dipturus macrocauda",1121,12.0645673173516,1119,10.9568612783311,1115,0.609999826216486,1115,0.171115715612767,-2,-6,-6,"Dipturus macrocauda","Dipturus macrocauda","Elasmobranchii","Rajiformes","Rajidae","Dipturus","ray"
"Dipturus melanospilus",489,32.0592314585463,405,29.5940485898917,1130,0.596813194232983,1032,0.192934507414297,-84,641,543,"Dipturus melanospilus","Dipturus melanospilus","Elasmobranchii","Rajiformes","Rajidae","Dipturus","ray"
"Dipturus mennii",944,18.0172894331954,918,16.6507827652454,1145,0.585372948908193,1137,0.164417047341138,-26,201,193,"Dipturus mennii","Dipturus mennii","Elasmobranchii","Rajiformes","Rajidae","Dipturus","ray"
"Dipturus nidarosiensis",850,20.5080972402314,815,18.996890708033,1120,0.606461661861419,1091,0.178781316986334,-35,270,241,"Dipturus nidarosiensis","Dipturus nidarosiensis","Elasmobranchii","Rajiformes","Rajidae","Dipturus","ray"
"Dipturus oculus",305,40.6770707077856,308,33.7172106665973,1087,0.658958630883005,1036,0.190911428021358,3,782,731,"Dipturus oculus","Dentiraja oculus","Elasmobranchii","Rajiformes","Rajidae","Dipturus","ray"
"Dipturus olseni",1111,12.6874608238797,1116,11.0710100010155,1160,0.572737484444968,1034,0.19156893207581,5,49,-77,"Dipturus olseni","Dipturus olseni","Elasmobranchii","Rajiformes","Rajidae","Dipturus","ray"
"Dipturus oregoni",941,18.0673681010463,917,16.659900823882,1172,0.559648431935274,1125,0.168172418933281,-24,231,184,"Dipturus oregoni","Dipturus oregoni","Elasmobranchii","Rajiformes","Rajidae","Dipturus","ray"
"Dipturus oxyrinchus",1075,14.0567703267976,1056,13.1365459465897,1150,0.582689156882587,1167,0.153630344485945,-19,75,92,"Dipturus oxyrinchus","Dipturus oxyrinchus","Elasmobranchii","Rajiformes","Rajidae","Dipturus","ray"
"Dipturus polyommata",1136,11.3178162500314,1137,10.1691921806759,1091,0.645619775071715,1077,0.181641739255545,1,-45,-59,"Dipturus polyommata","Dentiraja polyommata","Elasmobranchii","Rajiformes","Rajidae","Dipturus","ray"
"Dipturus pullopunctata",1047,15.0747443043797,1028,13.7871100394306,1166,0.569640535909679,1030,0.193205284756241,-19,119,-17,"Dipturus pullopunctata","Dipturus pullopunctatus","Elasmobranchii","Rajiformes","Rajidae","Dipturus","ray"
"Dipturus queenslandicus",832,21.0913725582204,822,18.8038642086922,1086,0.659975011356495,1039,0.190188320491779,-10,254,207,"Dipturus queenslandicus","Dipturus queenslandicus","Elasmobranchii","Rajiformes","Rajidae","Dipturus","ray"
"Dipturus springeri",831,21.0913725582204,825,18.7822066402957,1090,0.647193001812081,1022,0.197447975540774,-6,259,191,"Dipturus springeri","Dipturus springeri","Elasmobranchii","Rajiformes","Rajidae","Dipturus","ray"
"Dipturus stenorhynchus",1099,13.3451052392314,1087,12.5756977892621,1105,0.621339523426609,1015,0.202302343109279,-12,6,-84,"Dipturus stenorhynchus","Dipturus stenorhynchus","Elasmobranchii","Rajiformes","Rajidae","Dipturus","ray"
"Dipturus teevani",1138,11.1271407813787,1131,10.3709009657189,1175,0.553315263275556,1159,0.158230195967699,-7,37,21,"Dipturus teevani","Dipturus teevani","Elasmobranchii","Rajiformes","Rajidae","Dipturus","ray"
"Dipturus tengu",1122,12.0645673173516,1122,10.7941510355493,1116,0.609999826216486,1116,0.171115715612767,0,-6,-6,"Dipturus tengu","Dipturus tengu","Elasmobranchii","Rajiformes","Rajidae","Dipturus","ray"
"Dipturus trachydermus",1038,15.2312443042742,1042,13.4764392138601,1154,0.579659073194264,1082,0.180771793234268,4,116,44,"Dipturus trachydermus","Dipturus trachyderma","Elasmobranchii","Rajiformes","Rajidae","Dipturus","ray"
"Dipturus wengi",1166,9.65179946137871,1163,8.85981861952664,1174,0.554712766942932,1123,0.16855110169629,-3,8,-43,"Dipturus wengi","Dipturus wengi","Elasmobranchii","Rajiformes","Rajidae","Dipturus","ray"
"Dipturus wuhanlingi",1180,8.81282832237871,1176,8.16222027165595,1188,0.538453015838456,1128,0.167571441630091,-4,8,-52,"Dipturus wuhanlingi","Dipturus wuhanlingi","Elasmobranchii","Rajiformes","Rajidae","Dipturus","ray"
"Discopyge castelloi",249,44.5092263888846,348,31.9498536709412,209,6.70934498896965,279,0.978940511374772,99,-40,30,"Discopyge castelloi","Discopyge castelloi","Elasmobranchii","Torpediniformes","Narcinidae","Discopyge","ray"
"Discopyge tschudii",250,44.5092263888846,347,32.0137740456739,207,6.71674328014788,280,0.978940511374772,97,-43,30,"Discopyge tschudii","Discopyge tschudii","Elasmobranchii","Torpediniformes","Narcinidae","Discopyge","ray"
"Echinorhinus brucus",70,71.2944090344977,50,56.9605186673679,52,14.7259212890115,69,2.43840165879828,-20,-18,-1,"Echinorhinus brucus","Echinorhinus brucus","Elasmobranchii","Echinorhiniformes","Echinorhinidae","Echinorhinus","shark"
"Echinorhinus cookei",71,71.2944090344977,67,54.0741299985063,49,15.2517619884505,33,3.67528844592647,-4,-22,-38,"Echinorhinus cookei","Echinorhinus cookei","Elasmobranchii","Echinorhiniformes","Echinorhinidae","Echinorhinus","shark"
"Electrolux addisoni",847,20.6205202736179,893,17.131632276981,480,3.20138134818167,355,0.714894184918873,46,-367,-492,"Electrolux addisoni","Electrolux addisoni","Elasmobranchii","Torpediniformes","Narkidae","Electrolux","ray"
"Eridacnis barbouri",393,36.1252413630686,474,27.7166165112555,182,7.09799555164328,321,0.761941123623463,81,-211,-72,"Eridacnis barbouri","Eridacnis barbouri","Elasmobranchii","Carcharhiniformes","Proscylliidae","Eridacnis","shark"
"Eridacnis radcliffei",461,33.1927972115686,609,24.3475866814007,217,6.59871072468352,329,0.752707217361896,148,-244,-132,"Eridacnis radcliffei","Eridacnis radcliffei","Elasmobranchii","Carcharhiniformes","Proscylliidae","Eridacnis","shark"
"Eridacnis sinuans",460,33.1927972115686,613,24.2893246770763,213,6.67706238783496,330,0.751687848227943,153,-247,-130,"Eridacnis sinuans","Eridacnis sinuans","Elasmobranchii","Carcharhiniformes","Proscylliidae","Eridacnis","shark"
"Etmopterus bigelowi",280,42.0819334596581,247,36.2745841319254,733,1.94818591854941,440,0.586925963822771,-33,453,160,"Etmopterus bigelowi","Etmopterus bigelowi","Elasmobranchii","Squaliformes","Etmopteridae","Etmopterus","shark"
"Etmopterus brachyurus",569,29.7364455438962,503,27.1983760571972,354,4.47855104145627,405,0.630844579204015,-66,-215,-164,"Etmopterus brachyurus","Etmopterus brachyurus","Elasmobranchii","Squaliformes","Etmopteridae","Etmopterus","shark"
"Etmopterus bullisi",1130,11.5796240310025,1146,9.53986885245614,790,1.78747531548727,465,0.539756348518726,16,-340,-665,"Etmopterus bullisi","Etmopterus bullisi","Elasmobranchii","Squaliformes","Etmopteridae","Etmopterus","shark"
"Etmopterus burgessi",580,29.3740254838583,533,26.445089241294,661,2.14453654709481,455,0.562020564070036,-47,81,-125,"Etmopterus burgessi","Etmopterus burgessi","Elasmobranchii","Squaliformes","Etmopteridae","Etmopterus","shark"
"Etmopterus carteri",890,19.4712155906916,903,17.0066062567019,752,1.883600763576,464,0.540808532494761,13,-138,-426,"Etmopterus carteri","Etmopterus carteri","Elasmobranchii","Squaliformes","Etmopteridae","Etmopterus","shark"
"Etmopterus caudistigmus",657,26.7719054648581,632,23.7522714153305,715,2.0151588307184,388,0.66972206252988,-25,58,-269,"Etmopterus caudistigmus","Etmopterus caudistigmus","Elasmobranchii","Squaliformes","Etmopteridae","Etmopterus","shark"
"Etmopterus compagnoi",584,29.2551315908327,523,26.7082287007589,717,1.99425703145349,420,0.612763779774478,-61,133,-164,"Etmopterus compagnoi","Etmopterus compagnoi","Elasmobranchii","Squaliformes","Etmopteridae","Etmopterus","shark"
"Etmopterus decacuspidatus",658,26.7719054648581,616,24.2079907508429,687,2.07276380535727,392,0.660669440638064,-42,29,-266,"Etmopterus decacuspidatus","Etmopterus decacuspidatus","Elasmobranchii","Squaliformes","Etmopteridae","Etmopterus","shark"
"Etmopterus dianthus",740,24.1223898703327,697,21.8160800781913,786,1.80310081353894,452,0.565926899592199,-43,46,-288,"Etmopterus dianthus","Etmopterus dianthus","Elasmobranchii","Squaliformes","Etmopteridae","Etmopterus","shark"
"Etmopterus dislineatus",525,30.6660711892295,491,27.4474660195833,409,3.80077373822774,317,0.777946779082909,-34,-116,-208,"Etmopterus dislineatus","Etmopterus dislineatus","Elasmobranchii","Squaliformes","Etmopteridae","Etmopterus","shark"
"Etmopterus evansi",385,36.8549953859773,325,32.8461646682008,654,2.16834709506808,412,0.623592973278759,-60,269,27,"Etmopterus evansi","Etmopterus evansi","Elasmobranchii","Squaliformes","Etmopteridae","Etmopterus","shark"
"Etmopterus fusus",581,29.3740254838583,538,26.3787881799085,689,2.06937102329398,459,0.551897061659927,-43,108,-122,"Etmopterus fusus","Etmopterus fusus","Elasmobranchii","Squaliformes","Etmopteridae","Etmopterus","shark"
"Etmopterus gracilispinis",269,42.6193072329438,253,36.0418638848022,699,2.04512680195484,482,0.477540652516575,-16,430,213,"Etmopterus gracilispinis","Etmopterus gracilispinis","Elasmobranchii","Squaliformes","Etmopteridae","Etmopterus","shark"
"Etmopterus granulosus",1108,12.7464454612041,1121,10.8218007992662,780,1.81412072960128,448,0.569183185090722,13,-328,-660,"Etmopterus granulosus","Etmopterus granulosus","Elasmobranchii","Squaliformes","Etmopteridae","Etmopterus","shark"
"Etmopterus hillianus",386,36.8549953859773,369,30.8107297724222,628,2.24700467357897,359,0.710763759099554,-17,242,-27,"Etmopterus hillianus","Etmopterus hillianus","Elasmobranchii","Squaliformes","Etmopteridae","Etmopterus","shark"
"Etmopterus joungi",526,30.6660701892295,487,27.5518621475301,384,4.07546937013433,316,0.786947171956072,-39,-142,-210,"Etmopterus joungi","Etmopterus joungi","Elasmobranchii","Squaliformes","Etmopteridae","Etmopterus","shark"
"Etmopterus litvinovi",896,19.3604008139041,878,17.440961478619,762,1.85656447295734,468,0.539308583717486,-18,-134,-428,"Etmopterus litvinovi","Etmopterus litvinovi","Elasmobranchii","Squaliformes","Etmopteridae","Etmopterus","shark"
"Etmopterus lucifer",320,40.0741351943962,246,36.3281853961948,385,4.07521458746078,357,0.711952758744721,-74,65,37,"Etmopterus lucifer","Etmopterus lucifer","Elasmobranchii","Squaliformes","Etmopteridae","Etmopterus","shark"
"Etmopterus molleri",466,32.9733488477295,411,29.3519192413263,392,4.03411022625071,371,0.6922074674257,-55,-74,-95,"Etmopterus molleri","Etmopterus molleri","Elasmobranchii","Squaliformes","Etmopteridae","Etmopterus","shark"
"Etmopterus perryi",898,19.3094616136916,904,16.9895998861857,769,1.84641165165446,488,0.460835405741161,6,-129,-410,"Etmopterus perryi","Etmopterus perryi","Elasmobranchii","Squaliformes","Etmopteridae","Etmopterus","shark"
"Etmopterus polli",412,34.8970952142771,368,30.8454418683766,677,2.10928820523483,461,0.545658150818002,-44,265,49,"Etmopterus polli","Etmopterus polli","Elasmobranchii","Squaliformes","Etmopteridae","Etmopterus","shark"
"Etmopterus princeps",1109,12.7464444612041,1123,10.7621319876607,771,1.84318573896821,462,0.543476163623695,14,-338,-647,"Etmopterus princeps","Etmopterus princeps","Elasmobranchii","Squaliformes","Etmopteridae","Etmopterus","shark"
"Etmopterus pseudosqualiolus",897,19.3094616136916,916,16.667411301472,745,1.90589808368967,480,0.479668558609083,19,-152,-417,"Etmopterus pseudosqualiolus","Etmopterus pseudosqualiolus","Elasmobranchii","Squaliformes","Etmopteridae","Etmopterus","shark"
"Etmopterus pusillus",279,42.0819334596581,252,36.0542809768985,708,2.0260145785466,474,0.497058425378316,-27,429,195,"Etmopterus pusillus","Etmopterus pusillus","Elasmobranchii","Squaliformes","Etmopteridae","Etmopterus","shark"
"Etmopterus pycnolepis",889,19.4712155906916,905,16.986259669924,750,1.89569267742998,463,0.541116469417528,16,-139,-426,"Etmopterus pycnolepis","Etmopterus pycnolepis","Elasmobranchii","Squaliformes","Etmopteridae","Etmopterus","shark"
"Etmopterus robinsi",213,47.1385970878581,202,38.5904902004199,688,2.07074589872881,439,0.591784887549039,-11,475,226,"Etmopterus robinsi","Etmopterus robinsi","Elasmobranchii","Squaliformes","Etmopteridae","Etmopterus","shark"
"Etmopterus schmidti",149,51.8754834779438,148,42.0628616855231,706,2.02900014153463,416,0.617759369043014,-1,557,267,NA,NA,NA,NA,NA,NA,"unknown"
"Etmopterus schultzi",290,41.0260680992771,270,35.3220349606456,702,2.04122493725382,434,0.594673360970987,-20,412,144,"Etmopterus schultzi","Etmopterus schultzi","Elasmobranchii","Squaliformes","Etmopteridae","Etmopterus","shark"
"Etmopterus sculptus",721,24.5772365768581,734,20.7738472781264,673,2.1205432205041,415,0.619037326988343,13,-48,-306,"Etmopterus sculptus","Etmopterus sculptus","Elasmobranchii","Squaliformes","Etmopteridae","Etmopterus","shark"
"Etmopterus sentosus",722,24.5772365768581,718,21.2114908827846,716,1.9968857434847,444,0.579398360812991,-4,-6,-278,"Etmopterus sentosus","Etmopterus sentosus","Elasmobranchii","Squaliformes","Etmopteridae","Etmopterus","shark"
"Etmopterus sheikoi",473,32.7086503868962,441,28.680285041203,388,4.05180593720845,402,0.63941524316721,-32,-85,-71,"Etmopterus sheikoi","Etmopterus sheikoi","Elasmobranchii","Squaliformes","Etmopteridae","Etmopterus","shark"
"Etmopterus spinax",1127,11.6225819222375,1149,9.50939500131784,788,1.79585765488155,467,0.539756348518726,22,-339,-660,"Etmopterus spinax","Etmopterus spinax","Elasmobranchii","Squaliformes","Etmopteridae","Etmopterus","shark"
"Etmopterus splendidus",519,30.9412269103583,482,27.6051036039112,674,2.11790128171123,451,0.566117718024967,-37,155,-68,"Etmopterus splendidus","Etmopterus splendidus","Elasmobranchii","Squaliformes","Etmopteridae","Etmopterus","shark"
"Etmopterus unicolor",895,19.3604008139041,884,17.3819434733245,739,1.92385735147475,457,0.556531753580257,-11,-156,-438,"Etmopterus unicolor","Etmopterus unicolor","Elasmobranchii","Squaliformes","Etmopteridae","Etmopterus","shark"
"Etmopterus viator",570,29.7364445438962,511,26.8617945291889,378,4.12885954766695,395,0.652137447751978,-59,-192,-175,"Etmopterus viator","Etmopterus viator","Elasmobranchii","Squaliformes","Etmopteridae","Etmopterus","shark"
"Etmopterus villosus",1131,11.5796240310025,1152,9.45012045785745,787,1.80270692008143,466,0.539756348518726,21,-344,-665,"Etmopterus villosus","Etmopterus villosus","Elasmobranchii","Squaliformes","Etmopteridae","Etmopterus","shark"
"Etmopterus virens",413,34.8970952142771,362,31.0931960718486,710,2.02107975688304,447,0.572940548629442,-51,297,34,"Etmopterus virens","Etmopterus virens","Elasmobranchii","Squaliformes","Etmopteridae","Etmopterus","shark"
"Eucrossorhinus dasypogon",25,96.0110490042622,24,67.3229699462031,22,21.2666510326363,27,4.09191819016592,-1,-3,2,"Eucrossorhinus dasypogon","Eucrossorhinus dasypogon","Elasmobranchii","Orectolobiformes","Orectolobidae","Eucrossorhinus","shark"
"Euprotomicroides zantedeschia",352,38.1709546609094,376,30.5320181417144,181,7.10138231077034,275,0.990204788438171,24,-171,-77,"Euprotomicroides zantedeschia","Euprotomicroides zantedeschia","Elasmobranchii","Squaliformes","Dalatiidae","Euprotomicroides","shark"
"Euprotomicrus bispinatus",353,38.1709546609094,377,30.5109211432987,162,7.60407692341245,285,0.965741067939093,24,-191,-68,"Euprotomicrus bispinatus","Euprotomicrus bispinatus","Elasmobranchii","Squaliformes","Dalatiidae","Euprotomicrus","shark"
"Eusphyra blochii",113,57.6366012181726,108,46.7305799019072,443,3.49427849413428,921,0.232891369106121,-5,330,808,"Eusphyra blochii","Eusphyra blochii","Elasmobranchii","Carcharhiniformes","Sphyrnidae","Eusphyra","shark"
"Fenestraja atripinna",902,19.2002099951173,907,16.8694251111202,681,2.08838939921749,557,0.366828267893308,5,-221,-345,"Fenestraja atripinna","Fenestraja atripinna","Elasmobranchii","Rajiformes","Gurgesiellidae","Fenestraja","ray"
"Fenestraja cubensis",810,21.7192450405756,761,20.3713385972709,777,1.81796520407988,593,0.345940447690886,-49,-33,-217,"Fenestraja cubensis","Fenestraja cubensis","Elasmobranchii","Rajiformes","Gurgesiellidae","Fenestraja","ray"
"Fenestraja ishiyamai",427,34.4327699204506,386,30.098227201294,662,2.14008153181153,975,0.216722499110529,-41,235,548,"Fenestraja ishiyamai","Fenestraja ishiyamai","Elasmobranchii","Rajiformes","Gurgesiellidae","Fenestraja","ray"
"Fenestraja maceachrani",748,23.9232239315756,693,21.860530958396,692,2.06104002124013,807,0.267238849381095,-55,-56,59,"Fenestraja maceachrani","Fenestraja maceachrani","Elasmobranchii","Rajiformes","Gurgesiellidae","Fenestraja","ray"
"Fenestraja mamillidens",564,29.8173734055756,544,25.9635357082886,726,1.96812632645778,857,0.248289018112072,-20,162,293,"Fenestraja mamillidens","Fenestraja mamillidens","Elasmobranchii","Rajiformes","Gurgesiellidae","Fenestraja","ray"
"Fenestraja plutonia",901,19.2002099951173,908,16.8563480631898,707,2.02612984787158,544,0.379321471698,7,-194,-357,"Fenestraja plutonia","Fenestraja plutonia","Elasmobranchii","Rajiformes","Gurgesiellidae","Fenestraja","ray"
"Fenestraja sibogae",869,19.9565492481173,865,17.9155580045134,700,2.04434182352718,695,0.312852521796642,-4,-169,-174,"Fenestraja sibogae","Fenestraja sibogae","Elasmobranchii","Rajiformes","Gurgesiellidae","Fenestraja","ray"
"Fenestraja sinusmexicanus",811,21.7192450405756,784,19.8164496377316,724,1.97699013624449,602,0.34278224247348,-27,-87,-209,"Fenestraja sinusmexicanus","Fenestraja sinusmexicanus","Elasmobranchii","Rajiformes","Gurgesiellidae","Fenestraja","ray"
"Figaro boardmani",242,44.8464750919918,170,40.8313861295372,389,4.04718808837781,556,0.367287188704184,-72,147,314,"Figaro boardmani","Figaro boardmani","Elasmobranchii","Carcharhiniformes","Scyliorhinidae","Figaro","shark"
"Figaro striatus",243,44.8464750919918,203,38.5796552798042,403,3.87451080858566,570,0.36050945620926,-40,160,327,"Figaro striatus","Figaro striatus","Elasmobranchii","Carcharhiniformes","Scyliorhinidae","Figaro","shark"
"Furgaleus macki",89,62.1880711557795,76,51.5313954262159,263,5.68608212489111,783,0.278622413617878,-13,174,694,"Furgaleus macki","Furgaleus macki","Elasmobranchii","Carcharhiniformes","Triakidae","Furgaleus","shark"
"Galeocerdo cuvier",30,88.006459695559,43,59.6510309565959,89,11.3073726591424,901,0.237516412529879,13,59,871,"Galeocerdo cuvier","Galeocerdo cuvier","Elasmobranchii","Carcharhiniformes","Galeocerdonidae","Galeocerdo","shark"
"Galeorhinus galeus",62,72.9331472585795,61,55.4420456078071,139,8.36569958067703,814,0.264990267009955,-1,77,752,"Galeorhinus galeus","Galeorhinus galeus","Elasmobranchii","Carcharhiniformes","Triakidae","Galeorhinus","shark"
"Galeus antillensis",306,40.6545195239674,346,32.1634329729588,297,5.1848290503442,680,0.31825604612072,40,-9,374,"Galeus antillensis","Galeus antillensis","Elasmobranchii","Carcharhiniformes","Pentanchidae","Galeus","shark"
"Galeus arae",1003,16.2241210937905,1010,14.1949018169871,740,1.91836538704594,678,0.318526868155092,7,-263,-325,"Galeus arae","Galeus arae","Elasmobranchii","Carcharhiniformes","Pentanchidae","Galeus","shark"
"Galeus atlanticus",821,21.5187022629654,801,19.4288930720252,770,1.84469282739191,670,0.320198173976128,-20,-51,-151,"Galeus atlanticus","Galeus atlanticus","Elasmobranchii","Carcharhiniformes","Pentanchidae","Galeus","shark"
"Galeus cadenati",886,19.5075535034654,902,17.0239766174798,758,1.86087848025785,690,0.315090783687411,16,-128,-196,"Galeus cadenati","Galeus cadenati","Elasmobranchii","Carcharhiniformes","Pentanchidae","Galeus","shark"
"Galeus eastmani",101,59.7446250819335,82,50.0362790484479,424,3.6868893703889,718,0.305498384927099,-19,323,617,"Galeus eastmani","Galeus eastmani","Elasmobranchii","Carcharhiniformes","Pentanchidae","Galeus","shark"
"Galeus gracilis",915,18.7483400621004,922,16.407748364245,736,1.94145717185988,673,0.319521562583483,7,-179,-242,"Galeus gracilis","Galeus gracilis","Elasmobranchii","Carcharhiniformes","Pentanchidae","Galeus","shark"
"Galeus longirostris",414,34.8900658152904,382,30.2004179995203,743,1.91041130954889,640,0.327932557073196,-32,329,226,"Galeus longirostris","Galeus longirostris","Elasmobranchii","Carcharhiniformes","Pentanchidae","Galeus","shark"
"Galeus melastomus",802,22.0948823605654,796,19.6429848896544,765,1.85209959714836,666,0.320834551600138,-6,-37,-136,"Galeus melastomus","Galeus melastomus","Elasmobranchii","Carcharhiniformes","Pentanchidae","Galeus","shark"
"Galeus mincaronei",567,29.7764192971821,513,26.7918773827807,638,2.20940809489072,644,0.326487777710169,-54,71,77,"Galeus mincaronei","Galeus mincaronei","Elasmobranchii","Carcharhiniformes","Pentanchidae","Galeus","shark"
"Galeus murinus",307,40.6545195239674,280,34.7465903590197,283,5.43585569117148,753,0.292095923682316,-27,-24,446,"Galeus murinus","Galeus murinus","Elasmobranchii","Carcharhiniformes","Pentanchidae","Galeus","shark"
"Galeus nipponensis",818,21.6167317611821,827,18.7537697140088,625,2.26424333552322,686,0.316371109001441,9,-193,-132,"Galeus nipponensis","Galeus nipponensis","Elasmobranchii","Carcharhiniformes","Pentanchidae","Galeus","shark"
"Galeus piperatus",1002,16.2241210937905,1009,14.2452176145479,748,1.89689206638104,682,0.31712601236789,7,-254,-320,"Galeus piperatus","Galeus piperatus","Elasmobranchii","Carcharhiniformes","Pentanchidae","Galeus","shark"
"Galeus polli",644,27.1411387643154,620,24.11706027944,783,1.80764215573423,688,0.315735201089587,-24,139,44,"Galeus polli","Galeus polli","Elasmobranchii","Carcharhiniformes","Pentanchidae","Galeus","shark"
"Galeus priapus",887,19.5075535034654,880,17.4159923140308,728,1.95760650506529,720,0.305221288600386,-7,-159,-167,"Galeus priapus","Galeus priapus","Elasmobranchii","Carcharhiniformes","Pentanchidae","Galeus","shark"
"Galeus sauteri",102,59.7446250819335,79,50.5541919862002,332,4.71229865630952,616,0.337713896132382,-23,230,514,"Galeus sauteri","Galeus sauteri","Elasmobranchii","Carcharhiniformes","Pentanchidae","Galeus","shark"
"Galeus schultzi",817,21.6167317611821,791,19.7137098541355,672,2.12125930151571,653,0.324149566218375,-26,-145,-164,"Galeus schultzi","Galeus schultzi","Elasmobranchii","Carcharhiniformes","Pentanchidae","Galeus","shark"
"Galeus springeri",916,18.7483400621004,891,17.1789223713333,730,1.95651815912903,634,0.330529436295278,-25,-186,-282,"Galeus springeri","Galeus springeri","Elasmobranchii","Carcharhiniformes","Pentanchidae","Galeus","shark"
"Ginglymostoma cirratum",218,46.9020815694908,265,35.3927042778295,73,12.0253422325119,65,2.50343063352252,47,-145,-153,"Ginglymostoma cirratum","Ginglymostoma cirratum","Elasmobranchii","Orectolobiformes","Ginglymostomatidae","Ginglymostoma","shark"
"Glaucostegus cemiculus",399,35.7781485555498,457,28.3585704682567,185,7.01815382925081,114,1.78200818640272,58,-214,-285,"Glaucostegus cemiculus","Glaucostegus cemiculus","Elasmobranchii","Rhinopristiformes","Glaucostegidae","Glaucostegus","ray"
"Glaucostegus granulatus",400,35.7781485555498,456,28.3638347964229,186,6.99541988665529,117,1.76873473940373,56,-214,-283,"Glaucostegus granulatus","Glaucostegus granulatus","Elasmobranchii","Rhinopristiformes","Glaucostegidae","Glaucostegus","ray"
"Glaucostegus halavi",248,44.5289271215498,219,37.8361592454131,142,8.23643786347932,83,2.15101476512458,-29,-106,-165,"Glaucostegus halavi","Glaucostegus halavi","Elasmobranchii","Rhinopristiformes","Glaucostegidae","Glaucostegus","ray"
"Glaucostegus microphthalmus",655,26.7774802855498,772,20.1506143113562,261,5.73117555683337,255,1.13581476178208,117,-394,-400,"Glaucostegus microphthalmus","Glaucostegus microphthalmus","Elasmobranchii","Rhinopristiformes","Glaucostegidae","Glaucostegus","ray"
"Glaucostegus obtusus",668,26.4913225750498,789,19.7356352035158,257,5.78058847713061,256,1.13321530142558,121,-411,-412,"Glaucostegus obtusus","Glaucostegus obtusus","Elasmobranchii","Rhinopristiformes","Glaucostegidae","Glaucostegus","ray"
"Glaucostegus spinosus",669,26.4913225750498,803,19.402106198185,253,5.85797740939325,260,1.10811772471592,134,-416,-409,"Glaucostegus spinosus","Glaucostegus spinosus","Elasmobranchii","Rhinopristiformes","Glaucostegidae","Glaucostegus","ray"
"Glaucostegus thouin",656,26.7774802855498,751,20.493089976209,248,5.90953047845467,248,1.15332217194456,95,-408,-408,"Glaucostegus thouin","Glaucostegus thouin","Elasmobranchii","Rhinopristiformes","Glaucostegidae","Glaucostegus","ray"
"Glaucostegus typus",505,31.3054761455498,590,24.8685763107618,234,6.17928599293928,242,1.18009267161168,85,-271,-263,"Glaucostegus typus","Glaucostegus typus","Elasmobranchii","Rhinopristiformes","Glaucostegidae","Glaucostegus","ray"
"Glyphis fowlerae",855,20.4555422138651,850,18.2626891401154,924,1.02976820185995,960,0.221960958143988,-5,69,105,NA,NA,NA,NA,NA,NA,"unknown"
"Glyphis gangeticus",856,20.4555422138651,847,18.313983543002,926,1.02222998817172,987,0.212700742550308,-9,70,131,"Glyphis gangeticus","Glyphis gangeticus","Elasmobranchii","Carcharhiniformes","Carcharhinidae","Glyphis","shark"
"Glyphis garricki",787,22.6294688785318,721,21.167785393103,954,0.917736287502072,914,0.235397920758283,-66,167,127,"Glyphis garricki","Glyphis garricki","Elasmobranchii","Carcharhiniformes","Carcharhinidae","Glyphis","shark"
"Glyphis glyphis",647,27.0520136975318,621,24.1055387477852,932,0.992847354931667,865,0.247478987670159,-26,285,218,"Glyphis glyphis","Glyphis glyphis","Elasmobranchii","Carcharhiniformes","Carcharhinidae","Glyphis","shark"
"Glyphis siamensis",788,22.6294688785318,738,20.6881949700735,943,0.940451231666333,869,0.246736840448189,-50,155,81,"Glyphis siamensis","Glyphis siamensis","Elasmobranchii","Carcharhiniformes","Carcharhinidae","Glyphis","shark"
"Glyphis sp.1",490,32.0289336808651,445,28.550455795128,927,1.00851133006553,965,0.220299956607449,-45,437,475,NA,NA,NA,NA,NA,NA,"unknown"
"Gogolia filewoodi",92,61.1327175015795,93,48.9288003831866,171,7.38419760332465,845,0.25061276385015,1,79,753,"Gogolia filewoodi","Gogolia filewoodi","Elasmobranchii","Carcharhiniformes","Triakidae","Gogolia","shark"
"Gollum attenuatus",119,55.764932339759,130,43.6837066661396,74,11.9642009103611,309,0.836250604083855,11,-45,190,"Gollum attenuatus","Gollum attenuatus","Elasmobranchii","Carcharhiniformes","Pseudotriakidae","Gollum","shark"
"Gollum suluensis",120,55.764932339759,141,42.639901291334,70,12.2404109221679,325,0.756507241207921,21,-50,205,"Gollum suluensis","Gollum suluensis","Elasmobranchii","Carcharhiniformes","Pseudotriakidae","Gollum","shark"
"Gurgesiella atlantica",482,32.5519381106812,451,28.4881140554384,578,2.43951722639405,833,0.256616049432344,-31,96,351,"Gurgesiella atlantica","Gurgesiella atlantica","Elasmobranchii","Rajiformes","Gurgesiellidae","Gurgesiella","ray"
"Gurgesiella dorsalifera",481,32.5519381106812,466,28.0649755332315,595,2.34830104219882,992,0.210831599167338,-15,114,511,"Gurgesiella dorsalifera","Gurgesiella dorsalifera","Elasmobranchii","Rajiformes","Gurgesiellidae","Gurgesiella","ray"
"Gurgesiella furvescens",314,40.2115873096812,267,35.3846740355078,676,2.11118155239976,942,0.226470970248084,-47,362,628,"Gurgesiella furvescens","Gurgesiella furvescens","Elasmobranchii","Rajiformes","Gurgesiellidae","Gurgesiella","ray"
"Gymnura afuerae",104,58.5411278745219,109,46.723294367453,111,9.69336932957048,528,0.394666401290726,5,7,424,"Gymnura afuerae","Gymnura afuerae","Elasmobranchii","Myliobatiformes","Gymnuridae","Gymnura","ray"
"Gymnura altavela",622,27.8201188831886,657,23.0129350289624,330,4.75463055056237,479,0.481415181590798,35,-292,-143,"Gymnura altavela","Gymnura altavela","Elasmobranchii","Myliobatiformes","Gymnuridae","Gymnura","ray"
"Gymnura australis",170,49.5906716316648,241,36.6502655709054,168,7.44651014465469,475,0.496807226242019,71,-2,305,"Gymnura australis","Gymnura australis","Elasmobranchii","Myliobatiformes","Gymnuridae","Gymnura","ray"
"Gymnura bimaculata",286,41.4907777916648,296,33.9472080072981,286,5.36085148171778,454,0.562119868479707,10,0,168,"Gymnura bimaculata","Gymnura bimaculata","Elasmobranchii","Myliobatiformes","Gymnuridae","Gymnura","ray"
"Gymnura crebripunctata",420,34.8013798045219,475,27.7163723798408,281,5.44829235811841,537,0.38392848476591,55,-139,117,"Gymnura crebripunctata","Gymnura crebripunctata","Elasmobranchii","Myliobatiformes","Gymnuridae","Gymnura","ray"
"Gymnura crooki",193,48.1116153616648,134,43.3722642388745,249,5.87942726183837,477,0.483959702657767,-59,56,284,"Gymnura crooki","Gymnura crooki","Elasmobranchii","Myliobatiformes","Gymnuridae","Gymnura","ray"
"Gymnura hirundo",139,53.3697147566648,102,47.2161902758823,231,6.27815295596663,504,0.433931084760273,-37,92,365,"Gymnura hirundo","Gymnura hirundo","Elasmobranchii","Myliobatiformes","Gymnuridae","Gymnura","ray"
"Gymnura japonica",169,49.5906716316648,220,37.8171981301613,152,7.92421410176941,486,0.469617111566028,51,-17,317,"Gymnura japonica","Gymnura japonica","Elasmobranchii","Myliobatiformes","Gymnuridae","Gymnura","ray"
"Gymnura marmorata",419,34.8013798045219,471,27.8290944477196,291,5.31178503797333,560,0.366478112511874,52,-128,141,"Gymnura marmorata","Gymnura marmorata","Elasmobranchii","Myliobatiformes","Gymnuridae","Gymnura","ray"
"Gymnura micrura",105,58.5411278745219,105,46.9832613381123,147,8.16061154157989,518,0.406367093299161,0,42,413,"Gymnura micrura","Gymnura micrura","Elasmobranchii","Myliobatiformes","Gymnuridae","Gymnura","ray"
"Gymnura natalensis",432,34.1402067171886,372,30.6794102937379,276,5.56024830331528,481,0.478060599103051,-60,-156,49,"Gymnura natalensis","Gymnura natalensis","Elasmobranchii","Myliobatiformes","Gymnuridae","Gymnura","ray"
"Gymnura poecilura",138,53.3697147566648,113,45.6672114434479,240,6.0985596915253,550,0.37572298710972,-25,102,412,"Gymnura poecilura","Gymnura poecilura","Elasmobranchii","Myliobatiformes","Gymnuridae","Gymnura","ray"
"Gymnura tentaculata",623,27.8201188831886,661,22.8613208615237,328,4.79553603818762,484,0.471647591673773,38,-295,-139,"Gymnura tentaculata","Gymnura tentaculata","Elasmobranchii","Myliobatiformes","Gymnuridae","Gymnura","ray"
"Gymnura zonura",285,41.4907777916648,269,35.3331453568339,290,5.3390030079324,460,0.545956059639353,-16,5,175,"Gymnura zonura","Gymnura zonura","Elasmobranchii","Myliobatiformes","Gymnuridae","Gymnura","ray"
"Halaelurus boesemani",273,42.5375821430852,224,37.6056976941631,483,3.18465737760932,619,0.334783976429966,-49,210,346,"Halaelurus boesemani","Halaelurus boesemani","Elasmobranchii","Carcharhiniformes","Pentanchidae","Halaelurus","shark"
"Halaelurus buergeri",686,25.7999011579519,701,21.690589014951,447,3.4551688126122,708,0.309653780121937,15,-239,22,"Halaelurus buergeri","Halaelurus buergeri","Elasmobranchii","Carcharhiniformes","Pentanchidae","Halaelurus","shark"
"Halaelurus lineatus",350,38.2135986175852,329,32.7048779822412,454,3.38697138945586,551,0.375342190993444,-21,104,201,"Halaelurus lineatus","Halaelurus lineatus","Elasmobranchii","Carcharhiniformes","Pentanchidae","Halaelurus","shark"
"Halaelurus maculosus",445,33.5389535647519,442,28.6723488762034,436,3.5342519047595,763,0.287065993589794,-3,-9,318,"Halaelurus maculosus","Halaelurus maculosus","Elasmobranchii","Carcharhiniformes","Pentanchidae","Halaelurus","shark"
"Halaelurus natalensis",349,38.2135986175852,287,34.2534128275063,467,3.31351895630465,621,0.334645302441536,-62,118,272,"Halaelurus natalensis","Halaelurus natalensis","Elasmobranchii","Carcharhiniformes","Pentanchidae","Halaelurus","shark"
"Halaelurus quagga",444,33.5389535647519,413,29.3337701043434,472,3.26318535749918,737,0.299248999955575,-31,28,293,"Halaelurus quagga","Halaelurus quagga","Elasmobranchii","Carcharhiniformes","Pentanchidae","Halaelurus","shark"
"Halaelurus sellus",685,25.7999011579519,702,21.6889666739321,446,3.4551688126122,711,0.308759034469064,17,-239,26,"Halaelurus sellus","Halaelurus sellus","Elasmobranchii","Carcharhiniformes","Pentanchidae","Halaelurus","shark"
"Haploblepharus edwardsii",544,30.2472138825376,556,25.6656215520026,369,4.25837378039954,664,0.321546109941077,12,-175,120,"Haploblepharus edwardsii","Haploblepharus edwardsii","Elasmobranchii","Carcharhiniformes","Scyliorhinidae","Haploblepharus","shark"
"Haploblepharus fuscus",199,47.9322175725376,178,40.0121433913397,407,3.84078332064705,567,0.36154581101991,-21,208,368,"Haploblepharus fuscus","Haploblepharus fuscus","Elasmobranchii","Carcharhiniformes","Scyliorhinidae","Haploblepharus","shark"
"Haploblepharus kistnasamyi",653,26.8228665620376,654,23.067290128849,404,3.86779405287845,674,0.319386046561559,1,-249,21,"Haploblepharus kistnasamyi","Haploblepharus kistnasamyi","Elasmobranchii","Carcharhiniformes","Scyliorhinidae","Haploblepharus","shark"
"Haploblepharus pictus",652,26.8228665620376,666,22.7409457549402,396,3.98294174408178,692,0.314148344281634,14,-256,40,"Haploblepharus pictus","Haploblepharus pictus","Elasmobranchii","Carcharhiniformes","Scyliorhinidae","Haploblepharus","shark"
"Harriotta haeckeli",198,47.988532905646,278,34.9047615521743,66,13.2026981852561,50,2.86934600350928,80,-132,-148,"Harriotta haeckeli","Harriotta raleighana","Holocephali","Chimaeriformes","Rhinochimaeridae","Harriotta","chimaera"
"Harriotta raleighana",197,47.988532905646,313,33.5594853028848,65,13.4373956397742,58,2.60275479482134,116,-132,-139,"Harriotta raleighana","Harriotta raleighana","Holocephali","Chimaeriformes","Rhinochimaeridae","Harriotta","chimaera"
"Heliotrygon gomesi",617,28.095358235331,560,25.5294329413745,720,1.98812392797357,784,0.278377861391197,-57,103,167,NA,NA,NA,NA,NA,NA,"unknown"
"Heliotrygon rosai",618,28.095358235331,563,25.4004854625222,734,1.94542783897949,770,0.283544305339752,-55,116,152,NA,NA,NA,NA,NA,NA,"unknown"
"Hemigaleus australiensis",190,48.496187900231,124,43.9120489824879,316,4.95427672110993,983,0.213614382342022,-66,126,793,"Hemigaleus australiensis","Hemigaleus australiensis","Elasmobranchii","Carcharhiniformes","Hemigaleidae","Hemigaleus","shark"
"Hemigaleus microstoma",189,48.496187900231,177,40.0873470599151,320,4.90399325079674,945,0.226181165022936,-12,131,756,"Hemigaleus microstoma","Hemigaleus microstoma","Elasmobranchii","Carcharhiniformes","Hemigaleidae","Hemigaleus","shark"
"Hemipristis elongata",26,95.4789400873739,31,62.4888766248434,60,13.8875459077871,756,0.290159482259199,5,34,730,"Hemipristis elongata","Hemipristis elongata","Elasmobranchii","Carcharhiniformes","Hemigaleidae","Hemipristis","shark"
"Hemiscyllium freycineti",777,23.0081421263563,892,17.1623917529192,383,4.08336544724828,154,1.5534600057307,115,-394,-623,"Hemiscyllium freycineti","Hemiscyllium freycineti","Elasmobranchii","Orectolobiformes","Hemiscylliidae","Hemiscyllium","shark"
"Hemiscyllium galei",452,33.3524826799063,450,28.5128353166671,338,4.67968666080967,121,1.73378110854063,-2,-114,-331,"Hemiscyllium galei","Hemiscyllium galei","Elasmobranchii","Orectolobiformes","Hemiscylliidae","Hemiscyllium","shark"
"Hemiscyllium hallstromi",778,23.0081421263563,897,17.0665596182278,364,4.29477738419166,161,1.4922772266415,119,-414,-617,"Hemiscyllium hallstromi","Hemiscyllium hallstromi","Elasmobranchii","Orectolobiformes","Hemiscylliidae","Hemiscyllium","shark"
"Hemiscyllium henryi",531,30.5506189655063,542,26.1094401372556,318,4.9199157110965,132,1.68331990451459,11,-213,-399,"Hemiscyllium henryi","Hemiscyllium henryi","Elasmobranchii","Orectolobiformes","Hemiscylliidae","Hemiscyllium","shark"
"Hemiscyllium michaeli",801,22.1368998919063,937,16.0738840394835,373,4.18505047243967,145,1.60073351952191,136,-428,-656,"Hemiscyllium michaeli","Hemiscyllium michaeli","Elasmobranchii","Orectolobiformes","Hemiscylliidae","Hemiscyllium","shark"
"Hemiscyllium ocellatum",68,71.8956920846492,59,55.7408608136249,228,6.34117677293154,80,2.29058003337419,-9,160,12,"Hemiscyllium ocellatum","Hemiscyllium ocellatum","Elasmobranchii","Orectolobiformes","Hemiscylliidae","Hemiscyllium","shark"
"Hemiscyllium strahani",800,22.1368998919063,926,16.3461589116889,375,4.17377841834659,156,1.54235343335252,126,-425,-644,"Hemiscyllium strahani","Hemiscyllium strahani","Elasmobranchii","Orectolobiformes","Hemiscylliidae","Hemiscyllium","shark"
"Hemiscyllium trispeculare",530,30.5506189655063,572,25.1919167921586,314,4.95592499410622,116,1.77895621852027,42,-216,-414,"Hemiscyllium trispeculare","Hemiscyllium trispeculare","Elasmobranchii","Orectolobiformes","Hemiscylliidae","Hemiscyllium","shark"
"Hemitriakis abdita",764,23.3029609458128,833,18.6905717626275,453,3.39636374038818,779,0.279565517819036,69,-311,15,"Hemitriakis abdita","Hemitriakis abdita","Elasmobranchii","Carcharhiniformes","Triakidae","Hemitriakis","shark"
"Hemitriakis complicofasciata",620,27.9677424507795,659,22.9754960446463,434,3.58958483159978,775,0.281469037318541,39,-186,155,"Hemitriakis complicofasciata","Hemitriakis complicofasciata","Elasmobranchii","Carcharhiniformes","Triakidae","Hemitriakis","shark"
"Hemitriakis falcata",619,27.9677424507795,626,24.0016735135034,422,3.70534397684674,765,0.28663780183581,7,-197,146,"Hemitriakis falcata","Hemitriakis falcata","Elasmobranchii","Carcharhiniformes","Triakidae","Hemitriakis","shark"
"Hemitriakis indroyonoi",152,51.1778804557795,132,43.508150412824,267,5.67095674304899,729,0.301820396892942,-20,115,577,"Hemitriakis indroyonoi","Hemitriakis indroyonoi","Elasmobranchii","Carcharhiniformes","Triakidae","Hemitriakis","shark"
"Hemitriakis japanica",763,23.4502247091128,831,18.718882592061,462,3.3288469365423,777,0.280157813328141,68,-301,14,"Hemitriakis japanica","Hemitriakis japanica","Elasmobranchii","Carcharhiniformes","Triakidae","Hemitriakis","shark"
"Hemitriakis leucoperiptera",765,23.3029609458128,852,18.2420124915336,444,3.47396872494199,769,0.283598710717878,87,-321,4,"Hemitriakis leucoperiptera","Hemitriakis leucoperiptera","Elasmobranchii","Carcharhiniformes","Triakidae","Hemitriakis","shark"
"Heptranchias perlo",45,80.786072691644,32,62.3515466352924,34,17.5766643016023,22,4.81098881986209,-13,-11,-23,"Heptranchias perlo","Heptranchias perlo","Elasmobranchii","Hexanchiformes","Hexanchidae","Heptranchias","shark"
"Heterodontus francisci",7,120.577239087092,8,75.853956391848,3,32.4428418556581,3,9.88174609613658,1,-4,-4,"Heterodontus francisci","Heterodontus francisci","Elasmobranchii","Heterodontiformes","Heterodontidae","Heterodontus","shark"
"Heterodontus galeatus",133,54.1255254929493,152,41.7248002190376,110,9.702296856976,46,3.12516981586081,19,-23,-87,"Heterodontus galeatus","Heterodontus galeatus","Elasmobranchii","Heterodontiformes","Heterodontidae","Heterodontus","shark"
"Heterodontus japonicus",146,52.1978295679493,290,34.2153850765799,93,11.1064709873602,89,2.08920963175148,144,-53,-57,"Heterodontus japonicus","Heterodontus japonicus","Elasmobranchii","Heterodontiformes","Heterodontidae","Heterodontus","shark"
"Heterodontus mexicanus",17,103.119928327092,11,74.1771658850687,19,22.1567995525913,7,6.90291288069968,-6,2,-10,"Heterodontus mexicanus","Heterodontus mexicanus","Elasmobranchii","Heterodontiformes","Heterodontidae","Heterodontus","shark"
"Heterodontus omanensis",147,52.1978295679493,295,33.9647755077857,87,11.4178689008654,85,2.11009530642011,148,-60,-62,"Heterodontus omanensis","Heterodontus omanensis","Elasmobranchii","Heterodontiformes","Heterodontidae","Heterodontus","shark"
"Heterodontus portusjacksoni",132,54.1255254929493,139,42.7977102162853,117,9.274158191077,45,3.24428747302574,7,-15,-87,"Heterodontus portusjacksoni","Heterodontus portusjacksoni","Elasmobranchii","Heterodontiformes","Heterodontidae","Heterodontus","shark"
"Heterodontus quoyi",212,47.2241595439493,433,28.9330732494951,116,9.35273072418297,51,2.83354760611611,221,-96,-161,"Heterodontus quoyi","Heterodontus quoyi","Elasmobranchii","Heterodontiformes","Heterodontidae","Heterodontus","shark"
"Heterodontus ramalheira",49,78.0040103979493,56,56.1410585946327,83,11.5704177814597,38,3.5580634374958,7,34,-11,"Heterodontus ramalheira","Heterodontus ramalheira","Elasmobranchii","Heterodontiformes","Heterodontidae","Heterodontus","shark"
"Heterodontus zebra",211,47.2241605439493,417,29.2683928032156,122,9.0537664393973,52,2.75986267338714,206,-89,-159,"Heterodontus zebra","Heterodontus zebra","Elasmobranchii","Heterodontiformes","Heterodontidae","Heterodontus","shark"
"Heteronarce bentuviai",610,28.3356054771679,708,21.4303557025766,306,5.06336172439593,318,0.770621591240951,98,-304,-292,"Heteronarce bentuviai","Heteronarce bentuviai","Elasmobranchii","Torpediniformes","Narkidae","Heteronarce","ray"
"Heteronarce garmani",402,35.6739929048346,353,31.625945569986,246,5.93328490421719,281,0.977027961997444,-49,-156,-121,"Heteronarce garmani","Heteronarce garmani","Elasmobranchii","Torpediniformes","Narkidae","Heteronarce","ray"
"Heteronarce mollis",611,28.3356054771679,691,21.9370989181601,321,4.86101784595391,319,0.770621591240951,80,-290,-292,"Heteronarce mollis","Heteronarce mollis","Elasmobranchii","Torpediniformes","Narkidae","Heteronarce","ray"
"Heteronarce prabhui",521,30.8426550601679,618,24.1522659952255,310,4.99496541987062,322,0.760770803229394,97,-211,-199,"Heteronarce prabhui","Heteronarce prabhui","Elasmobranchii","Torpediniformes","Narkidae","Heteronarce","ray"
"Heteroscymnoides marleyi",271,42.5764439329094,294,34.0131414414771,135,8.51311506131892,261,1.10399007222033,23,-136,-10,"Heteroscymnoides marleyi","Heteroscymnoides marleyi","Elasmobranchii","Squaliformes","Dalatiidae","Heteroscymnoides","shark"
"Hexanchus griseus",116,57.2145800853107,242,36.6148956363764,54,14.2998384583788,26,4.10603057090222,126,-62,-90,"Hexanchus griseus","Hexanchus griseus","Elasmobranchii","Hexanchiformes","Hexanchidae","Hexanchus","shark"
"Hexanchus nakamurai",117,57.2145800853107,258,35.9170521053136,55,14.194845749879,25,4.15978219618663,141,-62,-92,"Hexanchus nakamurai","Hexanchus nakamurai","Elasmobranchii","Hexanchiformes","Hexanchidae","Hexanchus","shark"
"Hexanchus vitulus",66,72.0240333183107,88,49.4286178707304,47,15.7202170647464,23,4.44215512416816,22,-19,-43,"Hexanchus vitulus","Hexanchus vitulus","Elasmobranchii","Hexanchiformes","Hexanchidae","Hexanchus","shark"
"Hexatrygon bickelli",4,138.947657969357,5,77.4443167802238,7,28.1351743918099,213,1.27557093263155,1,3,209,"Hexatrygon bickelli","Hexatrygon bickelli","Elasmobranchii","Myliobatiformes","Hexatrygonidae","Hexatrygon","ray"
"Himantura astra",974,17.137511476932,1007,14.3041097024086,887,1.36528652603431,806,0.267239990569413,33,-87,-168,"Himantura astra","Maculabatis astra","Elasmobranchii","Myliobatiformes","Dasyatidae","Himantura","ray"
"Himantura dalyensis",969,17.277201767294,951,15.6551520779839,853,1.53723240638955,920,0.233311353436989,-18,-116,-49,"Himantura dalyensis","Urogymnus dalyensis","Elasmobranchii","Myliobatiformes","Dasyatidae","Himantura","ray"
"Himantura fai",877,19.7884911937463,875,17.5323152480369,900,1.30728640894355,727,0.302364178879743,-2,23,-150,"Himantura fai","Pateobatis fai","Elasmobranchii","Myliobatiformes","Dasyatidae","Himantura","ray"
"Himantura gerrardi",513,31.175088268794,484,27.5993076503507,868,1.46728691547306,854,0.24914100274458,-29,355,341,"Himantura gerrardi","Maculabatis gerrardi","Elasmobranchii","Myliobatiformes","Dasyatidae","Himantura","ray"
"Himantura granulata",625,27.670804782383,644,23.319232064232,816,1.68549674779111,934,0.230209185661102,19,191,309,"Himantura granulata","Urogymnus granulatus","Elasmobranchii","Myliobatiformes","Dasyatidae","Himantura","ray"
"Himantura hortlei",542,30.2791628677463,479,27.6441203982936,889,1.3615360361361,767,0.284197918687524,-63,347,225,"Himantura hortlei","Pateobatis hortlei","Elasmobranchii","Myliobatiformes","Dasyatidae","Himantura","ray"
"Himantura imbricata",1030,15.582108305694,1033,13.7179301702858,863,1.50580214867875,910,0.236090337268101,3,-167,-120,"Himantura imbricata","Brevitrygon imbricata","Elasmobranchii","Myliobatiformes","Dasyatidae","Himantura","ray"
"Himantura jenkinsii",600,28.6544718501497,570,25.3177753694374,829,1.64314392088491,786,0.278042283173546,-30,229,186,"Himantura jenkinsii","Pateobatis jenkinsii","Elasmobranchii","Myliobatiformes","Dasyatidae","Himantura","ray"
"Himantura kittipongi",876,19.7884911937463,879,17.4394990139433,901,1.30359326093859,701,0.311516845132428,3,25,-175,NA,NA,NA,NA,NA,NA,"unknown"
"Himantura leoparda",528,30.5616711370797,494,27.4197641509803,862,1.51524973020416,837,0.253813201792633,-34,334,309,"Himantura leoparda","Himantura leoparda","Elasmobranchii","Myliobatiformes","Dasyatidae","Himantura","ray"
"Himantura lobistoma",145,52.516030040883,140,42.7074859022492,709,2.02499731370552,793,0.274086390704195,-5,564,648,"Himantura lobistoma","Urogymnus lobistoma","Elasmobranchii","Myliobatiformes","Dasyatidae","Himantura","ray"
"Himantura marginata",795,22.3677005332463,746,20.5764303573228,884,1.38324457678077,741,0.294682228328675,-49,89,-54,"Himantura marginata","Himantura marginata","Elasmobranchii","Myliobatiformes","Dasyatidae","Himantura","ray"
"Himantura oxyrhyncha",440,33.802901370994,397,29.791448870344,852,1.5452240242489,782,0.278755144721437,-43,412,342,"Himantura oxyrhyncha","Fluvitrygon oxyrhynchus","Elasmobranchii","Myliobatiformes","Dasyatidae","Himantura","ray"
"Himantura pacifica",206,47.3547877304792,180,39.8215185625212,303,5.11634354216901,642,0.326934037160695,-26,97,436,"Himantura pacifica","Styracura pacifica","Elasmobranchii","Myliobatiformes","Dasyatidae","Himantura","ray"
"Himantura pastinacoides",920,18.512640214232,936,16.0954496277285,883,1.38394459404983,780,0.279415880835842,16,-37,-140,"Himantura pastinacoides","Maculabatis pastinacoides","Elasmobranchii","Myliobatiformes","Dasyatidae","Himantura","ray"
"Himantura polylepis",624,27.670804782383,669,22.6527287403793,825,1.64882747040713,932,0.230590570389484,45,201,308,"Himantura polylepis","Urogymnus polylepis","Elasmobranchii","Myliobatiformes","Dasyatidae","Himantura","ray"
"Himantura randalli",601,28.6544708501497,490,27.4481822919011,843,1.60433281310759,815,0.264699156733522,-111,242,214,"Himantura randalli","Maculabatis randalli","Elasmobranchii","Myliobatiformes","Dasyatidae","Himantura","ray"
"Himantura schmardae",205,47.3547877304792,164,40.9907984387834,394,3.99654685919992,613,0.338506481823171,-41,189,408,"Himantura schmardae","Styracura schmardae","Elasmobranchii","Myliobatiformes","Dasyatidae","Himantura","ray"
"Himantura signifer",439,33.802901370994,387,30.0934027304297,844,1.59552444959613,880,0.242678519810774,-52,405,441,"Himantura signifer","Fluvitrygon signifer","Elasmobranchii","Myliobatiformes","Dasyatidae","Himantura","ray"
"Himantura toshi",973,17.137511476932,994,14.5309888201571,881,1.39069167979507,798,0.272233528239926,21,-92,-175,"Himantura toshi","Maculabatis toshi","Elasmobranchii","Myliobatiformes","Dasyatidae","Himantura","ray"
"Himantura uarnacoides",430,34.3192832701497,398,29.764189261946,834,1.62642959582925,790,0.275610084093065,-32,404,360,"Himantura uarnacoides","Pateobatis uarnacoides","Elasmobranchii","Myliobatiformes","Dasyatidae","Himantura","ray"
"Himantura uarnak",751,23.7487341037463,696,21.818073040104,874,1.44248737797927,762,0.287072512894607,-55,123,11,"Himantura uarnak","Himantura uarnak","Elasmobranchii","Myliobatiformes","Dasyatidae","Himantura","ray"
"Himantura undulata",794,22.3677015332463,767,20.2698529685349,871,1.44272474220376,774,0.282154504179032,-27,77,-20,"Himantura undulata","Himantura undulata","Elasmobranchii","Myliobatiformes","Dasyatidae","Himantura","ray"
"Himantura walga",968,17.277201767294,943,15.9444474058732,869,1.46381970103103,842,0.251529589193066,-25,-99,-126,"Himantura walga","Brevitrygon walga","Elasmobranchii","Myliobatiformes","Dasyatidae","Himantura","ray"
"Holohalaelurus favus",730,24.2959227521558,846,18.3338276874562,352,4.49586202191603,500,0.439045907573229,116,-378,-230,"Holohalaelurus favus","Holohalaelurus favus","Elasmobranchii","Carcharhiniformes","Pentanchidae","Holohalaelurus","shark"
"Holohalaelurus grennian",424,34.5335109715224,493,27.4399791562214,260,5.73616909059708,493,0.45276367093238,69,-164,69,"Holohalaelurus grennian","Holohalaelurus grennian","Elasmobranchii","Carcharhiniformes","Pentanchidae","Holohalaelurus","shark"
"Holohalaelurus melanostigma",520,30.9037375320224,605,24.3963532432992,278,5.52558127198626,491,0.455468626903997,85,-242,-29,"Holohalaelurus melanostigma","Holohalaelurus melanostigma","Elasmobranchii","Carcharhiniformes","Pentanchidae","Holohalaelurus","shark"
"Holohalaelurus punctatus",727,24.3629338773558,836,18.659669240543,347,4.55546315314191,505,0.433063999724529,109,-380,-222,"Holohalaelurus punctatus","Holohalaelurus punctatus","Elasmobranchii","Carcharhiniformes","Pentanchidae","Holohalaelurus","shark"
"Holohalaelurus regani",731,24.2959227521558,851,18.2610859312074,346,4.58645659074651,501,0.438584594230544,120,-385,-230,"Holohalaelurus regani","Holohalaelurus regani","Elasmobranchii","Carcharhiniformes","Pentanchidae","Holohalaelurus","shark"
"Hongeo koreana",153,51.1105613489492,168,40.8444609098757,1085,0.66426721980892,1040,0.19014080629158,15,932,887,"Hongeo koreana","Hongeo koreanus","Elasmobranchii","Rajiformes","Rajidae","Hongeo","ray"
"Hydrolagus affinis",713,24.8510173699016,819,18.9248415438403,448,3.45164463384876,182,1.37605301661283,106,-265,-531,"Hydrolagus affinis","Hydrolagus affinis","Holocephali","Chimaeriformes","Chimaeridae","Hydrolagus","chimaera"
"Hydrolagus africanus",195,48.1113732933472,266,35.3888592892988,157,7.76801600699602,95,2.02250442877283,71,-38,-100,"Hydrolagus africanus","Hydrolagus africanus","Holocephali","Chimaeriformes","Chimaeridae","Hydrolagus","chimaera"
"Hydrolagus alberti",143,52.5287613132852,156,41.5339494276713,282,5.43666926243784,157,1.52855441658311,13,139,14,"Hydrolagus alberti","Hydrolagus alberti","Holocephali","Chimaeriformes","Chimaeridae","Hydrolagus","chimaera"
"Hydrolagus alphus",144,52.5287613132852,151,41.8134801722872,307,5.0592208665398,196,1.32179341671168,7,163,52,"Hydrolagus alphus","Hydrolagus alphus","Holocephali","Chimaeriformes","Chimaeridae","Hydrolagus","chimaera"
"Hydrolagus barbouri",389,36.498276323255,453,28.4332781084157,196,6.89862981054626,124,1.72287132465779,64,-193,-265,"Hydrolagus barbouri","Hydrolagus barbouri","Holocephali","Chimaeriformes","Chimaeridae","Hydrolagus","chimaera"
"Hydrolagus bemisi",326,39.53059411336,342,32.2779886217597,507,3.03399413180418,308,0.839741222367104,16,181,-18,"Hydrolagus bemisi","Hydrolagus bemisi","Holocephali","Chimaeriformes","Chimaeridae","Hydrolagus","chimaera"
"Hydrolagus colliei",333,39.2914552019217,408,29.4785578090008,175,7.26424738069708,91,2.07744570769376,75,-158,-242,"Hydrolagus colliei","Hydrolagus colliei","Holocephali","Chimaeriformes","Chimaeridae","Hydrolagus","chimaera"
"Hydrolagus deani",150,51.457969215255,172,40.6813517511165,151,7.92468724783556,63,2.52417099447963,22,1,-87,"Hydrolagus deani","Hydrolagus deani","Holocephali","Chimaeriformes","Chimaeridae","Hydrolagus","chimaera"
"Hydrolagus eidolon",378,37.0188491329217,455,28.3728422139363,176,7.25274774831678,109,1.85827032393711,77,-202,-269,"Hydrolagus eidolon","Hydrolagus eidolon","Holocephali","Chimaeriformes","Chimaeridae","Hydrolagus","chimaera"
"Hydrolagus homonycteris",377,37.0188491329217,478,27.6706525170425,180,7.16959992609586,92,2.0686354928541,101,-197,-285,"Hydrolagus homonycteris","Hydrolagus homonycteris","Holocephali","Chimaeriformes","Chimaeridae","Hydrolagus","chimaera"
"Hydrolagus lemures",405,35.2182100321365,622,24.0728184048291,187,6.98673997103511,129,1.69314276897288,217,-218,-276,"Hydrolagus lemures","Chimaera ogilbyi","Holocephali","Chimaeriformes","Chimaeridae","Hydrolagus","chimaera"
"Hydrolagus lusitanicus",416,34.87173959136,486,27.5579015405666,435,3.53524424985855,199,1.31690111202944,70,19,-217,"Hydrolagus lusitanicus","Hydrolagus lusitanicus","Holocephali","Chimaeriformes","Chimaeridae","Hydrolagus","chimaera"
"Hydrolagus macrophthalmus",631,27.4407444932588,733,20.7758707066707,423,3.6992143867301,194,1.32407681257967,102,-208,-437,"Hydrolagus macrophthalmus","Hydrolagus macrophthalmus","Holocephali","Chimaeriformes","Chimaeridae","Hydrolagus","chimaera"
"Hydrolagus marmoratus",429,34.3270305477588,459,28.3059947433044,426,3.67307981154334,162,1.49004364542934,30,-3,-267,"Hydrolagus marmoratus","Hydrolagus marmoratus","Holocephali","Chimaeriformes","Chimaeridae","Hydrolagus","chimaera"
"Hydrolagus matallanasi",299,40.7729841589186,331,32.6302858893105,274,5.57837659674902,166,1.45677609301682,32,-25,-133,"Hydrolagus matallanasi","Hydrolagus matallanasi","Holocephali","Chimaeriformes","Chimaeridae","Hydrolagus","chimaera"
"Hydrolagus mccoskeri",284,41.64387599686,297,33.9248458460766,518,2.83513827979711,234,1.20751290855285,13,234,-50,"Hydrolagus mccoskeri","Hydrolagus mccoskeri","Holocephali","Chimaeriformes","Chimaeridae","Hydrolagus","chimaera"
"Hydrolagus melanophasma",298,40.7751083940921,293,34.0228592501306,438,3.51302852504775,87,2.10634444447509,-5,140,-211,"Hydrolagus melanophasma","Hydrolagus melanophasma","Holocephali","Chimaeriformes","Chimaeridae","Hydrolagus","chimaera"
"Hydrolagus mirabilis",714,24.8510173699016,814,19.0053676399074,452,3.41247903506125,176,1.40451310442384,100,-262,-538,"Hydrolagus mirabilis","Hydrolagus mirabilis","Holocephali","Chimaeriformes","Chimaeridae","Hydrolagus","chimaera"
"Hydrolagus mitsukurii",194,48.1113732933472,213,38.0833612617977,169,7.42806833208655,115,1.78083742957343,19,-25,-79,"Hydrolagus mitsukurii","Hydrolagus mitsukurii","Holocephali","Chimaeriformes","Chimaeridae","Hydrolagus","chimaera"
"Hydrolagus novaezealandiae",268,42.6670084904016,264,35.5740055995995,466,3.32230749759096,266,1.04214662531721,-4,198,-2,"Hydrolagus novaezealandiae","Hydrolagus novaezealandiae","Holocephali","Chimaeriformes","Chimaeridae","Hydrolagus","chimaera"
"Hydrolagus ogilbyi",406,35.2182100321365,624,24.0275164903815,194,6.91633035758012,123,1.72387877409539,218,-212,-283,"Hydrolagus ogilbyi","Chimaera ogilbyi","Holocephali","Chimaeriformes","Chimaeridae","Hydrolagus","chimaera"
"Hydrolagus pallidus",300,40.7729841589186,330,32.702139469583,266,5.67458038634308,236,1.19895662041721,30,-34,-64,"Hydrolagus pallidus","Hydrolagus pallidus","Holocephali","Chimaeriformes","Chimaeridae","Hydrolagus","chimaera"
"Hydrolagus purpurescens",632,27.4407444932588,726,20.9323236369409,430,3.64550892444256,198,1.31942834304513,94,-202,-434,"Hydrolagus purpurescens","Hydrolagus purpurescens","Holocephali","Chimaeriformes","Chimaeridae","Hydrolagus","chimaera"
"Hydrolagus trolli",684,25.8870672564016,764,20.2892100456699,456,3.37222801674042,168,1.44652110344593,80,-228,-516,"Hydrolagus trolli","Hydrolagus trolli","Holocephali","Chimaeriformes","Chimaeridae","Hydrolagus","chimaera"
"Hypnos monopterygius",3,142.750439551048,4,79.8975849930137,4,31.514449686493,15,5.5082025949691,1,1,12,"Hypnos monopterygius","Hypnos monopterygius","Elasmobranchii","Torpediniformes","Hypnidae","Hypnos","ray"
"Hypogaleus hyugaensis",63,72.9331472585795,64,54.482546447873,247,5.91378964413637,773,0.282173775071713,1,184,710,"Hypogaleus hyugaensis","Hypogaleus hyugaensis","Elasmobranchii","Carcharhiniformes","Triakidae","Hypogaleus","shark"
"Iago garricki",94,60.7852256005795,87,49.4806482407443,221,6.50587954489435,974,0.216756169480263,-7,127,880,"Iago garricki","Iago garricki","Elasmobranchii","Carcharhiniformes","Triakidae","Iago","shark"
"Iago omanensis",95,60.7852256005795,81,50.1379774646481,235,6.1700797268968,953,0.224288173284915,-14,140,858,"Iago omanensis","Iago omanensis","Elasmobranchii","Carcharhiniformes","Triakidae","Iago","shark"
"Insentiraja laxipella",987,16.7842143084249,961,15.4393339868869,1009,0.823665067498883,712,0.308584408686563,-26,22,-275,"Insentiraja laxipella","Insentiraja laxipella","Elasmobranchii","Rajiformes","Arhynchobatidae","Insentiraja","ray"
"Insentiraja subtilispinosa",986,16.7842143084249,953,15.6015619082383,998,0.838949066455213,731,0.300789110709096,-33,12,-255,"Insentiraja subtilispinosa","Insentiraja subtilispinosa","Elasmobranchii","Rajiformes","Arhynchobatidae","Insentiraja","ray"
"Irolita waitii",425,34.5133474102798,443,28.5890132578725,582,2.41906182152789,553,0.374720212561468,18,157,128,"Irolita waitii","Irolita waitii","Elasmobranchii","Rajiformes","Arhynchobatidae","Irolita","ray"
"Irolita westraliensis",426,34.5133474102798,383,30.1623643385036,705,2.0291042576338,523,0.399010598453836,-43,279,97,"Irolita westraliensis","Irolita westraliensis","Elasmobranchii","Rajiformes","Arhynchobatidae","Irolita","ray"
"Isistius brasiliensis",246,44.6515960717427,403,29.6290986375908,124,9.02862513335695,244,1.1693253351373,157,-122,-2,"Isistius brasiliensis","Isistius brasiliensis","Elasmobranchii","Squaliformes","Dalatiidae","Isistius","shark"
"Isistius labialis",245,44.6515960717427,373,30.6484094511613,126,9.0073105115448,253,1.13693000358281,128,-119,8,"Isistius labialis","Isistius brasiliensis","Elasmobranchii","Squaliformes","Dalatiidae","Isistius","shark"
"Isistius plutodus",244,44.7808854121427,381,30.3139878280908,128,8.8388039896715,239,1.18404686622181,137,-116,-5,"Isistius plutodus","Isistius plutodus","Elasmobranchii","Squaliformes","Dalatiidae","Isistius","shark"
"Isogomphodon oxyrhynchus",1062,14.5944364517056,1054,13.1596937063269,961,0.90460765596667,928,0.231186723135897,-8,-101,-134,"Isogomphodon oxyrhynchus","Isogomphodon oxyrhynchus","Elasmobranchii","Carcharhiniformes","Carcharhinidae","Isogomphodon","shark"
"Isurus oxyrinchus",81,65.2394701958729,72,52.2566990849659,131,8.74596519999387,78,2.33251229500806,-9,50,-3,"Isurus oxyrinchus","Isurus oxyrinchus","Elasmobranchii","Lamniformes","Lamnidae","Isurus","shark"
"Isurus paucus",82,65.2394701958729,71,52.7930406643084,112,9.50356342478523,57,2.62238823912184,-11,30,-25,"Isurus paucus","Isurus paucus","Elasmobranchii","Lamniformes","Lamnidae","Isurus","shark"
"Lamiopsis temminckii",410,34.9415067358651,366,31.0475048515151,925,1.02529282855892,957,0.223176726082587,-44,515,547,"Lamiopsis temminckii","Lamiopsis temminckii","Elasmobranchii","Carcharhiniformes","Carcharhinidae","Lamiopsis","shark"
"Lamiopsis tephrodes",411,34.9415067358651,367,31.042296875139,907,1.09358198734353,893,0.239892505841731,-44,496,482,"Lamiopsis tephrodes","Lamiopsis tephrodes","Elasmobranchii","Carcharhiniformes","Carcharhinidae","Lamiopsis","shark"
"Lamna ditropis",76,67.2321620992062,60,55.4871709553121,105,10.1307003188054,67,2.48239590918383,-16,29,-9,"Lamna ditropis","Lamna ditropis","Elasmobranchii","Lamniformes","Lamnidae","Lamna","shark"
"Lamna nasus",77,67.2321620992062,69,53.125571040766,96,10.807984498237,68,2.46048676603627,-8,19,-9,"Lamna nasus","Lamna nasus","Elasmobranchii","Lamniformes","Lamnidae","Lamna","shark"
"Leptocharias smithii",12,107.871249574441,25,66.7882810337066,30,18.1595494076948,800,0.271251683084167,13,18,788,"Leptocharias smithii","Leptocharias smithii","Elasmobranchii","Carcharhiniformes","Leptochariidae","Leptocharias","shark"
"Leucoraja caribbaea",634,27.3164679294652,567,25.3372575635357,993,0.843346138827115,1100,0.175636955921246,-67,359,466,"Leucoraja caribbaea","Leucoraja caribbaea","Elasmobranchii","Rajiformes","Rajidae","Leucoraja","ray"
"Leucoraja circularis",443,33.5591216442371,336,32.4535293970844,892,1.34232706598209,990,0.211249633730582,-107,449,547,"Leucoraja circularis","Leucoraja circularis","Elasmobranchii","Rajiformes","Rajidae","Leucoraja","ray"
"Leucoraja compagnoi",529,30.5551321783485,499,27.253385873842,944,0.939124260329319,1163,0.156880350545307,-30,415,634,"Leucoraja compagnoi","Leucoraja compagnoi","Elasmobranchii","Rajiformes","Rajidae","Leucoraja","ray"
"Leucoraja erinacea",708,25.0277705419818,645,23.267179990515,945,0.938381755833447,1168,0.153492982486929,-63,237,460,"Leucoraja erinacea","Leucoraja erinaceus","Elasmobranchii","Rajiformes","Rajidae","Leucoraja","ray"
"Leucoraja fullonica",892,19.4211375179038,949,15.7121734769887,921,1.04220841972198,1033,0.192229792869272,57,29,141,"Leucoraja fullonica","Leucoraja fullonica","Elasmobranchii","Rajiformes","Rajidae","Leucoraja","ray"
"Leucoraja garmani",627,27.6116296448485,559,25.5575333989071,980,0.86518394503945,1117,0.170946085578233,-68,353,490,"Leucoraja garmani","Leucoraja garmani","Elasmobranchii","Rajiformes","Rajidae","Leucoraja","ray"
"Leucoraja lentiginosa",626,27.6116306448485,546,25.8810022006523,970,0.899153514318801,1144,0.161331164372831,-80,344,518,"Leucoraja lentiginosa","Leucoraja lentiginosa","Elasmobranchii","Rajiformes","Rajidae","Leucoraja","ray"
"Leucoraja leucosticta",1097,13.5072194606818,1096,12.0833393439484,971,0.898778751962232,1188,0.143810904351415,-1,-126,91,"Leucoraja leucosticta","Leucoraja leucosticta","Elasmobranchii","Rajiformes","Rajidae","Leucoraja","ray"
"Leucoraja melitensis",891,19.4211385179038,952,15.6366902997288,910,1.0733147100243,1023,0.197023603511695,61,19,132,"Leucoraja melitensis","Leucoraja melitensis","Elasmobranchii","Rajiformes","Rajidae","Leucoraja","ray"
"Leucoraja naevus",779,22.9716150192371,754,20.4404819886143,912,1.07168100591163,1005,0.20607189293251,-25,133,226,"Leucoraja naevus","Leucoraja naevus","Elasmobranchii","Rajiformes","Rajidae","Leucoraja","ray"
"Leucoraja ocellata",908,18.9317299954818,885,17.3162118864705,972,0.891906205047567,1171,0.153342780248222,-23,64,263,"Leucoraja ocellata","Leucoraja ocellata","Elasmobranchii","Rajiformes","Rajidae","Leucoraja","ray"
"Leucoraja pristispina",635,27.3164679294652,574,25.1885103326216,1045,0.774350756121789,1095,0.176769577431194,-61,410,460,"Leucoraja pristispina","Leucoraja pristispina","Elasmobranchii","Rajiformes","Rajidae","Leucoraja","ray"
"Leucoraja virginica",975,17.1039232404818,959,15.4787876987697,947,0.933948324342521,1182,0.146934656410187,-16,-28,207,"Leucoraja virginica","Leucoraja virginica","Elasmobranchii","Rajiformes","Rajidae","Leucoraja","ray"
"Leucoraja wallacei",816,21.6184558369038,783,19.8324519330114,922,1.03723152389155,1012,0.203610225505703,-33,106,196,"Leucoraja wallacei","Leucoraja wallacei","Elasmobranchii","Rajiformes","Rajidae","Leucoraja","ray"
"Leucoraja yucatanensis",1096,13.5072194606818,1097,12.0020860636235,969,0.899279718688129,1187,0.143810904351415,1,-127,91,"Leucoraja yucatanensis","Leucoraja yucatanensis","Elasmobranchii","Rajiformes","Rajidae","Leucoraja","ray"
"Loxodon macrorhinus",118,56.4260381866318,106,46.8835487114239,735,1.94398397458775,827,0.260159373534776,-12,617,709,"Loxodon macrorhinus","Loxodon macrorhinus","Elasmobranchii","Carcharhiniformes","Carcharhinidae","Loxodon","shark"
"Makararaja chindwinensis",127,54.6192303386488,107,46.7675997316033,270,5.60750086047349,631,0.331392663878826,-20,143,504,NA,NA,NA,NA,NA,NA,"unknown"
"Malacoraja kreffti",717,24.6168760571515,685,22.1659588080067,807,1.72471107027296,986,0.212889372335553,-32,90,269,"Malacoraja kreffti","Malacoraja kreffti","Elasmobranchii","Rajiformes","Rajidae","Malacoraja","ray"
"Malacoraja obscura",688,25.7589282331515,595,24.6922063670673,784,1.80535522700313,996,0.208760510601966,-93,96,308,"Malacoraja obscura","Malacoraja obscura","Elasmobranchii","Rajiformes","Rajidae","Malacoraja","ray"
"Malacoraja senta",689,25.7589282331515,651,23.1076251495032,776,1.82726187335702,1000,0.208368596451995,-38,87,311,"Malacoraja senta","Malacoraja senta","Elasmobranchii","Rajiformes","Rajidae","Malacoraja","ray"
"Malacoraja spinacidermis",718,24.6168760571515,664,22.8268040353759,813,1.69672828656991,875,0.244750056929201,-54,95,157,"Malacoraja spinacidermis","Malacoraja spinacidermis","Elasmobranchii","Rajiformes","Rajidae","Malacoraja","ray"
"Manta alfredi",418,34.832573324692,351,31.8773717478106,576,2.46304763723649,552,0.375321946570866,-67,158,134,"Manta alfredi","Mobula alfredi","Elasmobranchii","Myliobatiformes","Mobulidae","Manta","ray"
"Manta birostris",417,34.832573324692,380,30.3699977796571,579,2.42784700850268,524,0.39821375115246,-37,162,107,"Manta birostris","Mobula birostris","Elasmobranchii","Myliobatiformes","Mobulidae","Manta","ray"
"Megachasma pelagios",114,57.3558081382776,111,46.3428184912453,107,10.0390870761204,81,2.24015963900048,-3,-7,-33,"Megachasma pelagios","Megachasma pelagios","Elasmobranchii","Lamniformes","Megachasmidae","Megachasma","shark"
"Mitsukurina owstoni",5,138.616999110635,3,81.9381804783703,5,29.9409127474861,31,3.75008434456861,-2,0,26,"Mitsukurina owstoni","Mitsukurina owstoni","Elasmobranchii","Lamniformes","Mitsukurinidae","Mitsukurina","shark"
"Mobula diabolus",382,36.9132200342634,344,32.2523570724036,539,2.64297559257293,510,0.411275426209771,-38,157,128,"Mobula diabolus","Mobula mobular","Elasmobranchii","Myliobatiformes","Mobulidae","Mobula","ray"
"Mobula eregoodootenkee",274,42.4830526059301,212,38.134651828718,694,2.05815599237948,490,0.45589273665258,-62,420,216,"Mobula eregoodootenkee","Mobula eregoodootenkee","Elasmobranchii","Myliobatiformes","Mobulidae","Mobula","ray"
"Mobula hypostoma",494,31.7972189059301,452,28.4630642095482,516,2.86076788266455,494,0.449453040373641,-42,22,0,"Mobula hypostoma","Mobula hypostoma","Elasmobranchii","Myliobatiformes","Mobulidae","Mobula","ray"
"Mobula japanica",572,29.720205646692,557,25.6533926553053,637,2.21567445185223,506,0.42860520668073,-15,65,-66,"Mobula japanica","Mobula mobular","Elasmobranchii","Myliobatiformes","Mobulidae","Mobula","ray"
"Mobula kuhlii",511,31.1815764343587,500,27.2424415358352,622,2.27553702466899,507,0.419578454699724,-11,111,-4,"Mobula kuhlii","Mobula kuhlii","Elasmobranchii","Myliobatiformes","Mobulidae","Mobula","ray"
"Mobula mobular",381,36.9132200342634,332,32.6022909741376,536,2.66023071629594,499,0.445550573407976,-49,155,118,"Mobula mobular","Mobula mobular","Elasmobranchii","Myliobatiformes","Mobulidae","Mobula","ray"
"Mobula munkiana",493,31.7972189059301,428,29.0317386004382,550,2.59264072160384,489,0.45807131801718,-65,57,-4,"Mobula munkiana","Mobula munkiana","Elasmobranchii","Myliobatiformes","Mobulidae","Mobula","ray"
"Mobula rochebrunei",261,43.3516682343586,221,37.7790809778017,668,2.1309254229988,515,0.409300326078278,-40,407,254,"Mobula rochebrunei","Mobula hypostoma","Elasmobranchii","Myliobatiformes","Mobulidae","Mobula","ray"
"Mobula tarapacana",571,29.720205646692,585,24.9898566524308,586,2.39677863412053,495,0.44942482855206,14,15,-76,"Mobula tarapacana","Mobula tarapacana","Elasmobranchii","Myliobatiformes","Mobulidae","Mobula","ray"
"Mobula thurstoni",510,31.1815764343587,444,28.5566731593155,643,2.19252378951608,538,0.383913910553601,-66,133,28,"Mobula thurstoni","Mobula thurstoni","Elasmobranchii","Myliobatiformes","Mobulidae","Mobula","ray"
"Mollisquama parini",53,75.0724840304094,49,57.1784961042936,85,11.4830551658097,185,1.36752830367193,-4,32,132,"Mollisquama parini","Mollisquama parini","Elasmobranchii","Squaliformes","Dalatiidae","Mollisquama","shark"
"Mustelus albipinnis",1091,13.7615725230517,1108,11.6476292693701,838,1.61392593175693,950,0.224504881273437,17,-253,-141,"Mustelus albipinnis","Mustelus albipinnis","Elasmobranchii","Carcharhiniformes","Triakidae","Mustelus","shark"
"Mustelus antarcticus",1068,14.4559231137017,1088,12.5554652505642,856,1.53581816596439,889,0.240443398430566,20,-212,-179,"Mustelus antarcticus","Mustelus antarcticus","Elasmobranchii","Carcharhiniformes","Triakidae","Mustelus","shark"
"Mustelus asterias",1046,15.0838934380517,1051,13.2738109689404,860,1.52590960537532,906,0.236581368815823,5,-186,-140,"Mustelus asterias","Mustelus asterias","Elasmobranchii","Carcharhiniformes","Triakidae","Mustelus","shark"
"Mustelus californicus",614,28.1144359756051,588,24.9167642202312,858,1.53337550661664,877,0.244263899344453,-26,244,263,"Mustelus californicus","Mustelus californicus","Elasmobranchii","Carcharhiniformes","Triakidae","Mustelus","shark"
"Mustelus canis",675,26.2605563891718,628,23.8964386503317,847,1.57370038813971,980,0.214640449566735,-47,172,305,"Mustelus canis","Mustelus canis","Elasmobranchii","Carcharhiniformes","Triakidae","Mustelus","shark"
"Mustelus dorsalis",1104,12.9548462487017,1113,11.1866134016397,835,1.62591209590069,909,0.236125537990875,9,-269,-195,"Mustelus dorsalis","Mustelus dorsalis","Elasmobranchii","Carcharhiniformes","Triakidae","Mustelus","shark"
"Mustelus fasciatus",947,17.8208235578218,965,15.3539183867794,867,1.4678347734083,936,0.229284438345276,18,-80,-11,"Mustelus fasciatus","Mustelus fasciatus","Elasmobranchii","Carcharhiniformes","Triakidae","Mustelus","shark"
"Mustelus griseus",260,43.5808627029962,232,37.4211385037413,772,1.83899795941061,924,0.231694892024613,-28,512,664,"Mustelus griseus","Mustelus griseus","Elasmobranchii","Carcharhiniformes","Triakidae","Mustelus","shark"
"Mustelus henlei",808,21.9123246846718,779,19.9395206140397,849,1.56248701363901,1018,0.200762152262363,-29,41,210,"Mustelus henlei","Mustelus henlei","Elasmobranchii","Carcharhiniformes","Triakidae","Mustelus","shark"
"Mustelus higmani",807,21.9123246846718,776,20.014375998715,857,1.53506917985376,997,0.208759291296399,-31,50,190,"Mustelus higmani","Mustelus higmani","Elasmobranchii","Carcharhiniformes","Triakidae","Mustelus","shark"
"Mustelus lenticulatus",1105,12.9548462487017,1115,11.1409244682163,846,1.57903031255571,862,0.247561184329162,10,-259,-243,"Mustelus lenticulatus","Mustelus lenticulatus","Elasmobranchii","Carcharhiniformes","Triakidae","Mustelus","shark"
"Mustelus lunulatus",694,25.6032386918218,655,23.0529865684704,872,1.44270273708857,947,0.225884483907173,-39,178,253,"Mustelus lunulatus","Mustelus lunulatus","Elasmobranchii","Carcharhiniformes","Triakidae","Mustelus","shark"
"Mustelus manazo",845,20.6552289838017,826,18.7760353490411,850,1.55684600362334,952,0.224297234335166,-19,5,107,"Mustelus manazo","Mustelus manazo","Elasmobranchii","Carcharhiniformes","Triakidae","Mustelus","shark"
"Mustelus mangalorensis",270,42.5953138706628,235,37.0513812356386,566,2.51793035788143,911,0.236082959944189,-35,296,641,"Mustelus mangalorensis","Iago mangalorensis","Elasmobranchii","Carcharhiniformes","Triakidae","Mustelus","shark"
"Mustelus mento",1090,13.7615725230517,1110,11.6088966066248,839,1.60888564954642,937,0.228609222891189,20,-251,-153,"Mustelus mento","Mustelus mento","Elasmobranchii","Carcharhiniformes","Triakidae","Mustelus","shark"
"Mustelus minicanis",441,33.7277911889128,436,28.8047196746501,609,2.29611747338371,961,0.221378204749363,-5,168,520,"Mustelus minicanis","Mustelus minicanis","Elasmobranchii","Carcharhiniformes","Triakidae","Mustelus","shark"
"Mustelus mosis",859,20.3431581394885,830,18.7269977367272,866,1.48343326232543,884,0.241326630306671,-29,7,25,"Mustelus mosis","Mustelus mosis","Elasmobranchii","Carcharhiniformes","Triakidae","Mustelus","shark"
"Mustelus mustelus",946,17.8208235578218,932,16.2230218258787,861,1.51742815282933,959,0.222051499006513,-14,-85,13,"Mustelus mustelus","Mustelus mustelus","Elasmobranchii","Carcharhiniformes","Triakidae","Mustelus","shark"
"Mustelus norrisi",554,30.0468996938051,517,26.7521240396397,879,1.3946242974601,890,0.240200694020018,-37,325,336,"Mustelus norrisi","Mustelus norrisi","Elasmobranchii","Carcharhiniformes","Triakidae","Mustelus","shark"
"Mustelus palumbes",1045,15.0838934380517,1039,13.643553199765,865,1.4890678459417,927,0.231198843145394,-6,-180,-118,"Mustelus palumbes","Mustelus palumbes","Elasmobranchii","Carcharhiniformes","Triakidae","Mustelus","shark"
"Mustelus punctulatus",442,33.7277911889128,489,27.4979525651708,660,2.14608688787439,972,0.217555745993219,47,218,530,"Mustelus punctulatus","Mustelus punctulatus","Elasmobranchii","Carcharhiniformes","Triakidae","Mustelus","shark"
"Mustelus ravidus",1006,16.1964776284885,993,14.5523922451721,854,1.53702993147473,868,0.247258969997896,-13,-152,-138,"Mustelus ravidus","Mustelus ravidus","Elasmobranchii","Carcharhiniformes","Triakidae","Mustelus","shark"
"Mustelus schmitti",659,26.7151177882462,593,24.7793739519957,840,1.60835591815304,813,0.265061719491106,-66,181,154,"Mustelus schmitti","Mustelus schmitti","Elasmobranchii","Carcharhiniformes","Triakidae","Mustelus","shark"
"Mustelus sinusmexicanus",231,45.2425151926052,193,38.8932234195109,675,2.11134294843062,836,0.254829874490169,-38,444,605,"Mustelus sinusmexicanus","Mustelus sinusmexicanus","Elasmobranchii","Carcharhiniformes","Triakidae","Mustelus","shark"
"Mustelus stevensi",1044,15.1169742163017,1049,13.2904149748279,837,1.62110082676793,930,0.231085590022215,5,-207,-114,"Mustelus stevensi","Mustelus stevensi","Elasmobranchii","Carcharhiniformes","Triakidae","Mustelus","shark"
"Mustelus walkeri",666,26.5173053363051,633,23.7159733387245,851,1.55219316774393,989,0.21210814287824,-33,185,323,"Mustelus walkeri","Mustelus antarcticus","Elasmobranchii","Carcharhiniformes","Triakidae","Mustelus","shark"
"Mustelus whitneyi",225,46.3631274742462,181,39.643267560987,697,2.05563102743744,981,0.214518372465443,-44,472,756,"Mustelus whitneyi","Mustelus whitneyi","Elasmobranchii","Carcharhiniformes","Triakidae","Mustelus","shark"
"Mustelus widodoi",1007,16.1964776284885,981,14.9560793353208,855,1.53681416105757,851,0.249567908820998,-26,-152,-156,"Mustelus widodoi","Mustelus widodoi","Elasmobranchii","Carcharhiniformes","Triakidae","Mustelus","shark"
"Myliobatis aquila",348,38.2968360829073,289,34.2448067405692,504,3.04523740345939,513,0.411028214896765,-59,156,165,"Myliobatis aquila","Myliobatis aquila","Elasmobranchii","Myliobatiformes","Myliobatidae","Myliobatis","ray"
"Myliobatis australis",506,31.2343199008406,596,24.6762935408929,400,3.89223975381867,492,0.45495346563668,90,-106,-14,"Myliobatis australis","Myliobatis australis","Elasmobranchii","Myliobatiformes","Myliobatidae","Myliobatis","ray"
"Myliobatis californicus",166,49.9146797962906,144,42.494155024417,391,4.03667986942085,514,0.409581935485255,-22,225,348,"Myliobatis californicus","Myliobatis californica","Elasmobranchii","Myliobatiformes","Myliobatidae","Myliobatis","ray"
"Myliobatis chilensis",311,40.4344318827073,259,35.8230477287484,440,3.50228552845188,541,0.380391128637698,-52,129,230,"Myliobatis chilensis","Myliobatis chilensis","Elasmobranchii","Myliobatiformes","Myliobatidae","Myliobatis","ray"
"Myliobatis freminvillei",394,36.0988804587906,339,32.3838026397735,420,3.71404648065837,577,0.352744747562386,-55,26,183,"Myliobatis freminvillei","Myliobatis freminvillei","Elasmobranchii","Myliobatiformes","Myliobatidae","Myliobatis","ray"
"Myliobatis goodei",507,31.2343199008406,561,25.4943225166656,401,3.89077149787471,498,0.445923947254433,54,-106,-9,"Myliobatis goodei","Myliobatis goodei","Elasmobranchii","Myliobatiformes","Myliobatidae","Myliobatis","ray"
"Myliobatis hamlyni",825,21.3884804819073,848,18.299601523853,486,3.17067998029251,573,0.355053349528373,23,-339,-252,"Myliobatis hamlyni","Myliobatis hamlyni","Elasmobranchii","Myliobatiformes","Myliobatidae","Myliobatis","ray"
"Myliobatis longirostris",395,36.0988804587906,343,32.2779285084944,417,3.72387389576511,520,0.402946781977979,-52,22,125,"Myliobatis longirostris","Myliobatis longirostris","Elasmobranchii","Myliobatiformes","Myliobatidae","Myliobatis","ray"
"Myliobatis peruvianus",477,32.5828582887906,384,30.1252957822001,473,3.22946304488628,532,0.388158176886577,-93,-4,55,"Myliobatis peruvianus","Myliobatis peruviana","Elasmobranchii","Myliobatiformes","Myliobatidae","Myliobatis","ray"
"Myliobatis rhombus",824,21.3884804819073,842,18.4093234794294,479,3.20310122669841,548,0.377234863639832,18,-345,-276,NA,NA,NA,NA,NA,NA,"unknown"
"Myliobatis ridens",768,23.2400261309073,732,20.8419659487267,475,3.22096244746525,587,0.347051849694038,-36,-293,-181,"Myliobatis ridens","Myliobatis ridens","Elasmobranchii","Myliobatiformes","Myliobatidae","Myliobatis","ray"
"Myliobatis tenuicaudatus",478,32.5828582887906,429,29.0262950283867,491,3.15437745077106,585,0.349097860783418,-49,13,107,"Myliobatis tenuicaudatus","Myliobatis tenuicaudatus","Elasmobranchii","Myliobatiformes","Myliobatidae","Myliobatis","ray"
"Myliobatis tobijei",769,23.2400261309073,725,20.987181757934,471,3.27107234956632,561,0.36642646907038,-44,-298,-208,"Myliobatis tobijei","Myliobatis tobijei","Elasmobranchii","Myliobatiformes","Myliobatidae","Myliobatis","ray"
"Narcine atzi",577,29.507638140883,543,26.0660655514929,506,3.03759922924125,425,0.607319032755342,-34,-71,-152,"Narcine atzi","Narcine atzi","Elasmobranchii","Torpediniformes","Narcinidae","Narcine","ray"
"Narcine bancroftii",885,19.616684471764,901,17.0323906281368,484,3.18163007051976,403,0.639244362537926,16,-401,-482,"Narcine bancroftii","Narcine bancroftii","Elasmobranchii","Torpediniformes","Narcinidae","Narcine","ray"
"Narcine bicolor",346,38.3837384640914,358,31.2842741842322,250,5.87686110860223,264,1.0652808235222,12,-96,-82,NA,NA,NA,NA,NA,NA,"unknown"
"Narcine brasiliensis",749,23.780157485383,744,20.622230849753,514,2.88158198232977,320,0.763505188964427,-5,-235,-429,"Narcine brasiliensis","Narcine brasiliensis","Elasmobranchii","Torpediniformes","Narcinidae","Narcine","ray"
"Narcine brevilabiata",729,24.343494261883,717,21.2177128436052,455,3.3844256975769,352,0.718939159798181,-12,-274,-377,"Narcine brevilabiata","Narcine brevilabiata","Elasmobranchii","Torpediniformes","Narcinidae","Narcine","ray"
"Narcine brunnea",827,21.276538271764,832,18.7036347968726,509,3.0048009949597,442,0.584793510783528,5,-318,-385,"Narcine brunnea","Narcine brunnea","Elasmobranchii","Torpediniformes","Narcinidae","Narcine","ray"
"Narcine entemedor",347,38.3837384640914,360,31.1620047718587,255,5.80704521845979,277,0.986556341016453,13,-92,-70,"Narcine entemedor","Narcine entemedor","Elasmobranchii","Torpediniformes","Narcinidae","Narcine","ray"
"Narcine firma",738,24.181926462883,728,20.8859789898932,502,3.08291629162966,345,0.729227522240617,-10,-236,-393,"Narcine firma","Narcine maculata","Elasmobranchii","Torpediniformes","Narcinidae","Narcine","ray"
"Narcine insolita",826,21.276538271764,840,18.4428047734684,503,3.0740604427318,445,0.579133583522243,14,-323,-381,"Narcine insolita","Narcine insolita","Elasmobranchii","Torpediniformes","Narcinidae","Narcine","ray"
"Narcine lasti",167,49.7958661242274,135,42.8335133954038,184,7.02378294886816,221,1.2499900038333,-32,17,54,"Narcine lasti","Narcinops lasti","Elasmobranchii","Torpediniformes","Narcinidae","Narcine","ray"
"Narcine leoparda",163,50.170404728758,99,47.5458961394789,114,9.37068382598792,235,1.20278488997127,-64,-49,72,"Narcine leoparda","Narcine leoparda","Elasmobranchii","Torpediniformes","Narcinidae","Narcine","ray"
"Narcine lingula",834,20.919820939264,820,18.9140849099406,496,3.12589274908602,435,0.59437674931811,-14,-338,-399,"Narcine lingula","Narcine lingula","Elasmobranchii","Torpediniformes","Narcinidae","Narcine","ray"
"Narcine maculata",739,24.181926462883,731,20.8612606391871,495,3.12934832855329,333,0.74428220338421,-8,-244,-406,"Narcine maculata","Narcine maculata","Elasmobranchii","Torpediniformes","Narcinidae","Narcine","ray"
"Narcine nelsoni",437,34.0295059075973,385,30.1167855815443,477,3.21495648486205,338,0.738206469384829,-52,40,-99,"Narcine nelsoni","Narcinops nelsoni","Elasmobranchii","Torpediniformes","Narcinidae","Narcine","ray"
"Narcine nigra",822,21.475927235264,844,18.3605225131381,488,3.16077663348267,470,0.526353768845692,22,-334,-352,NA,NA,NA,NA,NA,NA,"unknown"
"Narcine oculifera",576,29.507638140883,514,26.7902151474593,531,2.71381305182297,443,0.580186819296027,-62,-45,-133,"Narcine oculifera","Narcine oculifera","Elasmobranchii","Torpediniformes","Narcinidae","Narcine","ray"
"Narcine ornata",254,44.007948844883,244,36.481447668576,461,3.33211915732842,326,0.753806631453048,-10,207,72,"Narcine ornata","Narcinops ornatus","Elasmobranchii","Torpediniformes","Narcinidae","Narcine","ray"
"Narcine prodorsalis",287,41.4409341320914,311,33.5984361241943,244,6.0028336150557,188,1.34583053614516,24,-43,-99,"Narcine prodorsalis","Narcine prodorsalis","Elasmobranchii","Torpediniformes","Narcinidae","Narcine","ray"
"Narcine rierai",728,24.343494261883,681,22.2635751404355,489,3.16009394322189,376,0.681818332335128,-47,-239,-352,"Narcine rierai","Narcine rierai","Elasmobranchii","Torpediniformes","Narcinidae","Narcine","ray"
"Narcine tasmaniensis",168,49.7958661242274,120,44.1078259742663,166,7.53006715903101,180,1.37846698079522,-48,-2,12,"Narcine tasmaniensis","Narcinops tasmaniensis","Elasmobranchii","Torpediniformes","Narcinidae","Narcine","ray"
"Narcine timlei",884,19.616684471764,876,17.4946340308788,497,3.12446582536567,419,0.613772196794664,-8,-387,-465,"Narcine timlei","Narcine timlei","Elasmobranchii","Torpediniformes","Narcinidae","Narcine","ray"
"Narcine vermiculatus",750,23.780157485383,722,21.1117258356805,522,2.7952808119533,340,0.737134017541191,-28,-228,-410,"Narcine vermiculatus","Narcine vermiculata","Elasmobranchii","Torpediniformes","Narcinidae","Narcine","ray"
"Narcine westraliensis",86,63.3558846042274,73,52.2054331740754,164,7.56826437789678,297,0.900374429836917,-13,78,211,"Narcine westraliensis","Narcinops westraliensis","Elasmobranchii","Torpediniformes","Narcinidae","Narcine","ray"
"Narke capensis",989,16.7422632400512,1065,12.9105637704423,490,3.15524383202855,351,0.719693837782555,76,-499,-638,"Narke capensis","Narke capensis","Elasmobranchii","Torpediniformes","Narkidae","Narke","ray"
"Narke dipterygia",988,16.7422632400512,1070,12.8417634915587,493,3.14613449411168,358,0.711298768674107,82,-495,-630,"Narke dipterygia","Narke dipterygia","Elasmobranchii","Torpediniformes","Narkidae","Narke","ray"
"Narke japonica",954,17.7016641969512,1029,13.7681372813653,492,3.14978762033226,364,0.700751518192028,75,-462,-590,"Narke japonica","Narke japonica","Elasmobranchii","Torpediniformes","Narkidae","Narke","ray"
"Nasolamia velox",851,20.4999349345318,834,18.6757485569966,959,0.910823982580506,856,0.248630471846345,-17,108,5,"Nasolamia velox","Nasolamia velox","Elasmobranchii","Carcharhiniformes","Carcharhinidae","Nasolamia","shark"
"Nebrius ferrugineus",208,47.2858732946908,321,33.1409480826444,76,11.8263230641593,37,3.59343832647041,113,-132,-171,"Nebrius ferrugineus","Nebrius ferrugineus","Elasmobranchii","Orectolobiformes","Ginglymostomatidae","Nebrius","shark"
"Negaprion acutidens",315,40.1933976283651,274,35.0488809245315,906,1.18748073002988,929,0.231160670090401,-41,591,614,"Negaprion acutidens","Negaprion acutidens","Elasmobranchii","Carcharhiniformes","Carcharhinidae","Negaprion","shark"
"Negaprion brevirostris",316,40.1933976283651,261,35.7131495202922,909,1.08932313329521,900,0.23845016254811,-55,593,584,"Negaprion brevirostris","Negaprion brevirostris","Elasmobranchii","Carcharhiniformes","Carcharhinidae","Negaprion","shark"
"Neoharriotta carri",122,55.4099624073126,192,38.9447944829705,53,14.5166153916602,34,3.63084682226389,70,-69,-88,"Neoharriotta carri","Neoharriotta carri","Holocephali","Chimaeriformes","Rhinochimaeridae","Neoharriotta","chimaera"
"Neoharriotta pinnata",84,64.4677129283126,90,49.1787335269225,61,13.8269933045139,39,3.51310302138362,6,-23,-45,"Neoharriotta pinnata","Neoharriotta pinnata","Holocephali","Chimaeriformes","Rhinochimaeridae","Neoharriotta","chimaera"
"Neoharriotta pumila",121,55.4099624073126,234,37.1793960043453,62,13.8087284963837,32,3.67673430328423,113,-59,-89,"Neoharriotta pumila","Neoharriotta pumila","Holocephali","Chimaeriformes","Rhinochimaeridae","Neoharriotta","chimaera"
"Neoraja africana",921,18.5024291361682,939,16.0359210376747,801,1.74317153933157,956,0.223574200731404,18,-120,35,"Neoraja africana","Neoraja africana","Elasmobranchii","Rajiformes","Rajidae","Neoraja","ray"
"Neoraja caerulea",756,23.6030346055682,710,21.4080970194805,822,1.65683219832782,843,0.251168476089767,-46,66,87,"Neoraja caerulea","Neoraja caerulea","Elasmobranchii","Rajiformes","Rajidae","Neoraja","ray"
"Neoraja carolinensis",676,26.2534567062348,658,22.9909051566092,803,1.74004671956714,895,0.239487758041274,-18,127,219,"Neoraja carolinensis","Neoraja carolinensis","Elasmobranchii","Rajiformes","Rajidae","Neoraja","ray"
"Neoraja iberica",922,18.5024291361682,938,16.0680483812415,804,1.73882352220707,943,0.226421329642435,16,-118,21,"Neoraja iberica","Neoraja iberica","Elasmobranchii","Rajiformes","Rajidae","Neoraja","ray"
"Neoraja stehmanni",568,29.7650414029848,464,28.1755032590584,760,1.85867015182321,867,0.247330641297718,-104,192,299,"Neoraja stehmanni","Neoraja stehmanni","Elasmobranchii","Rajiformes","Rajidae","Neoraja","ray"
"Neotrygon annotata",602,28.6491939082237,636,23.6096913151725,421,3.71098543160641,728,0.301824984590692,34,-181,126,"Neotrygon annotata","Neotrygon annotata","Elasmobranchii","Myliobatiformes","Dasyatidae","Neotrygon","ray"
"Neotrygon kuhlii",210,47.2446167703903,161,41.3371518718239,333,4.7109208679278,652,0.324513500616913,-49,123,442,"Neotrygon kuhlii","Neotrygon kuhlii","Elasmobranchii","Myliobatiformes","Dasyatidae","Neotrygon","ray"
"Neotrygon leylandi",555,30.0001552907237,601,24.5551490953712,439,3.51251111988467,799,0.27145636896275,46,-116,244,"Neotrygon leylandi","Neotrygon leylandi","Elasmobranchii","Myliobatiformes","Dasyatidae","Neotrygon","ray"
"Neotrygon ningalooensis",108,58.1997043503903,100,47.5068288352112,258,5.76022455486572,709,0.309385886886959,-8,150,601,"Neotrygon ningalooensis","Neotrygon ningalooensis","Elasmobranchii","Myliobatiformes","Dasyatidae","Neotrygon","ray"
"Neotrygon picta",603,28.6491929082237,639,23.5617563370789,418,3.72194158145234,747,0.293169642881201,36,-185,144,"Neotrygon picta","Neotrygon picta","Elasmobranchii","Myliobatiformes","Dasyatidae","Neotrygon","ray"
"Notoraja alisae",985,16.8760770250764,955,15.5398048640006,975,0.880066145445763,821,0.263025111461028,-30,-10,-164,"Notoraja alisae","Notoraja alisae","Elasmobranchii","Rajiformes","Arhynchobatidae","Notoraja","ray"
"Notoraja azurea",1076,14.0247319468931,1063,12.9352987911877,1033,0.788631273055222,697,0.312479328138841,-13,-43,-379,"Notoraja azurea","Notoraja azurea","Elasmobranchii","Rajiformes","Arhynchobatidae","Notoraja","ray"
"Notoraja fijiensis",1040,15.1819325806431,1019,14.0586194992455,986,0.861738089255583,776,0.280765105142706,-21,-54,-264,"Notoraja fijiensis","Notoraja fijiensis","Elasmobranchii","Rajiformes","Arhynchobatidae","Notoraja","ray"
"Notoraja hirticauda",1146,10.8434614107598,1143,9.77184403759122,1020,0.810979881522285,713,0.306928729033448,-3,-126,-433,"Notoraja hirticauda","Notoraja hirticauda","Elasmobranchii","Rajiformes","Arhynchobatidae","Notoraja","ray"
"Notoraja inusitata",1116,12.4758905104364,1109,11.6195008574036,985,0.862536814815738,714,0.306866609552606,-7,-131,-402,"Notoraja inusitata","Notoraja inusitata","Elasmobranchii","Rajiformes","Arhynchobatidae","Notoraja","ray"
"Notoraja lira",1143,11.0148642044364,1134,10.3059913325748,990,0.846604803037273,907,0.23647110456626,-9,-153,-236,"Notoraja lira","Notoraja lira","Elasmobranchii","Rajiformes","Arhynchobatidae","Notoraja","ray"
"Notoraja longiventralis",1115,12.4758905104364,1105,11.6823999423148,981,0.864092413189599,722,0.304679370245144,-10,-134,-393,"Notoraja longiventralis","Notoraja longiventralis","Elasmobranchii","Rajiformes","Arhynchobatidae","Notoraja","ray"
"Notoraja ochroderma",1137,11.1281690095598,1135,10.1824888026712,1003,0.83434339845151,835,0.255489412567785,-2,-134,-302,"Notoraja ochroderma","Notoraja ochroderma","Elasmobranchii","Rajiformes","Arhynchobatidae","Notoraja","ray"
"Notoraja sapphira",1145,10.8434614107598,1140,9.90913049536096,1029,0.799564031655156,803,0.269079979106549,-5,-116,-342,"Notoraja sapphira","Notoraja sapphira","Elasmobranchii","Rajiformes","Arhynchobatidae","Notoraja","ray"
"Notoraja sticta",1048,15.0696587474364,1026,13.9095915551259,984,0.862585907443845,750,0.29218831564048,-22,-64,-298,"Notoraja sticta","Notoraja sticta","Elasmobranchii","Rajiformes","Arhynchobatidae","Notoraja","ray"
"Notoraja tobitukai",1142,11.0148642044364,1139,9.9426096842166,997,0.840649836196158,881,0.242579706320957,-3,-145,-261,"Notoraja tobitukai","Notoraja tobitukai","Elasmobranchii","Rajiformes","Arhynchobatidae","Notoraja","ray"
"Notorynchus cepedianus",11,108.122896296644,12,73.8148252004901,6,28.9643411235372,9,6.24267693891554,1,-5,-2,"Notorynchus cepedianus","Notorynchus cepedianus","Elasmobranchii","Hexanchiformes","Hexanchidae","Notorynchus","shark"
"Odontaspis ferox",188,48.4992919782776,222,37.7359342430292,100,10.4108712477429,88,2.10224505463439,34,-88,-100,"Odontaspis ferox","Odontaspis ferox","Elasmobranchii","Lamniformes","Odontaspididae","Odontaspis","shark"
"Odontaspis noronhai",187,48.4992919782776,184,39.4669110584026,103,10.3298193887927,97,2.00097560725684,-3,-84,-90,"Odontaspis noronhai","Odontaspis noronhai","Elasmobranchii","Lamniformes","Odontaspididae","Odontaspis","shark"
"Okamejei acutispina",527,30.565325215258,497,27.3021119782901,994,0.841858525218981,1026,0.196370341315293,-30,467,499,"Okamejei acutispina","Okamejei acutispina","Elasmobranchii","Rajiformes","Rajidae","Okamejei","ray"
"Okamejei arafurensis",649,26.9336630043691,602,24.5372803410294,992,0.844935309537798,973,0.21692255699008,-47,343,324,"Okamejei arafurensis","Okamejei arafurensis","Elasmobranchii","Rajiformes","Rajidae","Okamejei","ray"
"Okamejei boesemani",1024,15.8655865060246,990,14.6247547400229,1025,0.802477686927122,976,0.216670878042978,-34,1,-48,"Okamejei boesemani","Okamejei boesemani","Elasmobranchii","Rajiformes","Rajidae","Okamejei","ray"
"Okamejei cairae",1025,15.8655865060246,986,14.6868205980493,1057,0.759690346477892,940,0.227222603199854,-39,32,-85,"Okamejei cairae","Okamejei cairae","Elasmobranchii","Rajiformes","Rajidae","Okamejei","ray"
"Okamejei heemstrai",539,30.438537921808,488,27.5392997690124,1049,0.771930255338169,873,0.245580729590076,-51,510,334,"Okamejei heemstrai","Okamejei heemstrai","Elasmobranchii","Rajiformes","Rajidae","Okamejei","ray"
"Okamejei hollandi",648,26.9336640043691,635,23.6454457531093,1005,0.830524552611395,1001,0.206542307605364,-13,357,353,"Okamejei hollandi","Okamejei hollandi","Elasmobranchii","Rajiformes","Rajidae","Okamejei","ray"
"Okamejei jensenae",87,63.1335069775145,95,48.615538623004,469,3.30045874184475,951,0.224495523723351,8,382,864,"Okamejei jensenae","Orbiraja jensenae","Elasmobranchii","Rajiformes","Rajidae","Okamejei","ray"
"Okamejei kenojei",1019,15.9556941379246,997,14.4672093625421,1051,0.766588049257159,1011,0.204417866702114,-22,32,-8,"Okamejei kenojei","Okamejei kenojei","Elasmobranchii","Rajiformes","Rajidae","Okamejei","ray"
"Okamejei leptoura",605,28.494727222263,509,27.0135868338922,1048,0.772003804532653,933,0.230501038058204,-96,443,328,"Okamejei leptoura","Okamejei leptoura","Elasmobranchii","Rajiformes","Rajidae","Okamejei","ray"
"Okamejei meerdervoortii",814,21.651531517263,787,19.7753821503263,1067,0.737393847055684,993,0.210476817183284,-27,253,179,"Okamejei meerdervoortii","Okamejei meerdervoortii","Elasmobranchii","Rajiformes","Rajidae","Okamejei","ray"
"Okamejei mengae",815,21.651531517263,802,19.4108490412228,1073,0.71990697608609,985,0.212946317463147,-13,258,170,"Okamejei mengae","Okamejei mengae","Elasmobranchii","Rajiformes","Rajidae","Okamejei","ray"
"Okamejei philipi",1020,15.9556931379246,980,14.9921641169259,1023,0.803824216956606,964,0.220451535022968,-40,3,-56,"Okamejei philipi","Orbiraja philipi","Elasmobranchii","Rajiformes","Rajidae","Okamejei","ray"
"Okamejei pita",553,30.0627575254246,492,27.443798995271,989,0.852092769895132,882,0.241854428890352,-61,436,329,"Okamejei pita","Raja pita","Elasmobranchii","Rajiformes","Rajidae","Okamejei","ray"
"Okamejei porosa",538,30.438537921808,476,27.6922439082295,1007,0.827980976146694,915,0.235212280174438,-62,469,377,NA,NA,NA,NA,NA,NA,"unknown"
"Okamejei powelli",275,42.2973925755963,243,36.5617991293845,1055,0.761099148623124,935,0.229846758612096,-32,780,660,"Okamejei powelli","Orbiraja powelli","Elasmobranchii","Rajiformes","Rajidae","Okamejei","ray"
"Okamejei schmidti",1017,16.0083648274246,983,14.7190787631847,1070,0.728625051565668,970,0.218346457973934,-34,53,-47,"Okamejei schmidti","Okamejei schmidti","Elasmobranchii","Rajiformes","Rajidae","Okamejei","ray"
"Orectolobus floridus",292,40.9633616310058,283,34.4805496280157,230,6.30382178227719,159,1.4994307932436,-9,-62,-133,"Orectolobus floridus","Orectolobus floridus","Elasmobranchii","Orectolobiformes","Orectolobidae","Orectolobus","shark"
"Orectolobus halei",438,33.9665355720891,564,25.3972135575609,219,6.54796578155639,130,1.68701538035523,126,-219,-308,"Orectolobus halei","Orectolobus halei","Elasmobranchii","Orectolobiformes","Orectolobidae","Orectolobus","shark"
"Orectolobus hutchinsi",128,54.3822927803986,116,45.3859251592125,226,6.37999361164514,139,1.61760605305427,-12,98,11,"Orectolobus hutchinsi","Orectolobus hutchinsi","Elasmobranchii","Orectolobiformes","Orectolobidae","Orectolobus","shark"
"Orectolobus japonicus",335,38.9705093898986,463,28.2339019160714,200,6.81438213012563,141,1.60948159960189,128,-135,-194,"Orectolobus japonicus","Orectolobus japonicus","Elasmobranchii","Orectolobiformes","Orectolobidae","Orectolobus","shark"
"Orectolobus leptolineatus",471,32.7209621535891,581,25.0351418163656,239,6.10586534853272,135,1.65368523959039,110,-232,-336,"Orectolobus leptolineatus","Orectolobus leptolineatus","Elasmobranchii","Orectolobiformes","Orectolobidae","Orectolobus","shark"
"Orectolobus maculatus",336,38.9705093898986,378,30.4720155821633,189,6.97579862816385,143,1.60271151682472,42,-147,-193,"Orectolobus maculatus","Orectolobus maculatus","Elasmobranchii","Orectolobiformes","Orectolobidae","Orectolobus","shark"
"Orectolobus ornatus",88,62.3166322060058,92,48.966963914005,183,7.04125584164591,98,1.97381051103118,4,95,10,"Orectolobus ornatus","Orectolobus ornatus","Elasmobranchii","Orectolobiformes","Orectolobidae","Orectolobus","shark"
"Orectolobus parvimaculatus",129,54.3822927803986,112,46.1076470271707,198,6.88440906259066,100,1.96693518705749,-17,69,-29,"Orectolobus parvimaculatus","Orectolobus parvimaculatus","Elasmobranchii","Orectolobiformes","Orectolobidae","Orectolobus","shark"
"Orectolobus reticulatus",293,40.9633616310058,300,33.8462033878064,238,6.12394823049673,151,1.55958120231891,7,-55,-142,"Orectolobus reticulatus","Orectolobus reticulatus","Elasmobranchii","Orectolobiformes","Orectolobidae","Orectolobus","shark"
"Orectolobus wardi",472,32.7209621535891,592,24.7951685107322,237,6.1547215629295,142,1.605017122976,120,-235,-330,"Orectolobus wardi","Orectolobus wardi","Elasmobranchii","Orectolobiformes","Orectolobidae","Orectolobus","shark"
"Oxynotus bruniensis",362,37.7658588210464,323,32.9401294101675,429,3.64697984447219,298,0.897349211311418,-39,67,-64,"Oxynotus bruniensis","Oxynotus bruniensis","Elasmobranchii","Squaliformes","Oxynotidae","Oxynotus","shark"
"Oxynotus caribbaeus",207,47.3063593235464,197,38.7508149609359,379,4.12810281028352,271,1.00953998978615,-10,172,64,"Oxynotus caribbaeus","Oxynotus caribbaeus","Elasmobranchii","Squaliformes","Oxynotidae","Oxynotus","shark"
"Oxynotus centrina",651,26.8407334016464,707,21.4407153530368,358,4.3597138682509,305,0.853593549991588,56,-293,-346,"Oxynotus centrina","Oxynotus centrina","Elasmobranchii","Squaliformes","Oxynotidae","Oxynotus","shark"
"Oxynotus japonicus",650,26.8407334016464,709,21.4202955972786,357,4.35976860879981,302,0.861478321495411,59,-293,-348,"Oxynotus japonicus","Oxynotus japonicus","Elasmobranchii","Squaliformes","Oxynotidae","Oxynotus","shark"
"Oxynotus paradoxus",363,37.7658588210464,338,32.387278107512,428,3.65578855938373,292,0.934307016576777,-25,65,-71,"Oxynotus paradoxus","Oxynotus paradoxus","Elasmobranchii","Squaliformes","Oxynotidae","Oxynotus","shark"
"Paragaleus leucolomatus",704,25.1424069863977,759,20.3944454707548,465,3.32294793072384,888,0.240856338452973,55,-239,184,"Paragaleus leucolomatus","Paragaleus leucolomatus","Elasmobranchii","Carcharhiniformes","Hemigaleidae","Paragaleus","shark"
"Paragaleus pectoralis",725,24.3880726628977,786,19.7764666851798,470,3.28732495089898,847,0.250038795764786,61,-255,122,"Paragaleus pectoralis","Paragaleus pectoralis","Elasmobranchii","Carcharhiniformes","Hemigaleidae","Paragaleus","shark"
"Paragaleus randalli",726,24.3880726628977,774,20.0697357514347,463,3.3287313950183,838,0.253078632398764,48,-263,112,"Paragaleus randalli","Paragaleus longicaudatus","Elasmobranchii","Carcharhiniformes","Hemigaleidae","Paragaleus","shark"
"Paragaleus tengi",453,33.291885723731,393,29.973536831638,408,3.84073317346205,922,0.232804383575124,-60,-45,469,"Paragaleus tengi","Paragaleus tengi","Elasmobranchii","Carcharhiniformes","Hemigaleidae","Paragaleus","shark"
"Parascyllium collare",317,40.1535983427496,462,28.2478502716366,146,8.16893004947751,54,2.64835508137372,145,-171,-263,"Parascyllium collare","Parascyllium collare","Elasmobranchii","Orectolobiformes","Parascylliidae","Parascyllium","shark"
"Parascyllium elongatum",398,35.829648774083,643,23.3600034666991,212,6.67940551757006,61,2.55011972636235,245,-186,-337,"Parascyllium elongatum","Parascyllium elongatum","Elasmobranchii","Orectolobiformes","Parascylliidae","Parascyllium","shark"
"Parascyllium ferrugineum",397,35.829648774083,641,23.498914239817,190,6.96496756209686,64,2.51756441323501,244,-207,-333,"Parascyllium ferrugineum","Parascyllium ferrugineum","Elasmobranchii","Orectolobiformes","Parascylliidae","Parascyllium","shark"
"Parascyllium sparsimaculatum",164,50.0366495727496,215,37.965865490158,113,9.37527646500907,53,2.67079805794407,51,-51,-111,"Parascyllium sparsimaculatum","Parascyllium sparsimaculatum","Elasmobranchii","Orectolobiformes","Parascylliidae","Parascyllium","shark"
"Parascyllium variolatum",359,37.888421178083,607,24.3559299790441,174,7.28443423347391,75,2.38188565714785,248,-185,-284,"Parascyllium variolatum","Parascyllium variolatum","Elasmobranchii","Orectolobiformes","Parascylliidae","Parascyllium","shark"
"Paratrygon aiereba",267,42.911609663931,239,36.674729253359,806,1.72823132091763,796,0.27362497389407,-28,539,529,NA,NA,NA,NA,NA,NA,"unknown"
"Parmaturus albimarginatus",966,17.3189508792335,992,14.5560284209502,684,2.08235451587043,696,0.312531305961573,26,-282,-270,"Parmaturus albimarginatus","Dichichthys albimarginatus","Elasmobranchii","Carcharhiniformes","Pentanchidae","Parmaturus","shark"
"Parmaturus albipenis",840,20.7822697011835,862,17.9619377044292,712,2.01862493771707,732,0.300040417020272,22,-128,-108,"Parmaturus albipenis","Parmaturus albipenis","Elasmobranchii","Carcharhiniformes","Pentanchidae","Parmaturus","shark"
"Parmaturus bigus",1022,15.9327731623835,1027,13.8141340450594,718,1.99235357795997,647,0.326339573400152,5,-304,-375,"Parmaturus bigus","Dichichthys bigus","Elasmobranchii","Carcharhiniformes","Pentanchidae","Parmaturus","shark"
"Parmaturus campechiensis",1021,15.9327731623835,1031,13.7250997041749,722,1.98328965244119,658,0.323571658306223,10,-299,-363,"Parmaturus campechiensis","Parmaturus campechiensis","Elasmobranchii","Carcharhiniformes","Pentanchidae","Parmaturus","shark"
"Parmaturus lanatus",294,40.9275770049335,233,37.2922231072267,513,2.88902807154487,744,0.293651794850328,-61,219,450,"Parmaturus lanatus","Parmaturus lanatus","Elasmobranchii","Carcharhiniformes","Pentanchidae","Parmaturus","shark"
"Parmaturus macmillani",994,16.3309163523835,1032,13.7220333913888,666,2.13509323293964,724,0.304370764143316,38,-328,-270,"Parmaturus macmillani","Parmaturus macmillani","Elasmobranchii","Carcharhiniformes","Pentanchidae","Parmaturus","shark"
"Parmaturus melanobranchus",839,20.7822697011835,858,18.090254707423,686,2.07547497938258,723,0.304535046539658,19,-153,-116,"Parmaturus melanobranchus","Dichichthys melanobranchus","Elasmobranchii","Carcharhiniformes","Pentanchidae","Parmaturus","shark"
"Parmaturus pilosus",1008,16.1910681757335,1024,13.9322527352419,704,2.03442353019113,622,0.334203276997748,16,-304,-386,"Parmaturus pilosus","Parmaturus pilosus","Elasmobranchii","Carcharhiniformes","Pentanchidae","Parmaturus","shark"
"Parmaturus sp.",967,17.3189508792335,1002,14.3818244809402,691,2.06227870085534,716,0.306255546548195,35,-276,-251,NA,NA,NA,NA,NA,NA,"unknown"
"Parmaturus xaniurus",995,16.3309163523835,1037,13.667613839959,670,2.12877934650368,710,0.308852571072829,42,-325,-285,"Parmaturus xaniurus","Parmaturus xaniurus","Elasmobranchii","Carcharhiniformes","Pentanchidae","Parmaturus","shark"
"Pastinachus atrus",522,30.7290683399821,551,25.7048969902469,427,3.66198535767265,596,0.345589075215952,29,-95,74,"Pastinachus atrus","Pastinachus ater","Elasmobranchii","Myliobatiformes","Dasyatidae","Pastinachus","ray"
"Pastinachus gracilicaudus",566,29.7795573874821,580,25.0419578796939,361,4.33010276448313,633,0.33057131905074,14,-205,67,"Pastinachus gracilicaudus","Pastinachus gracilicaudus","Elasmobranchii","Myliobatiformes","Dasyatidae","Pastinachus","ray"
"Pastinachus sephen",565,29.7795573874821,591,24.8637450714528,412,3.78413219228742,609,0.339985750971911,26,-153,44,"Pastinachus sephen","Pastinachus sephen","Elasmobranchii","Myliobatiformes","Dasyatidae","Pastinachus","ray"
"Pastinachus solocirostris",328,39.4690060066488,279,34.8442650827791,327,4.80343260631046,608,0.340193784188435,-49,-1,280,"Pastinachus solocirostris","Pastinachus solocirostris","Elasmobranchii","Myliobatiformes","Dasyatidae","Pastinachus","ray"
"Pastinachus stellurostris",327,39.4690060066488,262,35.6725238274303,305,5.07362031310129,565,0.364820895748081,-65,-22,238,"Pastinachus stellurostris","Pastinachus stellurostris","Elasmobranchii","Myliobatiformes","Dasyatidae","Pastinachus","ray"
"Pavoraja alleni",1034,15.3814775193544,1008,14.2645064238138,918,1.04319903863243,839,0.252583168129253,-26,-116,-195,"Pavoraja alleni","Pavoraja alleni","Elasmobranchii","Rajiformes","Arhynchobatidae","Pavoraja","ray"
"Pavoraja arenaria",936,18.2946392861044,872,17.6763439787817,929,1.00020378268504,794,0.274007673779014,-64,-7,-142,"Pavoraja arenaria","Pavoraja arenaria","Elasmobranchii","Rajiformes","Arhynchobatidae","Pavoraja","ray"
"Pavoraja mosaica",1009,16.1874959223544,969,15.2500388483972,931,0.997316967471516,944,0.226348365702854,-40,-78,-65,"Pavoraja mosaica","Pavoraja mosaica","Elasmobranchii","Rajiformes","Arhynchobatidae","Pavoraja","ray"
"Pavoraja nitida",935,18.2946392861044,911,16.8131372748152,934,0.988036253053306,817,0.264639061978632,-24,-1,-118,"Pavoraja nitida","Pavoraja nitida","Elasmobranchii","Rajiformes","Arhynchobatidae","Pavoraja","ray"
"Pavoraja pseudonitida",1010,16.1874959223544,975,15.1350016208701,936,0.969666238331098,938,0.22820682483599,-35,-74,-72,"Pavoraja pseudonitida","Pavoraja pseudonitida","Elasmobranchii","Rajiformes","Arhynchobatidae","Pavoraja","ray"
"Pavoraja umbrosa",1035,15.3814775193544,1023,13.9486185972549,917,1.04350547349337,850,0.249576599999204,-12,-118,-185,"Pavoraja umbrosa","Pavoraja umbrosa","Elasmobranchii","Rajiformes","Arhynchobatidae","Pavoraja","ray"
"Pentanchus profundicolus",266,43.0068824535224,179,39.8742470530974,192,6.94451207619646,509,0.415060393671167,-87,-74,243,"Pentanchus profundicolus","Pentanchus profundicolus","Elasmobranchii","Carcharhiniformes","Pentanchidae","Pentanchus","shark"
"Planonasus parini",50,77.248556209759,36,61.0612129873333,90,11.2320937779731,222,1.24982713463817,-14,40,172,"Planonasus parini","Planonasus parini","Elasmobranchii","Carcharhiniformes","Pseudotriakidae","Planonasus","shark"
"Platyrhina hyugaensis",29,89.6606801305955,51,56.8003027563313,33,17.7621441169153,6,7.13170679287804,22,4,-23,"Platyrhina hyugaensis","Platyrhina hyugaensis","Elasmobranchii","Torpediniformes","Platyrhinidae","Platyrhina","ray"
"Platyrhina sinensis",35,85.7130482180955,74,52.1986831607991,40,16.6464719788353,13,5.61314281330714,39,5,-22,"Platyrhina sinensis","Platyrhina sinensis","Elasmobranchii","Torpediniformes","Platyrhinidae","Platyrhina","ray"
"Platyrhina tangi",36,85.7130482180955,53,56.6081875544031,51,15.0093253485732,21,4.99772722429849,17,15,-15,"Platyrhina tangi","Platyrhina tangi","Elasmobranchii","Torpediniformes","Platyrhinidae","Platyrhina","ray"
"Platyrhinoidis triseriata",2,144.289532417262,2,86.0882753775993,1,39.3159032914086,2,10.8162474362767,0,-1,0,"Platyrhinoidis triseriata","Platyrhinoidis triseriata","Elasmobranchii","Torpediniformes","Platyrhinidae","Platyrhinoidis","ray"
"Plesiobatis daviesi",8,119.351624653795,16,71.5302715745735,17,22.6340063049022,473,0.504208863407163,8,9,465,"Plesiobatis daviesi","Plesiobatis daviesi","Elasmobranchii","Myliobatiformes","Plesiobatidae","Plesiobatis","ray"
"Plesiotrygon iwamae",906,19.0408160735349,881,17.408389648885,902,1.29851335503267,785,0.278332568481848,-25,-4,-121,NA,NA,NA,NA,NA,NA,"unknown"
"Plesiotrygon nana",907,19.0408160735349,877,17.4623215469277,895,1.32638117703006,788,0.276226531705661,-30,-12,-119,NA,NA,NA,NA,NA,NA,"unknown"
"Pliotrema warreni",23,98.6604630037834,27,66.4266105303699,20,22.0250951843652,73,2.4080006929852,4,-3,50,"Pliotrema warreni","Pliotrema warreni","Elasmobranchii","Pristiophoriformes","Pristiophoridae","Pliotrema","shark"
"Poroderma africanum",422,34.7550007502634,449,28.514938742123,210,6.69641805357201,249,1.15244978879208,27,-212,-173,"Poroderma africanum","Poroderma africanum","Elasmobranchii","Carcharhiniformes","Scyliorhinidae","Poroderma","shark"
"Poroderma pantherinum",421,34.7550007502634,470,27.9023356683989,220,6.50789264068159,247,1.15406079710926,49,-201,-174,"Poroderma pantherinum","Poroderma pantherinum","Elasmobranchii","Carcharhiniformes","Scyliorhinidae","Poroderma","shark"
"Potamotrygon boesemani",1015,16.1144906008016,984,14.7082438903197,891,1.35874002507985,787,0.276666083217378,-31,-124,-228,NA,NA,NA,NA,NA,NA,"unknown"
"Potamotrygon brachyura",848,20.592132373437,838,18.4761997637114,873,1.44264882273039,715,0.306368756497204,-10,25,-133,NA,NA,NA,NA,NA,NA,"unknown"
"Potamotrygon castexi",1120,12.159981795056,1125,10.6599766756381,903,1.29072117307147,717,0.306198421441954,5,-217,-403,NA,NA,NA,NA,NA,NA,"unknown"
"Potamotrygon constellata",370,37.5195661581393,352,31.8712482816366,876,1.4082286992287,735,0.299587527491305,-18,506,365,NA,NA,NA,NA,NA,NA,"unknown"
"Potamotrygon dumerilii",1160,9.78741548065605,1173,8.28518821732261,894,1.33495861939996,733,0.299778116495752,13,-266,-427,NA,NA,NA,NA,NA,NA,"unknown"
"Potamotrygon falkneri",806,22.0244508577703,778,19.9484568046337,890,1.36098157793994,740,0.296582334349969,-28,84,-66,NA,NA,NA,NA,NA,NA,"unknown"
"Potamotrygon henlei",929,18.3405106945703,920,16.5891908269052,905,1.28157800982945,684,0.316917034409618,-9,-24,-245,NA,NA,NA,NA,NA,NA,"unknown"
"Potamotrygon humerosa",930,18.3405106945703,930,16.2872862701925,886,1.36819482865117,702,0.311471258664544,0,-44,-228,NA,NA,NA,NA,NA,NA,"unknown"
"Potamotrygon hystrix",608,28.3866168184635,576,25.1485299683095,870,1.45830709875317,939,0.227311265623367,-32,262,331,NA,NA,NA,NA,NA,NA,"unknown"
"Potamotrygon leopoldi",1067,14.5103126541349,1083,12.6594044666549,888,1.36517000904337,802,0.270526676431899,16,-179,-265,NA,NA,NA,NA,NA,NA,"unknown"
"Potamotrygon magdalenae",607,28.3866168184635,575,25.1498595358009,877,1.40487778184121,801,0.271129302295023,-32,270,194,NA,NA,NA,NA,NA,NA,"unknown"
"Potamotrygon marinae",805,22.0244508577703,762,20.3227888100758,885,1.37446562629744,757,0.289920542168642,-43,80,-48,NA,NA,NA,NA,NA,NA,"unknown"
"Potamotrygon motoro",1172,9.22889259085605,1184,7.62900917822881,899,1.31018542801345,739,0.298399766005306,12,-273,-433,NA,NA,NA,NA,NA,NA,"unknown"
"Potamotrygon ocellata",1064,14.5768144508016,1052,13.1856229366397,893,1.33606736809775,792,0.274909804646768,-12,-171,-272,NA,NA,NA,NA,NA,NA,"unknown"
"Potamotrygon orbignyi",1119,12.159981795056,1126,10.5712989071417,904,1.28401018744066,738,0.298975721589526,7,-215,-381,NA,NA,NA,NA,NA,NA,"unknown"
"Potamotrygon schroederi",1100,13.154124531056,1103,11.7609015474505,897,1.32103558748395,760,0.288434395777677,3,-203,-340,NA,NA,NA,NA,NA,NA,"unknown"
"Potamotrygon schuemacheri",556,29.9510283177703,532,26.503372588345,875,1.43623306019873,698,0.312382820654811,-24,319,142,NA,NA,NA,NA,NA,NA,"unknown"
"Potamotrygon scobina",1171,9.22889259085605,1183,7.70951855537887,898,1.31617542142145,742,0.294029718718536,12,-273,-429,NA,NA,NA,NA,NA,NA,"unknown"
"Potamotrygon signata",1066,14.5103126541349,1064,12.9174684971511,882,1.38452492253348,791,0.274956525458796,-2,-184,-275,NA,NA,NA,NA,NA,NA,"unknown"
"Potamotrygon tatianae",537,30.5095575288524,531,26.5386737070363,880,1.3917350965525,761,0.287928782233154,-6,343,224,NA,NA,NA,NA,NA,NA,"unknown"
"Potamotrygon tigrina",1101,13.154124531056,1104,11.7375695534667,878,1.40240667733923,768,0.28400542721525,3,-223,-333,NA,NA,NA,NA,NA,NA,"unknown"
"Potamotrygon yepezi",1065,14.5768144508016,1060,13.0340405366458,896,1.32402278641677,789,0.275954906911505,-5,-169,-276,NA,NA,NA,NA,NA,NA,"unknown"
"Prionace glauca",757,23.5454716644985,723,21.0830046840796,955,0.916175552750312,852,0.249425272176051,-34,198,95,"Prionace glauca","Prionace glauca","Elasmobranchii","Carcharhiniformes","Carcharhinidae","Prionace","shark"
"Pristiophorus cirratus",259,43.5921238501168,207,38.4110513098851,163,7.56889156533019,106,1.89848380465315,-52,-96,-153,"Pristiophorus cirratus","Pristiophorus cirratus","Elasmobranchii","Pristiophoriformes","Pristiophoridae","Pristiophorus","shark"
"Pristiophorus delicatus",375,37.1105898521168,407,29.5228309472964,156,7.82301511816064,119,1.73574289642256,32,-219,-256,"Pristiophorus delicatus","Pristiophorus delicatus","Elasmobranchii","Pristiophoriformes","Pristiophoridae","Pristiophorus","shark"
"Pristiophorus japonicus",51,76.2991599787835,44,59.1246133808816,88,11.3796022710154,96,2.02146622668498,-7,37,45,"Pristiophorus japonicus","Pristiophorus japonicus","Elasmobranchii","Pristiophoriformes","Pristiophoridae","Pristiophorus","shark"
"Pristiophorus nancyae",376,37.1105898521168,391,30.0001530602833,155,7.86532435123381,128,1.69570355711053,15,-221,-248,"Pristiophorus nancyae","Pristiophorus nancyae","Elasmobranchii","Pristiophoriformes","Pristiophoridae","Pristiophorus","shark"
"Pristiophorus nudipinnis",312,40.3991475897835,315,33.4638841142598,140,8.31284706001427,107,1.89137779165352,3,-172,-205,"Pristiophorus nudipinnis","Pristiophorus nudipinnis","Elasmobranchii","Pristiophoriformes","Pristiophoridae","Pristiophorus","shark"
"Pristiophorus schroederi",313,40.3991475897835,319,33.2673349211206,153,7.90496831316945,111,1.83129110198267,6,-160,-202,"Pristiophorus schroederi","Pristiophorus schroederi","Elasmobranchii","Pristiophoriformes","Pristiophoridae","Pristiophorus","shark"
"Pristis clavata",32,86.9477543016664,29,65.771373211046,46,15.7574846774028,72,2.40927504878832,-3,14,40,"Pristis clavata","Pristis clavata","Elasmobranchii","Rhinopristiformes","Pristidae","Pristis","ray"
"Pristis pectinata",44,80.9965445166664,35,61.6866140790449,63,13.7078757187059,103,1.92970139992132,-9,19,59,"Pristis pectinata","Pristis pectinata","Elasmobranchii","Rhinopristiformes","Pristidae","Pristis","ray"
"Pristis pristis",21,99.6509217549998,17,71.4723132147287,21,21.6981537926421,86,2.10687157704074,-4,0,65,"Pristis pristis","Pristis pristis","Elasmobranchii","Rhinopristiformes","Pristidae","Pristis","ray"
"Pristis zijsron",43,80.9965445166664,34,61.8045785932074,45,15.8314463929186,62,2.5495802982487,-9,2,19,"Pristis zijsron","Pristis zijsron","Elasmobranchii","Rhinopristiformes","Pristidae","Pristis","ray"
"Proscyllium habereri",192,48.2744146970686,154,41.5923174411738,115,9.35787316066964,289,0.952058864381777,-38,-77,97,"Proscyllium habereri","Proscyllium habereri","Elasmobranchii","Carcharhiniformes","Proscylliidae","Proscyllium","shark"
"Proscyllium magnificum",296,40.8935038530686,365,31.0517743909184,120,9.0973519871092,313,0.805240925673277,69,-176,17,"Proscyllium magnificum","Proscyllium magnificum","Elasmobranchii","Carcharhiniformes","Proscylliidae","Proscyllium","shark"
"Proscyllium venustum",297,40.8935038530686,374,30.6422220918184,121,9.07737353777723,314,0.804312778556725,77,-176,17,"Proscyllium venustum","Proscyllium venustum","Elasmobranchii","Carcharhiniformes","Proscylliidae","Proscyllium","shark"
"Proscymnodon macracanthus",629,27.5773584212744,682,22.2311566684015,398,3.97626467922155,295,0.909435926274639,53,-231,-334,"Proscymnodon macracanthus","Scymnodon macracanthus","Elasmobranchii","Squaliformes","Somniosidae","Proscymnodon","shark"
"Proscymnodon plunketi",628,27.5773584212744,686,22.1017151638792,386,4.0623282627541,299,0.895465663480813,58,-242,-329,"Proscymnodon plunketi","Scymnodon macracanthus","Elasmobranchii","Squaliformes","Somniosidae","Proscymnodon","shark"
"Psammobatis bergi",1005,16.2216831197802,1004,14.3372016706407,1065,0.742285155951408,999,0.208525514444105,-1,60,-6,"Psammobatis bergi","Psammobatis bergi","Elasmobranchii","Rajiformes","Arhynchobatidae","Psammobatis","ray"
"Psammobatis extenta",715,24.8182743506135,660,22.9275506536009,1059,0.75278578605731,1044,0.18913172006569,-55,344,329,"Psammobatis extenta","Psammobatis extenta","Elasmobranchii","Rajiformes","Arhynchobatidae","Psammobatis","ray"
"Psammobatis lentiginosa",864,20.2784262259469,817,18.9458962661487,999,0.837807706997882,1085,0.180291217890747,-47,135,221,"Psammobatis lentiginosa","Psammobatis lentiginosa","Elasmobranchii","Rajiformes","Arhynchobatidae","Psammobatis","ray"
"Psammobatis normani",863,20.2784262259469,835,18.6604203065664,1012,0.81681349734738,1066,0.183814543118627,-28,149,203,"Psammobatis normani","Psammobatis normani","Elasmobranchii","Rajiformes","Arhynchobatidae","Psammobatis","ray"
"Psammobatis parvacauda",875,19.8041094566135,821,18.8420670512691,1075,0.717420613272152,1181,0.148231360166781,-54,200,306,"Psammobatis parvacauda","Psammobatis parvacauda","Elasmobranchii","Rajiformes","Arhynchobatidae","Psammobatis","ray"
"Psammobatis rudis",733,24.2069886139469,680,22.3034694331454,1031,0.792378369848953,1021,0.197633484744654,-53,298,288,"Psammobatis rudis","Psammobatis rudis","Elasmobranchii","Rajiformes","Arhynchobatidae","Psammobatis","ray"
"Psammobatis rutrum",874,19.8041094566135,824,18.7895390793245,1080,0.70520117521002,1169,0.153486760113053,-50,206,295,"Psammobatis rutrum","Psammobatis rutrum","Elasmobranchii","Rajiformes","Arhynchobatidae","Psammobatis","ray"
"Psammobatis scobina",1004,16.2216831197802,1012,14.1487895943234,1064,0.742285155951408,998,0.208525514444105,8,60,-6,"Psammobatis scobina","Psammobatis scobina","Elasmobranchii","Rajiformes","Arhynchobatidae","Psammobatis","ray"
"Pseudocarcharias kamoharai",83,64.8391076849443,75,51.6944273474969,92,11.195601056215,60,2.57229583996497,-8,9,-23,"Pseudocarcharias kamoharai","Pseudocarcharias kamoharai","Elasmobranchii","Lamniformes","Pseudocarchariidae","Pseudocarcharias","shark"
"Pseudoginglymostoma brevicaudatum",19,102.561570455691,15,72.7168712536865,10,26.5696136024982,20,5.0558169922886,-4,-9,1,"Pseudoginglymostoma brevicaudatum","Pseudoginglymostoma brevicaudatum","Elasmobranchii","Orectolobiformes","Ginglymostomatidae","Pseudoginglymostoma","shark"
"Pseudoraja fischeri",641,27.2677503063219,617,24.1940139361982,1001,0.835788878965613,1121,0.169871312804062,-24,360,480,"Pseudoraja fischeri","Pseudoraja fischeri","Elasmobranchii","Rajiformes","Arhynchobatidae","Pseudoraja","ray"
"Pseudotriakis microdon",39,83.0617538090924,26,66.5558529522891,71,12.1853406606202,230,1.22534619805376,-13,32,191,"Pseudotriakis microdon","Pseudotriakis microdon","Elasmobranchii","Carcharhiniformes","Pseudotriakidae","Pseudotriakis","shark"
"Pteromylaeus asperrimus",324,39.6865587531752,318,33.3575150053445,222,6.49722491491624,478,0.481764315328472,-6,-102,154,"Pteromylaeus asperrimus","Aetomylaeus asperrimus","Elasmobranchii","Myliobatiformes","Myliobatidae","Pteromylaeus","ray"
"Pteromylaeus bovinus",323,39.6865587531752,281,34.6684293110792,252,5.86143380331708,503,0.433999191612792,-42,-71,180,"Pteromylaeus bovinus","Aetomylaeus bovinus","Elasmobranchii","Myliobatiformes","Myliobatidae","Pteromylaeus","ray"
"Pteroplatytrygon violacea",217,46.9298047949862,175,40.3300228937857,746,1.90240148109193,588,0.346577912077311,-42,529,371,"Pteroplatytrygon violacea","Pteroplatytrygon violacea","Elasmobranchii","Myliobatiformes","Dasyatidae","Pteroplatytrygon","ray"
"Raja ackleyi",1102,13.03214287558,1095,12.2099144309704,996,0.84124924673261,982,0.214363863170902,-7,-106,-120,"Raja ackleyi","Rostroraja ackleyi","Elasmobranchii","Rajiformes","Rajidae","Raja","ray"
"Raja africana",1084,13.8356206914931,1067,12.8528731206479,1077,0.707323302902788,1140,0.16173487449094,-17,-7,56,"Raja africana","Urogymnus asperrimus","Elasmobranchii","Rajiformes","Rajidae","Raja","ray"
"Raja asterias",592,29.0481980736181,534,26.4359036917532,1047,0.773726444874094,887,0.241124082490972,-58,455,295,"Raja asterias","Raja asterias","Elasmobranchii","Rajiformes","Rajidae","Raja","ray"
"Raja atriventralis",1083,13.8356206914931,1075,12.8125874680069,1068,0.734532427465195,1155,0.159404093643662,-8,-15,72,"Raja atriventralis","Okamejei kenojei","Elasmobranchii","Rajiformes","Rajidae","Raja","ray"
"Raja bahamensis",945,17.9441782436181,912,16.7468514575664,1072,0.72056569998768,1146,0.160638569173555,-33,127,201,"Raja bahamensis","Raja bahamensis","Elasmobranchii","Rajiformes","Rajidae","Raja","ray"
"Raja brachyura",1088,13.7636102659133,1071,12.8352161293915,1018,0.811640357846818,1053,0.186748363738517,-17,-70,-35,"Raja brachyura","Raja brachyura","Elasmobranchii","Rajiformes","Rajidae","Raja","ray"
"Raja cervigoni",1093,13.7189948277332,1091,12.4354524647373,1035,0.787023938739743,811,0.265985622887498,-2,-58,-282,"Raja cervigoni","Rostroraja cervigoni","Elasmobranchii","Rajiformes","Rajidae","Raja","ray"
"Raja chinensis",1089,13.7636102659133,1072,12.8293002990357,1022,0.805285512479769,948,0.225592023427854,-17,-67,-141,"Raja chinensis","Dipturus chinensis","Elasmobranchii","Rajiformes","Rajidae","Raja","ray"
"Raja clavata",1114,12.5020918983314,1106,11.6671871104726,1076,0.716571568175127,1112,0.173812733436317,-8,-38,-2,"Raja clavata","Raja clavata","Elasmobranchii","Rajiformes","Rajidae","Raja","ray"
"Raja cortezensis",1157,10.1980045134981,1159,9.18210914955981,1079,0.706784654708621,1080,0.1811334782674,2,-78,-77,"Raja cortezensis","Caliraja cortezensis","Elasmobranchii","Rajiformes","Rajidae","Raja","ray"
"Raja eglanteria",550,30.0742579462145,611,24.3093294222705,557,2.55787046824861,878,0.242864109370005,61,7,328,"Raja eglanteria","Rostroraja eglanteria","Elasmobranchii","Rajiformes","Rajidae","Raja","ray"
"Raja equatorialis",1132,11.5658825775665,1133,10.3239620713811,1043,0.77780071445392,848,0.249889438928587,1,-89,-284,"Raja equatorialis","Rostroraja equatorialis","Elasmobranchii","Rajiformes","Rajidae","Raja","ray"
"Raja herwigi",1147,10.6772112331665,1147,9.53616989386352,1030,0.796713191045457,831,0.257490401363339,0,-117,-316,"Raja herwigi","Raja herwigi","Elasmobranchii","Rajiformes","Rajidae","Raja","ray"
"Raja inornata",356,38.0419292326825,305,33.7752938904448,1081,0.703208534220164,1004,0.206122511016637,-51,725,648,"Raja inornata","Beringraja inornata","Elasmobranchii","Rajiformes","Rajidae","Raja","ray"
"Raja macrorynchus",1103,13.03214287558,1094,12.2327791520141,1008,0.826419534905315,1103,0.175421497074277,-9,-95,0,"Raja macrorynchus","Dipturus batis","Elasmobranchii","Rajiformes","Rajidae","Raja","ray"
"Raja maderensis",1071,14.3421893033314,1046,13.3367663438667,1101,0.631374341318674,1118,0.170822381156455,-25,30,47,"Raja maderensis","Raja maderensis","Elasmobranchii","Rajiformes","Rajidae","Raja","ray"
"Raja microocellata",841,20.7508031080133,800,19.4336364643135,995,0.841654000144198,1006,0.205660990614934,-41,154,165,"Raja microocellata","Raja microocellata","Elasmobranchii","Rajiformes","Rajidae","Raja","ray"
"Raja miraletus",1018,15.9967828652332,982,14.7702979468227,1000,0.837118497449566,863,0.247537972535613,-36,-18,-155,"Raja miraletus","Raja miraletus","Elasmobranchii","Rajiformes","Rajidae","Raja","ray"
"Raja montagui",667,26.5138781838466,625,24.003470722495,1002,0.835218388226383,1048,0.188517217341722,-42,335,381,"Raja montagui","Raja montagui","Elasmobranchii","Rajiformes","Rajidae","Raja","ray"
"Raja polystigma",1094,13.6461311919981,1077,12.7773987552421,1082,0.69260682255369,1154,0.159777913454882,-17,-12,60,"Raja polystigma","Raja polystigma","Elasmobranchii","Rajiformes","Rajidae","Raja","ray"
"Raja radula",1113,12.5020918983314,1107,11.6552997977616,1083,0.686775349922164,1135,0.165036675149235,-6,-30,22,"Raja radula","Raja radula","Elasmobranchii","Rajiformes","Rajidae","Raja","ray"
"Raja rhina",703,25.3212192656825,674,22.5494360870478,1069,0.731089258732081,1067,0.183488703607795,-29,366,364,"Raja rhina","Beringraja rhina","Elasmobranchii","Rajiformes","Rajidae","Raja","ray"
"Raja rondeleti",1085,13.80353773008,1057,13.0842402481289,991,0.846340542949969,955,0.223711338508161,-28,-94,-130,"Raja rondeleti","Raja rondeleti","Elasmobranchii","Rajiformes","Rajidae","Raja","ray"
"Raja rouxi",1060,14.6572625972332,1040,13.6321643111732,1050,0.771780369960071,897,0.239290769762931,-20,-10,-163,"Raja rouxi","Raja rouxi","Elasmobranchii","Rajiformes","Rajidae","Raja","ray"
"Raja stellulata",702,25.3212192656825,673,22.5759479629262,1071,0.723189877136642,1055,0.18625692881586,-29,369,353,"Raja stellulata","Caliraja stellulata","Elasmobranchii","Rajiformes","Rajidae","Raja","ray"
"Raja straeleni",1156,10.1980045134981,1158,9.19097609651967,1078,0.706784654708621,1079,0.1811334782674,2,-78,-77,"Raja straeleni","Raja straeleni","Elasmobranchii","Rajiformes","Rajidae","Raja","ray"
"Raja texana",1092,13.7189948277332,1086,12.5954519019955,1066,0.738245362272583,819,0.263446291696578,-6,-26,-273,"Raja texana","Rostroraja texana","Elasmobranchii","Rajiformes","Rajidae","Raja","ray"
"Raja undulata",1148,10.6772112331665,1150,9.4731884105192,1038,0.78489154784417,832,0.257490401363339,2,-110,-316,"Raja undulata","Raja undulata","Elasmobranchii","Rajiformes","Rajidae","Raja","ray"
"Raja velezi",549,30.0742579462145,606,24.379570703095,551,2.59031205827996,871,0.245895445579103,57,2,322,"Raja velezi","Rostroraja velezi","Elasmobranchii","Rajiformes","Rajidae","Raja","ray"
"Rajella alia",1140,11.0157531389506,1142,9.88017983649241,1054,0.763607817504166,1045,0.189113697503832,2,-86,-95,NA,NA,NA,NA,NA,NA,"unknown"
"Rajella annandalei",1054,14.9096355820506,1035,13.7013675214296,1060,0.752325291619271,1054,0.186541654659749,-19,6,0,"Rajella annandalei","Rajella annandalei","Elasmobranchii","Rajiformes","Rajidae","Rajella","ray"
"Rajella barnardi",687,25.793692726384,648,23.1886946510135,1036,0.786253539191452,1184,0.145826513538469,-39,349,497,"Rajella barnardi","Rajella barnardi","Elasmobranchii","Rajiformes","Rajidae","Rajella","ray"
"Rajella bathyphila",431,34.3191273214951,406,29.5232318563165,983,0.862635939373432,1119,0.17022661713908,-25,552,688,"Rajella bathyphila","Rajella bathyphila","Elasmobranchii","Rajiformes","Rajidae","Rajella","ray"
"Rajella bigelowi",753,23.6751621806874,689,21.9665440020277,1061,0.751301127302673,1024,0.19698716302209,-64,308,271,"Rajella bigelowi","Rajella bigelowi","Elasmobranchii","Rajiformes","Rajidae","Rajella","ray"
"Rajella caudaspinosa",799,22.1993045226874,760,20.3914544317256,1053,0.764228952291714,1097,0.175983785061833,-39,254,298,"Rajella caudaspinosa","Rajella caudaspinosa","Elasmobranchii","Rajiformes","Rajidae","Rajella","ray"
"Rajella challengeri",752,23.6751631806874,698,21.7488363941153,1015,0.815203804381177,1037,0.190517690958864,-54,263,285,"Rajella challengeri","Rajella challengeri","Elasmobranchii","Rajiformes","Rajidae","Rajella","ray"
"Rajella dissimilis",911,18.8502348308284,871,17.6845637051104,1019,0.811222564085101,1186,0.145209014244829,-40,108,275,"Rajella dissimilis","Rajella dissimilis","Elasmobranchii","Rajiformes","Rajidae","Rajella","ray"
"Rajella eisenhardti",798,22.1993055226874,756,20.4180131562392,1013,0.816621220065704,1096,0.176035224891179,-42,215,298,"Rajella eisenhardti","Rajella eisenhardti","Elasmobranchii","Rajiformes","Rajidae","Rajella","ray"
"Rajella fuliginea",1026,15.860972541884,985,14.7067494023055,1063,0.74375562353393,1113,0.17244281909353,-41,37,87,"Rajella fuliginea","Rajella fuliginea","Elasmobranchii","Rajiformes","Rajidae","Rajella","ray"
"Rajella fyllae",747,23.9629392381874,687,22.0267149036728,982,0.863846912450217,1164,0.156517394484103,-60,235,417,"Rajella fyllae","Rajella fyllae","Elasmobranchii","Rajiformes","Rajidae","Rajella","ray"
"Rajella kukujevi",1027,15.860971541884,988,14.6477349143072,1074,0.71860638406669,1038,0.190228543375721,-39,47,11,"Rajella kukujevi","Rajella kukujevi","Elasmobranchii","Rajiformes","Rajidae","Rajella","ray"
"Rajella leopardus",1028,15.7444669113284,1003,14.3602986653192,1024,0.803207984798184,1179,0.150565406127728,-25,-4,151,"Rajella leopardus","Rajella leopardus","Elasmobranchii","Rajiformes","Rajidae","Rajella","ray"
"Rajella lintea",711,24.902298944284,675,22.5281218374577,1041,0.780807156802582,1094,0.177262152953567,-36,330,383,"Rajella lintea","Rajella lintea","Elasmobranchii","Rajiformes","Rajidae","Rajella","ray"
"Rajella nigerrima",712,24.902298944284,672,22.5822573158589,987,0.861408963788798,1081,0.181057061652489,-40,275,369,"Rajella nigerrima","Rajella nigerrima","Elasmobranchii","Rajiformes","Rajidae","Rajella","ray"
"Rajella purpuriventralis",1029,15.7444669113284,1018,14.0815652911371,1044,0.774906265266895,1120,0.170124892722614,-11,15,91,"Rajella purpuriventralis","Rajella purpuriventralis","Elasmobranchii","Rajiformes","Rajidae","Rajella","ray"
"Rajella ravidula",654,26.789145500284,627,23.9308376229259,1026,0.800945643409266,1069,0.183263772052449,-27,372,415,"Rajella ravidula","Rajella ravidula","Elasmobranchii","Rajiformes","Rajidae","Rajella","ray"
"Rajella sadowskii",1141,11.0157531389506,1141,9.90875820774909,1056,0.75974071825892,1046,0.189113697503832,0,-85,-95,"Rajella sadowskii","Rajella sadowskii","Elasmobranchii","Rajiformes","Rajidae","Rajella","ray"
"Rhina ancylostoma",15,106.454345188761,13,73.2420497988189,14,25.1129108913759,79,2.33076513119926,-2,-1,64,"Rhina ancylostoma","Rhina ancylostomus","Elasmobranchii","Rhinopristiformes","Rhinidae","Rhina","ray"
"Rhincodon typus",209,47.2858722946908,326,32.81222864887,79,11.6699046588725,36,3.59343832647041,117,-130,-173,"Rhincodon typus","Rhincodon typus","Elasmobranchii","Orectolobiformes","Rhincodontidae","Rhincodon","shark"
"Rhinobatos albomaculatus",216,47.0339112279886,205,38.561387176519,245,5.96478702333176,191,1.3357016020891,-11,29,-25,"Rhinobatos albomaculatus","Rhinobatos albomaculatus","Elasmobranchii","Rhinopristiformes","Rhinobatidae","Rhinobatos","ray"
"Rhinobatos annandalei",660,26.6952710872107,799,19.5965105058545,299,5.16621344845166,225,1.23969213682062,139,-361,-435,"Rhinobatos annandalei","Rhinobatos annandalei","Elasmobranchii","Rhinopristiformes","Rhinobatidae","Rhinobatos","ray"
"Rhinobatos formosensis",696,25.5980807220774,724,20.9952104504744,349,4.51725491335776,273,1.00493295646296,28,-347,-423,"Rhinobatos formosensis","Rhinobatos formosensis","Elasmobranchii","Rhinopristiformes","Rhinobatidae","Rhinobatos","ray"
"Rhinobatos glaucostigma",230,45.2721415009887,210,38.1751187622184,224,6.41337723945911,189,1.33834673702818,-20,-6,-41,"Rhinobatos glaucostigma","Pseudobatos glaucostigma","Elasmobranchii","Rhinopristiformes","Rhinobatidae","Rhinobatos","ray"
"Rhinobatos holcorhynchus",126,55.1001698070774,174,40.361884091752,59,13.9658085940696,152,1.55532319603989,48,-67,26,"Rhinobatos holcorhynchus","Rhinobatos holcorhynchus","Elasmobranchii","Rhinopristiformes","Rhinobatidae","Rhinobatos","ray"
"Rhinobatos horkelii",329,39.4641585141553,320,33.1897330233367,236,6.15496394088109,250,1.14772761786815,-9,-93,-79,"Rhinobatos horkelii","Pseudobatos horkelii","Elasmobranchii","Rhinopristiformes","Rhinobatidae","Rhinobatos","ray"
"Rhinobatos hynnicephalus",630,27.4539301010774,647,23.2241207303158,329,4.78120048589611,274,1.00205109174162,17,-301,-356,"Rhinobatos hynnicephalus","Rhinobatos hynnicephalus","Elasmobranchii","Rhinopristiformes","Rhinobatidae","Rhinobatos","ray"
"Rhinobatos irvinei",221,46.641666060125,225,37.5769833939589,160,7.60807317094687,254,1.13585087446201,4,-61,33,"Rhinobatos irvinei","Rhinobatos irvinei","Elasmobranchii","Rhinopristiformes","Rhinobatidae","Rhinobatos","ray"
"Rhinobatos jimbaranensis",125,55.1001698070774,160,41.3617758242993,56,14.102222025908,147,1.5895618929795,35,-69,22,"Rhinobatos jimbaranensis","Rhinobatos jimbaranensis","Elasmobranchii","Rhinopristiformes","Rhinobatidae","Rhinobatos","ray"
"Rhinobatos lentiginosus",222,46.641666060125,218,37.8392899454402,129,8.81373974183373,232,1.21215388241379,-4,-93,10,"Rhinobatos lentiginosus","Pseudobatos lentiginosus","Elasmobranchii","Rhinopristiformes","Rhinobatidae","Rhinobatos","ray"
"Rhinobatos leucorhynchus",253,44.103315850322,211,38.1526212601282,300,5.15708117156128,174,1.41477457080919,-42,47,-79,"Rhinobatos leucorhynchus","Pseudobatos leucorhynchus","Elasmobranchii","Rhinopristiformes","Rhinobatidae","Rhinobatos","ray"
"Rhinobatos lionotus",186,48.5220197345774,157,41.5188572809083,339,4.6615734261197,192,1.33332439705995,-29,153,6,"Rhinobatos lionotus","Rhinobatos lionotus","Elasmobranchii","Rhinopristiformes","Rhinobatidae","Rhinobatos","ray"
"Rhinobatos nudidorsalis",593,28.9586627039107,653,23.0836257416649,275,5.5736679025624,177,1.40370879749125,60,-318,-416,"Rhinobatos nudidorsalis","Rhinobatos nudidorsalis","Elasmobranchii","Rhinopristiformes","Rhinobatidae","Rhinobatos","ray"
"Rhinobatos penggali",38,84.0319811630774,30,65.4404213465185,28,18.8862373363017,74,2.39646993654373,-8,-10,36,"Rhinobatos penggali","Rhinobatos penggali","Elasmobranchii","Rhinopristiformes","Rhinobatidae","Rhinobatos","ray"
"Rhinobatos percellens",342,38.7525348091553,363,31.0891411722276,206,6.73369566853522,187,1.35138333967725,21,-136,-155,"Rhinobatos percellens","Pseudobatos percellens","Elasmobranchii","Rhinopristiformes","Rhinobatidae","Rhinobatos","ray"
"Rhinobatos planiceps",251,44.1182673551553,191,39.0392219899868,197,6.88672878636744,197,1.31975577153539,-60,-54,-54,"Rhinobatos planiceps","Pseudobatos planiceps","Elasmobranchii","Rhinopristiformes","Rhinobatidae","Rhinobatos","ray"
"Rhinobatos prahli",518,30.9883044195774,541,26.2174117005213,301,5.1564484275666,217,1.25976980826628,23,-217,-301,"Rhinobatos prahli","Pseudobatos prahli","Elasmobranchii","Rhinopristiformes","Rhinobatidae","Rhinobatos","ray"
"Rhinobatos productus",252,44.103315850322,228,37.4895766339061,265,5.68463363174097,172,1.41673940715911,-24,13,-80,"Rhinobatos productus","Pseudobatos productus","Elasmobranchii","Rhinopristiformes","Rhinobatidae","Rhinobatos","ray"
"Rhinobatos punctifer",409,34.9567720830774,434,28.8934381668638,344,4.61960425518068,268,1.03576498120216,25,-65,-141,"Rhinobatos punctifer","Rhinobatos punctifer","Elasmobranchii","Rhinopristiformes","Rhinobatidae","Rhinobatos","ray"
"Rhinobatos rhinobatos",517,30.9883054195774,552,25.6785604508576,309,5.00224155146597,208,1.28598844514433,35,-208,-309,"Rhinobatos rhinobatos","Rhinobatos rhinobatos","Elasmobranchii","Rhinopristiformes","Rhinobatidae","Rhinobatos","ray"
"Rhinobatos sainsburyi",341,38.7525348091553,350,31.8787847351693,199,6.84349169742993,201,1.3053126579457,9,-142,-140,"Rhinobatos sainsburyi","Rhinobatos sainsburyi","Elasmobranchii","Rhinopristiformes","Rhinobatidae","Rhinobatos","ray"
"Rhinobatos schlegelii",695,25.5980807220774,736,20.6945503941196,359,4.34764057044051,267,1.04129013207371,41,-336,-428,"Rhinobatos schlegelii","Rhinobatos schlegelii","Elasmobranchii","Rhinopristiformes","Rhinobatidae","Rhinobatos","ray"
"Rhinochimaera africana",179,48.995294337646,256,35.9395117593857,97,10.6519308558609,44,3.32333327563705,77,-82,-135,"Rhinochimaera africana","Rhinochimaera africana","Holocephali","Chimaeriformes","Rhinochimaeridae","Rhinochimaera","chimaera"
"Rhinochimaera atlantica",180,48.995294337646,237,36.8220066214625,101,10.3981235093778,41,3.42177891589439,57,-79,-139,"Rhinochimaera atlantica","Rhinochimaera atlantica","Holocephali","Chimaeriformes","Rhinochimaeridae","Rhinochimaera","chimaera"
"Rhinochimaera pacifica",111,57.744255677646,80,50.3983336052611,82,11.5996742951225,35,3.61273493717252,-31,-29,-76,"Rhinochimaera pacifica","Rhinochimaera pacifica","Holocephali","Chimaeriformes","Rhinochimaeridae","Rhinochimaera","chimaera"
"Rhinoptera adspersa",984,16.8882187648441,999,14.4268531823874,642,2.19558083793039,521,0.401176555932127,15,-342,-463,"Rhinoptera adspersa","Rhinoptera javanica","Elasmobranchii","Myliobatiformes","Rhinopteridae","Rhinoptera","ray"
"Rhinoptera bonasus",289,41.2699014251346,240,36.6729944673354,580,2.42442596961701,508,0.418063684008255,-49,291,219,"Rhinoptera bonasus","Rhinoptera bonasus","Elasmobranchii","Myliobatiformes","Rhinopteridae","Rhinoptera","ray"
"Rhinoptera brasiliensis",791,22.4546647630108,773,20.1485784432031,649,2.18061981926624,546,0.377527265851469,-18,-142,-245,"Rhinoptera brasiliensis","Rhinoptera brasiliensis","Elasmobranchii","Myliobatiformes","Rhinopteridae","Rhinoptera","ray"
"Rhinoptera hainanensis",548,30.075440765968,496,27.3328896457979,633,2.23927156431571,496,0.448042535439277,-52,85,-52,NA,NA,NA,NA,NA,NA,"unknown"
"Rhinoptera javanica",983,16.8882197648441,1006,14.3056383255416,611,2.28960047657029,525,0.397925335048626,23,-372,-458,"Rhinoptera javanica","Rhinoptera javanica","Elasmobranchii","Myliobatiformes","Rhinopteridae","Rhinoptera","ray"
"Rhinoptera jayakari",318,40.1447566161346,288,34.2482604792287,640,2.2039588632929,497,0.447932597720958,-30,322,179,"Rhinoptera jayakari","Rhinoptera jayakari","Elasmobranchii","Myliobatiformes","Rhinopteridae","Rhinoptera","ray"
"Rhinoptera marginata",914,18.8142855941108,927,16.3383137028726,627,2.24752885819356,512,0.411050889314312,13,-287,-402,"Rhinoptera marginata","Rhinoptera marginata","Elasmobranchii","Myliobatiformes","Rhinopteridae","Rhinoptera","ray"
"Rhinoptera neglecta",942,18.0543833968441,960,15.4502946540749,664,2.13573759184277,519,0.403447612111811,18,-278,-423,"Rhinoptera neglecta","Rhinoptera neglecta","Elasmobranchii","Myliobatiformes","Rhinopteridae","Rhinoptera","ray"
"Rhinoptera peli",792,22.4546647630108,775,20.0326696210325,632,2.24233785666717,559,0.366563239116455,-17,-160,-233,"Rhinoptera peli","Rhinoptera marginata","Elasmobranchii","Myliobatiformes","Rhinopteridae","Rhinoptera","ray"
"Rhinoptera sewelli",913,18.8142855941108,925,16.349021926282,631,2.24265584278532,511,0.411050889314312,12,-282,-402,"Rhinoptera sewelli","Rhinoptera jayakari","Elasmobranchii","Myliobatiformes","Rhinopteridae","Rhinoptera","ray"
"Rhinoptera steindachneri",319,40.1447566161346,249,36.1776192228375,594,2.35005052094427,516,0.408463333211689,-70,275,197,"Rhinoptera steindachneri","Rhinoptera steindachneri","Elasmobranchii","Myliobatiformes","Rhinopteridae","Rhinoptera","ray"
"Rhinoraja albomaculata",1149,10.6409953106106,1148,9.52888604652528,1135,0.595251058801717,1043,0.189348765408155,-1,-14,-106,"Rhinoraja albomaculata","Bathyraja albomaculata","Elasmobranchii","Rajiformes","Arhynchobatidae","Rhinoraja","ray"
"Rhinoraja kujiensis",1134,11.5367534725649,1128,10.4888963778651,1191,0.525651631044745,1158,0.159198705749342,-6,57,24,"Rhinoraja kujiensis","Rhinoraja kujiensis","Elasmobranchii","Rajiformes","Arhynchobatidae","Rhinoraja","ray"
"Rhinoraja longicauda",1129,11.59126594863,1127,10.505155894076,1189,0.531545179891175,1068,0.183345119795035,-2,60,-61,"Rhinoraja longicauda","Rhinoraja longicauda","Elasmobranchii","Rajiformes","Arhynchobatidae","Rhinoraja","ray"
"Rhinoraja macloviana",1150,10.6409953106106,1144,9.71264615522534,1139,0.591726448507524,1060,0.184842000070736,-6,-11,-90,"Rhinoraja macloviana","Bathyraja macloviana","Elasmobranchii","Rajiformes","Arhynchobatidae","Rhinoraja","ray"
"Rhinoraja magellanica",1167,9.52286404824944,1167,8.67877801270745,1117,0.609456416105573,1148,0.160550041781476,0,-50,-19,"Rhinoraja magellanica","Bathyraja magellanica","Elasmobranchii","Rajiformes","Arhynchobatidae","Rhinoraja","ray"
"Rhinoraja multispinis",1128,11.59126694863,1130,10.3733544032977,1190,0.528369181368745,1102,0.175431668351575,2,62,-26,"Rhinoraja multispinis","Bathyraja multispinis","Elasmobranchii","Rajiformes","Arhynchobatidae","Rhinoraja","ray"
"Rhinoraja murrayi",1152,10.3924197897494,1151,9.45125966671293,1096,0.635172521248644,1093,0.177362235666627,-1,-56,-59,"Rhinoraja murrayi","Bathyraja murrayi","Elasmobranchii","Rajiformes","Arhynchobatidae","Rhinoraja","ray"
"Rhinoraja odai",1184,8.70443059219944,1181,7.80903836383879,1103,0.623939598496544,1107,0.17507575104105,-3,-81,-77,"Rhinoraja odai","Rhinoraja odai","Elasmobranchii","Rajiformes","Arhynchobatidae","Rhinoraja","ray"
"Rhinoraja taranetzi",1181,8.74866976717801,1179,7.9762414885096,1128,0.598290861600451,1156,0.159359658148109,-2,-53,-25,"Rhinoraja taranetzi","Bathyraja taranetzi","Elasmobranchii","Rajiformes","Arhynchobatidae","Rhinoraja","ray"
"Rhizoprionodon acutus",497,31.7016922046556,425,29.0651617825808,797,1.76006182339637,971,0.218047254039139,-72,300,474,"Rhizoprionodon acutus","Rhizoprionodon acutus","Elasmobranchii","Carcharhiniformes","Carcharhinidae","Rhizoprionodon","shark"
"Rhizoprionodon lalandii",596,28.7455775081556,554,25.6735421660135,828,1.64454706432982,899,0.238756749313496,-42,232,303,"Rhizoprionodon lalandii","Rhizoprionodon lalandii","Elasmobranchii","Carcharhiniformes","Carcharhinidae","Rhizoprionodon","shark"
"Rhizoprionodon longurio",595,28.7455775081556,504,27.1561415980844,817,1.68371839038239,823,0.262373122287226,-91,222,228,"Rhizoprionodon longurio","Rhizoprionodon longurio","Elasmobranchii","Carcharhiniformes","Carcharhinidae","Rhizoprionodon","shark"
"Rhizoprionodon oligolinx",464,33.0532421661556,402,29.6411327796066,845,1.57943428975083,931,0.230956911039198,-62,381,467,"Rhizoprionodon oligolinx","Rhizoprionodon oligolinx","Elasmobranchii","Carcharhiniformes","Carcharhinidae","Rhizoprionodon","shark"
"Rhizoprionodon porosus",736,24.2012212141556,711,21.3822578750892,859,1.52806633167498,824,0.261557191904229,-25,123,88,"Rhizoprionodon porosus","Rhizoprionodon porosus","Elasmobranchii","Carcharhiniformes","Carcharhinidae","Rhizoprionodon","shark"
"Rhizoprionodon taylori",498,31.7016922046556,432,28.9450545514424,827,1.64527161937922,994,0.21024593357556,-66,329,496,"Rhizoprionodon taylori","Rhizoprionodon taylori","Elasmobranchii","Carcharhiniformes","Carcharhinidae","Rhizoprionodon","shark"
"Rhizoprionodon terraenovae",735,24.2012212141556,719,21.2071193604848,848,1.57308206158572,808,0.267212469153592,-16,113,73,"Rhizoprionodon terraenovae","Rhizoprionodon terraenovae","Elasmobranchii","Carcharhiniformes","Carcharhinidae","Rhizoprionodon","shark"
"Rhynchobatus australiae",459,33.1988106082613,562,25.4101351017786,165,7.56032190509327,209,1.28518919507824,103,-294,-250,"Rhynchobatus australiae","Rhynchobatus australiae","Elasmobranchii","Rhinopristiformes","Rhinidae","Rhynchobatus","ray"
"Rhynchobatus djiddensis",458,33.1988106082613,594,24.7757302037016,161,7.60638480039747,181,1.37776362415922,136,-297,-277,"Rhynchobatus djiddensis","Rhynchobatus djiddensis","Elasmobranchii","Rhinopristiformes","Rhinidae","Rhynchobatus","ray"
"Rhynchobatus laevis",535,30.5125648162613,694,21.8542547587012,201,6.79747858828306,231,1.22088960432271,159,-334,-304,"Rhynchobatus laevis","Rhynchobatus laevis","Elasmobranchii","Rhinopristiformes","Rhinidae","Rhynchobatus","ray"
"Rhynchobatus luebberti",380,36.9621576487613,438,28.7602960300996,167,7.50400551602585,215,1.26601055899668,58,-213,-165,"Rhynchobatus luebberti","Rhynchobatus luebberti","Elasmobranchii","Rhinopristiformes","Rhinidae","Rhynchobatus","ray"
"Rhynchobatus palpebratus",428,34.4274788237613,480,27.6358648990832,188,6.97830763957992,252,1.13746934014667,52,-240,-176,"Rhynchobatus palpebratus","Rhynchobatus palpebratus","Elasmobranchii","Rhinopristiformes","Rhinidae","Rhynchobatus","ray"
"Rhynchobatus springeri",536,30.5125648162613,683,22.199917942215,203,6.75868202764643,228,1.22744832698852,147,-333,-308,"Rhynchobatus springeri","Rhynchobatus springeri","Elasmobranchii","Rhinopristiformes","Rhinidae","Rhynchobatus","ray"
"Rioraja agassizii",369,37.5367941348146,334,32.5278293490464,1006,0.829587587262327,1185,0.145391612261778,-35,637,816,"Rioraja agassizii","Rioraja agassizii","Elasmobranchii","Rajiformes","Arhynchobatidae","Rioraja","ray"
"Rostroraja alba",203,47.4490094775145,142,42.6052575909738,517,2.8356452927824,849,0.249844139008243,-61,314,646,"Rostroraja alba","Rostroraja alba","Elasmobranchii","Rajiformes","Rajidae","Rostroraja","ray"
"Schroederichthys bivius",74,69.1504819363045,125,43.90895885797,38,16.8391933811707,56,2.62519178069606,51,-36,-18,"Schroederichthys bivius","Schroederichthys bivius","Elasmobranchii","Carcharhiniformes","Scyliorhinidae","Schroederichthys","shark"
"Schroederichthys chilensis",155,50.8726572528545,304,33.7763912497201,80,11.6493184602989,102,1.96109376217332,149,-75,-53,"Schroederichthys chilensis","Schroederichthys chilensis","Elasmobranchii","Carcharhiniformes","Scyliorhinidae","Schroederichthys","shark"
"Schroederichthys maculatus",151,51.3104668343045,306,33.7589303962871,69,12.4748285907475,94,2.03064612605799,155,-82,-57,"Schroederichthys maculatus","Schroederichthys maculatus","Elasmobranchii","Carcharhiniformes","Scyliorhinidae","Schroederichthys","shark"
"Schroederichthys saurisqualus",154,50.8726572528545,302,33.8309846445504,77,11.756782503516,112,1.81758538042913,148,-77,-42,"Schroederichthys saurisqualus","Schroederichthys saurisqualus","Elasmobranchii","Carcharhiniformes","Scyliorhinidae","Schroederichthys","shark"
"Schroederichthys tenuis",75,69.1504819363045,101,47.2272981653758,35,17.4545257689736,49,2.94563525081359,26,-40,-26,"Schroederichthys tenuis","Schroederichthys tenuis","Elasmobranchii","Carcharhiniformes","Scyliorhinidae","Schroederichthys","shark"
"Scoliodon laticaudus",392,36.3840230406318,341,32.3363813106018,812,1.7012638875225,828,0.25828801117277,-51,420,436,"Scoliodon laticaudus","Scoliodon laticaudus","Elasmobranchii","Carcharhiniformes","Carcharhinidae","Scoliodon","shark"
"Scoliodon macrorhynchos",391,36.3840230406318,427,29.0323664981642,814,1.69392862198695,834,0.255555719902201,36,423,443,"Scoliodon macrorhynchos","Scoliodon macrorhynchos","Elasmobranchii","Carcharhiniformes","Carcharhinidae","Scoliodon","shark"
"Scyliorhinus besnardi",500,31.5403761645787,460,28.2983644918306,644,2.18475887576023,368,0.696776948790587,-40,144,-132,"Scyliorhinus besnardi","Scyliorhinus besnardi","Elasmobranchii","Carcharhiniformes","Scyliorhinidae","Scyliorhinus","shark"
"Scyliorhinus boa",781,22.955298453912,730,20.878751767626,766,1.85200325039462,385,0.671561787524498,-51,-15,-396,"Scyliorhinus boa","Scyliorhinus boa","Elasmobranchii","Carcharhiniformes","Scyliorhinidae","Scyliorhinus","shark"
"Scyliorhinus canicula",533,30.5283938439636,502,27.2135620095747,468,3.3026082151985,315,0.79651711641692,-31,-65,-218,"Scyliorhinus canicula","Scyliorhinus canicula","Elasmobranchii","Carcharhiniformes","Scyliorhinidae","Scyliorhinus","shark"
"Scyliorhinus capensis",258,43.8131254319636,223,37.6969622555686,433,3.59553398672782,301,0.862503446184894,-35,175,43,"Scyliorhinus capensis","Scyliorhinus capensis","Elasmobranchii","Carcharhiniformes","Scyliorhinidae","Scyliorhinus","shark"
"Scyliorhinus cervigoni",709,24.9349777219636,704,21.5525397968726,451,3.41938690428109,387,0.670109659673064,-5,-258,-322,"Scyliorhinus cervigoni","Scyliorhinus cervigoni","Elasmobranchii","Carcharhiniformes","Scyliorhinidae","Scyliorhinus","shark"
"Scyliorhinus comoroensis",612,28.247670054912,566,25.3911297435503,695,2.05789735134261,331,0.75097379852164,-46,83,-281,"Scyliorhinus comoroensis","Scyliorhinus comoroensis","Elasmobranchii","Carcharhiniformes","Scyliorhinidae","Scyliorhinus","shark"
"Scyliorhinus garmani",692,25.741436500412,663,22.8462469959666,778,1.8176503945128,377,0.681170766971229,-29,86,-315,"Scyliorhinus garmani","Scyliorhinus garmani","Elasmobranchii","Carcharhiniformes","Scyliorhinidae","Scyliorhinus","shark"
"Scyliorhinus haeckelii",742,24.1016976874636,745,20.5831108406823,481,3.19181696787816,300,0.884979922582884,3,-261,-442,"Scyliorhinus haeckelii","Scyliorhinus haeckelii","Elasmobranchii","Carcharhiniformes","Scyliorhinidae","Scyliorhinus","shark"
"Scyliorhinus hesperius",265,43.0520270995787,248,36.2337284030744,626,2.24837528521399,361,0.706023744240406,-17,361,96,"Scyliorhinus hesperius","Scyliorhinus hesperius","Elasmobranchii","Carcharhiniformes","Scyliorhinidae","Scyliorhinus","shark"
"Scyliorhinus meadi",780,22.955298453912,777,19.9525452162232,747,1.90204398265745,386,0.670507600497828,-3,-33,-394,"Scyliorhinus meadi","Scyliorhinus meadi","Elasmobranchii","Carcharhiniformes","Scyliorhinidae","Scyliorhinus","shark"
"Scyliorhinus retifer",710,24.9349777219636,676,22.4602414112877,457,3.37175138237144,396,0.651854647161909,-34,-253,-314,"Scyliorhinus retifer","Scyliorhinus retifer","Elasmobranchii","Carcharhiniformes","Scyliorhinidae","Scyliorhinus","shark"
"Scyliorhinus stellaris",534,30.5283938439636,526,26.6252994651647,432,3.61879068505354,346,0.727730096977023,-8,-102,-188,"Scyliorhinus stellaris","Scyliorhinus stellaris","Elasmobranchii","Carcharhiniformes","Scyliorhinidae","Scyliorhinus","shark"
"Scyliorhinus tokubee",693,25.741436500412,656,23.039486040047,791,1.78707767632401,348,0.725743475945028,-37,98,-345,"Scyliorhinus tokubee","Scyliorhinus torazame","Elasmobranchii","Carcharhiniformes","Scyliorhinidae","Scyliorhinus","shark"
"Scyliorhinus torazame",501,31.5403761645787,458,28.3162175778034,604,2.31345648044437,369,0.696156276183341,-43,103,-132,"Scyliorhinus torazame","Scyliorhinus torazame","Elasmobranchii","Carcharhiniformes","Scyliorhinidae","Scyliorhinus","shark"
"Scyliorhinus torrei",741,24.1016976874636,727,20.8941534346354,485,3.17531297834352,304,0.857195425103338,-14,-256,-437,"Scyliorhinus torrei","Scyliorhinus torrei","Elasmobranchii","Carcharhiniformes","Scyliorhinidae","Scyliorhinus","shark"
"Scylliogaleus quecketti",277,42.1107027023628,245,36.4756414496469,719,1.98877088676966,963,0.220631088045715,-32,442,686,"Scylliogaleus quecketti","Scylliogaleus quecketti","Elasmobranchii","Carcharhiniformes","Triakidae","Scylliogaleus","shark"
"Scymnodalatias albicauda",358,37.9058603525744,333,32.5878457376733,337,4.68299662765657,288,0.953357474658565,-25,-21,-70,"Scymnodalatias albicauda","Scymnodalatias albicauda","Elasmobranchii","Squaliformes","Somniosidae","Scymnodalatias","shark"
"Scymnodalatias garricki",171,49.5757120810744,145,42.4153965301198,362,4.3279286127938,290,0.946559663671639,-26,191,119,"Scymnodalatias garricki","Scymnodalatias garricki","Elasmobranchii","Squaliformes","Somniosidae","Scymnodalatias","shark"
"Scymnodalatias oligodon",172,49.5757120810744,167,40.8512345851882,381,4.1092857765456,303,0.857468774362147,-5,209,131,"Scymnodalatias oligodon","Scymnodalatias oligodon","Elasmobranchii","Squaliformes","Somniosidae","Scymnodalatias","shark"
"Scymnodalatias sherwoodi",357,37.9058603525744,349,31.9209197851414,356,4.3658516876167,287,0.954441731383457,-8,-1,-70,"Scymnodalatias sherwoodi","Scymnodalatias sherwoodi","Elasmobranchii","Squaliformes","Somniosidae","Scymnodalatias","shark"
"Scymnodon ringens",204,47.3635179802744,206,38.4548230631753,405,3.86308758861858,276,0.989923731937119,2,201,72,"Scymnodon ringens","Scymnodon ringens","Elasmobranchii","Squaliformes","Somniosidae","Scymnodon","shark"
"Sinobatis borneensis",90,61.8070590465858,77,51.4417191276317,109,9.73004280903783,113,1.81484176721943,-13,19,23,"Sinobatis borneensis","Sinobatis borneensis","Elasmobranchii","Rajiformes","Anacanthobatidae","Sinobatis","ray"
"Sinobatis bulbicauda",237,45.0422554535858,257,35.9217711637998,133,8.592842565798,278,0.982230528112904,20,-104,41,"Sinobatis bulbicauda","Sinobatis bulbicauda","Elasmobranchii","Rajiformes","Anacanthobatidae","Sinobatis","ray"
"Sinobatis caerulea",58,73.3855284915858,55,56.3406798583437,94,11.0084586637786,502,0.435867109413861,-3,36,444,"Sinobatis caerulea","Sinobatis caerulea","Elasmobranchii","Rajiformes","Anacanthobatidae","Sinobatis","ray"
"Sinobatis filicauda",236,45.0422554535858,292,34.0264889974729,134,8.55359305338047,286,0.964928569320695,56,-102,50,"Sinobatis filicauda","Sinobatis filicauda","Elasmobranchii","Rajiformes","Anacanthobatidae","Sinobatis","ray"
"Sinobatis melanosoma",57,73.3855284915858,41,59.830576686121,95,10.9131563091538,431,0.59951002455944,-16,38,374,"Sinobatis melanosoma","Sinobatis melanosoma","Elasmobranchii","Rajiformes","Anacanthobatidae","Sinobatis","ray"
"Somniosus antarcticus",344,38.4673616202366,589,24.8918435701621,132,8.66914692375748,134,1.6705901070263,245,-212,-210,"Somniosus antarcticus","Somniosus antarcticus","Elasmobranchii","Squaliformes","Somniosidae","Somniosus","shark"
"Somniosus longus",178,49.1125545417366,199,38.6853394009053,138,8.37336185953637,101,1.96208530195123,21,-40,-77,"Somniosus longus","Somniosus longus","Elasmobranchii","Squaliformes","Somniosidae","Somniosus","shark"
"Somniosus microcephalus",295,40.9001215037366,518,26.7407344174606,130,8.78292145640408,120,1.73463057020726,223,-165,-175,"Somniosus microcephalus","Somniosus microcephalus","Elasmobranchii","Squaliformes","Somniosidae","Somniosus","shark"
"Somniosus pacificus",345,38.4673616202366,603,24.5111901462873,136,8.46447764644067,125,1.7165229878911,258,-209,-220,"Somniosus pacificus","Somniosus pacificus","Elasmobranchii","Squaliformes","Somniosidae","Somniosus","shark"
"Somniosus rostratus",177,49.1125545417366,260,35.7400337342176,123,9.03226630548588,93,2.04417781786921,83,-54,-84,"Somniosus rostratus","Somniosus rostratus","Elasmobranchii","Squaliformes","Somniosidae","Somniosus","shark"
"Sphyrna corona",465,33.0258374841917,399,29.7065757604448,618,2.27645380973735,840,0.252529126022355,-66,153,375,"Sphyrna corona","Sphyrna corona","Elasmobranchii","Carcharhiniformes","Sphyrnidae","Sphyrna","shark"
"Sphyrna lewini",281,42.0618820516917,238,36.6977739540538,535,2.66550243720663,861,0.247770646930497,-43,254,580,"Sphyrna lewini","Sphyrna lewini","Elasmobranchii","Carcharhiniformes","Sphyrnidae","Sphyrna","shark"
"Sphyrna media",639,27.2788103888583,608,24.3535515963173,701,2.04152423777812,885,0.241189167091178,-31,62,246,"Sphyrna media","Sphyrna media","Elasmobranchii","Carcharhiniformes","Sphyrnidae","Sphyrna","shark"
"Sphyrna mokarran",142,52.7400314584583,136,42.8312974597653,552,2.5829909670296,860,0.247958926502456,-6,410,718,"Sphyrna mokarran","Sphyrna mokarran","Elasmobranchii","Carcharhiniformes","Sphyrnidae","Sphyrna","shark"
"Sphyrna tiburo",585,29.2516563788583,558,25.5858340135442,683,2.08523960136268,829,0.258166534394102,-27,98,244,"Sphyrna tiburo","Sphyrna tiburo","Elasmobranchii","Carcharhiniformes","Sphyrnidae","Sphyrna","shark"
"Sphyrna tudes",638,27.2788103888583,598,24.5846939080614,721,1.98690373698932,853,0.249146520152854,-40,83,215,"Sphyrna tudes","Sphyrna tudes","Elasmobranchii","Carcharhiniformes","Sphyrnidae","Sphyrna","shark"
"Sphyrna zygaena",173,49.3956640752917,165,40.9668393622589,525,2.76958134016526,820,0.263083597490823,-8,352,647,"Sphyrna zygaena","Sphyrna zygaena","Elasmobranchii","Carcharhiniformes","Sphyrnidae","Sphyrna","shark"
"Spiniraja whitleyi",1135,11.3178162500314,1136,10.1757210112097,1095,0.637680843032404,1076,0.181641739255545,1,-40,-59,"Spiniraja whitleyi","Spiniraja whitleyi","Elasmobranchii","Rajiformes","Rajidae","Spiniraja","ray"
"Squaliolus aliae",272,42.5764439329094,322,33.0487246459924,148,8.1597943893177,257,1.12542170363333,50,-124,-15,"Squaliolus aliae","Squaliolus aliae","Elasmobranchii","Squaliformes","Dalatiidae","Squaliolus","shark"
"Squaliolus laticaudus",52,76.2863177258094,40,60.3869965954525,91,11.2317144278317,203,1.29471825388249,-12,39,151,"Squaliolus laticaudus","Squaliolus laticaudus","Elasmobranchii","Squaliformes","Dalatiidae","Squaliolus","shark"
"Squalus acanthias",499,31.5959549923475,536,26.4009896926318,351,4.49782028792269,335,0.740193115888774,37,-148,-164,"Squalus acanthias","Squalus acanthias","Elasmobranchii","Squaliformes","Squalidae","Squalus","shark"
"Squalus albifrons",706,25.0925425818474,692,21.8635762520538,458,3.36448051632957,426,0.605680249998199,-14,-248,-280,"Squalus albifrons","Squalus albifrons","Elasmobranchii","Squaliformes","Squalidae","Squalus","shark"
"Squalus altipinnis",488,32.2511534936808,528,26.5986180459466,368,4.25949535392731,383,0.672689859055749,40,-120,-105,"Squalus altipinnis","Squalus altipinnis","Elasmobranchii","Squaliformes","Squalidae","Squalus","shark"
"Squalus blainville",978,17.0551483275691,995,14.4818771226891,558,2.55526942507437,446,0.575550001888389,17,-420,-532,"Squalus blainville","Squalus blainville","Elasmobranchii","Squaliformes","Squalidae","Squalus","shark"
"Squalus brevirostris",606,28.4484931573474,547,25.861755861916,476,3.22049888489795,406,0.62937101755529,-59,-130,-200,"Squalus brevirostris","Squalus brevirostris","Elasmobranchii","Squaliformes","Squalidae","Squalus","shark"
"Squalus bucephalus",309,40.5267314562358,299,33.8462839350316,563,2.52660823454766,424,0.607809917341951,-10,254,115,"Squalus bucephalus","Squalus bucephalus","Elasmobranchii","Squaliformes","Squalidae","Squalus","shark"
"Squalus chloroculus",1033,15.3957237893724,1081,12.7303659823022,540,2.62889460376473,433,0.59664165538267,48,-493,-600,"Squalus chloroculus","Squalus chloroculus","Elasmobranchii","Squaliformes","Squalidae","Squalus","shark"
"Squalus crassispinus",683,25.9015541475691,652,23.0852965371008,560,2.54820393749098,411,0.624360702150028,-31,-123,-272,"Squalus crassispinus","Squalus crassispinus","Elasmobranchii","Squaliformes","Squalidae","Squalus","shark"
"Squalus cubensis",776,23.0126263244058,770,20.1988898181365,592,2.3633986382272,428,0.601797356989411,-6,-184,-348,"Squalus cubensis","Squalus cubensis","Elasmobranchii","Squaliformes","Squalidae","Squalus","shark"
"Squalus edmundsi",857,20.4175347710691,854,18.2125106197524,573,2.48681309564799,436,0.594335554273467,-3,-284,-421,"Squalus edmundsi","Squalus edmundsi","Elasmobranchii","Squaliformes","Squalidae","Squalus","shark"
"Squalus formosus",854,20.4847178115691,866,17.8945480118112,553,2.57979268926581,438,0.592093248086883,12,-301,-416,"Squalus formosus","Squalus formosus","Elasmobranchii","Squaliformes","Squalidae","Squalus","shark"
"Squalus grahami",732,24.2952881638058,690,21.9465015434626,569,2.50180389062338,441,0.586578568176185,-42,-163,-291,"Squalus grahami","Squalus grahami","Elasmobranchii","Squaliformes","Squalidae","Squalus","shark"
"Squalus griffini",408,34.9663428681808,359,31.2092139095734,365,4.28077962701922,336,0.73906723580477,-49,-43,-72,"Squalus griffini","Squalus griffini","Elasmobranchii","Squaliformes","Squalidae","Squalus","shark"
"Squalus hemipinnis",858,20.4175347710691,860,18.0374188095348,605,2.3125641221029,421,0.611253701377176,2,-253,-437,"Squalus hemipinnis","Squalus hemipinnis","Elasmobranchii","Squaliformes","Squalidae","Squalus","shark"
"Squalus japonicus",931,18.3317605755691,954,15.5424580636666,545,2.61294747575009,400,0.640912046109717,23,-386,-531,"Squalus japonicus","Squalus japonicus","Elasmobranchii","Squaliformes","Squalidae","Squalus","shark"
"Squalus lalannei",853,20.4847178115691,869,17.7543374984069,567,2.51587747974818,432,0.599086812660523,16,-286,-421,"Squalus lalannei","Squalus lalannei","Elasmobranchii","Squaliformes","Squalidae","Squalus","shark"
"Squalus megalops",291,41.0074430506808,251,36.0611901714558,431,3.63492526261062,323,0.758746871231587,-40,140,32,"Squalus megalops","Squalus megalops","Elasmobranchii","Squaliformes","Squalidae","Squalus","shark"
"Squalus melanurus",705,25.0925425818474,670,22.6460650534381,437,3.53181845882183,410,0.624439852732965,-35,-268,-295,"Squalus melanurus","Squalus melanurus","Elasmobranchii","Squaliformes","Squalidae","Squalus","shark"
"Squalus mitsukurii",833,21.0095904574058,843,18.3871708227411,555,2.57645638612796,430,0.60047784642221,10,-278,-403,"Squalus mitsukurii","Squalus mitsukurii","Elasmobranchii","Squaliformes","Squalidae","Squalus","shark"
"Squalus montalbani",1032,15.3957237893724,1076,12.81059008326,541,2.6228001463598,437,0.593435564270003,44,-491,-595,"Squalus montalbani","Squalus montalbani","Elasmobranchii","Squaliformes","Squalidae","Squalus","shark"
"Squalus nasutus",1041,15.1543444265691,1082,12.7190835280061,568,2.51006271314633,409,0.624784972470108,41,-473,-632,"Squalus nasutus","Squalus nasutus","Elasmobranchii","Squaliformes","Squalidae","Squalus","shark"
"Squalus notocaudatus",557,29.9216679563474,600,24.559803108096,323,4.82921623566761,344,0.729394462956801,43,-234,-213,"Squalus notocaudatus","Squalus notocaudatus","Elasmobranchii","Squaliformes","Squalidae","Squalus","shark"
"Squalus rancureli",872,19.9179725550725,873,17.5825539418686,584,2.41271837591191,417,0.61577056893533,1,-288,-455,"Squalus rancureli","Squalus rancureli","Elasmobranchii","Squaliformes","Squalidae","Squalus","shark"
"Squalus raoulensis",1042,15.1543444265691,1085,12.5971381943628,564,2.52095647819281,423,0.608963168706775,43,-478,-619,"Squalus raoulensis","Squalus raoulensis","Elasmobranchii","Squaliformes","Squalidae","Squalus","shark"
"Squalus suckleyi",558,29.9216679563474,555,25.6734458865344,331,4.7281828670992,360,0.706912275415545,-3,-227,-198,"Squalus suckleyi","Squalus suckleyi","Elasmobranchii","Squaliformes","Squalidae","Squalus","shark"
"Squatina aculeata",257,43.8197258626366,236,36.9164029472946,304,5.10460750732816,218,1.25956934427842,-21,47,-39,"Squatina aculeata","Squatina aculeata","Elasmobranchii","Squatiniformes","Squatinidae","Squatina","shark"
"Squatina africana",200,47.9240227224725,163,41.037788215755,367,4.26795927220656,233,1.20947127749556,-37,167,33,"Squatina africana","Squatina africana","Elasmobranchii","Squatiniformes","Squatinidae","Squatina","shark"
"Squatina albipunctata",672,26.3201337008866,716,21.2220023888955,345,4.59682784110654,224,1.24356416077103,44,-327,-448,"Squatina albipunctata","Squatina albipunctata","Elasmobranchii","Squatiniformes","Squatinidae","Squatina","shark"
"Squatina argentina",256,43.8197258626366,227,37.5117909592738,313,4.96473787526128,237,1.19360980259544,-29,57,-19,"Squatina argentina","Squatina argentina","Elasmobranchii","Squatiniformes","Squatinidae","Squatina","shark"
"Squatina armata",223,46.5277090272725,186,39.3572909269119,341,4.65752979006575,183,1.37105241456539,-37,118,-40,"Squatina armata","Squatina armata","Elasmobranchii","Squatiniformes","Squatinidae","Squatina","shark"
"Squatina australis",455,33.2258214528866,421,29.2182486548231,353,4.49407566098433,220,1.25379765363513,-34,-102,-235,"Squatina australis","Squatina australis","Elasmobranchii","Squatiniformes","Squatinidae","Squatina","shark"
"Squatina caillieti",162,50.1967858181366,146,42.2546130509897,271,5.60456813560441,158,1.52495522677983,-16,109,-4,"Squatina caillieti","Squatina caillieti","Elasmobranchii","Squatiniformes","Squatinidae","Squatina","shark"
"Squatina californica",586,29.2336455727725,578,25.0910016557799,374,4.18435263128883,258,1.1213686457569,-8,-212,-328,"Squatina californica","Squatina californica","Elasmobranchii","Squatiniformes","Squatinidae","Squatina","shark"
"Squatina dumeril",587,29.2336455727725,571,25.3001001255249,376,4.1695339368833,259,1.11306096120916,-16,-211,-328,"Squatina dumeril","Squatina dumeril","Elasmobranchii","Squatiniformes","Squatinidae","Squatina","shark"
"Squatina formosa",484,32.4528118061058,485,27.5739242466156,377,4.14429649371124,246,1.15987630031552,1,-107,-238,"Squatina formosa","Squatina formosa","Elasmobranchii","Squatiniformes","Squatinidae","Squatina","shark"
"Squatina guggenheim",480,32.5537065047725,448,28.5423829601788,371,4.23147660197076,245,1.16769732234495,-32,-109,-235,"Squatina guggenheim","Squatina guggenheim","Elasmobranchii","Squatiniformes","Squatinidae","Squatina","shark"
"Squatina japonica",109,58.1880771596058,98,47.7857378528398,324,4.82872010965982,155,1.54939138777691,-11,215,46,"Squatina japonica","Squatina japonica","Elasmobranchii","Squatiniformes","Squatinidae","Squatina","shark"
"Squatina legnota",475,32.5977659501058,415,29.3175930921627,414,3.75614884223897,272,1.00809062483831,-60,-61,-203,"Squatina legnota","Squatina legnota","Elasmobranchii","Squatiniformes","Squatinidae","Squatina","shark"
"Squatina nebulosa",485,32.4528118061058,465,28.0694635304046,366,4.27225771200167,262,1.09405730590369,-20,-119,-223,"Squatina nebulosa","Squatina nebulosa","Elasmobranchii","Squatiniformes","Squatinidae","Squatina","shark"
"Squatina occulta",479,32.5537065047725,423,29.1741308539734,343,4.63067870048804,229,1.22540562887915,-56,-136,-250,"Squatina occulta","Squatina occulta","Elasmobranchii","Squatiniformes","Squatinidae","Squatina","shark"
"Squatina oculata",454,33.2258214528866,416,29.2832500255686,350,4.51626582516867,238,1.19282122615462,-38,-104,-216,"Squatina oculata","Squatina oculata","Elasmobranchii","Squatiniformes","Squatinidae","Squatina","shark"
"Squatina pseudocellata",698,25.4952165388866,782,19.8546751517118,336,4.68985062616798,214,1.26987720646151,84,-362,-484,"Squatina pseudocellata","Squatina pseudocellata","Elasmobranchii","Squatiniformes","Squatinidae","Squatina","shark"
"Squatina squatina",161,50.1967858181366,155,41.5447913009158,273,5.59048642728876,263,1.07380517376689,-6,112,102,"Squatina squatina","Squatina squatina","Elasmobranchii","Squatiniformes","Squatinidae","Squatina","shark"
"Squatina tergocellata",697,25.4952165388866,748,20.5726076746985,335,4.69065295799825,240,1.18284793325295,51,-362,-457,"Squatina tergocellata","Squatina tergocellata","Elasmobranchii","Squatiniformes","Squatinidae","Squatina","shark"
"Squatina tergocellatoides",476,32.5977659501058,424,29.1531199260546,406,3.86127009833448,243,1.17215440324778,-52,-70,-233,"Squatina tergocellatoides","Squatina tergocellatoides","Elasmobranchii","Squatiniformes","Squatinidae","Squatina","shark"
"Stegostoma fasciatum",219,46.9020805694908,268,35.3510805033371,75,11.9356792666293,76,2.36856828631032,49,-144,-143,"Stegostoma fasciatum","Stegostoma tigrinum","Elasmobranchii","Orectolobiformes","Stegostomatidae","Stegostoma","shark"
"Sutorectus tentaculatus",196,48.0882773260058,198,38.7463961155201,262,5.71949557273755,146,1.59132789255863,2,66,-50,"Sutorectus tentaculatus","Sutorectus tentaculatus","Elasmobranchii","Orectolobiformes","Orectolobidae","Sutorectus","shark"
"Sympterygia acuta",789,22.5440969139052,747,20.575302355699,1046,0.774200909583436,1016,0.201351262717218,-42,257,227,"Sympterygia acuta","Sympterygia acuta","Elasmobranchii","Rajiformes","Arhynchobatidae","Sympterygia","ray"
"Sympterygia bonapartii",598,28.6786135744052,529,26.578114499089,1017,0.812870955325932,1111,0.173944936466843,-69,419,513,"Sympterygia bonapartii","Sympterygia bonapartii","Elasmobranchii","Rajiformes","Arhynchobatidae","Sympterygia","ray"
"Sympterygia brevicaudata",599,28.6786135744052,516,26.7526852679404,988,0.858598296338076,1073,0.182947213280806,-83,389,474,"Sympterygia brevicaudata","Sympterygia brevicaudata","Elasmobranchii","Rajiformes","Arhynchobatidae","Sympterygia","ray"
"Sympterygia lima",790,22.5440969139052,743,20.6247306171449,1052,0.766097860670189,1017,0.201328168916967,-47,262,227,"Sympterygia lima","Sympterygia lima","Elasmobranchii","Rajiformes","Arhynchobatidae","Sympterygia","ray"
"Taeniura lymma",72,69.2144172883903,66,54.1744685531849,233,6.1829205169833,858,0.248187470256465,-6,161,786,"Taeniura lymma","Taeniura lymma","Elasmobranchii","Myliobatiformes","Dasyatidae","Taeniura","ray"
"Taeniurops grabata",157,50.4147811225933,147,42.2513086085491,737,1.93493209817426,734,0.299721684379403,-10,580,577,"Taeniurops grabata","Taeniurops grabatus","Elasmobranchii","Myliobatiformes","Dasyatidae","Taeniurops","ray"
"Taeniurops meyeni",158,50.4147811225933,143,42.5073225532648,698,2.05468598564824,752,0.292132850449294,-15,540,594,"Taeniurops meyeni","Taeniurops meyeni","Elasmobranchii","Myliobatiformes","Dasyatidae","Taeniurops","ray"
"Temera hardwickii",737,24.2002028018679,729,20.8826123044217,445,3.45709710188405,341,0.737076447640387,-8,-292,-396,"Temera hardwickii","Temera hardwickii","Elasmobranchii","Torpediniformes","Narkidae","Temera","ray"
"Torpedo adenensis",960,17.5745761099059,974,15.1357637654393,648,2.18247495661551,458,0.553129823726447,14,-312,-502,"Torpedo adenensis","Torpedo adenensis","Elasmobranchii","Torpediniformes","Torpedinidae","Torpedo","ray"
"Torpedo alexandrinsis",760,23.5255418692392,705,21.4937785785236,587,2.39611222835358,408,0.628266000286599,-55,-173,-352,"Torpedo alexandrinsis","Torpedo alexandrinsis","Elasmobranchii","Torpediniformes","Torpedinidae","Torpedo","ray"
"Torpedo andersoni",873,19.8882705298377,887,17.2610204632066,602,2.33639227897738,389,0.666373276861296,14,-271,-484,"Torpedo andersoni","Torpedo andersoni","Elasmobranchii","Torpediniformes","Torpedinidae","Torpedo","ray"
"Torpedo bauchotae",241,44.8900985777346,216,37.9309092509154,523,2.7862778327074,294,0.916489451058097,-25,282,53,"Torpedo bauchotae","Torpedo bauchotae","Elasmobranchii","Torpediniformes","Torpedinidae","Torpedo","ray"
"Torpedo californica",782,22.8952635389059,740,20.6589892389508,636,2.21609950675393,390,0.665644090273137,-42,-146,-392,"Torpedo californica","Tetronarce californica","Elasmobranchii","Torpediniformes","Torpedinidae","Torpedo","ray"
"Torpedo fairchildi",759,23.5255418692392,720,21.1701197432485,590,2.36607968342376,413,0.621400292023425,-39,-169,-346,"Torpedo fairchildi","Tetronarce fairchildi","Elasmobranchii","Torpediniformes","Torpedinidae","Torpedo","ray"
"Torpedo formosa",959,17.5745761099059,958,15.5026682223203,653,2.17072544768059,453,0.565815831303853,-1,-306,-506,"Torpedo formosa","Tetronarce formosa","Elasmobranchii","Torpediniformes","Torpedinidae","Torpedo","ray"
"Torpedo fuscomaculata",971,17.1699694539044,1013,14.1454055137632,600,2.3385168420986,373,0.689035352646765,42,-371,-598,"Torpedo fuscomaculata","Torpedo fuscomaculata","Elasmobranchii","Torpediniformes","Torpedinidae","Torpedo","ray"
"Torpedo mackayana",234,45.0577488011901,188,39.113141636251,532,2.71253201916904,393,0.656882270839543,-46,298,159,"Torpedo mackayana","Torpedo mackayana","Elasmobranchii","Torpediniformes","Torpedinidae","Torpedo","ray"
"Torpedo macneilli",934,18.3118064205726,924,16.3574642004827,650,2.17397722909199,429,0.601134513699212,-10,-284,-505,"Torpedo macneilli","Tetronarce macneilli","Elasmobranchii","Torpediniformes","Torpedinidae","Torpedo","ray"
"Torpedo marmorata",820,21.5322054555044,837,18.6436446660741,565,2.51873041494584,354,0.716860505415551,17,-255,-466,"Torpedo marmorata","Torpedo marmorata","Elasmobranchii","Torpediniformes","Torpedinidae","Torpedo","ray"
"Torpedo microdiscus",633,27.3452571152392,583,25.0039976292842,646,2.18350608593773,366,0.699527678165395,-50,13,-267,"Torpedo microdiscus","Tetronarce microdiscus","Elasmobranchii","Torpediniformes","Torpedinidae","Torpedo","ray"
"Torpedo nobiliana",1000,16.2751165520726,1014,14.1263180744347,641,2.20074429297386,398,0.641589193172252,14,-359,-602,"Torpedo nobiliana","Tetronarce nobiliana","Elasmobranchii","Torpediniformes","Torpedinidae","Torpedo","ray"
"Torpedo panthera",449,33.4196614030423,388,30.0870932779508,574,2.47728750236228,356,0.713075378865257,-61,125,-93,"Torpedo panthera","Torpedo panthera","Elasmobranchii","Torpediniformes","Torpedinidae","Torpedo","ray"
"Torpedo peruana",448,33.4196614030423,530,26.5716666940442,548,2.60290389304402,367,0.697322070294652,82,100,-81,"Torpedo peruana","Tetronarce peruana","Elasmobranchii","Torpediniformes","Torpedinidae","Torpedo","ray"
"Torpedo polleni",1001,16.2751155520726,1015,14.092474367735,629,2.24405421326841,427,0.605101011709959,14,-372,-574,"Torpedo polleni","Torpedo fuscomaculata","Elasmobranchii","Torpediniformes","Torpedinidae","Torpedo","ray"
"Torpedo puelcha",783,22.8952635389059,781,19.8938106479199,651,2.17300261509424,414,0.620185952795996,-2,-132,-369,"Torpedo puelcha","Tetronarce puelcha","Elasmobranchii","Torpediniformes","Torpedinidae","Torpedo","ray"
"Torpedo semipelagica",264,43.1574319764059,250,36.0693896368402,663,2.1387421907715,324,0.758156113293749,-14,399,60,"Torpedo semipelagica","Tetronarce semipelagica","Elasmobranchii","Torpediniformes","Torpedinidae","Torpedo","ray"
"Torpedo sinuspersici",981,16.9045662233377,1000,14.4183003774208,601,2.3372867463092,401,0.639619263456675,19,-380,-580,"Torpedo sinuspersici","Torpedo sinuspersici","Elasmobranchii","Torpediniformes","Torpedinidae","Torpedo","ray"
"Torpedo suessii",240,44.8900985777346,226,37.5457929744902,549,2.60096575210017,293,0.918342267357178,-14,309,53,"Torpedo suessii","Torpedo suessii","Elasmobranchii","Torpediniformes","Torpedinidae","Torpedo","ray"
"Torpedo tokionis",235,45.0577488011901,196,38.7536152618952,570,2.49441226430876,291,0.941687376000165,-39,335,56,"Torpedo tokionis","Tetronarce tokionis","Elasmobranchii","Torpediniformes","Torpedinidae","Torpedo","ray"
"Torpedo torpedo",866,20.1378026754044,896,17.0775564285883,596,2.3468880173395,328,0.753064553684919,30,-270,-538,"Torpedo torpedo","Torpedo torpedo","Elasmobranchii","Torpediniformes","Torpedinidae","Torpedo","ray"
"Torpedo tremens",982,16.9045662233377,1011,14.1703579990071,598,2.33999906109861,379,0.67958528637894,29,-384,-603,"Torpedo tremens","Tetronarce tremens","Elasmobranchii","Torpediniformes","Torpedinidae","Torpedo","ray"
"Torpedo zugmayeri",972,17.1699684539044,1001,14.4021852812179,603,2.31630339011042,372,0.690183064249982,29,-369,-600,"Torpedo zugmayeri","Torpedo sinuspersici","Elasmobranchii","Torpediniformes","Torpedinidae","Torpedo","ray"
"Triaenodon obesus",871,19.934701197436,868,17.8205440603175,978,0.872358325102195,969,0.218977354680106,-3,107,98,"Triaenodon obesus","Triaenodon obesus","Elasmobranchii","Carcharhiniformes","Carcharhinidae","Triaenodon","shark"
"Triakis acutipinna",589,29.1446827600414,677,22.4565218617548,315,4.95515502292521,898,0.238927059075568,88,-274,309,"Triakis acutipinna","Triakis acutipinna","Elasmobranchii","Carcharhiniformes","Triakidae","Triakis","shark"
"Triakis maculata",588,29.1446827600414,688,22.0031618160186,326,4.82478420799228,879,0.242787528905983,100,-262,291,"Triakis maculata","Triakis maculata","Elasmobranchii","Carcharhiniformes","Triakidae","Triakis","shark"
"Triakis megalopterus",278,42.1107027023628,255,35.9661074050231,759,1.85904916033535,918,0.233686255740848,-23,481,640,"Triakis megalopterus","Triakis megalopterus","Elasmobranchii","Carcharhiniformes","Triakidae","Triakis","shark"
"Triakis scyllium",546,30.1242016825414,623,24.0506996060643,295,5.21675028308016,866,0.247430131144385,77,-251,320,"Triakis scyllium","Triakis scyllium","Elasmobranchii","Carcharhiniformes","Triakidae","Triakis","shark"
"Triakis semifasciata",123,55.3782223672081,97,48.0406708238072,141,8.30131107061784,693,0.314125055421593,-26,18,570,"Triakis semifasciata","Triakis semifasciata","Elasmobranchii","Carcharhiniformes","Triakidae","Triakis","shark"
"Trigonognathus kabeyai",18,102.743378303653,22,67.9165905504409,26,19.3155082413862,251,1.1398716687174,4,8,233,"Trigonognathus kabeyai","Trigonognathus kabeyai","Elasmobranchii","Squaliformes","Etmopteridae","Trigonognathus","shark"
"Trygonoptera galba",98,60.3698056909374,94,48.6789010391665,195,6.90556065140785,472,0.514062690547254,-4,97,374,"Trygonoptera galba","Trygonoptera galba","Elasmobranchii","Myliobatiformes","Urolophidae","Trygonoptera","ray"
"Trygonoptera imitata",338,38.968478772604,314,33.471418778396,294,5.23622799944119,526,0.395848381488879,-24,-44,188,"Trygonoptera imitata","Trygonoptera imitata","Elasmobranchii","Myliobatiformes","Urolophidae","Trygonoptera","ray"
"Trygonoptera mucosa",337,38.968478772604,301,33.832078968771,288,5.35379734513463,547,0.377262577995001,-36,-49,210,"Trygonoptera mucosa","Trygonoptera mucosa","Elasmobranchii","Myliobatiformes","Urolophidae","Trygonoptera","ray"
"Trygonoptera ovalis",97,60.3698056909374,84,49.7857730412782,215,6.65378840448393,487,0.461101302027186,-13,118,390,"Trygonoptera ovalis","Trygonoptera ovalis","Elasmobranchii","Myliobatiformes","Urolophidae","Trygonoptera","ray"
"Trygonoptera personata",106,58.5236766559374,91,49.0974173419471,173,7.3282434208761,611,0.339100086069629,-15,67,505,"Trygonoptera personata","Trygonoptera personata","Elasmobranchii","Myliobatiformes","Urolophidae","Trygonoptera","ray"
"Trygonoptera testacea",156,50.435957942604,137,42.8292773853886,214,6.66383123322783,606,0.3405821096503,-19,58,450,"Trygonoptera testacea","Trygonoptera testacea","Elasmobranchii","Myliobatiformes","Urolophidae","Trygonoptera","ray"
"Trygonorrhina dumerilii",46,80.4209923553372,48,57.4169427760301,31,18.1176815068757,11,5.94584258891617,2,-15,-35,"Trygonorrhina dumerilii","Trygonorrhina dumerilii","Elasmobranchii","Rhinopristiformes","Trygonorrhinidae","Trygonorrhina","ray"
"Trygonorrhina fasciata",47,80.4209923553372,58,55.9057463863681,27,19.0094385074835,19,5.0892965069445,11,-20,-28,"Trygonorrhina fasciata","Trygonorrhina fasciata","Elasmobranchii","Rhinopristiformes","Trygonorrhinidae","Trygonorrhina","ray"
"Trygonorrhina melaleuca",22,99.2866774753372,21,68.3623113979055,16,23.030193729758,14,5.55570813535748,-1,-6,-8,"Trygonorrhina melaleuca","Trygonorrhina dumerilii","Elasmobranchii","Rhinopristiformes","Trygonorrhinidae","Trygonorrhina","ray"
"Typhlonarke aysoni",745,24.0871724768346,739,20.6851569407085,425,3.67313373233633,347,0.726347646502326,-6,-320,-398,"Typhlonarke aysoni","Typhlonarke aysoni","Elasmobranchii","Torpediniformes","Narkidae","Typhlonarke","ray"
"Typhlonarke tarakea",746,24.0871724768346,766,20.2707895273498,413,3.76570050194167,337,0.738741771688318,20,-333,-409,"Typhlonarke tarakea","Typhlonarke tarakea","Elasmobranchii","Torpediniformes","Narkidae","Typhlonarke","ray"
"Urobatis concentricus",487,32.3879216176122,508,27.0247502398388,411,3.79993501154594,612,0.338970707036053,21,-76,125,"Urobatis concentricus","Urobatis concentricus","Elasmobranchii","Myliobatiformes","Urotrygonidae","Urobatis","ray"
"Urobatis halleri",282,42.0025934356122,254,36.0344121781595,325,4.82869251564208,700,0.312058852087264,-28,43,418,"Urobatis halleri","Urobatis halleri","Elasmobranchii","Myliobatiformes","Urotrygonidae","Urobatis","ray"
"Urobatis jamaicensis",361,37.8369033133206,309,33.6913230725399,524,2.78394696503019,517,0.406996931975257,-52,163,156,"Urobatis jamaicensis","Urobatis jamaicensis","Elasmobranchii","Myliobatiformes","Urotrygonidae","Urobatis","ray"
"Urobatis maculatus",486,32.3879216176122,512,26.8212726569313,415,3.74410315566383,615,0.33809937298885,26,-71,129,"Urobatis maculatus","Urobatis maculatus","Elasmobranchii","Myliobatiformes","Urotrygonidae","Urobatis","ray"
"Urobatis marmoratus",185,48.5713985483206,117,44.3395044483819,505,3.04125370517709,592,0.345979139614077,-68,320,407,"Urobatis marmoratus","Urobatis marmoratus","Elasmobranchii","Myliobatiformes","Urotrygonidae","Urobatis","ray"
"Urobatis tumbesensis",360,37.8369033133206,312,33.564138037249,530,2.71574614006653,766,0.286453850210047,-48,170,406,"Urobatis tumbesensis","Urobatis tumbesensis","Elasmobranchii","Myliobatiformes","Urotrygonidae","Urobatis","ray"
"Urogymnus asperrimus",367,37.599531037383,310,33.6803779016728,793,1.77877803504808,771,0.283416827323846,-57,426,404,"Urogymnus asperrimus","Urogymnus asperrimus","Elasmobranchii","Myliobatiformes","Dasyatidae","Urogymnus","ray"
"Urogymnus ukpam",368,37.599531037383,316,33.4038019781632,757,1.86611937449202,816,0.264697066927846,-52,389,448,"Urogymnus ukpam","Fontitrygon ukpam","Elasmobranchii","Myliobatiformes","Dasyatidae","Urogymnus","ray"
"Urolophus armatus",804,22.0441048607571,794,19.6693068650176,744,1.90727508463337,564,0.365173828141466,-10,-60,-240,"Urolophus armatus","Spinilophus armatus","Elasmobranchii","Myliobatiformes","Urolophidae","Urolophus","ray"
"Urolophus aurantiacus",468,32.8471412805737,439,28.7375738874321,606,2.30911101689422,569,0.360540819724019,-29,138,101,"Urolophus aurantiacus","Urolophus aurantiacus","Elasmobranchii","Myliobatiformes","Urolophidae","Urolophus","ray"
"Urolophus bucculentus",365,37.7588829007404,395,29.8517741556811,269,5.66268256425155,595,0.34587409561264,30,-96,230,"Urolophus bucculentus","Urolophus bucculentus","Elasmobranchii","Myliobatiformes","Urolophidae","Urolophus","ray"
"Urolophus circularis",91,61.3064568317404,68,53.3703330988136,191,6.95682464582087,539,0.383173464258496,-23,100,448,"Urolophus circularis","Urolophus circularis","Elasmobranchii","Myliobatiformes","Urolophidae","Urolophus","ray"
"Urolophus cruciatus",1049,15.061446250857,1059,13.0469531063677,656,2.1636591522232,743,0.293765822129187,10,-393,-306,"Urolophus cruciatus","Urolophus cruciatus","Elasmobranchii","Myliobatiformes","Urolophidae","Urolophus","ray"
"Urolophus deforgesi",1053,14.9304243301571,1073,12.828148711696,751,1.8882785676998,604,0.342325819568163,20,-302,-449,"Urolophus deforgesi","Urolophus deforgesi","Elasmobranchii","Myliobatiformes","Urolophidae","Urolophus","ray"
"Urolophus expansus",862,20.281149058607,874,17.5734156840539,617,2.27872165777151,576,0.353763200601418,12,-245,-286,"Urolophus expansus","Urolophus expansus","Elasmobranchii","Myliobatiformes","Urolophidae","Urolophus","ray"
"Urolophus flavomosaicus",364,37.7588829007404,390,30.0662913856534,298,5.17091703969464,597,0.344347092949524,26,-66,233,"Urolophus flavomosaicus","Urolophus flavomosaicus","Elasmobranchii","Myliobatiformes","Urolophidae","Urolophus","ray"
"Urolophus gigas",112,57.7433412295737,104,47.1220871793215,395,3.9872621463532,580,0.350956581908001,-8,283,468,"Urolophus gigas","Urolophus gigas","Elasmobranchii","Myliobatiformes","Urolophidae","Urolophus","ray"
"Urolophus javanicus",1023,15.9224372656571,1038,13.6486532778221,729,1.95724098711806,579,0.35148903814187,15,-294,-444,"Urolophus javanicus","Urolophus javanicus","Elasmobranchii","Myliobatiformes","Urolophidae","Urolophus","ray"
"Urolophus kaianus",514,31.1554876592737,501,27.2192207815201,608,2.29853491185541,566,0.363819960020539,-13,94,52,"Urolophus kaianus","Urolophus kaianus","Elasmobranchii","Myliobatiformes","Urolophidae","Urolophus","ray"
"Urolophus kapalensis",837,20.7858352546904,889,17.2450997013411,621,2.27629515116909,623,0.333792577092116,52,-216,-214,"Urolophus kapalensis","Urolophus kapalensis","Elasmobranchii","Myliobatiformes","Urolophidae","Urolophus","ray"
"Urolophus lobatus",838,20.7858342546904,888,17.256544842327,615,2.28113677742422,624,0.333792577092116,50,-223,-214,"Urolophus lobatus","Urolophus lobatus","Elasmobranchii","Myliobatiformes","Urolophidae","Urolophus","ray"
"Urolophus mitosis",54,74.7502404050737,62,55.1596291973818,137,8.41149925995752,629,0.332013316619273,8,83,575,"Urolophus mitosis","Urolophus mitosis","Elasmobranchii","Myliobatiformes","Urolophidae","Urolophus","ray"
"Urolophus neocaledoniensis",882,19.651478548107,886,17.2882945015217,593,2.3525491803982,545,0.377578638175932,4,-289,-337,"Urolophus neocaledoniensis","Urolophus neocaledoniensis","Elasmobranchii","Myliobatiformes","Urolophidae","Urolophus","ray"
"Urolophus orarius",734,24.2031230827904,703,21.6261071520794,607,2.30494935852763,549,0.37578728247617,-31,-127,-185,"Urolophus orarius","Urolophus orarius","Elasmobranchii","Myliobatiformes","Urolophidae","Urolophus","ray"
"Urolophus papilio",846,20.6281761196571,839,18.4513630854754,703,2.0392787126403,554,0.372144458916986,-7,-143,-292,"Urolophus papilio","Urolophus papilio","Elasmobranchii","Myliobatiformes","Urolophidae","Urolophus","ray"
"Urolophus paucimaculatus",1050,15.061446250857,1069,12.8473868649767,655,2.16488023052987,759,0.288602795833818,19,-395,-291,"Urolophus paucimaculatus","Urolophus paucimaculatus","Elasmobranchii","Myliobatiformes","Urolophidae","Urolophus","ray"
"Urolophus piperatus",1052,14.9304243301571,1068,12.8500324653846,741,1.91085784792386,641,0.327681649195551,16,-311,-411,"Urolophus piperatus","Urolophus piperatus","Elasmobranchii","Myliobatiformes","Urolophidae","Urolophus","ray"
"Urolophus sufflavus",1043,15.151589435457,1061,12.9628218866136,669,2.12900418764368,749,0.292380806969748,18,-374,-294,"Urolophus sufflavus","Urolophus sufflavus","Elasmobranchii","Myliobatiformes","Urolophidae","Urolophus","ray"
"Urolophus viridis",881,19.651479548107,900,17.0346429601398,624,2.27197020585285,540,0.381003523503947,19,-257,-341,"Urolophus viridis","Urolophus viridis","Elasmobranchii","Myliobatiformes","Urolophidae","Urolophus","ray"
"Urolophus westraliensis",803,22.044105860757,797,19.6381496948813,723,1.98293861249535,531,0.390267862784039,-6,-80,-272,"Urolophus westraliensis","Urolophus westraliensis","Elasmobranchii","Myliobatiformes","Urolophidae","Urolophus","ray"
"Urotrygon aspidura",594,28.8802721290898,495,27.3703733395023,690,2.06379904579579,636,0.328968823452942,-99,96,42,"Urotrygon aspidura","Urotrygon aspidura","Elasmobranchii","Myliobatiformes","Urotrygonidae","Urotrygon","ray"
"Urotrygon caudispinosus",1070,14.427992058816,1098,11.9617926066909,773,1.83544124992572,649,0.325570512578238,28,-297,-421,"Urotrygon caudispinosus","Urotrygon caudispinosus","Elasmobranchii","Myliobatiformes","Urotrygonidae","Urotrygon","ray"
"Urotrygon chilensis",761,23.4975782020898,700,21.691692883812,767,1.8517717413948,672,0.319766083322148,-61,6,-89,"Urotrygon chilensis","Urotrygon chilensis","Elasmobranchii","Myliobatiformes","Urotrygonidae","Urotrygon","ray"
"Urotrygon cimar",952,17.7092917367327,970,15.2157563626843,775,1.82820062617181,687,0.315742925572019,18,-177,-265,"Urotrygon cimar","Urotrygon cimar","Elasmobranchii","Myliobatiformes","Urotrygonidae","Urotrygon","ray"
"Urotrygon microphthalmum",813,21.6804318647565,806,19.3392677566275,685,2.07669389711245,627,0.333341956666546,-7,-128,-186,"Urotrygon microphthalmum","Urotrygon microphthalmum","Elasmobranchii","Myliobatiformes","Urotrygonidae","Urotrygon","ray"
"Urotrygon munda",999,16.303533705316,1021,14.0464819434819,763,1.8560764758455,630,0.331576099527238,22,-236,-369,"Urotrygon munda","Urotrygon munda","Elasmobranchii","Myliobatiformes","Urotrygonidae","Urotrygon","ray"
"Urotrygon nana",953,17.7092917367327,963,15.3903741177343,799,1.75155218360772,663,0.321696163281458,10,-154,-290,"Urotrygon nana","Urotrygon nana","Elasmobranchii","Myliobatiformes","Urotrygonidae","Urotrygon","ray"
"Urotrygon peruanus",762,23.4975782020898,741,20.6322659129202,756,1.86884229626673,667,0.320480468094578,-21,-6,-95,"Urotrygon peruanus","Urotrygon peruanus","Elasmobranchii","Myliobatiformes","Urotrygonidae","Urotrygon","ray"
"Urotrygon reticulata",502,31.3979825627565,454,28.4253800986959,665,2.13511479400706,657,0.323589851314997,-48,163,155,"Urotrygon reticulata","Urotrygon reticulata","Elasmobranchii","Myliobatiformes","Urotrygonidae","Urotrygon","ray"
"Urotrygon rogersi",447,33.4725096822327,419,29.2483580233826,657,2.16279937403365,638,0.328545325683772,-28,210,191,"Urotrygon rogersi","Urotrygon rogersi","Elasmobranchii","Myliobatiformes","Urotrygonidae","Urotrygon","ray"
"Urotrygon serrula",812,21.6804318647565,812,19.1709901093705,679,2.09243453961616,601,0.342881734319884,0,-133,-211,"Urotrygon serrula","Urotrygon serrula","Elasmobranchii","Myliobatiformes","Urotrygonidae","Urotrygon","ray"
"Urotrygon simulatrix",1069,14.427992058816,1101,11.8347708750698,782,1.80777331480427,676,0.318687271321447,32,-287,-393,"Urotrygon simulatrix","Urotrygon simulatrix","Elasmobranchii","Myliobatiformes","Urotrygonidae","Urotrygon","ray"
"Urotrygon venezuelae",919,18.5176306389827,914,16.7134454291268,754,1.87302998067966,748,0.292504639625944,-5,-165,-171,"Urotrygon venezuelae","Urotrygon venezuelae","Elasmobranchii","Myliobatiformes","Urotrygonidae","Urotrygon","ray"
"Zameus ichiharai",202,47.7181133088935,133,43.3910625164144,272,5.59330008230045,175,1.40600590198446,-69,70,-27,"Zameus ichiharai","Scymnodon ichiharai","Elasmobranchii","Squaliformes","Somniosidae","Zameus","shark"
"Zameus squamulosus",201,47.7181133088935,176,40.2393349029768,293,5.25519156882165,190,1.33582149983379,-25,92,-11,"Zameus squamulosus","Zameus squamulosus","Elasmobranchii","Squaliformes","Somniosidae","Zameus","shark"
"Zanobatus schoenleinii",1,192.517977687057,1,88.3373492053707,2,39.0845664626033,1,11.231925695106,0,1,0,"Zanobatus schoenleinii","Zanobatus schoenleinii","Elasmobranchii","Myliobatiformes","Zanobatidae","Zanobatus","ray"
"Zapteryx brevirostris",16,104.399019047004,9,74.7214437790442,8,26.88202425447,18,5.22166256334549,-7,-8,2,"Zapteryx brevirostris","Zapteryx brevirostris","Elasmobranchii","Rhinopristiformes","Trygonorrhinidae","Zapteryx","ray"
"Zapteryx exasperata",79,67.2176318030038,123,43.927961573192,50,15.147019655971,40,3.45313544767582,44,-29,-39,"Zapteryx exasperata","Zapteryx exasperata","Elasmobranchii","Rhinopristiformes","Trygonorrhinidae","Zapteryx","ray"
"Zapteryx xyster",78,67.2176318030038,126,43.8518633942883,48,15.6511037164173,28,3.9701303328337,48,-30,-50,"Zapteryx xyster","Zapteryx xyster","Elasmobranchii","Rhinopristiformes","Trygonorrhinidae","Zapteryx","ray"
"Zearaja argentinensis",904,19.0629303008742,867,17.8692038399733,1173,0.556095811507977,1180,0.150129698919747,-37,269,276,NA,NA,NA,NA,NA,NA,"unknown"
"Zearaja chilensis",1072,14.3417090393742,1058,13.0784629073927,1171,0.561287152841384,1025,0.196751627304258,-14,99,-47,"Zearaja chilensis","Dipturus chilensis","Elasmobranchii","Rajiformes","Rajidae","Zearaja","ray"
"Zearaja maugeana",905,19.0629303008742,863,17.9421224546093,1186,0.54266911452943,1088,0.179216056640224,-42,281,183,"Zearaja maugeana","Dipturus maugeanus","Elasmobranchii","Rajiformes","Rajidae","Zearaja","ray"
"Zearaja nasuta",1073,14.3417090393742,1053,13.1709852494883,1183,0.545769453217257,1070,0.183247276430715,-20,110,-3,"Zearaja nasuta","Dipturus nasutus","Elasmobranchii","Rajiformes","Rajidae","Zearaja","ray"
