"tip.label","species","mean_ED","median_ED","sd_ED","mean_rank","median_rank","top20_count","top20_frequency","mean_EH_66","median_EH_66","sd_EH_66","mean_rank_66","median_rank_66","top20_count_66","top20_frequency_66","mean_EH_145","median_EH_145","sd_EH_145","mean_rank_145","median_rank_145","top20_count_145","top20_frequency_145"
"Zanobatus_schoenleinii","Zanobatus schoenleinii",188.530753024009,189.134158176953,21.2235358917863,1.2,1,100,1,38.3844423478966,38.7129353323727,3.18036708737124,1.35,1,100,1,10.0141598981459,10.2772490992361,3.1567452124511,2.66,2,99,0.99
"Hypnos_monopterygius","Hypnos monopterygius",162.641586025615,159.176651212908,29.3790286665828,2.72,2,100,1,34.6523204784548,34.9147532124056,5.48466106390863,3.35,2,100,1,7.24605815030465,6.69218145079108,4.24000351130155,21.7,6,60,0.6
"Hexatrygon_bickelli","Hexatrygon bickelli",137.627250802167,137.487954337562,14.8071687048578,3.73,3,100,1,27.9186601847935,28.3020117258979,3.82662859685091,5.93,6,100,1,2.06954284605776,1.5286040134813,1.50842138607066,113.06,113.5,1,0.01
"Platyrhinoidis_triseriata","Platyrhinoidis triseriata",135.708988663987,135.087951684551,16.0577715738223,4.19,4,100,1,34.5549150382815,34.958727310134,3.78334061164887,2.69,3,100,1,9.63919860080592,9.53051215950155,2.10251107088135,2.05,2,100,1
"Mitsukurina_owstoni","Mitsukurina owstoni",129.411746375605,135.464094040999,24.5190164659539,4.99,4,100,1,28.0808006196134,30.758095558063,7.82790349746831,7.1,4.5,97,0.97,4.41080042447666,4.71208117831853,2.47525444869799,45.53,24,46,0.46
"Plesiobatis_daviesi","Plesiobatis daviesi",117.820879981398,118.09918753752,13.205584932093,7.79,8,100,1,21.8363629865097,22.2120032054641,4.24471548026304,17.14,17,82,0.82,0.560050389381804,0.469044878715726,0.531440488650562,441.88,476,0,0
"Anoxypristis_cuspidata","Anoxypristis cuspidata",116.972731763834,125.545741149437,27.8106630049424,9.27,7,95,0.95,23.3660966813661,27.6430903995432,10.8156438369008,33.75,7,76,0.76,2.73435996749437,2.68794741630512,1.69710329776615,84.55,65,1,0.01
"Carcharias_taurus","Carcharias taurus",103.39903460905,107.559875999308,18.4367445795098,12.48,12,100,1,20.0889167299812,22.5877577515769,8.05492642643913,29.23,17,64,0.64,2.9287738231655,3.26031683821767,1.47703030466518,77.3,52,0,0
"Notorynchus_cepedianus","Notorynchus cepedianus",103.410724485802,104.87653855816,14.8533261063967,12.95,12.5,95,0.95,24.8334863460929,25.1845868640318,4.96670611124198,9.86,9,98,0.98,7.24617263725478,7.3027184218351,1.83773341358458,5.85,5,100,1
"Leptocharias_smithii","Leptocharias smithii",103.912931441747,105.504111744875,23.673148706605,16.15,13,68,0.68,16.3383449296914,17.7397386444371,8.8074644444473,111.5,35.5,24,0.24,0.529161491574092,0.375852050169198,0.497382225161937,557.57,555,0,0
"Alopias_superciliosus","Alopias superciliosus",99.9229754464612,106.247182959075,21.2890750481972,17.4,14,77,0.77,19.4151447998536,22.1083127597688,8.23886632090075,35.97,20,57,0.57,2.88647590413476,3.19777122339812,1.47093309268107,80.5,55.5,0,0
"Cetorhinus_maximus","Cetorhinus maximus",95.3954978354848,98.8145727814342,16.1598985604033,19.89,20,59,0.59,17.8331290580264,19.7709688202903,7.27216150227521,38.95,25.5,13,0.13,2.73029349595132,3.02261898538996,1.35825632220296,83.96,58,0,0
"Rhina_ancylostoma","Rhina ancylostoma",98.9138309904424,106.55589099403,23.3149395373682,19.91,14,75,0.75,21.6705358417805,25.0362893491546,9.57778044801261,31.38,11,76,0.76,2.85216287018626,2.64106027374046,1.79482220052678,82.65,66,1,0.01
"Chlamydoselachus_anguineus","Chlamydoselachus anguineus",95.1261754065078,91.2888706830084,16.3156448554668,22.26,21,49,0.49,23.63952209813,22.3792751709502,4.25851852135424,14.27,12.5,77,0.77,7.05489459682271,6.78058533881814,1.89812722474861,6.42,6,100,1
"Chlamydoselachus_africana","Chlamydoselachus africana",95.1261754065078,91.2888706830084,16.3156448554668,23.26,22,48,0.48,23.5869674829608,22.30463234798,4.26200008590907,14.66,13.5,75,0.75,7.04225773770257,6.74612168894738,1.88141878248068,6.49,6,100,1
"Brachaelurus_colcloughi","Brachaelurus colcloughi",91.9660232958534,97.3689277192497,16.9502424577073,24.38,23,28,0.28,22.1157270546838,23.9808317239016,5.54524310938699,15.99,15,79,0.79,4.4034040643846,4.61033261354086,2.04900252175119,29.56,21,46,0.46
"Pliotrema_warreni","Pliotrema warreni",92.5401266121353,97.2848405160258,18.2176021546398,24.8,23,32,0.32,18.7070263987021,20.5355679826687,7.19703948984526,35.65,25,33,0.33,3.51384653485765,3.2107569969462,1.80488674203865,49.15,44,18,0.18
"Hemipristis_elongata","Hemipristis elongata",91.6550978372017,95.1657169689904,16.1222615103009,25.07,25,12,0.12,12.1208874028998,14.134004033539,6.90168128833972,221.59,61,0,0,0.341143766142165,0.336633764263937,0.130557795105778,648.41,617,0,0
"Brachaelurus_waddi","Brachaelurus waddi",91.9660232958534,97.3689277192497,16.9502424577073,25.38,24,22,0.22,22.1434033774595,24.209912915861,5.54380567408068,15.96,15,80,0.8,4.39871388672517,4.62016222775389,2.05064570787126,29.59,22,43,0.43
"Trigonognathus_kabeyai","Trigonognathus kabeyai",91.1287915284328,94.9785521144084,18.8298191415231,26.81,28,24,0.24,13.7335585708183,16.098040894516,7.88102540266094,158.84,52,6,0.06,1.04779801497507,0.951645325179095,0.698754108888325,276.55,279.5,0,0
"Pristis_pristis","Pristis pristis",92.631614995559,98.8729949333725,23.1791082333288,28.02,20.5,50,0.5,18.5852595405291,20.899520848331,8.79095406880781,50.84,22,41,0.41,2.38800006554649,2.35824020851453,1.40351161334105,98.02,82,0,0
"Dasyatis_microps","Dasyatis microps",87.3849140723652,86.0046792245877,7.65109290698613,29.33,33,23,0.23,11.8014868430568,11.4413904708128,3.49391789428226,81.11,74,0,0,0.318350832662022,0.309227806674618,0.0844128771926647,664.2,677.5,0,0
"Galeocerdo_cuvier","Galeocerdo cuvier",84.1280796149214,87.1055551780582,14.0771867983852,33.9,34,0,0,9.61244793228614,10.9016617444024,5.66434944683403,267.93,99,0,0,0.31671776755858,0.310416062954411,0.110670118632632,709.86,692.5,0,0
"Aetobatus_flagellum","Aetobatus flagellum",81.0989214684285,81.24503765935,9.10088816693492,37.48,40,11,0.11,14.526219647383,14.5556297226014,3.30249566710241,48.55,47,0,0,0.466419610900185,0.418121912938014,0.306730288280893,477.15,490.5,0,0
"Aetobatus_narinari","Aetobatus narinari",81.0989214684285,81.24503765935,9.10088816693492,38.48,41,8,0.08,14.5597589644091,14.6233133921133,3.33745357197838,48.51,48,0,0,0.467205060139692,0.424497788143222,0.311083878158702,477.88,493.5,0,0
"Zapteryx_exasperata","Zapteryx exasperata",83.7432533077813,88.8810072874963,22.5294294459674,43.85,33,33,0.33,19.355875531276,20.188872006388,6.85129862905629,27.1,26.5,42,0.42,4.66327914794658,4.76761625215748,1.86021030734823,22.69,22,45,0.45
"Pristis_clavata","Pristis clavata",80.449351808269,86.2758594967058,19.7751609592831,46.33,35,0,0,14.7857287386317,16.1349490974669,6.84212817699081,65.87,39.5,0,0,2.21531594276787,2.20715490149174,1.24602109321614,105.7,89,0,0
"Heptranchias_perlo","Heptranchias perlo",76.8424518562018,78.3994749923621,11.040447740271,47.05,47,0,0,16.0341539067757,16.3231753158038,2.6438177220114,37.81,38,6,0.06,5.24051450674463,5.38330219311236,1.29194452248556,15.25,15,90,0.9
"Platyrhina_sinensis","Platyrhina sinensis",78.5926277742485,74.6145723633487,16.5990423634177,48.52,47.5,11,0.11,17.5077217185593,16.1457880755435,4.35978103391739,35.17,30,25,0.25,5.47275071766753,5.28936063367094,1.50534164397557,14.94,14,80,0.8
"Platyrhina_tangi","Platyrhina tangi",77.2299709258995,76.4972038647818,13.1045399482422,48.98,48.5,9,0.09,17.1387452888638,16.5603824451168,3.25434355094004,35.23,34,21,0.21,5.38062399130243,5.4108498449838,1.29926826114679,14.87,14,86,0.86
"Platyrhina_hyugaensis","Platyrhina hyugaensis",77.8922139990985,76.0437662712531,14.953658925373,49.63,50,12,0.12,17.2584678496401,16.4014592702619,3.87799972462711,36.47,35,24,0.24,5.39017171406831,5.22452445070443,1.38348873579132,15.36,15,85,0.85
"Zapteryx_brevirostris","Zapteryx brevirostris",79.4458754499125,73.7000660846432,22.4695476187976,53.69,44.5,27,0.27,18.4269515282462,18.1615865494632,6.754651928396,31.51,36,32,0.32,4.51245042533892,4.47439195597583,1.86275225496906,24.49,27,38,0.38
"Callorhinchus_callorynchus","Callorhinchus callorynchus",72.3753182276553,72.3044752342551,2.62976307057283,57.43,62.5,10,0.1,16.8333304028838,16.8161825223395,0.388751377033894,35.62,37,24,0.24,6.32784539279294,6.27475143331537,0.301599599553678,8.73,8,97,0.97
"Pristis_zijsron","Pristis zijsron",74.385231769029,79.991546565688,18.0789245170245,58.32,47,0,0,13.6553195543809,15.0075933754829,6.05079027469926,73.4,47.5,0,0,2.15577906153897,2.16118741162567,1.19480214763354,109.07,91,0,0
"Pristis_pectinata","Pristis pectinata",74.385231769029,79.991546565688,18.0789245170245,59.32,48,0,0,13.6609718978002,15.1944771461987,6.06488770899464,73.53,48.5,0,0,2.15539945409052,2.19134195982784,1.19785431267921,108.8,93,0,0
"Callorhinchus_milii","Callorhinchus milii",70.9824183253953,70.4151837561174,2.51371698996345,62.19,67,4,0.04,16.2630545658804,16.223053086548,0.310250487749093,40.43,42,24,0.24,6.13751124932572,6.10217335872903,0.285986121570804,10.93,10,95,0.95
"Callorhinchus_capensis","Callorhinchus capensis",70.9824183253953,70.4151837561174,2.51371698996345,63.19,68,2,0.02,16.2703400492646,16.2011782294827,0.309240648055912,40.33,42,24,0.24,6.13632268810425,6.1045062913428,0.278361810345812,10.91,10,96,0.96
"Taeniura_lymma","Taeniura lymma",69.9811216491915,70.8179258407586,9.50321321001662,63.98,62.5,0,0,7.16628894378846,6.78863551873459,3.24292824154873,196.66,199,0,0,0.314040616831687,0.308304191034166,0.078953970809372,674.61,688.5,0,0
"Trygonorrhina_melaleuca","Trygonorrhina melaleuca",76.8604008564394,71.2277911720392,28.0300210250394,64.95,65,14,0.14,17.9100325755585,16.0900258503291,7.17833695132807,35.71,35,16,0.16,4.55342464417205,4.20170579029267,2.08810551603721,25.22,27,31,0.31
"Carcharodon_carcharias","Carcharodon carcharias",68.8346488501615,70.4437278665887,9.62871307538665,65.12,67,0,0,9.81714996153595,10.5359338439524,3.03598364849231,104.85,104.5,0,0,2.18278844616732,2.42621853143276,0.993157836103125,105.25,81.5,0,0
"Trygonorrhina_dumerilii","Trygonorrhina dumerilii",73.6332664169169,70.603685485092,21.3150871087443,66.46,62.5,8,0.08,17.0540149116399,16.2467865398013,5.58846547672968,37,36,11,0.11,4.38143118686273,4.14604332443746,1.73041055283328,26.4,27,23,0.23
"Trygonorrhina_fasciata","Trygonorrhina fasciata",74.9145638340903,70.318637126582,23.1089808482551,66.66,61,12,0.12,17.3820396887923,16.3557524189224,6.11817818959037,36.79,34,16,0.16,4.42264255625637,4.35532696753747,1.79587337451303,26.11,26,27,0.27
"Echinorhinus_brucus","Echinorhinus brucus",74.1140267863952,70.5973242126675,22.1809849855767,70.05,65.5,17,0.17,15.8048212969888,15.912241979637,6.71321666705227,60.99,41,25,0.25,3.64675766622055,2.89945861765582,2.42789353841663,55.84,48.5,21,0.21
"Echinorhinus_cookei","Echinorhinus cookei",74.1140267863952,70.5973242126675,22.1809849855767,71.05,66.5,17,0.17,15.7975345129902,15.9349809351721,6.66116384769016,60.94,39.5,25,0.25,3.64386526847899,2.91680610459018,2.41144636106042,55.86,47.5,22,0.22
"Zapteryx_xyster","Zapteryx xyster",70.4591776592676,68.6961947821917,19.8437893508063,72.58,81,8,0.08,16.351179322822,16.6291917328264,5.51141333676203,38.88,42,8,0.08,4.11840085979788,4.25947268151684,1.59763516647418,29.19,30,16,0.16
"Heterodontus_francisci","Heterodontus francisci",77.7031126488292,70.9222807919477,30.2518020442905,77.63,62,23,0.23,17.4064133855072,16.7107361518273,8.31862530562958,44.55,44.5,26,0.26,5.0540229780462,4.97590258323426,2.1981251027345,21.19,20.5,50,0.5
"Lamna_ditropis","Lamna ditropis",63.8250660728048,65.2416867010072,9.27014271192409,84.45,84,0,0,9.70065670917672,10.3332398826154,3.0007934641421,108.31,107,0,0,2.16377552124207,2.41983537031054,0.989066599469481,107.82,83.5,0,0
"Lamna_nasus","Lamna nasus",63.8250660728048,65.2416867010072,9.27014271192409,85.45,85,0,0,9.71098152018189,10.3538749908062,3.01363443956,108.14,107,0,0,2.16217195973155,2.4009509677548,0.991539418174892,108.03,84.5,0,0
"Iago_garricki","Iago garricki",64.8122692409941,67.6139334119853,14.4737625845994,88.56,83.5,0,0,8.19068681464906,8.90917637814379,4.94569003068784,261.47,149,0,0,0.35953226001235,0.352666173125399,0.142995039311177,621.11,567,0,0
"Aetomylaeus_vespertilio","Aetomylaeus vespertilio",69.6362519732553,75.3856643820525,18.1797833969558,88.96,45.5,0,0,9.76487451282055,10.2252405922385,4.37758249405962,126.94,115.5,0,0,0.40694633116331,0.391693564711243,0.154409523069442,512.19,517,0,0
"Iago_omanensis","Iago omanensis",64.8122692409941,67.6139334119853,14.4737625845994,89.56,84.5,0,0,8.19699672388214,8.89136779074789,4.95342208268026,261.38,147,0,0,0.359860447007473,0.347949257810009,0.144787839177538,620.35,571.5,0,0
"Isurus_oxyrinchus","Isurus oxyrinchus",62.7318668879915,64.0909638983039,8.62071024076224,90.27,91,0,0,9.455814305982,10.1482530070617,2.844022761865,114.83,114,0,0,2.13599101233151,2.3783571654515,0.970371579580787,109.89,86,0,0
"Isurus_paucus","Isurus paucus",62.7318668879915,64.0909638983039,8.62071024076224,91.27,92,0,0,9.45534302513625,10.0838404986656,2.82754541769024,114.66,114.5,0,0,2.13033131120756,2.3755083458019,0.958343351622278,110.21,86,0,0
"Aptychotrema_vincentiana","Aptychotrema vincentiana",63.8659230852768,67.5665458878015,14.1719829627009,91.81,78.5,0,0,14.5373981848325,15.5165578845521,4.02607747696206,48.36,48,0,0,3.77770826843133,3.89463029327514,1.36107335238958,34.76,34,1,0.01
"Narcine_westraliensis","Narcine westraliensis",63.4953113223963,63.639753541324,6.76854460554877,93.66,98.5,4,0.04,8.09238717472161,7.98047430416238,3.0626895945225,176.37,158,0,0,0.946453123363267,0.902115537569049,0.204939969542794,254.98,288.5,0,0
"Aptychotrema_rostrata","Aptychotrema rostrata",62.9972899186477,66.0684892872629,13.9753000340133,94.66,92,0,0,14.315115369296,15.1018730834255,3.92057119862467,49.86,50,0,0,3.73783336409337,3.81148871474432,1.31583849129614,36.04,36,0,0
"Neoharriotta_pinnata","Neoharriotta pinnata",65.9056152477458,60.5667830768252,14.6157757817998,95.83,80.5,8,0.08,16.2883007223846,15.1893433852823,3.36986020351898,44.74,45,27,0.27,4.19643614241658,4.07510636304174,0.614539763704645,31.38,30,34,0.34
"Eucrossorhinus_dasypogon","Eucrossorhinus dasypogon",65.6299002458368,69.0579270111199,18.8341056007834,97.35,80.5,0,0,11.4440537652582,11.3191534580188,4.56609360302683,85.63,90,0,0,2.68046335914334,2.8297868690235,1.23241770976353,71.75,63,0,0
"Neoharriotta_pumila","Neoharriotta pumila",64.8306738394118,59.2077940972978,14.4662570072043,99.34,91,8,0.08,16.0049474628304,14.8202425152748,3.23643631909007,45.72,50,23,0.23,4.14045423474265,3.91834844994866,0.60765810546474,31.85,31,29,0.29
"Okamejei_jensenae","Okamejei jensenae",61.5796468429807,63.9940726022893,13.3376821514935,99.5,98,0,0,3.95324591581792,3.24899377428336,3.50860174842097,553.39,449,0,0,0.289513476871093,0.278947816047576,0.106519049501726,818.39,852,0,0
"Makararaja_chindwinensis","Makararaja chindwinensis",65.6233042528094,61.8491134618744,17.3957869466027,101.78,75.5,6,0.06,8.07336267941151,6.81936510107561,4.37665571315997,179.66,176,0,0,0.32359488430033,0.313501887238522,0.0922483070760419,650.03,665.5,0,0
"Neoharriotta_carri","Neoharriotta carri",63.3579333494528,59.5875634985802,12.6142977437078,102.1,91,1,0.01,15.6546194019253,15.0289632924067,2.76276415128132,46.69,47,26,0.26,4.09298180064888,4.0115799436118,0.462243707836722,31.91,29.5,30,0.3
"Aptychotrema_timorensis","Aptychotrema timorensis",62.0725948705647,61.8311308377017,16.0045668521779,105.29,108.5,3,0.03,14.0291674738073,14.4643223790708,4.12517291818113,53.58,55,3,0.03,3.67887860523075,3.72491309341022,1.30096271935647,36.92,36,5,0.05
"Hexanchus_vitulus","Hexanchus vitulus",60.066445527016,59.7907426066961,10.7525835566143,106.83,104,0,0,12.4901073798559,12.6150430719358,1.86307940301354,67.52,69.5,0,0,4.20338187452703,4.31595636922764,0.967776163869575,26.84,25,11,0.11
"Hexanchus_nakamurai","Hexanchus nakamurai",60.1150326269471,59.5300592212477,11.6314081232421,108.24,107.5,0,0,12.4948634501178,12.4922604467821,1.99533853160124,67.16,71,0,0,4.20619453964815,4.29424532255033,0.990861079615475,26.48,25,17,0.17
"Hexanchus_griseus","Hexanchus griseus",59.828533239404,59.9167662668877,10.8368285613838,108.61,108,0,0,12.4534348910758,12.5964988769378,1.88411841191802,67.81,68.5,0,0,4.19178265222864,4.35001077581028,0.953662923792751,26.98,25,13,0.13
"Heterodontus_mexicanus","Heterodontus mexicanus",66.732651166809,60.7982906370804,24.4095229517603,109.31,92,5,0.05,13.517464383517,12.0325711123903,6.42519643114464,71,66.5,6,0.06,4.16287297593114,4.24307807374185,1.71379792547839,30.68,32,27,0.27
"Trygonoptera_ovalis","Trygonoptera ovalis",61.8547546777912,65.0670265803167,12.3178196992962,109.51,83,0,0,7.84806964236668,7.78388542802026,2.37078369126214,158.8,157,0,0,0.452178248014931,0.41440584016248,0.232700835087347,483.58,498.5,0,0
"Galeorhinus_galeus","Galeorhinus galeus",62.840235218251,68.07033504493,17.4078557623174,111.1,79.5,0,0,7.56988874504318,8.01485220937978,4.78034993223128,281.72,184,0,0,0.358204030998208,0.344564224180477,0.149591356338691,625.68,575,0,0
"Dalatias_licha","Dalatias licha",70.6318992979005,68.2824180026758,26.890556607791,111.22,61.5,3,0.03,13.9006792319044,14.6950027539147,8.08269303494702,120.98,61.5,7,0.07,1.52523680775311,1.30338741620389,1.17249619151851,206.36,212.5,0,0
"Alopias_vulpinus","Alopias vulpinus",65.7755882470029,63.4506507099522,20.8365522468157,113.95,68.5,0,0,12.0228389411824,12.8448552991461,5.13394473779677,85.03,76.5,0,0,2.31674735193781,2.54824716828184,1.1242302070889,104.31,80,0,0
"Alopias_pelagicus","Alopias pelagicus",64.3620027273968,57.4600368724473,20.8039273157382,117.57,83,0,0,11.7717627661787,11.613678818377,5.24305737031254,88.54,90,0,0,2.29989753978908,2.44772304535686,1.13904097735304,104.09,82,0,0
"Hypogaleus_hyugaensis","Hypogaleus hyugaensis",62.443221071494,67.6388788942267,17.4640464298733,117.86,80.5,0,0,7.45907312743776,7.88178627925371,4.51235690283865,280.57,191.5,0,0,0.355907587428933,0.340854380083678,0.143454084624618,626.95,583,0,0
"Squaliolus_laticaudus","Squaliolus laticaudus",62.6073009161602,60.9673537537024,17.7832758748572,118.36,88,0,0,10.7021601848067,11.2497220372872,5.46085937216325,144.05,93,0,0,1.37514366567766,1.2134147174174,0.884594882667552,219.75,225.5,0,0
"Eusphyra_blochii","Eusphyra blochii",56.2210212390519,57.6542330542371,9.09153567314284,125.42,125.5,0,0,2.38806378823524,2.36532899152524,1.51414904243898,659.27,609.5,0,0,0.283780112543749,0.283881872774863,0.0822537197731455,816.27,806.5,0,0
"Loxodon_macrorhinus","Loxodon macrorhinus",54.8162357131403,55.3869478355764,7.83200245715894,132.36,135,0,0,2.66573787276041,2.3888148113333,1.8769427481957,623.68,592.5,0,0,0.286819022359826,0.287235663402216,0.0860954339870061,803.79,790,0,0
"Aulohalaelurus_labiosus","Aulohalaelurus labiosus",56.1543865917715,56.1928660505783,11.9246535366233,134.68,135.5,0,0,9.9659248444155,10.3798669146046,2.79757110085037,102.65,101,0,0,1.73460697773613,1.70759571101953,1.00921219438581,160.47,120,0,0
"Megachasma_pelagios","Megachasma pelagios",62.6132057658812,58.632115479936,22.9514132985602,134.75,127,8,0.08,11.967234059601,11.438135822151,5.72892013942203,89.32,86.5,2,0.02,2.29619349363116,2.39998601631825,1.15885799366493,106.39,84,0,0
"Aulohalaelurus_kanakorum","Aulohalaelurus kanakorum",56.1543865917715,56.1928660505783,11.9246535366233,135.68,136.5,0,0,9.97029497227469,10.4201842731111,2.80763531894432,102.85,101.5,0,0,1.73888364747086,1.73819412617949,1.01357846497171,160.21,120,0,0
"Pristiophorus_japonicus","Pristiophorus japonicus",60.5181077867796,56.3157683401689,18.0177064469174,135.93,89.5,0,0,10.310872723833,10.2113071804444,3.8788470434321,111.25,103.5,0,0,2.5268009703945,2.4014813082424,1.15523667604971,77.79,73.5,1,0.01
"Rhincodon_typus","Rhincodon typus",60.6770658561575,55.1894391022186,19.272274733173,137.54,123,4,0.04,12.8791210648248,11.2886313962173,5.14970643209828,73.08,67.5,2,0.02,2.61670281158261,2.59150363252843,1.19210320408491,69.58,72.5,0,0
"Pseudotriakis_microdon","Pseudotriakis microdon",58.4177789287352,56.167504845553,17.6306514954865,138.31,117.5,0,0,9.79598920559116,10.5121054935801,4.92419081584535,151.7,109,0,0,0.722143357049654,0.586575351574643,0.620567659111034,438.56,447,0,0
"Pseudocarcharias_kamoharai","Pseudocarcharias kamoharai",61.2795746826228,56.6332701219552,22.8951221924137,139.08,142,6,0.06,11.8149790202826,11.417816002326,5.85583707673135,92.2,96,1,0.01,2.29306168064805,2.48297116917506,1.16553010957761,105.93,82.5,0,0
"Stegostoma_fasciatum","Stegostoma fasciatum",60.028889120862,54.5866015623653,18.1077532173709,139.55,129,4,0.04,12.5647963463842,11.1251166911911,4.58670716265838,75.4,67.5,0,0,2.57189976140808,2.65525485974192,1.07462524349067,70.43,70.5,0,0
"Aetomylaeus_maculatus","Aetomylaeus maculatus",55.3546792389621,55.3133680672367,10.5821082271661,148.54,105.5,0,0,7.02959732369481,7.05035117562954,2.68113176285228,191.69,184,0,0,0.402465862616728,0.379869764249414,0.163130809982032,517.31,520,0,0
"Centroselachus_crepidater","Centroselachus crepidater",56.073115161417,61.3862900500543,14.9383950345586,148.57,119,0,0,6.63918172037698,7.13214929965851,3.41704922253413,246.17,226,0,0,1.24870284528546,1.25435123610346,0.701319655909424,230.93,220.5,0,0
"Ginglymostoma_cirratum","Ginglymostoma cirratum",54.87355080161,54.8841204962552,10.4348427812452,149.27,127,0,0,11.1846615322394,11.1646668885374,2.89450988141398,84.23,78,0,0,2.41181052264093,2.51066530636854,0.913633397701969,74.9,74.5,0,0
"Galeus_eastmani","Galeus eastmani",53.277888515116,56.1339873865403,11.0054932290821,150.7,140,0,0,3.28644292748467,3.2522944241521,2.00280541567783,506.08,465.5,0,0,0.331016788929424,0.318976742182221,0.111346702893287,648.83,621.5,0,0
"Chaenogaleus_macrostoma","Chaenogaleus macrostoma",52.4491091480335,54.4533448960976,8.6814856852722,151.18,153,0,0,4.16321230642406,4.57532777916532,2.2468003158056,433.8,327,0,0,0.323496631695563,0.324189901672837,0.11256853122364,684.24,658,0,0
"Galeus_sauteri","Galeus sauteri",53.277888515116,56.1339873865403,11.0054932290821,151.7,141,0,0,3.28975272031105,3.2803117804684,2.0093517705847,506.14,462.5,0,0,0.331949079087306,0.324052109338302,0.111256488259278,645.5,618.5,0,0
"Cirrhoscyllium_formosanum","Cirrhoscyllium formosanum",57.6854516122739,55.3036405040571,18.5048812961371,152.75,141,5,0.05,12.3747482232132,10.9859908773561,4.86483110446653,85.91,75.5,6,0.06,3.60996616587196,3.36263884314145,1.59649471792577,42.04,43,14,0.14
"Nebrius_ferrugineus","Nebrius ferrugineus",54.7591703121546,53.7459021542984,11.8129884345147,154.08,127,0,0,11.2244016170993,11.1904284500005,3.11414605289882,83.92,76,0,0,2.43142730319608,2.43674177659809,0.986578326058672,73.85,73,0,0
"Heterodontus_ramalheira","Heterodontus ramalheira",56.9787259017831,56.6467902355782,18.2419476274792,155.14,131,1,0.01,11.3387925264219,10.2982516038959,4.71994452629586,96.24,83,1,0.01,3.61420340316795,3.62520122494963,1.3915476538783,39.95,38,13,0.13
"Rhinobatos_lentiginosus","Rhinobatos lentiginosus",65.2642909270637,58.0397976727485,29.6541150418134,155.49,99.5,21,0.21,13.4283183517851,13.1241229652104,8.106907188241,102.71,70.5,18,0.18,2.17375144592055,1.99575978717617,1.39601329325835,123.39,98.5,0,0
"Rhinochimaera_pacifica","Rhinochimaera pacifica",52.6947375748041,53.5423285230135,5.01616956530116,157.12,141.5,0,0,11.2597088876616,11.2600946695746,0.613453561016956,87.99,87,0,0,3.28347258808197,3.2897552888812,0.149803467998606,49.58,46.5,21,0.21
"Harriotta_raleighana","Harriotta raleighana",52.6475325212682,50.7559813723654,6.31802279089488,157.21,155.5,0,0,11.7284156645926,11.6017759472717,0.622073496729845,79.91,80,1,0.01,3.400486256741,3.38816947235867,0.18398268866224,45.6,44,23,0.23
"Harriotta_haeckeli","Harriotta haeckeli",52.6475325212682,50.7559813723654,6.31802279089488,158.21,156.5,0,0,11.725092165414,11.6065782068802,0.612280077900578,80.22,80.5,1,0.01,3.3963686376789,3.38185590394095,0.180991799179177,45.79,44,23,0.23
"Sphyrna_mokarran","Sphyrna mokarran",51.2344905500748,52.4086677927931,7.74301089655218,159.74,159,0,0,2.13489090098399,2.14124073789649,1.22324144583091,694.48,677,0,0,0.282463948894941,0.279510509033659,0.0812991845612198,822.13,813.5,0,0
"Cirrhoscyllium_japonicum","Cirrhoscyllium japonicum",57.3808213111433,54.9518313601668,19.2393662210367,159.75,141.5,4,0.04,12.309913215404,11.2025508245081,4.96740146235339,86.81,74,5,0.05,3.59585546585221,3.44901873539597,1.57179850090894,42.29,42,9,0.09
"Trygonoptera_personata","Trygonoptera personata",53.4891679072338,55.5138263605349,10.2994111730744,159.87,126,0,0,6.65741210960125,6.73688863727383,1.75671094952068,198.64,204,0,0,0.438582891286612,0.401769593931315,0.20747523340911,492.49,502.5,0,0
"Pseudoginglymostoma_brevicaudatum","Pseudoginglymostoma brevicaudatum",57.1699868456184,53.047482298504,18.0187539286631,160.35,148.5,5,0.05,12.0183979094075,10.9539994694387,4.49435323515815,82.39,73,0,0,2.49214944829101,2.49972703964148,1.05201424339206,73.38,74,0,0
"Cirrhoscyllium_expolitum","Cirrhoscyllium expolitum",56.2540880203189,53.7332555510608,17.4861887573622,160.8,149,2,0.02,12.2368896935827,10.7886599330638,4.68084379468382,86.68,71,4,0.04,3.5899368335944,3.33586386787993,1.59435404328647,42.22,42.5,10,0.1
"Cirrhigaleus_asper","Cirrhigaleus asper",59.8617289663649,67.6098790869185,21.4036275265885,163.67,78,0,0,8.32394034458108,9.18256404274736,4.65307240576291,234.89,137,0,0,1.02022149214702,0.921849756623728,0.636798980217569,285.97,280,0,0
"Rhinochimaera_africana","Rhinochimaera africana",51.5319112800518,51.2038534594044,5.53821968071988,167.4,149,0,0,11.1153474288074,11.086150512016,0.610411488087062,89.58,90,0,0,3.2537313324955,3.23865214612863,0.149982151413234,50.37,49,20,0.2
"Rhinobatos_penggali","Rhinobatos penggali",58.324551347309,56.8386691357746,21.2220008759766,169.94,116.5,0,0,9.45864764689565,8.82450818048455,5.69042337470171,171.95,153,0,0,1.6264469566322,1.5770888206528,0.879877326747303,166.76,165.5,0,0
"Pristiophorus_nudipinnis","Pristiophorus nudipinnis",54.2455538448516,52.9543488259178,15.9678947718518,171.61,130,0,0,9.18375179020644,9.33933891248123,3.27979004393935,132.01,124,0,0,2.3702253083094,2.23783432661891,1.11707550473558,84.86,81,0,0
"Centroscymnus_coelolepis","Centroscymnus coelolepis",53.3090083157222,59.6990885859313,14.8550382958279,172.8,121.5,0,0,4.72717135291696,5.07648548128413,2.0773332886745,327.83,300.5,0,0,1.06641469518535,1.04076044430412,0.541861154169596,261.57,257,0,0
"Heterodontus_quoyi","Heterodontus quoyi",55.6983852022957,51.1992194646741,22.2163810498506,175.91,171.5,4,0.04,11.2472156014825,9.23291286961037,6.02942650543572,104.78,97,6,0.06,3.57394747926357,3.36247652868833,1.59060823384028,42.98,44,8,0.08
"Planonasus_parini","Planonasus parini",53.3647351343152,52.9812895631374,16.7874298882045,177.24,162.5,1,0.01,9.04641010128014,9.9681755828325,4.45300763328049,167.82,131,1,0.01,0.696489084729323,0.590693543531948,0.549756803579787,445.76,462,0,0
"Heterodontus_omanensis","Heterodontus omanensis",53.9971701705798,50.6861099452666,18.619922064281,180.93,178,2,0.02,10.6543087551078,9.22328234982353,4.85095435598009,110.63,98,3,0.03,3.42323624217878,3.34982008655063,1.26329334393329,44.23,46,9,0.09
"Heterodontus_japonicus","Heterodontus japonicus",54.6657409067549,49.3984460762785,21.1557312229981,181.64,180,5,0.05,10.9377200540121,8.94091777266594,5.67821203988291,110.15,106.5,5,0.05,3.47962646084257,3.26451446134762,1.50610993675554,44.37,44,9,0.09
"Narcine_lasti","Narcine lasti",49.7083585353963,49.511865178282,6.02586970394365,184.62,184.5,0,0,7.04960722046753,6.98767932860621,2.43747992308955,206.3,193,0,0,0.918743344816513,0.869717080952749,0.191554199244378,261.14,292,0,0
"Narcine_tasmaniensis","Narcine tasmaniensis",49.7083585353963,49.511865178282,6.02586970394365,185.62,185.5,0,0,7.04018169119466,6.99185739765404,2.42324509968544,206.89,188,0,0,0.920356990926484,0.877136729355286,0.19014512689573,260.71,291.5,0,0
"Urobatis_jamaicensis","Urobatis jamaicensis",53.5075537822059,57.250721877863,15.2756328756864,187.44,110,0,0,3.62357168908402,3.03513262221256,1.82282018220648,420.84,417,0,0,0.308442251531169,0.302046277498415,0.0723955027573115,690.31,711,0,0
"Rhinochimaera_atlantica","Rhinochimaera atlantica",49.6744337613401,48.3282540575862,6.58074271685605,187.81,184,0,0,10.8873963738937,10.740019372515,0.661973679028542,94.55,93.5,0,0,3.2021120242438,3.19294826111238,0.1478885985722,52.59,52,19,0.19
"Odontaspis_noronhai","Odontaspis noronhai",52.1675959774033,51.9599075517547,15.8880666562616,189.62,168,0,0,10.3343166850102,10.6786795060466,4.04265570294496,107.79,107,0,0,2.1308034404492,2.30431791868754,0.975085252253125,113.97,88,0,0
"Odontaspis_ferox","Odontaspis ferox",52.1675959774033,51.9599075517547,15.8880666562616,190.62,169,0,0,10.3305093447331,10.6825788128404,4.03755559784212,108.08,106,0,0,2.13387032762726,2.29842293239136,0.981326598668703,113.95,88,0,0
"Cephalurus_cephalus","Cephalurus cephalus",58.4098913265375,49.5177924520743,28.3153125524341,192.22,185,10,0.1,10.2319049402474,8.80903258912815,7.41905361409219,168.72,168.5,8,0.08,1.52931649689696,1.41762858102435,1.10039877596999,207.96,210,1,0.01
"Aetomylaeus_nichofii","Aetomylaeus nichofii",50.9890228859413,47.9466074723205,13.4671547392925,192.65,185.5,1,0.01,6.97471989778872,6.68000260921058,2.88686066209346,198.13,203,0,0,0.40081610703183,0.380578141139013,0.150348712362771,518.66,521,0,0
"Pristiophorus_cirratus","Pristiophorus cirratus",51.197725954301,50.2004759459751,14.0580929261253,194.47,163.5,0,0,8.83771415860253,9.02744752114636,2.97045359907916,139.5,138.5,0,0,2.29131292702964,2.19038791299915,1.00111609174827,87.61,82.5,0,0
"Furgaleus_macki","Furgaleus macki",51.236130137417,57.6968657996102,14.9335008947415,194.5,126.5,0,0,5.1132280526658,5.47779466483552,2.91925691139804,361.82,281.5,0,0,0.348831045570615,0.341836844292871,0.137152626170923,632.31,582.5,0,0
"Sphyrna_zygaena","Sphyrna zygaena",47.6007768248815,48.6332072873175,6.99209972384569,195.31,193.5,0,0,2.03235175339505,2.04232713840356,1.12942532927257,712.77,702.5,0,0,0.281404657362625,0.278776742546331,0.0798474424105735,824.27,818.5,0,0
"Schroederichthys_bivius","Schroederichthys bivius",53.2326719692998,50.4612975147521,19.4812214085936,195.95,173.5,0,0,10.9964422526973,9.60607950857245,5.01796536522197,101.14,95.5,5,0.05,1.84306163077762,1.66481409962929,1.29687843173909,162.57,130.5,0,0
"Gymnura_japonica","Gymnura japonica",54.6525698000209,49.8703372711098,19.0008873510175,196.17,183.5,2,0.02,7.76908197456102,6.85549810617898,3.81717794192275,182.44,171,0,0,0.436796200761278,0.40367397273866,0.188651746511262,504.4,502.5,0,0
"Heterodontus_portusjacksoni","Heterodontus portusjacksoni",50.2768774670185,49.5302291622737,15.4874851516685,197.45,186,1,0.01,9.43075875654749,8.79344031165294,3.38882239112402,122.61,113,0,0,3.15841541895461,3.20474199812586,1.11283512387136,49.22,49,2,0.02
"Schroederichthys_saurisqualus","Schroederichthys saurisqualus",52.6662790375216,49.8126868759735,19.0502549243754,200.69,191.5,3,0.03,10.6593029654171,9.83647352684639,4.40092248506102,106.79,108.5,3,0.03,1.76113433174745,1.64254709885547,1.10851783491697,165.42,131,0,0
"Pentanchus_profundicolus","Pentanchus profundicolus",57.9135989263562,51.4633007617227,25.5615785373334,201.52,153,7,0.07,6.56071509708624,3.94872085825225,5.84581309405743,327.44,352,2,0.02,0.405517347845463,0.382064241734978,0.176478146189752,563.06,543,0,0
"Schroederichthys_chilensis","Schroederichthys chilensis",52.6106886525177,46.9441635583766,19.4462040471985,201.63,210,2,0.02,10.7656785283688,9.31630060481702,4.82419064156165,106.39,105.5,2,0.02,1.80067439765333,1.64884128249685,1.19978159257019,165.04,132.5,0,0
"Hemigaleus_microstoma","Hemigaleus microstoma",47.1564732447375,48.8247759218513,7.9841793061366,201.75,203.5,0,0,4.37380960743365,4.73179045763005,2.43203892892907,422.19,322,0,0,0.324865067316784,0.32627879895384,0.113436881247473,682.73,649,0,0
"Heterodontus_galeatus","Heterodontus galeatus",49.4856102706983,48.6901040156907,14.0616440426832,202.63,198.5,0,0,9.20348030432374,8.76423435971634,3.04644859697075,127.72,128,0,0,3.09597125431811,3.17820126160237,1.02242198715381,50.88,50,2,0.02
"Hemigaleus_australiensis","Hemigaleus australiensis",47.1564732447375,48.8247759218513,7.9841793061366,202.75,204.5,0,0,4.3699305009435,4.74175397555318,2.430775791279,422.11,319,0,0,0.325166139467311,0.324178530515448,0.113378734547989,681.05,654,0,0
"Schroederichthys_tenuis","Schroederichthys tenuis",52.016947638907,48.4785907758814,18.1437976271416,202.87,195.5,3,0.03,10.6481739142296,9.79255803315242,4.28726266331351,105.66,100,4,0.04,1.74562788528686,1.72694251781713,1.03329724524127,164.24,122.5,0,0
"Gollum_attenuatus","Gollum attenuatus",48.8990400609903,49.8417985764179,12.7151714863505,204.85,188,0,0,8.41970350413096,9.3883785510182,3.72612660986014,179.76,143,0,0,0.673340041107513,0.567824404563543,0.496210546313072,449.93,464,0,0
"Gollum_suluensis","Gollum suluensis",48.8990400609903,49.8417985764179,12.7151714863505,205.85,189,0,0,8.41127819465977,9.34925528612319,3.71296163437501,179.76,145,0,0,0.672405347034166,0.565428687584276,0.494412582275737,450.07,465,0,0
"Himantura_schmardae","Himantura schmardae",46.8159500147168,46.6882014138542,6.10806778088798,205.88,217,0,0,4.89129034308973,4.49380622169613,2.42782839950432,316.14,319,0,0,0.306133845427488,0.297874150821709,0.0773960085395494,702.39,724,0,0
"Himantura_pacifica","Himantura pacifica",46.8159500147168,46.6882014138542,6.10806778088798,206.88,218,0,0,4.89176228224293,4.49570500447754,2.42103824159478,315.99,324,0,0,0.306172890799432,0.295953221897143,0.078187543411779,702.78,719,0,0
"Atelomycterus_marmoratus","Atelomycterus marmoratus",47.0949621799261,47.9637540737018,7.39289746291062,206.89,196,0,0,8.23716262808421,8.55041983904885,1.97021623091413,144.2,151,0,0,1.51766975919702,1.51199207188179,0.837344937009839,184.93,148.5,0,0
"Schroederichthys_maculatus","Schroederichthys maculatus",50.9017659468736,47.9075848206533,17.2220578147866,206.9,200.5,1,0.01,10.3508001103888,9.55842277051383,4.11256083658005,108.87,97,1,0.01,1.72569707815058,1.65672110541285,1.03005685997457,165.45,132.5,0,0
"Atelomycterus_baliensis","Atelomycterus baliensis",47.0561971781381,47.5846286915826,7.42613529239963,207.73,199,0,0,8.22935270819457,8.46966397308949,1.94597942194719,144.94,150.5,0,0,1.51626031534466,1.51394596207005,0.832129021442771,184.98,148,0,0
"Squaliolus_aliae","Squaliolus aliae",49.3412988161515,50.6910898491313,14.5333121077833,209.11,177.5,0,0,8.6714811634264,9.11702703209701,4.3965647395143,184.62,147,0,0,1.26843534304491,1.10780352433516,0.851972481129749,238.61,245,0,0
"Trygonoptera_testacea","Trygonoptera testacea",46.9336883508028,48.1178026439875,7.71797137440719,209.67,193,0,0,6.04390831105027,5.96193504550832,1.49960753509391,220.9,235,0,0,0.430960245970375,0.400745518479088,0.191428475194566,496.89,508,0,0
"Gymnura_australis","Gymnura australis",54.5573789446925,48.6779806212261,21.6853635341392,210.46,178,2,0.02,8.14255008228501,6.87107197559202,4.52783375796393,179.71,174.5,0,0,0.443949462700283,0.404847484881772,0.224843445913827,499.57,500.5,0,0
"Parascyllium_sparsimaculatum","Parascyllium sparsimaculatum",50.5876638957948,46.4119606854367,17.3180024895641,213.85,217,3,0.03,10.0415618180705,8.80163482269278,3.93061363581288,120.21,111.5,3,0.03,3.04406910442351,2.98449386041815,1.38753896025272,56.5,56.5,2,0.02
"Gymnura_poecilura","Gymnura poecilura",51.3445614193948,47.6117037141192,16.431170857449,213.86,187,0,0,7.00093256737674,6.76777962993364,3.02813030951317,201.06,194.5,0,0,0.435371116010787,0.4068188408155,0.203380395650402,504.61,503,0,0
"Rostroraja_alba","Rostroraja alba",46.4372303908807,47.8106582541985,10.1281046881983,216.27,218,0,0,3.14861273147333,2.81663064736283,2.45048377314316,607.64,529.5,0,0,0.284131578657451,0.268913759654927,0.100667363088239,833.69,866.5,0,0
"Parascyllium_collare","Parascyllium collare",52.0994132104381,45.8104405166073,22.3478149784474,216.91,218.5,3,0.03,10.3711022770261,8.93735409759119,5.22582845594516,120.38,109,3,0.03,3.13368899451579,2.81531855391593,1.69474481863923,55.31,56.5,7,0.07
"Euprotomicrus_bispinatus","Euprotomicrus bispinatus",48.6257288959819,47.12356969749,14.3379168402548,217.98,191,0,0,8.51133354210884,9.09279126362736,4.31289111014893,188.23,145.5,0,0,1.25324379667808,1.10181743112206,0.837490498896543,239.32,250,0,0
"Taeniurops_grabata","Taeniurops grabata",47.3533836029008,50.6056486770169,12.6165848818938,218.38,196.5,0,0,2.64396096165816,2.11641318348912,1.78252602062769,603.12,644.5,0,0,0.290341167541083,0.289370687262869,0.0668815820312376,762.41,774,0,0
"Parascyllium_ferrugineum","Parascyllium ferrugineum",49.9404934672961,44.4731240626673,19.7955208017011,219.3,213,1,0.01,9.96221732687945,8.72347604995933,4.59980179369051,121.5,119.5,2,0.02,3.04946676053462,2.8376640059475,1.58359648529552,56.64,58,5,0.05
"Taeniurops_meyeni","Taeniurops meyeni",47.3533836029008,50.6056486770169,12.6165848818938,219.38,197.5,0,0,2.64357645122285,2.11724745586455,1.78146329904834,603.18,645.5,0,0,0.29025392376937,0.288825264983216,0.0673919483087966,762.8,778,0,0
"Heterodontus_zebra","Heterodontus zebra",47.6205050742186,47.1024505611119,13.6090464933473,219.76,229,0,0,8.99721079886057,8.68083866817754,2.86839963755609,130.26,129,0,0,3.04420025990902,3.14543364637028,1.00255098571109,52.23,50.5,0,0
"Squatina_africana","Squatina africana",50.5631147061394,49.5107924685097,17.9430152592547,220.08,200.5,0,0,5.46539800237099,4.51115594596773,3.02853463859625,286.74,294,0,0,1.46315762587818,1.3875732708945,0.603984411029911,164.84,154.5,0,0
"Rhinobatos_jimbaranensis","Rhinobatos jimbaranensis",52.0415349852251,49.9801937540322,20.5898154423284,221.58,184.5,0,0,8.79749032893768,7.93481120510817,5.37561865164428,187.29,183,1,0.01,1.56704975320049,1.50282743911032,0.840277274720862,174.47,180.5,0,0
"Squatina_squatina","Squatina squatina",47.3187860123341,49.3400261665623,12.6140888357934,221.76,200,0,0,5.03775258366595,4.40575422611177,2.50480367672506,301.27,318.5,0,0,1.42287700806527,1.40088869289741,0.625004266255195,172.84,175.5,0,0
"Parascyllium_elongatum","Parascyllium elongatum",49.1874719940479,46.1869440604895,16.2875793222321,223.43,209,1,0.01,9.75765387539714,8.70904830295033,3.57939519497749,124.21,122.5,3,0.03,2.96943860045112,2.8665266869566,1.24296293842042,57.87,58,3,0.03
"Gymnura_zonura","Gymnura zonura",50.9838039567927,46.9781490029634,17.5807514810587,224.23,222,0,0,7.01779346273166,6.32447993167838,3.17892481393633,202.58,204,0,0,0.435404409703259,0.406765418025083,0.200973761639108,506.28,506.5,0,0
"Isistius_plutodus","Isistius plutodus",49.468875115278,47.0161054254983,17.8394388707737,226.36,212,0,0,9.40099141374029,10.042707035782,4.95141534513959,171.04,125,0,0,1.2908990828602,1.14281044652973,0.922424255366665,235.65,246,0,0
"Isistius_brasiliensis","Isistius brasiliensis",48.4847656511195,47.7550461855003,15.4768787690888,227.05,203.5,0,0,9.18173517141758,10.0547143551253,4.43816941076273,172.57,117.5,0,0,1.2632599666984,1.14165657147217,0.799974488625822,236.15,244,0,0
"Parascyllium_variolatum","Parascyllium variolatum",48.8089849832585,44.2818625993879,16.6967789153201,227.39,216,0,0,9.67109840477383,8.79264853950406,3.56591327718564,125.09,116,1,0.01,2.95262903737688,2.84277770510549,1.2601377712508,58.28,59,3,0.03
"Ctenacis_fehlmanni","Ctenacis fehlmanni",52.6564307073198,49.7968069426729,21.992500712908,228.15,163,3,0.03,7.79410058320999,7.48580270751533,4.89792433358817,221.64,198.5,1,0.01,0.637395560593586,0.529634076374496,0.484982193736976,466.15,470.5,0,0
"Discopyge_castelloi","Discopyge castelloi",51.7411966768521,46.1857208700367,23.3531850277166,228.99,225.5,3,0.03,8.56365209530145,6.44352312392,6.26289255801848,191.39,164,5,0.05,1.25951293221868,0.863392064191784,1.50483094777941,244.08,287.5,3,0.03
"Pristiophorus_delicatus","Pristiophorus delicatus",47.4878568167863,44.3663857891297,13.8702334839817,229.73,214.5,0,0,8.50132898939576,8.39876170369408,2.86524090929113,147.33,145,0,0,2.23522912175253,2.1056515217032,1.00086582620516,91.5,88,0,0
"Hydrolagus_colliei","Hydrolagus colliei",49.3816439765255,48.161612123618,15.2650405229439,229.76,187.5,0,0,8.79632884821237,8.20188387987969,3.34049319228221,148.87,123,0,0,2.2106145430804,2.13737847740408,0.541426165537292,91.09,76.5,0,0
"Discopyge_tschudii","Discopyge tschudii",51.7411966768521,46.1857208700367,23.3531850277166,229.99,226.5,3,0.03,8.55839614334198,6.42924944705643,6.28022277954016,191.64,164,5,0.05,1.25809553783843,0.867732993150241,1.49876392942335,244.3,286.5,3,0.03
"Squatina_aculeata","Squatina aculeata",46.6660429435356,48.4410704116139,12.5385583513383,230.96,208,0,0,5.00456953088826,4.3195967623452,2.49554365471899,303.21,321.5,0,0,1.41831522465806,1.39119302583385,0.620337832299515,173.22,178.5,0,0
"Chiloscyllium_punctatum","Chiloscyllium punctatum",46.3898667651036,47.3599236348533,10.6533005996074,231.14,176,0,0,4.93726707461956,5.0448559856862,1.02119652423561,270.85,292.5,0,0,1.44428631108848,1.50651523903954,0.470863173266658,153.72,148.5,0,0
"Isistius_labialis","Isistius labialis",48.5790003419033,47.0555484201114,16.3214915909439,231.51,230,0,0,9.21177773924543,9.84745518566607,4.59932533742123,173.55,126.5,0,0,1.25675698197543,1.12217251961007,0.794260456315573,236.9,247.5,0,0
"Heteroscymnoides_marleyi","Heteroscymnoides marleyi",49.9748747141201,46.0893722375752,19.6676742188294,232.31,237.5,3,0.03,8.96555278572543,8.8117882037389,5.17016316387397,184.04,152,2,0.02,1.26078396373383,1.10961423205844,0.836355896066794,238.43,253.5,0,0
"Dasyatis_margaritella","Dasyatis margaritella",44.7083990660745,44.244015339831,3.1906577768161,233.27,264.5,0,0,3.26717913493838,2.63175183329958,1.47775668499655,454.71,448,0,0,0.300208202276526,0.292126573182883,0.0668984404225992,720.42,749,0,0
"Dasyatis_margarita","Dasyatis margarita",44.7083990660745,44.244015339831,3.1906577768161,234.27,265.5,0,0,3.26760495785149,2.63041992969799,1.47958040914827,454.8,446.5,0,0,0.300330315976764,0.29376675653441,0.0670691402952883,719.44,754,0,0
"Gogolia_filewoodi","Gogolia filewoodi",48.7461010685641,45.3031463773741,17.742947692404,235.1,227.5,1,0.01,5.76483544641902,5.04811737539757,3.90924428498244,347.02,306.5,0,0,0.352067045354717,0.341512706408557,0.140621842192678,629.89,582.5,0,0
"Chimaera_phantasma","Chimaera phantasma",49.14775841086,44.9365542661952,15.7346916913078,236.42,202.5,0,0,5.89850899117225,5.29950740953262,2.50569514583916,253.48,228.5,0,0,1.61514049520062,1.56245911068999,0.353539946379021,135.38,116.5,0,0
"Somniosus_rostratus","Somniosus rostratus",45.566067783702,49.4803882879636,11.6151156698654,238.14,193,0,0,9.24338225471791,10.3389859855011,3.53336217653214,130.46,118.5,0,0,1.73904379521765,1.76061062168832,1.01129668336025,158.56,119,0,0
"Euprotomicroides_zantedeschia","Euprotomicroides zantedeschia",48.9446256881395,44.6645780319613,19.1066338876971,242.06,232.5,2,0.02,8.74703170758926,8.96313687715752,4.88870658778802,189.83,152,1,0.01,1.23410826925592,1.10781799247363,0.761319435240802,239.65,250,0,0
"Centrophorus_squamosus","Centrophorus squamosus",52.1178725511949,59.2563504140346,21.1903211729541,242.44,123.5,0,0,8.64398435179557,8.79385384933582,4.83494970113657,196.5,157,1,0.01,1.62598404927774,1.6004270935265,0.891272918487429,167.62,133.5,0,0
"Hydrolagus_barbouri","Hydrolagus barbouri",48.238752462541,44.5337189353045,15.5557773547526,244.08,213.5,0,0,8.65949034690855,7.99013305612898,3.35430548568511,152.56,133.5,0,0,2.17721143497368,2.08996288532366,0.535059141725064,92.6,81.5,0,0
"Himantura_lobistoma","Himantura lobistoma",47.0541738221076,50.8110131104367,10.6845216339134,244.49,181,0,0,1.89150273974861,1.83784435586631,0.488647283825421,702.85,752,0,0,0.291010711776598,0.286354706375697,0.060069781286225,752.82,791,0,0
"Atelomycterus_fasciatus","Atelomycterus fasciatus",43.8673204366221,45.3034049021062,7.28407170963024,245.49,226.5,0,0,8.11060288659435,8.20398008639912,1.99846786758778,147.89,150.5,0,0,1.50732878842996,1.51301155706438,0.850935456186804,187.77,162.5,0,0
"Atelomycterus_marnkalha","Atelomycterus marnkalha",43.8607134647733,45.3034049021062,7.18950796262405,245.73,227,0,0,8.10728158580365,8.2367035067481,1.98828151768307,147.95,150.5,0,0,1.5068275205307,1.50200751188317,0.850777345266178,187.67,160,0,0
"Mollisquama_parini","Mollisquama parini",48.7554652320959,45.7960688625736,19.8145059641479,246.12,225.5,4,0.04,8.99488708833615,9.22708586952311,5.27853277791076,190.06,157,2,0.02,1.23886538124167,1.09750351262531,0.771459132189022,241.01,248,0,0
"Pristiophorus_nancyae","Pristiophorus nancyae",45.6737707214635,44.9779074811932,12.3909849683839,246.3,245,0,0,8.33617888323709,8.57276736536025,2.66793688041695,151.67,153,0,0,2.19266834263621,2.16987686920754,0.906143240354964,92.31,87,0,0
"Cruriraja_hulleyi","Cruriraja hulleyi",52.5934754491322,48.8973510958314,24.3300286756123,247.26,186,7,0.07,7.88009691796735,6.15762297139494,5.57768422958527,219.3,179,2,0.02,0.631832383623154,0.495397322335682,0.400494697412489,408.23,441.5,0,0
"Gymnura_marmorata","Gymnura marmorata",49.7110250928223,44.07381181416,20.1686529254787,249.25,229,1,0.01,7.68386745753617,6.90617437216024,3.96242458133647,186.71,174.5,0,0,0.436885836728931,0.405426039672241,0.211885441897144,504.42,499.5,0,0
"Arhynchobatis_asperrimus","Arhynchobatis asperrimus",44.6494419896178,44.5013584299477,7.56518552894453,250.45,237.5,0,0,1.39978008803902,1.09565997710572,0.865728060232962,840.68,868.5,0,0,0.285465568152396,0.267896321474055,0.0886055207186465,802.61,809,0,0
"Atelomycterus_macleayi","Atelomycterus macleayi",44.9602504314791,42.2501799596314,12.2766143366229,251.09,268,0,0,7.89649728288649,8.01995295350683,2.06971612867252,154.66,160.5,0,0,1.47463738380544,1.49386054890288,0.81693275519357,194.09,165.5,0,0
"Pteromylaeus_bovinus","Pteromylaeus bovinus",44.1833032966012,43.307786493794,10.1427677589507,253.09,247,0,0,6.19951505255173,6.22793941433287,2.25164988361909,224.76,220,0,0,0.397878421789792,0.380838631727708,0.147691149487936,521.25,519.5,0,0
"Pteromylaeus_asperrimus","Pteromylaeus asperrimus",44.1833032966012,43.307786493794,10.1427677589507,254.09,248,0,0,6.19675513993488,6.20657319020315,2.25180650416585,225.14,219,0,0,0.3979418891051,0.380819460481361,0.148159576015532,521.68,519.5,0,0
"Pristiophorus_schroederi","Pristiophorus schroederi",44.1966194065684,42.4311977097701,10.849685426288,259.05,246.5,0,0,8.15805534739514,8.28949177217208,2.50424396818651,156.01,148.5,0,0,2.16938445862815,2.09862430668246,0.917005709288054,94.47,87.5,0,0
"Centrophorus_granulosus","Centrophorus granulosus",50.1555664486696,51.640767244791,21.3526637060208,264.1,189,0,0,8.4193092955549,8.32323409213748,4.78119083043802,203.77,175,0,0,1.59402731688385,1.57533365418003,0.873800321233411,171.57,143.5,0,0
"Dasyatis_zugei","Dasyatis zugei",48.1667810411241,45.9932000103606,18.0704394323328,265.72,149,0,0,2.4602854449392,2.04291665225645,1.70690903066286,622.48,640,0,0,0.289637842109499,0.288001066826147,0.0646975145910802,763.64,780,0,0
"Dasyatis_sabina","Dasyatis sabina",47.5484099668674,44.7800329730194,17.1883814755612,266.45,245.5,0,0,3.80638861382572,3.49555615250134,2.48611400954142,444.94,436,0,0,0.298712963955457,0.293261707667796,0.0698399738618631,728.84,742.5,0,0
"Hydrolagus_melanophasma","Hydrolagus melanophasma",44.8277726650329,44.8759207526723,12.4021049238434,271.17,227.5,0,0,3.30631910572055,3.32541943920195,0.626417153245485,425.83,426.5,0,0,1.2098512408362,1.22887477503502,0.130089512863413,195.78,219.5,0,0
"Gymnura_crebripunctata","Gymnura crebripunctata",47.9363085627905,42.1056074222307,19.9119729050859,275.24,244.5,1,0.01,7.19372731490828,6.3433948266871,3.89385347182019,204.42,200.5,0,0,0.437305726665011,0.393871846696568,0.222940809878417,508.03,503,0,0
"Sinobatis_filicauda","Sinobatis filicauda",47.215750644358,43.1039842680293,19.3064176650688,275.28,276,5,0.05,8.77225887930721,8.02274605138717,4.27406637113645,157.9,148.5,2,0.02,1.04485459996087,0.804876878355328,0.725781289250361,276.76,286.5,0,0
"Gymnura_micrura","Gymnura micrura",48.1132365606371,40.8174564875207,21.1035262940234,277.98,244.5,1,0.01,7.37792985856247,6.22072905093957,4.19566718681125,203.71,203.5,0,0,0.438218804792991,0.404756466937384,0.229307072933561,505.87,501,0,0
"Centrophorus_moluccensis","Centrophorus moluccensis",52.442275349196,51.0236894984623,26.6952653725964,278.12,195,5,0.05,9.08712318867264,8.72409814958742,6.01049310962293,197.97,164.5,4,0.04,1.62703455431705,1.62258851678971,0.919928506450643,169.02,137,0,0
"Chiloscyllium_plagiosum","Chiloscyllium plagiosum",41.8965443975088,43.1742021651893,8.2722781816142,281.58,253,0,0,4.78958822370302,4.95558749260576,0.932437323980403,279.8,296,0,0,1.41038003677804,1.48162962475514,0.444853051160769,159.51,157.5,0,0
"Chiloscyllium_indicum","Chiloscyllium indicum",41.7380334613896,42.3901126945578,7.38081410562217,282.42,253,0,0,4.76619504855157,4.90406846544097,0.878106424164997,280.67,299,0,0,1.40232678037767,1.4747614302962,0.432426543362124,160.8,161.5,0,0
"Sinobatis_melanosoma","Sinobatis melanosoma",46.6914296175962,40.4998892068414,19.5791655629247,282.58,269,3,0.03,8.70132944257996,7.73849530423887,4.49210908431028,161.57,151.5,2,0.02,1.03085763997379,0.811480187947799,0.69890946517284,276.29,289,0,0
"Neotrygon_kuhlii","Neotrygon kuhlii",41.7565526131331,41.9695127598078,7.07132101081526,282.96,242,0,0,4.36446328607341,4.48298537075708,1.41866738341101,329.59,326,0,0,0.308685058786565,0.302933527732875,0.072765379094498,690.07,705.5,0,0
"Triakis_semifasciata","Triakis semifasciata",43.0574492239821,42.3414487888908,12.7732106746241,284.51,248.5,0,0,5.21472233202569,5.74058021409167,2.84246560239189,350.8,269,0,0,0.350184989398487,0.343824021444731,0.135597453851369,628.37,576.5,0,0
"Neotrygon_ningalooensis","Neotrygon ningalooensis",44.7196762112116,48.260549581095,12.7126535966824,284.89,199.5,0,0,4.59105908231195,4.55417961723449,1.57885912527162,315.85,311.5,0,0,0.309309177745869,0.303657996339518,0.0729599958558848,687.56,700.5,0,0
"Sinobatis_borneensis","Sinobatis borneensis",45.8834069954601,41.3619877563914,18.3919880577264,285.85,286.5,3,0.03,8.52049638469592,7.57637583429792,4.17053391027652,162.28,159.5,2,0.02,1.0194255970593,0.796056651076422,0.667315602731821,281.39,288.5,0,0
"Rhinobatos_horkelii","Rhinobatos horkelii",46.5627948012501,43.4152123342181,19.8343271536611,287.17,276,0,0,8.21491051751453,7.9411086129171,4.38621172546927,180.86,191.5,0,0,1.65933063150872,1.59333177189251,0.85608765178593,159.81,145,0,0
"Triakis_scyllium","Triakis scyllium",42.8583107328931,41.5397677661283,12.4601013638227,287.19,280,0,0,5.21239010889145,5.65942064566187,2.72673919604489,350.73,268,0,0,0.349270008026643,0.341908835462921,0.132670362281131,629.43,578,0,0
"Rhinobatos_percellens","Rhinobatos percellens",48.2533900636272,43.572887952671,22.3855404775818,287.5,258,0,0,8.8188157588806,7.93837278576455,5.09226227534654,171.92,187,0,0,1.73482613039744,1.62669714159459,0.973560659077646,155.32,149.5,0,0
"Sphyrna_lewini","Sphyrna lewini",40.3208163520515,40.9862197695387,5.56252667473155,288.89,293.5,0,0,1.88758857946027,1.92767668798746,0.99891898585364,742.49,744.5,0,0,0.280129249057146,0.281048982666878,0.0792031098226458,829.27,826,0,0
"Deania_quadrispinosa","Deania quadrispinosa",43.4203789537171,48.5500289654495,13.8222230455353,290.61,214,0,0,9.01865608155083,10.4944881603548,3.96565523467744,164.79,114,0,0,1.70333524962997,1.78151180673654,0.895018704248428,151.43,112,0,0
"Sinobatis_bulbicauda","Sinobatis bulbicauda",44.9676141041555,41.9758681425946,17.3021676711911,291.18,264,2,0.02,8.40270892125692,8.05279195141311,4.00392239340399,162.72,150,1,0.01,1.02042070189742,0.843348045416016,0.702700741488579,281.67,288.5,0,0
"Deania_profundorum","Deania profundorum",43.4203789537171,48.5500289654495,13.8222230455353,291.61,215,0,0,9.0142692920185,10.4662659053828,3.95663607127065,164.77,114.5,0,0,1.70150169787945,1.77488269417083,0.894064481281644,151.76,112,0,0
"Gymnura_natalensis","Gymnura natalensis",44.530087892121,41.4041147505067,15.4926354321854,292.4,252,0,0,6.28821532476356,5.55993683768183,2.96955488604847,230.94,241.5,0,0,0.424012578923119,0.404809932547508,0.17968719363991,512.5,507.5,0,0
"Trygonoptera_galba","Trygonoptera galba",42.3190362676819,40.353174677465,12.6660861737827,294.27,283.5,1,0.01,6.02556279487021,5.83041904565899,2.25004984629752,227.69,242.5,0,0,0.432239079085295,0.40026585195095,0.210134049466257,497.24,510.5,0,0
"Neotrygon_annotata","Neotrygon annotata",44.1674785607472,43.5446657166905,14.9266277506703,294.5,247.5,0,0,4.66670830514733,4.60741520275789,1.91701707023236,321.07,308,0,0,0.310463254178585,0.302899728836414,0.0775359196207362,686.33,707.5,0,0
"Gymnura_altavela","Gymnura altavela",45.8683705191754,40.7902298138671,18.9520139216475,295.08,272.5,2,0.02,6.99287196512591,5.77286933861,3.84891945356463,209.53,210,0,0,0.434760726534581,0.40243828967063,0.230487202149431,507.63,504.5,0,0
"Glaucostegus_cemiculus","Glaucostegus cemiculus",43.1629227953249,41.0353675338093,14.6720260534352,295.26,283,0,0,7.31291238811513,7.5673915510636,3.0654325802821,193.75,195.5,0,0,1.53640538889482,1.48031896962727,0.73910938615915,165.54,153.5,0,0
"Pastinachus_stellurostris","Pastinachus stellurostris",39.8294351060691,40.0748865814145,4.72299639994967,295.39,311,0,0,4.54000681794176,4.52645702936534,1.32929764285438,309.22,317.5,0,0,0.317079404813682,0.305667401415665,0.0795535725068143,665.13,678.5,0,0
"Somniosus_longus","Somniosus longus",45.205368981541,42.4121697029849,22.2332922668375,296.04,303,3,0.03,8.84235530587889,8.5511266629005,5.33677992347507,158.69,157.5,3,0.03,1.66276031446169,1.582622345182,1.15209799359764,174.81,145,1,0.01
"Pastinachus_solocirostris","Pastinachus solocirostris",39.8294351060691,40.0748865814145,4.72299639994967,296.39,312,0,0,4.53680575295201,4.50602462802224,1.33750444698112,309.95,320,0,0,0.3169590335972,0.30825088375226,0.0790348349598385,665.41,680,0,0
"Zameus_squamulosus","Zameus squamulosus",41.4605123307789,41.873588025502,11.4716292975459,298.52,303,0,0,5.74978634019347,6.24349995915044,2.66575821460035,277.97,256.5,0,0,1.15919596090956,1.18252594964269,0.60991898406569,245.38,233,0,0
"Zameus_ichiharai","Zameus ichiharai",41.4605123307789,41.873588025502,11.4716292975459,299.52,304,0,0,5.75134129041715,6.26820930621632,2.66858773805383,278.15,258.5,0,0,1.15885699714865,1.1818660107242,0.608690946506512,245.35,235.5,0,0
"Sinobatis_caerulea","Sinobatis caerulea",44.6749631534551,39.6119773960034,19.4030559209487,300.47,286,3,0.03,8.22030388178929,7.49165730070373,4.34147612244202,168.84,164.5,1,0.01,1.02533327334075,0.779399081228513,0.791043016919732,284.09,288.5,1,0.01
"Scymnodon_ringens","Scymnodon ringens",41.389347424865,42.7026583206947,11.4159078198186,303.21,280,0,0,3.7867620096547,4.20715319255317,1.3460601890946,389.03,376,0,0,0.93104258303639,0.959125294677323,0.401946156681756,284.36,274.5,0,0
"Gymnura_hirundo","Gymnura hirundo",43.3733200915918,40.2106256554748,15.4709941071333,304.39,284.5,1,0.01,6.28571755216095,5.79838137038848,2.94386979203195,232.1,237.5,0,0,0.425756141054715,0.397541982978723,0.207011219995424,512.76,510,0,0
"Cruriraja_parcomaculata","Cruriraja parcomaculata",47.5673112156228,41.5033986270413,23.3238371136444,306.08,287,5,0.05,6.70673880100027,5.47424973101904,4.65615139676464,265.48,256.5,0,0,0.515898628130981,0.459315928810339,0.227645917470279,456.78,477.5,0,0
"Centrophorus_atromarginatus","Centrophorus atromarginatus",46.8684814641521,51.5112791114251,19.8275850678326,306.36,172.5,0,0,7.86209367065531,7.92114390529267,4.2890344593295,215.12,178.5,0,0,1.53277882519462,1.56545419519406,0.812133558926763,177.1,150,0,0
"Negaprion_acutidens","Negaprion acutidens",39.5114042787869,40.164244838105,6.9421469300967,307.14,297,0,0,1.29902325198109,1.19039813949378,0.649733038159493,879.97,898,0,0,0.265350433813539,0.267994906536445,0.070911323643967,886.3,885.5,0,0
"Negaprion_brevirostris","Negaprion brevirostris",39.5114042787869,40.164244838105,6.9421469300967,308.14,298,0,0,1.29908722509778,1.1895977867882,0.650807649100774,879.72,899,0,0,0.265234784574797,0.269222437663501,0.0706481978151595,886.66,888,0,0
"Mustelus_punctulatus","Mustelus punctulatus",43.4134632333961,38.6754123026146,15.5625049323267,309.75,253.5,0,0,2.3055335441337,2.20715244344108,1.35906737909742,655.14,651,0,0,0.308826652763364,0.307167184051547,0.101188597464596,729.51,694.5,0,0
"Gymnura_crooki","Gymnura crooki",42.2338296289328,38.9800167636529,14.681964941832,310.38,284,1,0.01,6.20752590606627,5.96746012071771,3.06735811130485,233.85,230.5,0,0,0.42653745961922,0.402444497928953,0.194667376677393,512.13,504,0,0
"Rhinobatos_glaucostigma","Rhinobatos glaucostigma",42.6107828972698,43.0644086299109,15.013594711822,311.67,283.5,0,0,7.3559948897445,7.40895261236114,3.34598194346324,199.36,201.5,0,0,1.58292975356964,1.53368161339499,0.789702970537123,166.9,154.5,0,0
"Pastinachus_atrus","Pastinachus atrus",39.3885437785077,38.3631489059991,6.00010355986773,313.8,310.5,0,0,4.45861536417129,4.4175164490444,1.27175567509589,314.19,320,0,0,0.31573370128055,0.30380147253513,0.0777540149820459,668.4,684,0,0
"Gymnura_bimaculata","Gymnura bimaculata",42.900822046306,40.021492532433,15.8758227855338,316.52,270.5,1,0.01,6.19795667068282,5.71209596940512,2.90071630869213,235.09,221.5,0,0,0.421012288320164,0.402223428066985,0.176603627216188,515.61,510.5,0,0
"Chimaera_fulva","Chimaera fulva",41.29601919148,42.0183097116468,10.9202428313819,317.78,251,0,0,3.04426225655734,2.99601710369727,0.503334933811682,459.15,464,0,0,1.14993061702065,1.1411415495127,0.118422682751337,208.11,230,0,0
"Gymnura_afuerae","Gymnura afuerae",41.5899094434807,39.6858539450186,13.2989498691964,319.92,280,0,0,5.9354568390314,5.53502886407058,2.4921167174622,241.19,232,0,0,0.424139930186719,0.397301711804373,0.190234413056173,513.05,510,0,0
"Cirrhigaleus_barbifer","Cirrhigaleus barbifer",42.6525000884649,47.9178403611316,14.8712293800187,320.44,210,0,0,6.72301664013279,7.4153088625477,3.54274798971891,276.72,187,0,0,0.943890849589472,0.889630579674521,0.535190584477403,297.56,290,0,0
"Cirrhigaleus_australis","Cirrhigaleus australis",42.6525000884649,47.9178403611316,14.8712293800187,321.44,211,0,0,6.72709087110495,7.50088243049639,3.5341647583679,276.51,186.5,0,0,0.945138444913751,0.889774039447424,0.535338496053673,297.33,291,0,0
"Rhinobatos_productus","Rhinobatos productus",41.7745616489266,40.7926914963573,14.626537250192,321.61,333.5,0,0,7.23189455548751,7.49906243108386,3.21885680613488,203.29,213.5,0,0,1.57023153847877,1.50547799463408,0.780397730020356,167.92,160.5,0,0
"Hongeo_koreana","Hongeo koreana",41.9653567932949,44.2902133006012,14.7352616597738,323.87,225.5,0,0,0.843539740417914,0.63594336326283,1.22440694012581,1089.03,1124,0,0,0.204094859338869,0.201077866175821,0.0513022465462899,1116.28,1129,0,0
"Carcharhinus_signatus","Carcharhinus signatus",41.51908501531,41.7020630976256,13.5940342788345,325.84,243,0,0,1.03134672514356,1.04248893344361,0.38769331140596,931.2,931,0,0,0.257773962396575,0.261658153681173,0.0670741942190487,918.05,912.5,0,0
"Centrophorus_zeehaani","Centrophorus zeehaani",45.0643881983549,47.4624190502009,19.3431233067974,326.2,231.5,0,0,7.71197809252328,7.63043131119413,4.21157534089576,219.07,183,0,0,1.52378163161941,1.50615011517368,0.815697213660854,178.52,151,0,0
"Aculeola_nigra","Aculeola nigra",38.2178389005712,40.6202432646814,8.06922345698952,331.58,320.5,0,0,5.51320615446511,6.22566916679559,2.70921409787391,318.18,246.5,0,0,0.820652633402701,0.79801018168423,0.407619354175063,317.48,320,0,0
"Poroderma_pantherinum","Poroderma pantherinum",38.6825646044611,38.3245573512762,9.0384268797679,332.14,346.5,0,0,6.94270475379708,7.35684681222164,3.20064451816243,222.71,213.5,0,0,1.17510517522471,1.1939353331757,0.588248534290675,244.73,236,0,0
"Chimaera_monstrosa","Chimaera monstrosa",39.5607318240334,39.7517994776981,9.53913021720613,332.91,276,0,0,3.03478186708954,3.04879938754496,0.487911711774929,459.57,462,0,0,1.147106807033,1.15747927578093,0.114434519394027,208.74,231.5,0,0
"Poroderma_africanum","Poroderma africanum",38.6825646044611,38.3245573512762,9.0384268797679,333.14,347.5,0,0,6.93911641647224,7.37251750751097,3.20024904902727,222.87,213.5,0,0,1.17300119912731,1.1905490087056,0.586690908892527,245.16,237,0,0
"Cruriraja_poeyi","Cruriraja poeyi",43.6236750256983,40.7955680809782,18.7741766815541,333.98,343.5,3,0.03,6.11175160346062,4.87225175059033,3.77943097941206,281.24,274,0,0,0.536146722591314,0.44732767490758,0.298047319415903,452.4,475.5,0,0
"Cruriraja_rugosa","Cruriraja rugosa",41.8719857218951,38.904406119807,14.8894935705162,338.8,278.5,1,0.01,5.70177747666995,5.12604847467518,3.17611551521708,287.73,273,0,0,0.522715060857127,0.456293693400334,0.242710736792288,451.47,475,0,0
"Acroteriobatus_leucospilus","Acroteriobatus leucospilus",42.4685782109762,38.1987147411457,18.6305182013208,343.19,322.5,1,0.01,6.98753402637837,6.47570935512548,4.26698405963202,237.18,241.5,1,0.01,1.41067652768466,1.33428681179066,0.699567375240954,195.53,206.5,0,0
"Cruriraja_cadenati","Cruriraja cadenati",42.8848866369977,38.6840122952815,19.0823177848743,343.71,323.5,2,0.02,5.95868904843575,5.159889661985,3.98612636926347,286.97,281.5,1,0.01,0.539181483756284,0.459494567990179,0.301654981876351,449.52,474,0,0
"Holohalaelurus_regani","Holohalaelurus regani",41.0360742869991,36.304701986211,16.5409356151493,345.88,343,3,0.03,6.61156551233682,6.18555792694409,3.48788325037762,226.14,238,0,0,0.47891022403699,0.422010682016487,0.283089906166197,510.46,492.5,0,0
"Atlantoraja_castelnaui","Atlantoraja castelnaui",37.1708593110439,36.9254888295197,5.35039564997771,346.67,347,0,0,1.68489224539184,1.2111352273443,1.33180084119669,792.33,848,0,0,0.290985509967493,0.270891168462776,0.0961070282552255,787.55,784.5,0,0
"Cruriraja_durbanensis","Cruriraja durbanensis",43.7237525560309,37.1374125602235,20.540112514626,348.9,334,2,0.02,6.15039523468828,4.94432591594633,3.92761970659724,281.7,286.5,1,0.01,0.523725074461475,0.472100815962437,0.233778154084459,453.25,475,0,0
"Rhinobatos_prahli","Rhinobatos prahli",42.8612084839367,38.4873684084094,20.2062833369333,348.93,322,2,0.02,7.4742831323458,6.71432534313814,4.79767316076993,224.39,224.5,2,0.02,1.455649519068,1.4030622894831,0.752309681121898,188.08,192.5,0,0
"Deania_hystricosa","Deania hystricosa",39.5112872671431,43.9927914852351,12.6018861536295,349.64,269,0,0,8.54939561224448,9.87553581785621,3.6951516539302,176.58,126.5,0,0,1.64787051966601,1.72686564669144,0.850626112705212,157.05,118,0,0
"Narcine_timlei","Narcine timlei",44.1917449050919,39.1983448911056,20.746580147465,349.81,332,3,0.03,7.15506716829799,5.30104362646557,4.14077904906262,234.05,225,2,0.02,1.03499598878019,1.01467455692351,0.251084693945371,239.81,262.5,0,0
"Gymnura_tentaculata","Gymnura tentaculata",40.4257010378457,37.5425687347803,15.3405071141592,349.94,329,1,0.01,5.8183024867536,5.18158780488838,2.83503784160918,251.17,254,0,0,0.419064298945812,0.39381921073267,0.172983236412287,517.15,508.5,0,0
"Trygonoptera_imitata","Trygonoptera imitata",36.7309490076015,37.2562228590825,5.00764941411659,350.32,353,0,0,5.49833337094467,5.49593438238431,1.26019401892149,244.56,263,0,0,0.424933347327403,0.398001420007933,0.179820786384915,501.65,511.5,0,0
"Deania_calcea","Deania calcea",39.5112872671431,43.9927914852351,12.6018861536295,350.64,270,0,0,8.55553040827126,9.88229788533486,3.69479735374471,176.36,126.5,0,0,1.64702339609265,1.72139036007292,0.850533625794547,157.18,117.5,0,0
"Trygonoptera_mucosa","Trygonoptera mucosa",36.697378671167,37.2562228590825,5.0713645659637,351.76,354,0,0,5.49339954237579,5.49582307950565,1.26255968765451,245.02,264.5,0,0,0.424905052800187,0.398764155373071,0.180596715277928,502.06,510,0,0
"Rioraja_agassizii","Rioraja agassizii",38.0827629778437,39.0898047982421,8.59387027459127,352.44,314,0,0,1.74007522050006,1.24059871367996,1.43159572741173,785.06,846.5,0,0,0.291426711193316,0.272317426564002,0.097726963003229,789.79,787,0,0
"Rhinobatos_planiceps","Rhinobatos planiceps",42.8502176360571,40.1137442647484,19.2791315434291,353.18,306,3,0.03,7.08313196800542,6.7290671718602,4.00237024308752,229.35,233.5,0,0,1.40254519583286,1.3666256169654,0.652244962141927,192.34,202.5,0,0
"Acroteriobatus_annulatus","Acroteriobatus annulatus",42.0310694287633,37.46407437794,18.5988281867906,353.81,328,0,0,6.8599837258334,6.30563581814476,4.08107107290231,240.57,258.5,0,0,1.34791120483522,1.344405854734,0.663487159264981,203.14,208.5,0,0
"Squatina_armata","Squatina armata",38.0719063738552,41.1206554998507,10.6595958037408,354.53,318.5,0,0,3.99406644616492,3.86048163754535,1.29135413914067,363.12,362,0,0,1.23709258193762,1.26261398250687,0.40860347755156,202.01,208,0,0
"Rhinobatos_leucorhynchus","Rhinobatos leucorhynchus",44.2476950021073,40.5411607168155,22.7808057094468,354.95,329.5,2,0.02,7.56858440100054,6.86618588796549,5.06151539773219,223.51,226,2,0.02,1.45089725068501,1.37667319549399,0.745422204767495,191.12,198,0,0
"Myliobatis_californicus","Myliobatis californicus",39.3360838981636,37.6740773881425,12.7240237526089,355.38,280,0,0,3.6313357228583,3.53239249776184,1.38136310843643,406.26,409.5,0,0,0.371065410699787,0.361054049332672,0.11349991843442,553.09,539,0,0
"Holohalaelurus_melanostigma","Holohalaelurus melanostigma",40.721667837142,37.5275754000103,17.2198814947379,355.69,372,1,0.01,6.67758024003857,6.17427033718586,3.79608945998583,227.79,242,0,0,0.481167572230961,0.419893077577117,0.29017044431001,509.64,493.5,0,0
"Triakis_acutipinna","Triakis acutipinna",39.4481678803481,38.038913579422,14.4041295935853,355.81,349,0,0,5.00239899914739,5.27387642423559,2.725724300847,362.44,279.5,0,0,0.348341099214491,0.342504382225254,0.132115575155215,631.27,581.5,0,0
"Rhinobatos_albomaculatus","Rhinobatos albomaculatus",40.7677328195413,36.5139886682378,16.8223210179472,358.37,366.5,1,0.01,6.84897102750038,6.39282328094317,3.99966640224286,237.77,245,1,0.01,1.40075145013387,1.3533436442773,0.680972111484861,195.26,212,0,0
"Holohalaelurus_punctatus","Holohalaelurus punctatus",39.4612276295584,37.3768103806598,14.2898139113188,358.48,357,0,0,6.40785329278506,6.64165628523298,3.00967052469509,232.37,247,0,0,0.472988796093534,0.426583310759633,0.259280664024085,513.24,491.5,0,0
"Irolita_waitii","Irolita waitii",37.6204053841911,35.2176227026622,9.56485942442327,359.04,348.5,0,0,1.79788692205751,1.31786617601632,1.45811467806791,775.79,821,0,0,0.301749301412926,0.27547139182426,0.0979969855606883,753.99,745,0,0
"Acroteriobatus_zanzibarensis","Acroteriobatus zanzibarensis",42.4603227532654,38.4364557876868,21.9574292923401,359.43,340,2,0.02,7.36271446074088,6.61578488691304,5.10019708087189,227.77,236,2,0.02,1.45694464285159,1.37175175896577,0.851076000801352,191.88,199,0,0
"Squatina_australis","Squatina australis",37.0987994495907,39.5536914978298,8.7191526095005,359.88,345,0,0,4.14398137718026,4.04290423155976,1.42972949631651,350.32,351,0,0,1.25776244803233,1.30196433483138,0.429300642511369,196.33,203,0,0
"Apristurus_macrorhynchus","Apristurus macrorhynchus",40.6405512101546,39.067365879793,14.9855433895931,359.89,292,0,0,2.75635990731297,2.56236701280318,1.65664247264517,578.82,548,0,0,0.326229125995651,0.319459126492239,0.107832619047552,664.3,640.5,0,0
"Irolita_westraliensis","Irolita westraliensis",37.6204053841911,35.2176227026622,9.56485942442327,360.04,349.5,0,0,1.79716438630841,1.30947463684545,1.45907176938903,775.98,823,0,0,0.301537990546531,0.279750769876787,0.0973078565285467,752.57,745,0,0
"Benthobatis_moresbyi","Benthobatis moresbyi",39.9355048713932,36.4430310013326,16.4898297453997,362.05,356.5,1,0.01,5.83915942349928,4.85520471258025,3.24727563857621,262.36,261,1,0.01,0.914993076936942,0.813122339756105,0.523612249646802,274.89,304,0,0
"Acroteriobatus_ocellatus","Acroteriobatus ocellatus",41.6822671100539,38.2886978338111,19.2509685697818,362.44,353.5,1,0.01,7.06013882833961,6.04025439276263,4.43290622541338,231.37,237,1,0.01,1.41236062394586,1.3162697940754,0.751467640011319,196.58,213,0,0
"Triakis_maculata","Triakis maculata",38.6740827032158,37.5138564860751,13.6008680314691,362.75,365,0,0,4.96633160601638,5.26234339114172,2.73536957255225,364.5,284,0,0,0.348728791706103,0.341158251095029,0.133121157394915,631.25,579,0,0
"Apristurus_exsanguis","Apristurus exsanguis",40.6206640310907,39.0473441420979,15.477670476775,362.9,306,0,0,2.75510450257724,2.4876542013064,1.75379892774536,581.56,584,0,0,0.325523594791857,0.316512944454089,0.107641152819424,666.01,639,0,0
"Cruriraja_andamanica","Cruriraja andamanica",40.1988064847513,34.899148946037,15.8849944771108,363.26,328.5,1,0.01,5.55897389831676,4.6219256407956,3.37336779999106,302.41,300.5,0,0,0.5155058874511,0.473528644789587,0.227220049664266,456.97,480,0,0
"Glaucostegus_microphthalmus","Glaucostegus microphthalmus",40.8332261892195,36.836182465805,18.7087836564937,364.42,358,3,0.03,7.10683254224252,7.037032518925,4.12960788371159,214.32,222,3,0.03,1.47800555449336,1.41235565378547,0.744195629043163,177.33,170.5,0,0
"Somniosus_microcephalus","Somniosus microcephalus",36.663435161515,39.389862428254,8.94782492007554,367,338.5,0,0,7.2355745801506,8.11945142526102,2.47217213704674,187.69,178.5,0,0,1.46574893804147,1.4858228672765,0.792551810391303,190.48,156,0,0
"Myliobatis_goodei","Myliobatis goodei",41.4928898843592,33.7016179393852,18.9413873236453,367.77,355.5,0,0,4.31380633693629,3.5982195697707,2.87691868430484,377.25,400,0,0,0.378730458994907,0.361633453762657,0.145189318215464,547.69,538.5,0,0
"Diplobatis_colombiensis","Diplobatis colombiensis",38.7537423087921,35.4188532361048,13.3696184660093,369.02,367,1,0.01,5.78533017789997,5.60076302465406,2.13072394802487,249.92,265,0,0,0.836263100143829,0.805235409422917,0.162717690109226,283.96,312.5,0,0
"Scoliodon_macrorhynchos","Scoliodon macrorhynchos",35.4658186681303,35.915481882559,5.0361020650224,372.25,378.5,0,0,2.28259086960128,2.16906224531883,1.43689211318297,675.48,654,0,0,0.284799287793613,0.284630876057038,0.084345646275343,811.43,800.5,0,0
"Halaelurus_sellus","Halaelurus sellus",37.9826252292476,39.5301446441386,10.7631619538284,372.67,319.5,0,0,3.72008223564487,3.87769847740945,1.22895926070447,389.19,388,0,0,0.42447496120122,0.391172493862828,0.201878743059957,539.07,509,0,0
"Rhinobatos_sainsburyi","Rhinobatos sainsburyi",40.6559597640164,36.8743990553931,17.9025425686918,373.08,369,0,0,7.00241983162441,6.65349323845281,4.11041055358496,233.49,245.5,0,0,1.41851024118811,1.38433018142539,0.772583578667223,194.69,195.5,0,0
"Scoliodon_laticaudus","Scoliodon laticaudus",35.4658186681303,35.915481882559,5.0361020650224,373.25,379.5,0,0,2.28321616463436,2.16743449036644,1.4311988466854,674.73,656.5,0,0,0.285017620114924,0.285547522535749,0.0848050842071506,810.81,798.5,0,0
"Diplobatis_guamachensis","Diplobatis guamachensis",38.784444874693,35.7437299899733,13.3804930537984,373.61,399,1,0.01,5.77322136666962,5.61204653847869,1.86254244056391,250.7,261,0,0,0.835601129545923,0.816390832682441,0.159228213749412,284.02,312.5,0,0
"Centrophorus_westraliensis","Centrophorus westraliensis",41.2195115183007,40.2969957487056,18.6101270366604,373.79,333.5,0,0,7.21014196331646,7.53771804287316,3.77048537967806,230.86,205,0,0,1.45784907721426,1.4777876575083,0.758351670177544,187.66,167.5,0,0
"Centrophorus_tessellatus","Centrophorus tessellatus",40.670615285597,40.7547439251123,17.285724821958,373.99,324.5,1,0.01,6.8728241848007,7.21952895072545,3.36778721323111,238.65,206,0,0,1.4219566271533,1.4845198576418,0.693226825915552,189.35,166,0,0
"Benthobatis_marcida","Benthobatis marcida",38.4656160835566,34.2209822970224,13.6841315411762,376.52,376,1,0.01,5.63229770620132,4.89774672324466,2.53526067961649,267.05,268,0,0,0.91567370382502,0.807966627349104,0.599329790418017,276.31,301.5,0,0
"Acroteriobatus_salalah","Acroteriobatus salalah",38.9989531584284,35.7192218240196,15.0115665673211,376.57,377,1,0.01,6.47490623397652,6.02805671078539,3.6094815296692,245.53,249,0,0,1.38021158070132,1.33184795906494,0.705821557932169,199.73,210.5,0,0
"Proscyllium_magnificum","Proscyllium magnificum",38.5188257079303,36.9864991078624,13.9782659715399,377,354.5,0,0,6.24869072750381,6.38568483814464,3.11653877681347,264.82,248.5,0,0,0.594320545558218,0.521339334696052,0.410130331996565,480.01,476.5,0,0
"Diplobatis_pictus","Diplobatis pictus",38.0776481027881,35.8666361239,12.4291546621475,377.13,374,1,0.01,5.73199087488697,5.59793273261285,1.94905983151161,252.93,264.5,1,0.01,0.835810382996578,0.817379555031347,0.161027992162899,285.14,311,0,0
"Rhinobatos_rhinobatos","Rhinobatos rhinobatos",42.8336864341554,35.6413645297538,23.136434708336,377.33,396.5,4,0.04,7.23288071362365,6.19199194858078,5.33152402710074,247.53,267,3,0.03,1.36013800704457,1.31576101934803,0.691449240881817,205.64,219,0,0
"Holohalaelurus_grennian","Holohalaelurus grennian",37.7629197238977,35.6865957562322,13.1547357649637,378.93,398.5,1,0.01,6.22405205071493,6.19108339628875,2.98110162880999,237.27,245.5,0,0,0.473011404416264,0.422303300013588,0.279220804445408,513.35,493,0,0
"Apristurus_longicephalus","Apristurus longicephalus",38.3089005438457,39.2521224227143,12.4537302336678,379.03,328.5,0,0,2.32764563566245,2.2688166734643,1.19973431777873,634.2,640,0,0,0.31896229965611,0.312210235165476,0.100425473311738,681.66,663.5,0,0
"Acroteriobatus_blochii","Acroteriobatus blochii",40.9927817755962,37.2966456429564,19.3395469505713,379.42,372.5,1,0.01,6.86572968170943,5.94954108042726,4.23205851959674,237.02,247.5,1,0.01,1.42653909464159,1.36275126082151,0.771168848957911,195.98,209.5,0,0
"Centrophorus_lusitanicus","Centrophorus lusitanicus",40.6943777574046,39.5943536720687,19.7368345108155,379.57,323.5,2,0.02,7.24948927185774,7.38716207610726,4.57755305241362,236.09,211.5,2,0.02,1.44465187921701,1.45168433413952,0.755066061221066,189.79,166.5,0,0
"Rhinobatos_holcorhynchus","Rhinobatos holcorhynchus",40.5045455783894,36.5861902462342,18.5119739032273,380.22,361.5,0,0,6.97435033074343,5.89971698954561,4.60373741906976,241.65,260,0,0,1.43398630203808,1.31600108586407,0.836362701099283,198.76,211.5,0,0
"Benthobatis_kreffti","Benthobatis kreffti",38.1188728413715,34.2475349601936,13.3458929077225,380.87,376.5,0,0,5.69018498009545,5.0102481467329,2.84311942235882,266.97,264.5,0,0,0.925798478183192,0.803028177406126,0.663908102341636,274.71,302,0,0
"Rhinobatos_lionotus","Rhinobatos lionotus",40.042576783937,35.7591934266843,17.4915023540566,381.86,380.5,0,0,6.73060888603488,5.8545031866572,4.02517282250942,239.62,250,0,0,1.39710711348036,1.32659447178107,0.748402091305363,199.25,208.5,0,0
"Glaucostegus_granulatus","Glaucostegus granulatus",38.9546643931483,35.4151758841722,16.6194633516535,381.87,391,1,0.01,6.75670995007234,6.78138887308048,3.27979109891856,220.7,222.5,1,0.01,1.43946540330673,1.46723856263502,0.640116865951269,181.39,178,0,0
"Benthobatis_yangi","Benthobatis yangi",38.6243499581532,34.8023153744255,14.7875039955422,382.15,384.5,0,0,5.73372019414808,4.86557984040948,2.86812148362688,265.67,280,0,0,0.913865931392415,0.80979168549791,0.515811067347622,274.85,307,0,0
"Proscyllium_habereri","Proscyllium habereri",38.4883989927828,37.4497146831844,14.7723470411274,382.69,379,0,0,6.26865118718418,6.32524679267435,3.20865866989045,263.79,248,0,0,0.598138087879193,0.522802205278648,0.420346406234063,479.14,476.5,0,0
"Raja_velezi","Raja velezi",36.1640634207607,35.1364887826437,9.74277899419451,384.29,385,0,0,2.80919601063722,2.57646077796432,2.10408740488615,642.35,580.5,0,0,0.282076531446346,0.270381283575816,0.0977270502468589,837.32,860.5,0,0
"Myliobatis_australis","Myliobatis australis",39.0990035701941,33.4780600148931,15.3322408731434,384.3,345.5,0,0,3.82413491670237,3.40944896358261,1.75569910637405,398,408,0,0,0.373421382616131,0.360466809523269,0.117001754134937,550.72,539,0,0
"Raja_eglanteria","Raja eglanteria",36.1640634207607,35.1364887826437,9.74277899419451,385.29,386,0,0,2.80916472960969,2.55852340059699,2.10543677247388,642.42,582,0,0,0.282479059899155,0.270487675631232,0.0970013234388258,836.3,878,0,0
"Glaucostegus_obtusus","Glaucostegus obtusus",39.2559402074025,35.5250828758962,18.0291438744574,385.79,385.5,2,0.02,7.11936651321334,6.92268420676404,4.07081923799723,214.81,228.5,2,0.02,1.48035081788024,1.48064047796189,0.72954585840629,180.13,178.5,0,0
"Chiloscyllium_arabicum","Chiloscyllium arabicum",35.8598308594203,34.8530396591153,8.89538075696975,386.49,384,0,0,4.64910569546524,4.7370311626032,0.87701566357624,289.56,304,0,0,1.37911336206891,1.44736766351058,0.427711243807379,167.52,168.5,0,0
"Proscyllium_venustum","Proscyllium venustum",37.7954976613334,36.5349748485553,13.3570912678345,386.78,375.5,0,0,6.19144769875878,6.38298000225723,3.03914961182693,265.87,252,0,0,0.59438774282215,0.513686277194465,0.413168575780962,479.01,476.5,0,0
"Holohalaelurus_favus","Holohalaelurus favus",37.4096874161973,34.6802727515274,12.9742534724709,386.91,402,0,0,6.15094471950086,6.06811605914966,2.63131916321388,238.46,246.5,0,0,0.469468963138888,0.422097034160962,0.25459392724623,513.57,492.5,0,0
"Centrophorus_seychellorum","Centrophorus seychellorum",40.4802903231392,40.218703666344,18.8582087624834,390.11,359,1,0.01,6.99700970314016,7.33823487856065,3.8673906367809,240.92,218.5,1,0.01,1.42066787903566,1.46088298540021,0.697659813626029,191.24,165.5,0,0
"Squatina_japonica","Squatina japonica",37.6971980003111,35.0596338648653,12.7585836578639,391.22,345.5,0,0,4.18603586060328,4.20474313898991,1.40487249460994,347.53,344,0,0,1.27452799724897,1.31902692181293,0.424982517683932,193.06,201,0,0
"Diplobatis_ommata","Diplobatis ommata",36.4445582649074,34.9658662252671,9.97917368473194,392.68,400.5,0,0,5.5417068614894,5.6274720314893,1.59586383236401,257.93,266,0,0,0.831951660470883,0.805609699198083,0.158564259008167,285.75,315,0,0
"Chiloscyllium_burmensis","Chiloscyllium burmensis",35.9713260985361,34.1824135657402,10.0837982065678,395.04,389.5,0,0,4.65686201443633,4.73598095859166,0.896399422415264,289.4,299,0,0,1.38117803682221,1.43001714282219,0.433411132552563,167.05,167,0,0
"Glaucostegus_spinosus","Glaucostegus spinosus",38.249899463344,36.9840189625451,17.2470375577531,395.67,382,1,0.01,6.85915575815425,6.9900050779466,3.66947976980415,219.71,228.5,1,0.01,1.45457717977548,1.50975037049139,0.669101024564454,181.18,170,0,0
"Mobula_japanica","Mobula japanica",36.6627357313072,36.3685281107743,10.3684196953201,396.6,360.5,0,0,2.44714665628326,2.37268487939265,0.780552901826573,560.3,570,0,0,0.350173676801906,0.34155864311473,0.0991433444557366,588.59,570,0,0
"Rhinobatos_irvinei","Rhinobatos irvinei",41.8463414653913,36.1236714686484,25.6417781903918,398.35,360.5,4,0.04,7.39439593349043,6.18646000222902,5.95643869640293,242.72,259,3,0.03,1.4669900672529,1.29157259605186,1.00803862749276,198.94,212.5,1,0.01
"Squatina_tergocellatoides","Squatina tergocellatoides",37.1507083900496,32.1156024288703,13.1673300219901,399.19,370,0,0,4.18755036255259,4.14990777832996,1.47151508456948,345.56,354,0,0,1.27071010380162,1.35489964382343,0.428981426736188,195.66,199,0,0
"Dasyatis_say","Dasyatis say",36.3996448050179,35.7967209006278,10.9039136875479,399.5,361,0,0,3.27748317413222,3.16299548543803,1.70178793064786,479.81,462.5,0,0,0.296253604461685,0.289667056654058,0.0667297604476038,736.05,748.5,0,0
"Cruriraja_atlantis","Cruriraja atlantis",38.1671222549444,34.0963405906741,16.3596661799271,399.87,393.5,1,0.01,5.38413531831677,4.72155532089233,3.45429069368527,312.11,291,1,0.01,0.520166409625495,0.470255220013959,0.250955398117541,460.06,477.5,0,0
"Himantura_granulata","Himantura granulata",36.0792900156372,33.9198439271242,9.31014055534418,400.92,409,0,0,1.81312572350871,1.76143350159264,0.438930832013481,721.85,769.5,0,0,0.28955640962282,0.282367506730849,0.0583798687929152,759.8,801.5,0,0
"Centrophorus_isodon","Centrophorus isodon",38.3416424070868,41.4622880344078,14.9905211831649,401.51,329,0,0,7.03072692631613,7.24756210117646,3.67677788328133,236.56,214.5,0,0,1.44744908228841,1.53227513362768,0.771291693706125,187.33,164,0,0
"Eridacnis_barbouri","Eridacnis barbouri",37.7293427534813,35.635659949087,15.7755322161311,402,415,1,0.01,6.24229623603656,6.07141435365854,3.49499424801644,267.37,249,0,0,0.586313943695146,0.525551949797587,0.391233450868864,484.05,476.5,0,0
"Eridacnis_sinuans","Eridacnis sinuans",37.1226593078286,36.1277902455093,13.9338832468411,402.07,402.5,0,0,6.14717550217382,6.08889017627679,3.14515907493306,267.84,248.5,0,0,0.583356866311069,0.528072863935863,0.383243862232599,483.67,479,0,0
"Dasyatis_dipterura","Dasyatis dipterura",36.028185642015,34.8137419055973,10.2960204727222,402.57,356,0,0,3.22936870437878,3.16593963521042,1.63714532933523,484.24,469,0,0,0.296005582178865,0.291970441947375,0.0662862124524502,736.94,750.5,0,0
"Somniosus_pacificus","Somniosus pacificus",34.7537653915765,37.2101420789649,8.28724825375414,404.25,378,0,0,7.04559245966188,7.87885803877524,2.36647992300995,194.98,187.5,0,0,1.4375900144234,1.46359801574418,0.765210082629113,194.95,165.5,0,0
"Etmopterus_pseudosqualiolus","Etmopterus pseudosqualiolus",36.6380787761126,33.0406514720376,12.0148988786532,404.3,282,0,0,2.30524533851929,2.48209138151789,0.900764258340024,604.09,613,0,0,0.585154472210687,0.600484697732785,0.199917236293287,410.69,411,0,0
"Somniosus_antarcticus","Somniosus antarcticus",34.7451879832072,37.2101420789649,8.27790278029281,404.71,378.5,0,0,7.03889256646048,7.85614862157038,2.36275895185411,195.3,188,0,0,1.43694349044892,1.46354790539193,0.76442010444811,195.11,164.5,0,0
"Orectolobus_ornatus","Orectolobus ornatus",37.3011488642495,37.2909022860287,14.4491990252206,404.72,396,0,0,5.4457354553663,5.30861251739006,1.68013364254576,253.01,251.5,0,0,1.59605084486562,1.65000736235176,0.621373959093192,139.49,135,0,0
"Himantura_polylepis","Himantura polylepis",35.8902168796982,33.942371282539,8.98837694743383,404.73,372,0,0,1.80481999881218,1.75934190752958,0.414762621767108,723.7,771.5,0,0,0.289314099601866,0.284280546976553,0.0580802554891473,760.13,796.5,0,0
"Hydrolagus_alberti","Hydrolagus alberti",36.7770473620306,34.9389060045387,12.8371602227294,406.58,382.5,0,0,4.598734428822,3.57306254886426,2.53007592210078,359.17,335,0,0,1.40578263968225,1.27672624758134,0.411106304664458,173.76,172,0,0
"Glaucostegus_halavi","Glaucostegus halavi",37.4113094562534,34.4026434123208,15.6014647001843,406.7,413.5,1,0.01,6.61608330847437,6.63591648982792,3.23353942032162,225.61,232.5,1,0.01,1.42149191699232,1.41474784150616,0.631138389847545,185.18,185,0,0
"Hydrolagus_africanus","Hydrolagus africanus",35.2283694507436,34.6165231203761,7.74187973009898,407.11,372,0,0,5.17352022127266,4.83799963855626,1.79632490938017,283.76,266.5,0,0,1.51024774824849,1.47935498776414,0.257716516455586,150.47,137.5,0,0
"Eridacnis_radcliffei","Eridacnis radcliffei",36.37191634714,36.225412689546,12.490989925975,408.03,410,0,0,6.08102334903523,6.13655544201425,3.02378229128662,269.51,250.5,0,0,0.587733619539787,0.521679314745286,0.410262184373306,483.66,478,0,0
"Hydrolagus_mitsukurii","Hydrolagus mitsukurii",35.218162372995,34.8478736595591,7.82195371653927,408.11,371,0,0,5.18511328232084,4.83022571949645,1.80708282894591,283.55,264,0,0,1.51240656810904,1.46983053330566,0.258720314954851,150.22,136,0,0
"Etmopterus_sentosus","Etmopterus sentosus",35.9425586596237,34.715437554648,11.0130601533705,409.12,372,0,0,2.28345797179812,2.42787157941733,0.862368550718013,606.53,610.5,0,0,0.580778502256059,0.602365214065141,0.192598460741623,412.97,412.5,0,0
"Apristurus_australis","Apristurus australis",37.5303114828904,38.2610537705404,13.8040668119677,409.44,313,0,0,2.31358132846346,2.33253066448598,1.19957026189417,638.35,646.5,0,0,0.317898275921905,0.310664518633601,0.100813280792883,686.79,676,0,0
"Hydrolagus_alphus","Hydrolagus alphus",38.3338422179256,32.8276616478594,18.5778630191558,409.63,420.5,2,0.02,5.09105179486188,4.03851652013805,3.97877198814728,345.44,331,1,0.01,1.50180397663951,1.3767315875909,0.686794147267833,166.72,158.5,1,0.01
"Pteroplatytrygon_violacea","Pteroplatytrygon violacea",37.0878294913835,39.8588751225113,13.698097480916,410.66,327,0,0,1.98244454289901,1.81770225195346,0.966713250386168,702.7,720.5,0,0,0.285904128913132,0.28674689036487,0.0645936874665043,782.46,793.5,0,0
"Himantura_oxyrhyncha","Himantura oxyrhyncha",34.7337984641299,35.0204601281835,4.74667524919877,410.89,430,0,0,1.54913213368261,1.50763161194782,0.293749568831553,778.73,833,0,0,0.283906235883029,0.279535727869361,0.0548697947240849,788.14,830.5,0,0
"Myliobatis_aquila","Myliobatis aquila",35.2286730203925,35.3786493154898,10.332749210824,413.23,360,0,0,3.41585245934778,3.3104546708282,1.19770811284764,425.61,427,0,0,0.368568441541624,0.358659083426074,0.110564471850925,554.76,544.5,0,0
"Rhynchobatus_luebberti","Rhynchobatus luebberti",36.6489225979283,34.6229138753706,14.8655372071717,413.61,452.5,1,0.01,7.03495230271309,7.173683862672,3.23497206602791,201.52,215,1,0.01,1.51159108937987,1.50963146592526,0.731962415894578,171.26,167,0,0
"Rhinobatos_punctifer","Rhinobatos punctifer",38.3072492814182,35.4592961104405,17.9629359932417,413.76,413.5,1,0.01,6.44222577801703,5.47106267650607,4.25965274815931,261.44,285,1,0.01,1.31541666267043,1.24558799611709,0.665035358558206,212.21,221,0,0
"Mustelus_sinusmexicanus","Mustelus sinusmexicanus",36.1900576465482,38.5270381563505,12.1610044897795,414.07,369,0,0,1.83750987993459,1.88764510144502,0.851244804737919,749.53,763,0,0,0.300261174954566,0.303556307489283,0.0948137683961208,756.99,722.5,0,0
"Centrophorus_harrissoni","Centrophorus harrissoni",37.752270216389,40.4139856260044,15.0481629006925,415.53,344,0,0,6.9977709082397,7.26273828583327,3.65789474425274,238.05,218,0,0,1.4382360980174,1.52804320163253,0.760905413414599,188.86,165.5,0,0
"Hydrolagus_homonycteris","Hydrolagus homonycteris",37.0818724120498,33.1333287732246,14.4597521249591,415.71,398,1,0.01,4.76055380791009,3.51567491287794,2.84170256595926,354.94,324.5,0,0,1.43241479181504,1.26713830009155,0.448810646285447,172.18,151.5,0,0
"Hydrolagus_pallidus","Hydrolagus pallidus",36.6658055830109,34.3360644872159,13.2145617274504,415.86,394,0,0,4.82570955052292,3.7018536848388,2.87319108113468,348.9,334,0,0,1.45457753289831,1.29650277604933,0.504585734595485,169.6,152,0,0
"Chimaera_panthera","Chimaera panthera",34.3399472174506,34.5401743576238,6.11208033992126,415.92,389,0,0,2.9230292212022,2.92593338050429,0.436845559207877,477.22,490.5,0,0,1.1162738747319,1.10901935986153,0.105224260040065,218.39,240,0,0
"Electrolux_addisoni","Electrolux addisoni",37.575019677108,35.7270572453111,15.3907754822422,416.87,364,0,0,4.37615659995964,3.67118286929498,1.98124085784811,348.41,369.5,0,0,0.793364450475947,0.757129331255649,0.161060669595387,299.48,323.5,0,0
"Temera_hardwickii","Temera hardwickii",38.0776799346923,34.9252528211096,16.7545799286946,416.96,385,1,0.01,4.39467318246251,3.62235019953115,2.30045306321235,350.49,356.5,1,0.01,0.794126645669369,0.75476498286756,0.175588823097955,299.58,322.5,0,0
"Hydrolagus_bemisi","Hydrolagus bemisi",34.2808270197207,35.2475326750918,6.54722622257073,417.12,384,0,0,2.92359229829167,2.94377233981742,0.439940080393796,477.18,492,0,0,1.11689834100168,1.11666397572175,0.106275132300148,218.15,236.5,0,0
"Urobatis_halleri","Urobatis halleri",34.2668386317276,34.2427388191157,7.10650158215633,417.81,400.5,0,0,3.57814970536042,3.4018078222056,1.57629996749709,417.47,415.5,0,0,0.308474529179048,0.300666238603963,0.0750620738471975,691.93,709.5,0,0
"Chimaera_bahamaensis","Chimaera bahamaensis",36.9137629187384,33.0877194845032,14.7546197935753,418.25,444,1,0.01,4.62095929780661,3.58677432440336,2.79572570193292,357.93,337,0,0,1.40684300453945,1.28508140772111,0.409465388639336,171.24,140.5,0,0
"Galeus_murinus","Galeus murinus",37.7596803110562,36.1259783399346,16.1573730579377,421.77,384.5,0,0,3.15252374270707,3.0949975231179,1.9327045853356,521.39,500.5,0,0,0.336009016971412,0.324214692161098,0.114585826241304,633.71,613,0,0
"Chimaera_argiloba","Chimaera argiloba",36.8081620906685,33.8709767470199,14.3217764581074,422.46,424,1,0.01,4.8925719691094,3.73323918365485,2.73585344049461,343.72,327.5,0,0,1.45434145865866,1.31425553647158,0.423902611531129,167.69,159,0,0
"Hydrolagus_lusitanicus","Hydrolagus lusitanicus",35.6547835931015,34.2000453436563,11.5434035333413,423,393.5,0,0,4.6512257470117,3.45983669880127,2.41493832398259,357.82,336.5,0,0,1.43450507516847,1.26964657057402,0.45036551688009,172.15,159,0,0
"Urobatis_marmoratus","Urobatis marmoratus",36.737235771221,34.3968260461715,14.5466431962141,424.3,398,0,0,3.40333642294846,2.91816434386396,2.09548408484876,452.2,465,0,0,0.307235123107172,0.298264258983376,0.0720853188016634,694.38,712,0,0
"Rhynchobatus_springeri","Rhynchobatus springeri",36.0378277174106,33.9970457184508,14.9501810044575,424.31,472,1,0.01,7.02366129011403,7.1403307327366,3.32069371984316,202.66,215.5,1,0.01,1.51260998393791,1.49745598332583,0.782862006939223,171.7,168,0,0
"Rhinobatos_nudidorsalis","Rhinobatos nudidorsalis",37.2484979665231,33.9527009861286,16.0739344005789,424.4,411,0,0,6.22363918444704,5.69273373725649,3.61849576403465,262.31,277,0,0,1.30638960186594,1.28172569332877,0.624775587430579,211.16,217,0,0
"Hydrolagus_mccoskeri","Hydrolagus mccoskeri",35.4504515121755,32.9526708746534,12.4443799546599,429.49,409.5,0,0,4.2386175358428,3.2347104869539,2.50577902944352,386.95,404,0,0,1.36408694507356,1.22436321881809,0.450678329844032,184.88,193.5,0,0
"Chimaera_notafricana","Chimaera notafricana",35.6809175336649,32.5577394347067,13.1261161107227,430.21,417,0,0,4.48085410074735,3.36787178696044,2.80698837391782,365.92,348,0,0,1.39895116584173,1.24900053819173,0.447882737730568,176.59,183,0,0
"Hydrolagus_novaezealandiae","Hydrolagus novaezealandiae",33.7941704225868,34.0545454584435,7.05923353380167,430.34,390,0,0,2.91848613930894,2.94106526213883,0.434529711167493,478.08,489,0,0,1.11537995769313,1.12217046299359,0.104914838952368,217.6,239.5,0,0
"Chimaera_obscura","Chimaera obscura",36.4766665072945,32.3611334897905,16.2035619363086,430.6,411,1,0.01,5.04171519050118,3.77163717047967,3.44142081768551,342.86,318,0,0,1.46535215433642,1.30771917575537,0.507659239906507,167.92,143.5,0,0
"Hydrolagus_macrophthalmus","Hydrolagus macrophthalmus",35.3743818214471,33.4057706765627,12.6071179064523,431.44,434.5,0,0,4.47033486890369,3.27890237424123,2.58552157459682,366.71,335,0,0,1.39192585500686,1.25106376982436,0.413081334657483,176.84,175.5,0,0
"Chimaera_cubana","Chimaera cubana",35.2873557202478,33.3920306858067,14.2180447222061,431.72,428.5,1,0.01,4.41592711047318,3.47527371750455,3.36973283124285,377.57,366,1,0.01,1.38559880089922,1.27098848990616,0.522552585183189,179.72,187,1,0.01
"Himantura_signifer","Himantura signifer",33.900023930971,34.8102142749678,5.64140702868135,431.76,433,0,0,1.54825460915402,1.5101270215419,0.293690996140051,778.81,833,0,0,0.283171794352095,0.280050575631371,0.0542031784108849,791.41,832,0,0
"Himantura_gerrardi","Himantura gerrardi",33.3905404442667,33.9681659891507,3.94438006387899,432.38,475,0,0,1.53571996991187,1.49871681684772,0.29106159702161,782.75,838,0,0,0.282711033296771,0.279682628181083,0.0539033535998869,793.07,833,0,0
"Paratrygon_aiereba","Paratrygon aiereba",34.5227699365344,37.101300333242,9.35040663893164,432.77,345.5,0,0,1.68075646967129,1.62584607621132,0.427088105732753,751.43,794,0,0,0.278273070686082,0.275262980979739,0.0550555654814123,813.76,846.5,0,0
"Hydrolagus_eidolon","Hydrolagus eidolon",35.8816791025614,31.5069807808226,14.6408185488031,433.03,437,1,0.01,4.40773055962418,3.2451072080714,2.81657470638879,379.15,353.5,0,0,1.37041264082655,1.20565672324561,0.4072648229844,179.69,180.5,0,0
"Crassinarke_dormitor","Crassinarke dormitor",36.3941043458848,34.8613045405507,14.3551053294909,433.69,398,0,0,4.32021043671465,3.61322927581238,2.03373641248462,353.33,361.5,0,0,0.790835256913925,0.763305198492721,0.160254973379559,299.68,323,0,0
"Raja_inornata","Raja inornata",34.5174053273372,33.3162844660882,10.8289681128722,433.8,381.5,0,0,0.726032457708624,0.631262570479906,0.475885724911138,1100.36,1124,0,0,0.203359653080881,0.198240054000104,0.0500673601411112,1118.68,1129.5,0,0
"Myliobatis_tobijei","Myliobatis tobijei",34.4418468926692,33.1548892757285,10.1697072722164,434.55,383,0,0,3.40615631214284,3.25594828519477,1.17709466600856,426.13,425,0,0,0.368546571606865,0.356557052152485,0.109831018799474,555.31,543.5,0,0
"Hydrolagus_deani","Hydrolagus deani",35.9432045930205,33.6302449596484,15.8143948838462,434.98,428,1,0.01,4.49040706160076,3.11586943251647,3.63379314045426,377.43,359,1,0.01,1.39690371708809,1.18745764014621,0.589517932941104,178.19,194.5,1,0.01
"Rhynchobatus_palpebratus","Rhynchobatus palpebratus",33.2917733395222,35.5393163762477,7.97289117049205,435.33,429.5,0,0,6.55930999641036,7.29407024698394,2.13594976101084,210.61,213,0,0,1.45961084671281,1.47488818331535,0.64658227438122,174.43,165.5,0,0
"Oxynotus_centrina","Oxynotus centrina",34.1115286742361,32.9268951857683,10.0089850589856,436.72,405.5,0,0,3.6045374394704,3.90022330219308,1.23839338566938,406.22,397.5,0,0,0.907250772194881,0.937712442557592,0.395393571779978,290.72,281.5,0,0
"Pastinachus_sephen","Pastinachus sephen",32.575216269902,32.9899782952834,3.74925641833706,437.41,460,0,0,4.21633226653669,4.23007823285772,1.13791379462883,334.42,340,0,0,0.315522504266696,0.30261011216679,0.0773814389063364,669.75,684.5,0,0
"Urobatis_tumbesensis","Urobatis tumbesensis",36.3665921675929,32.630442284758,15.485879712607,438.02,420.5,0,0,3.41009112909602,3.01352103138355,2.00086017037118,447.52,448.5,0,0,0.307243837457073,0.298489812846583,0.0724929525831993,695.61,716,0,0
"Pastinachus_gracilicaudus","Pastinachus gracilicaudus",32.575216269902,32.9899782952834,3.74925641833706,438.41,461,0,0,4.2155669844118,4.21219341508329,1.14326506707166,334.74,342,0,0,0.31555243423898,0.303839600793953,0.077586526436316,669.52,684,0,0
"Rhynchobatus_laevis","Rhynchobatus laevis",33.1619450704557,35.4620875348448,7.99161631483631,439.85,431,0,0,6.55366342955301,7.30623014902366,2.13180543486829,211.19,210.5,0,0,1.45872193524487,1.48424308169452,0.644719398020519,174.89,166.5,0,0
"Rhinobatos_hynnicephalus","Rhinobatos hynnicephalus",38.469034325592,33.8478697637854,20.5294516495409,440.88,486,2,0.02,6.39961724168036,5.38384951173398,4.39891607665692,269.87,294,0,0,1.27334729188352,1.2496316107018,0.606672613254274,215.15,231,0,0
"Himantura_hortlei","Himantura hortlei",33.21384278224,33.7633778941777,4.88477849869955,441.61,459,0,0,1.55098257567724,1.49974596236322,0.304942344717563,779.39,837,0,0,0.283427331131355,0.280221371081772,0.0543787839954075,789.15,828,0,0
"Figaro_boardmani","Figaro boardmani",33.5885236492076,33.8705613967376,9.62807631614614,443.95,444.5,0,0,2.90280885965945,3.06602240598401,1.29598713629214,523.3,496,0,0,0.3454783776201,0.332491581295891,0.120763941318175,615.93,587.5,0,0
"Figaro_striatus","Figaro striatus",33.5885236492076,33.8705613967376,9.62807631614614,444.95,445.5,0,0,2.89834920366953,3.04633329594377,1.2914662260371,523.84,496.5,0,0,0.345820200040628,0.332626550540536,0.121545649192567,614.97,585.5,0,0
"Etmopterus_schultzi","Etmopterus schultzi",33.6782025770925,34.0733540676079,9.078078257931,445.29,349,0,0,2.23216933123895,2.3113528040277,0.882161897254291,622.01,632.5,0,0,0.574919856108354,0.588747730714745,0.195898199676183,419.83,424,0,0
"Narcine_brevilabiata","Narcine brevilabiata",34.9612666100751,31.3998529239208,12.5221905022686,446.03,446.5,0,0,4.49703675038829,4.19631383200147,1.55579012369799,325.61,331,0,0,0.899513278126222,0.848370935908755,0.220603894044725,268.03,294,0,0
"Chimaera_macrospina","Chimaera macrospina",35.4687489102193,31.54641121216,14.4652833362203,446.14,426,0,0,4.74354150976672,3.55210922724582,2.94743333452926,354.27,339.5,0,0,1.43394130058924,1.29786749669562,0.499754026178238,171.66,156.5,0,0
"Narcine_ornata","Narcine ornata",36.0462764926272,32.7342553263731,14.9192439233964,448.26,434,0,0,5.28512517838096,4.37725052420667,2.87381971766177,300.51,298.5,0,0,0.939266539178852,0.866163934263362,0.265262711397113,259.46,279.5,0,0
"Himantura_fai","Himantura fai",33.0030757841175,33.7801863175567,5.18840123768123,448.91,463.5,0,0,1.55060916335927,1.49918587907006,0.303184142683977,779.13,835.5,0,0,0.283294049455808,0.279532219037504,0.0541722159354764,788.69,827.5,0,0
"Chimaera_jordani","Chimaera jordani",35.1705892172545,32.5932710244616,13.264334854236,449.18,466.5,0,0,4.37697609457982,3.15130081607862,2.51001269318297,374.94,359.5,0,0,1.38780535881085,1.18988762972658,0.438426191207668,178.93,191.5,0,0
"Sphyrna_corona","Sphyrna corona",32.104924101699,32.711841106535,4.22497896459666,449.46,460,0,0,1.77149751555235,1.8283651563927,0.892554084249563,770.04,770,0,0,0.278876244268775,0.278652955700988,0.0785447642044317,836.21,828,0,0
"Narcine_lingula","Narcine lingula",36.7230331245881,31.4265427325247,18.9885798068003,449.82,439,2,0.02,5.51520123241468,4.26045295662335,3.93848741216148,298.49,306,0,0,0.943276471398784,0.87592770593397,0.273801296873892,260.14,287,0,0
"Centroscymnus_owstonii","Centroscymnus owstonii",32.570902952295,35.1139724960108,7.40778954783578,450.86,427,0,0,3.5994452791444,3.90949491162723,1.22981866078754,405.82,392,0,0,0.90528565274648,0.928463143590692,0.388134718694109,290.39,282,0,0
"Etmopterus_gracilispinis","Etmopterus gracilispinis",33.6851370966965,32.942197302623,9.3268504828173,451.84,342.5,0,0,2.24846388238139,2.3357373633988,0.886464019682872,617.67,633.5,0,0,0.577156938795264,0.594423093681842,0.196380863489517,417.11,420.5,0,0
"Hydrolagus_marmoratus","Hydrolagus marmoratus",35.3426994741548,31.3087321397125,14.1279101628466,452.17,481,0,0,4.56368898752191,3.36156308564534,2.4542484587651,357.33,337.5,0,0,1.39850526130762,1.24328628052447,0.39374960612326,174.77,169,0,0
"Narcine_brunnea","Narcine brunnea",35.2936273303018,32.1514300185772,12.914138636282,453.33,465,0,0,4.58611394308358,4.37125881839934,1.682026600975,324.85,337.5,0,0,0.90445461048509,0.861333008225161,0.202293173671538,266.89,294.5,0,0
"Glaucostegus_thouin","Glaucostegus thouin",32.9981381424412,33.8336721601485,9.11555569883069,455.39,446,0,0,6.11439328529346,6.60603971822503,2.14619833634521,236.35,238,0,0,1.38763915838762,1.43172043729994,0.596582686326307,188.99,185,0,0
"Carcharhinus_fitzroyensis","Carcharhinus fitzroyensis",32.9955517735319,35.9329047999639,9.09296276510454,456.24,396.5,0,0,0.984541696442373,0.996702553685144,0.362006097754622,940,935,0,0,0.255124872578506,0.257573965491049,0.0660508816810678,928.73,922,0,0
"Atlantoraja_platana","Atlantoraja platana",31.8901088631239,31.8063151341083,4.91031099689824,458.76,459.5,0,0,1.63177049513601,1.19879604965808,1.24392534647139,803.06,854.5,0,0,0.290102305149437,0.271756951724296,0.0955040854728064,790.64,791,0,0
"Atlantoraja_cyclophora","Atlantoraja cyclophora",31.8901088631239,31.8063151341083,4.91031099689824,459.76,460.5,0,0,1.63296475180397,1.20028354535352,1.2378063279595,802.69,853,0,0,0.289805963051567,0.271682856375112,0.0956380272151136,791.46,800.5,0,0
"Chimaera_lignaria","Chimaera lignaria",32.1927609050225,32.3291847924974,5.93878998827583,461.27,438,0,0,2.89666487365665,2.91768211890431,0.424898289808253,482.28,495.5,0,0,1.11128764733483,1.1137165349284,0.103777014761554,219.67,238.5,0,0
"Chimaera_opalescens","Chimaera opalescens",32.0505380582098,32.8830616165722,6.03029670964744,462.68,442.5,0,0,2.89535337707547,2.93823245936044,0.425873115301439,482.57,496.5,0,0,1.11152120661535,1.10962906235509,0.104344794985616,219.34,240.5,0,0
"Narcine_rierai","Narcine rierai",35.5782435282954,31.7732044968251,17.3739428790904,462.8,455,2,0.02,5.28387266923021,4.21853323741948,3.27518374836416,305.71,312,1,0.01,0.933913148393807,0.889477676959006,0.227903419336768,261.01,295,0,0
"Narcine_brasiliensis","Narcine brasiliensis",35.8073419093293,31.8756959532796,15.9230933709714,463.07,425,1,0.01,5.30684784371671,4.39923498531119,3.00018179495794,304.13,301,1,0.01,0.934326413390503,0.863398728508938,0.245111149651018,261.6,286.5,0,0
"Narcine_firma","Narcine firma",34.5391510824164,31.1979718114275,13.3967408430623,466.25,445.5,0,0,4.78130778176055,4.45095298653154,1.99214669098924,315.51,318,0,0,0.919407106066949,0.87596166352573,0.244683884737396,265.01,292.5,0,0
"Narcine_bancroftii","Narcine bancroftii",34.4715923392214,31.932667396695,12.9235263263663,466.65,477,1,0.01,4.99650133110227,4.32041842737724,2.35382763101221,311.37,310.5,1,0.01,0.92191530801675,0.875316128573697,0.230027990153719,263.56,287,0,0
"Dasyatis_longa","Dasyatis longa",32.7780585842383,32.2505081834202,9.40844697424639,466.86,450,0,0,3.13098817910905,3.0502419855785,1.82344230746698,502.78,516,0,0,0.296645886997655,0.291422827812895,0.0691789384511084,736.99,752,0,0
"Narcine_prodorsalis","Narcine prodorsalis",35.8856515384506,28.7671976660555,16.6261247872709,466.96,445,1,0.01,5.16788849356094,4.33561066363201,2.80420805882442,311.74,346.5,1,0.01,0.92517901635001,0.860789214722051,0.247832464310868,263.28,297.5,0,0
"Hydrolagus_purpurescens","Hydrolagus purpurescens",33.8986368984931,30.5603564323184,13.1143264832323,467.65,491.5,1,0.01,4.4115459440658,3.23920760925963,2.62475609744242,373.25,338.5,1,0.01,1.36737838896734,1.2106953447331,0.414136456777898,181.56,182.5,0,0
"Triakis_megalopterus","Triakis megalopterus",34.2025004665749,37.3089274945413,12.5823544600601,468.49,390,0,0,2.15537267857675,2.20210683075508,1.13807206615014,678.37,676.5,0,0,0.307894387107457,0.308671070269172,0.10068642037385,733.2,694,0,0
"Narcine_atzi","Narcine atzi",34.4125013142196,30.2896303313426,14.3446301424897,468.91,458.5,0,0,5.06625923927613,4.30411036932431,2.81047033710861,306.01,289,0,0,0.937640907839948,0.859411773037506,0.332312376797135,261.43,290,0,0
"Scyliorhinus_torazame","Scyliorhinus torazame",34.4102509935063,31.5914721180553,12.9605859123141,469.01,437,0,0,2.62558404037018,2.59272391758118,0.879858279705193,531.16,516,0,0,0.684479010248232,0.706235576965107,0.276583301054843,367.22,365,0,0
"Rhynchobatus_djiddensis","Rhynchobatus djiddensis",31.9570403345252,34.2715316824459,7.83746575056206,469.25,450,0,0,6.50919691249214,7.21937162384478,2.10012677529224,212.39,210,0,0,1.45894713813033,1.49619697356104,0.647032435175373,175.42,165.5,0,0
"Narcine_bicolor","Narcine bicolor",35.8236703747677,28.78004794423,17.6470505101274,469.83,437,1,0.01,5.45858450612836,4.3471689185516,3.48750224651003,297.89,296.5,0,0,0.942878622259977,0.895857962795462,0.259898827473521,259.43,289,0,0
"Glaucostegus_typus","Glaucostegus typus",32.4755100991826,33.2609038166174,9.1234053692264,470.04,470.5,0,0,6.08595948537425,6.58108037067747,2.13770076284854,238.15,239.5,0,0,1.38021459346756,1.43296592103697,0.592935933835418,191.12,187.5,0,0
"Rhynchobatus_australiae","Rhynchobatus australiae",31.9147088287085,34.3049590616026,7.86303164309265,470.42,449.5,0,0,6.50798252184577,7.18086450558732,2.10154165559509,212.74,213,0,0,1.45755086993602,1.48972251028133,0.646248163138164,176.09,166,0,0
"Neotrygon_picta","Neotrygon picta",31.3428144302386,31.5126589559117,4.52867641486765,470.91,464.5,0,0,3.90596678540302,4.00410743172435,1.22323210468803,368.38,367,0,0,0.307287410016615,0.302573063809451,0.0717032472787705,694.5,711.5,0,0
"Neotrygon_leylandi","Neotrygon leylandi",31.3149980574671,31.115132982713,4.49698698078164,471.7,461.5,0,0,3.90362398769843,4.00265690374175,1.22354053339116,368.53,364,0,0,0.307381749746268,0.301787186815023,0.0717976040481092,694.04,715,0,0
"Bythaelurus_dawsoni","Bythaelurus dawsoni",34.10283572744,31.3221372906015,13.6394056246711,472.77,464.5,0,0,3.13713630789985,3.16717485766103,1.570736560357,499.43,489.5,0,0,0.350279006805513,0.335790340593259,0.12353036352511,607.53,575,0,0
"Narcine_insolita","Narcine insolita",35.1343457307262,30.460515431719,15.2238966820462,473.35,462.5,0,0,5.08032162171455,4.50425435839923,2.36462185403177,306.76,287.5,0,0,0.923779273189607,0.911480900585101,0.218383603678699,262.98,286,0,0
"Hydrolagus_matallanasi","Hydrolagus matallanasi",32.9739642008659,31.5608419268343,10.6557566285176,474.02,451.5,0,0,4.1627542182857,3.38670806210602,1.82547479434148,377.4,351.5,0,0,1.35894258239597,1.227714590195,0.364929790106467,181.06,173.5,0,0
"Hydrolagus_ogilbyi","Hydrolagus ogilbyi",31.8902790373195,32.100226208634,7.08107351619636,474.42,445.5,0,0,4.87462709048286,4.76084083894757,1.61825825687564,300.65,281,0,0,1.47734412942486,1.44053628072791,0.256244042384387,154.36,141.5,0,0
"Hydrolagus_lemures","Hydrolagus lemures",31.8840626139005,32.100226208634,7.08101164703973,474.75,444.5,0,0,4.87529100338149,4.76678434664758,1.61786864893681,300.53,281,0,0,1.47720464607963,1.44282762480519,0.255664810819318,154.21,143,0,0
"Dasyatis_chrysonota","Dasyatis chrysonota",33.0506028939358,31.3472549170754,10.9709420279605,475.04,423,0,0,2.17736587544487,1.98964636245217,1.21675424661748,668.51,708,0,0,0.287316539214795,0.285981964029878,0.0644321141204933,774.29,789,0,0
"Squatina_legnota","Squatina legnota",31.786156964398,33.085912272604,8.01509241162037,475.61,454,0,0,3.96259610283309,4.07565963063673,1.18303072940584,363.02,356.5,0,0,1.23118755467509,1.32535973471568,0.390898593488518,203.59,206.5,0,0
"Narcine_entemedor","Narcine entemedor",35.459986080659,31.7391950047721,17.2240146943224,476.05,453.5,1,0.01,5.70771369509525,4.64141232582154,3.62004918919779,292.65,293,1,0.01,0.962565693611663,0.950212736275246,0.295486487550083,256.34,287,0,0
"Chiloscyllium_hasseltii","Chiloscyllium hasseltii",31.2773228033074,31.8367563829366,5.96398339961839,476.87,445,0,0,4.68759710679328,4.84286284351542,0.917898207306845,288.41,298,0,0,1.38520626956855,1.44215049284364,0.432038526128505,165.26,162,0,0
"Chiloscyllium_griseum","Chiloscyllium griseum",31.2764417560104,31.8367563829366,5.96229946443519,476.94,445,0,0,4.68751529568231,4.84759165681198,0.918235108701074,288.35,298,0,0,1.38577569916092,1.4409734347848,0.432227326792815,165.02,161,0,0
"Himantura_leoparda","Himantura leoparda",31.8764452290256,32.9359662143244,5.41024584541085,478.05,492,0,0,1.53558906437011,1.4983280866764,0.293131212527803,781.91,833,0,0,0.282429508086486,0.278693297109923,0.0539462603129216,795.5,833,0,0
"Dasyatis_pastinaca","Dasyatis pastinaca",32.8961561550991,32.2291475592538,10.7526974044235,478.08,446.5,0,0,2.16570118437208,1.9881441992192,1.168546614298,669.17,706,0,0,0.287357905115749,0.286263806202484,0.0637225773450428,773.77,789,0,0
"Myliobatis_hamlyni","Myliobatis hamlyni",34.7283092859075,31.5685659927915,16.6933761944652,478.72,492.5,0,0,3.76954980293828,3.26716959541955,2.64117114367858,422.34,436,0,0,0.370595565395311,0.356176610849995,0.114947116926357,555.1,540.5,0,0
"Dasyatis_americana","Dasyatis americana",32.4544081907676,32.0592659439296,9.65881050207723,478.95,452,0,0,3.11834583773308,2.99213567844686,1.81554032109439,504.39,514,0,0,0.296556634017151,0.291966708638024,0.0693709213448136,737.42,755.5,0,0
"Narcine_vermiculatus","Narcine vermiculatus",35.691656764788,29.4400492162267,18.1422609343013,479.23,478,1,0.01,5.27791815974475,4.22179151611648,3.64075422206901,315.45,350.5,1,0.01,0.940014860999384,0.885204607923011,0.341320274031168,262.45,295,0,0
"Mobula_tarapacana","Mobula tarapacana",33.4697030157106,31.4858996973452,12.256222327658,479.43,454.5,0,0,2.40811400577133,2.28381733267187,0.744150003550178,570,573,0,0,0.348284943366988,0.339329917708202,0.0959965449524041,593.38,572.5,0,0
"Myliobatis_freminvillei","Myliobatis freminvillei",31.9218866586496,32.172582008448,8.83676280263888,479.6,448.5,0,0,3.36454317790879,3.33754948821319,1.19369187507996,436.05,427.5,0,0,0.36832832785652,0.357108478081245,0.111588301179307,557,545,0,0
"Scylliogaleus_quecketti","Scylliogaleus quecketti",33.4787810482502,31.2338942182447,12.2761900839073,481.61,516,0,0,2.12679715572613,2.1383943420704,1.10078048949676,684.45,682.5,0,0,0.3075362089562,0.308933036939535,0.0998163716680471,732.99,694,0,0
"Chimaera_owstoni","Chimaera owstoni",33.4291586395273,29.9645294977709,12.7793754695166,482.51,496.5,1,0.01,4.28391517302482,3.1810374382117,2.3482957123635,378.81,357.5,0,0,1.3613967026663,1.18582216347123,0.406540348999478,181.72,187.5,0,0
"Narcine_nigra","Narcine nigra",34.6940258089067,30.5509948621604,15.2225616940605,482.9,498,0,0,4.90305071417891,4.10888577051947,2.45501833826281,319.05,346,0,0,0.908366025319394,0.871505974786021,0.232672504110996,266.73,296,0,0
"Rhizoprionodon_taylori","Rhizoprionodon taylori",34.4451372465747,33.8555104159562,14.2671031241229,483.73,478,0,0,1.97471823867447,1.85832874430547,1.15391070131881,734.37,765.5,0,0,0.281792347546137,0.284767230556695,0.0822921608346023,823.34,813,0,0
"Narcine_leoparda","Narcine leoparda",35.498756749462,31.8638157367037,18.0850074444221,483.95,480,3,0.03,5.46946624571653,4.22808837511938,3.73038641974685,306.28,331.5,1,0.01,0.935819315750295,0.875422056467623,0.250770731546806,260.98,291.5,0,0
"Rhinoptera_bonasus","Rhinoptera bonasus",33.3272261239705,31.3797535411843,13.0618971363332,488.96,485,0,0,2.47046813374107,2.32593472801936,0.85762028192728,563.65,560.5,0,0,0.347648130297913,0.338356162973477,0.094966180909234,595.06,575,0,0
"Narcine_oculifera","Narcine oculifera",33.665457310638,30.7165506407698,14.2375934087155,491.08,484,0,0,4.90701976026235,4.32600868533211,2.39643441650385,318.74,351,0,0,0.91069462919267,0.878372485343442,0.201941941326872,265.86,297,0,0
"Oxynotus_bruniensis","Oxynotus bruniensis",31.236820297189,34.0391402698812,8.08231692145424,491.25,469,0,0,3.5392140148419,3.82781073639982,1.20028653850109,413.29,407.5,0,0,0.897851370809727,0.920046442575698,0.385766898667714,292.83,283,0,0
"Beringraja_binoculata","Beringraja binoculata",30.7007453747236,31.1606372148747,6.78459493146386,491.92,481,0,0,0.742161906495447,0.635155263273255,0.58696954284444,1098.28,1126,0,0,0.203569004974809,0.198656125953911,0.0506623740161054,1118.02,1129,0,0
"Beringraja_pulchra","Beringraja pulchra",30.7007453747236,31.1606372148747,6.78459493146386,492.92,482,0,0,0.741453323090204,0.632672725859869,0.588867834335162,1099.15,1126,0,0,0.203716220351326,0.198901205086785,0.0503175702971817,1117.94,1128,0,0
"Myliobatis_chilensis","Myliobatis chilensis",32.832547895311,29.9897762088075,12.3934102121254,493.32,475,0,0,3.35898623856755,3.36330307886672,1.25465529785458,437.26,432,0,0,0.368438525704077,0.356489425451476,0.112258271369767,556.51,543,0,0
"Narcine_nelsoni","Narcine nelsoni",33.5258737908111,29.8465861951107,14.186937473662,493.65,494.5,0,0,4.74329882914506,4.12737503464424,2.22434609993673,322.06,331,0,0,0.908560142227801,0.863795291574095,0.225997796971158,266.56,291.5,0,0
"Urolophus_bucculentus","Urolophus bucculentus",31.2807743812332,30.5581879384575,7.49114618160622,496.63,500.5,0,0,4.96543431696653,4.68940685703967,1.71284882347616,291.66,283.5,0,0,0.400349566222307,0.379994065619609,0.155162531388368,525.23,523.5,0,0
"Etmopterus_bigelowi","Etmopterus bigelowi",31.6108827031378,31.7098576299068,9.35353201698704,497.05,469,0,0,2.2424242772827,2.38252130781484,0.836356838755174,617,627,0,0,0.577695765584689,0.595142210904806,0.191813729747998,415.96,416.5,0,0
"Urolophus_flavomosaicus","Urolophus flavomosaicus",31.2542338306712,30.5018801999972,7.51389985473231,497.57,503.5,0,0,4.96165433943513,4.65610046630099,1.71193735966627,291.98,286,0,0,0.3999481599619,0.379459785395087,0.153843737580436,525.38,524,0,0
"Myliobatis_longirostris","Myliobatis longirostris",31.1905633636208,30.6512603088576,8.75129449169729,498.41,457,0,0,3.34964904847921,3.32773418282639,1.18089183805835,437.07,429,0,0,0.368562848533233,0.354646757494414,0.111856347153525,556.29,545.5,0,0
"Scyliorhinus_capensis","Scyliorhinus capensis",31.7884101546404,30.560806227182,10.5535860311169,502.58,486.5,0,0,2.9173452932804,2.88539339089064,1.04078339875598,490.51,495,0,0,0.720866295337618,0.747900269493163,0.297652218987624,353.26,342,0,0
"Leucoraja_garmani","Leucoraja garmani",32.6855046975545,31.557887210672,12.8242576268166,503.16,484,0,0,1.03487477328522,0.95638135647034,0.614428293197908,963.98,965.5,0,0,0.237751598304457,0.233289301500943,0.065858333608122,990.33,994.5,0,0
"Paragaleus_randalli","Paragaleus randalli",31.4794827550792,30.3010272145842,9.85497031869857,503.31,524,0,0,3.25707857560661,3.61523436103896,1.64848880167006,508.95,429.5,0,0,0.31786110825162,0.319894168100243,0.108216922642034,702.24,674,0,0
"Paragaleus_pectoralis","Paragaleus pectoralis",31.3087707889426,30.2509439812604,9.27729951683509,504.25,507,0,0,3.23764760004068,3.61906578354462,1.60646912818106,510.29,428,0,0,0.317597610827695,0.31911339633321,0.106938434925117,702.64,675,0,0
"Mobula_hypostoma","Mobula hypostoma",30.504901206438,29.4103634566235,7.5475507868481,509.98,512,0,0,2.64776634463133,2.43105552736724,1.04366830224616,531.09,529.5,0,0,0.352123557221671,0.342642568052968,0.102435003760013,583.99,573.5,0,0
"Bythaelurus_canescens","Bythaelurus canescens",32.1778365191602,29.7586424101167,12.3352275120646,510.9,489,0,0,2.98804081318224,3.15994782851042,1.44556807309229,513.4,503.5,0,0,0.347512912444385,0.335871561834639,0.12176219400601,611.26,583,0,0
"Oxynotus_paradoxus","Oxynotus paradoxus",30.4016479280239,30.4187581702815,7.78625100519606,510.93,488,0,0,3.52456506209162,3.87738370444795,1.18509208342944,414.52,413,0,0,0.895800540535808,0.915513924441538,0.3818223420995,293.18,283.5,0,0
"Hemiscyllium_trispeculare","Hemiscyllium trispeculare",31.4321964388653,29.7549608918606,10.5949349169558,511.18,498.5,0,0,4.19471605591606,4.3227429438459,0.779530737478524,327.89,336.5,0,0,1.27438336922631,1.35499436081392,0.38124307617483,191.22,195,0,0
"Paragaleus_tengi","Paragaleus tengi",30.8623297469814,30.7422945237503,8.76897771027005,511.58,535.5,0,0,3.22318699613913,3.6831430368182,1.58440581932223,511.24,432.5,0,0,0.317349128106172,0.317952589844562,0.106109140644392,701.86,673,0,0
"Etmopterus_brachyurus","Etmopterus brachyurus",31.9334257095515,30.22846595528,11.6566494232913,511.83,495,0,0,2.5405227903658,2.60387396470771,1.21210041198573,573.45,592,0,0,0.594377784604553,0.601004834852266,0.211437561665201,406.14,403.5,0,0
"Paragaleus_leucolomatus","Paragaleus leucolomatus",30.9988448827788,29.4028519673016,9.70576565663617,512.44,513,0,0,3.25020285094083,3.53563149801903,1.62796158153083,510.62,431,0,0,0.317406425896377,0.319529230983125,0.106335373483389,702.46,675,0,0
"Rhizoprionodon_oligolinx","Rhizoprionodon oligolinx",33.28796495264,30.251852201764,14.4344582148857,512.61,504.5,0,0,1.95279659493154,1.8618312322665,1.20569118798921,740.89,748.5,0,0,0.28200793727779,0.285454768222263,0.083727097260804,823.71,806.5,0,0
"Narcine_maculata","Narcine maculata",32.0863755765847,29.5242995476117,11.8551544181783,514.51,514.5,0,0,4.74170787187783,4.34128724452781,1.91458565346069,320.68,318,1,0.01,0.907564959884081,0.8650163475141,0.203856597766382,266.31,294.5,0,0
"Mobula_munkiana","Mobula munkiana",30.2130395253363,28.855870672707,7.85935627361206,519.76,515.5,0,0,2.65025380743838,2.42783640744139,1.06338113128364,531.52,533.5,0,0,0.352432061030106,0.343232887870505,0.102794808130575,582.8,567,0,0
"Pseudoraja_fischeri","Pseudoraja fischeri",32.7499034534961,28.6897304200016,15.4985275116093,520.18,494.5,0,0,1.57763086236245,1.06137933929841,2.05634554917837,848.62,895.5,0,0,0.276869326618361,0.257324891247509,0.083679853219882,834.32,849.5,0,0
"Dactylobatus_armatus","Dactylobatus armatus",32.9998411033239,28.9738252343984,15.2421056962167,520.51,496,0,0,1.91021067625272,0.857111792422356,2.43043272669776,874.53,976,0,0,0.25247399369294,0.224582960482695,0.124192125381775,973.06,989,0,0
"Myliobatis_ridens","Myliobatis ridens",31.2965353547503,28.9729101576327,11.9252787370471,520.57,533.5,0,0,3.34966157203354,3.14422558681962,1.47498038201114,442.99,440.5,0,0,0.36970906498758,0.354939908068098,0.127039048403547,557.15,544,0,0
"Squatina_caillieti","Squatina caillieti",31.0392197579447,30.565027128102,10.633986548719,520.98,491,0,0,3.91695144971277,3.89769079405144,1.1470734863116,367.4,361,0,0,1.22251321292468,1.28825587002217,0.382669677474081,203.81,213.5,0,0
"Dactylobatus_clarkii","Dactylobatus clarkii",32.9998411033239,28.9738252343984,15.2421056962167,521.51,497,0,0,1.90940075458793,0.858292101102804,2.42984564994229,874.72,978,0,0,0.251924887088364,0.223350170938165,0.123710434975824,976.7,995,0,0
"Bythaelurus_alcockii","Bythaelurus alcockii",32.8408793169876,29.3059518397591,15.3711949081764,522.83,535,0,0,3.17786831087459,2.98830790937602,1.8926161430199,506.82,498,0,0,0.349847097706785,0.334374477126383,0.1272584378869,610.52,580.5,0,0
"Urogymnus_asperrimus","Urogymnus asperrimus",30.1682556749581,29.026938266973,6.74943955978798,523.57,535,0,0,1.77420808672834,1.709902129575,0.39785861216325,731.52,782,0,0,0.288410104701455,0.282966165196577,0.0569769940380758,763.74,804,0,0
"Urogymnus_ukpam","Urogymnus ukpam",30.1682556749581,29.026938266973,6.74943955978798,524.57,536,0,0,1.77523301758237,1.72064824312803,0.396723857541356,731.31,782.5,0,0,0.28848574651663,0.283672007748329,0.0573883296185864,763.54,804,0,0
"Hemiscyllium_freycineti","Hemiscyllium freycineti",31.0356306696024,28.4971965617616,10.5880767961335,525.12,531,0,0,4.17663679336669,4.19953496065026,0.801169548954376,328.76,341.5,0,0,1.27595913297533,1.32963334311925,0.393463941071691,191.83,191,0,0
"Hemiscyllium_hallstromi","Hemiscyllium hallstromi",31.148816295732,28.9716858727495,11.1515032325288,526.01,547,0,0,4.17887497079249,4.21349513796355,0.810357747674653,329.65,339.5,0,0,1.2715087584859,1.33381235133431,0.387714020877332,192.7,199.5,0,0
"Hemiscyllium_galei","Hemiscyllium galei",31.0352029028723,27.7896156847094,11.4716693135458,528.13,555.5,0,0,4.18799779685824,4.25184116240347,0.834679058475021,329.13,339,0,0,1.27786328539223,1.36322193418462,0.398216823263425,191.02,196,0,0
"Squatina_oculata","Squatina oculata",31.5434065797056,28.2643785234754,12.4473439328017,528.38,549.5,0,0,3.96675501938315,3.73854072701254,1.44896754525875,370.73,373.5,0,0,1.2220199428551,1.22351082307398,0.414600004220335,205.88,218,0,0
"Typhlonarke_aysoni","Typhlonarke aysoni",30.9738463032089,28.6301597197532,11.4785332906363,528.57,532.5,0,0,3.9385354850259,3.45775147281704,1.8645226887593,377.7,418,0,0,0.77817258234421,0.744868820954568,0.163478203557979,303.73,329,0,0
"Typhlonarke_tarakea","Typhlonarke tarakea",30.9738463032089,28.6301597197532,11.4785332906363,529.57,533.5,0,0,3.94466448620605,3.46210324451564,1.89429314122864,377.41,419,0,0,0.776638078664364,0.746774025645325,0.159426353659903,304.46,327.5,0,0
"Halaelurus_natalensis","Halaelurus natalensis",29.6664742921252,29.0214809379855,6.41278843359675,529.58,477.5,0,0,3.33065511025373,3.54354320621618,0.970756701649813,432.4,435,0,0,0.409360705720266,0.386889792936188,0.165637202440017,547.59,516.5,0,0
"Bythaelurus_immaculatus","Bythaelurus immaculatus",31.4009706217952,29.2572335421401,12.7840612039462,533.58,523.5,0,0,2.99261349406313,2.98694671302712,1.57576724191271,518.03,506.5,0,0,0.347964427012083,0.335855345715669,0.123295162382883,611.74,576.5,0,0
"Hemiscyllium_ocellatum","Hemiscyllium ocellatum",30.372552260571,28.3646148287579,9.59185562598916,533.69,531.5,0,0,4.15578482498645,4.26430241250078,0.787516945162765,330.03,341.5,0,0,1.2663382321568,1.36818017760548,0.386300493236025,193.52,198,0,0
"Scymnodalatias_albicauda","Scymnodalatias albicauda",30.9819231086308,27.8037860282598,11.8662859014959,534.09,560.5,0,0,4.15274620861322,4.00914673192402,2.04168086530817,370.64,387.5,0,0,0.959101333497045,0.944135257473201,0.459208453948702,280.34,283.5,0,0
"Torpedo_californica","Torpedo californica",30.3598242042249,27.797295463242,8.83754915442067,534.74,530,0,0,3.0392100090666,2.92436587833124,0.685493689771761,466.92,519,0,0,0.69613246286116,0.685769907744263,0.10721548040158,340.02,366,0,0
"Carcharhinus_perezii","Carcharhinus perezii",29.4895097126797,31.9144880400432,7.88425576850391,536.12,475.5,0,0,0.902203062957951,0.938731802217623,0.257323636202304,976.33,967.5,0,0,0.248873403848155,0.256052285879665,0.0624046289474029,959.92,952.5,0,0
"Hemiscyllium_henryi","Hemiscyllium henryi",30.2141248512952,27.5876285380658,9.85629597699949,536.19,532.5,0,0,4.15557249053316,4.22103556554162,0.800140989397585,331.36,340.5,0,0,1.27163412290451,1.3194532241218,0.394104512109561,193.48,197,0,0
"Myliobatis_rhombus","Myliobatis rhombus",30.9483324954178,28.2108626350538,11.8956605775616,536.57,540.5,0,0,3.35560312223755,3.19607235166575,1.48690699074024,441.8,454,0,0,0.366472991575105,0.354552091762712,0.107321367783629,558.95,546.5,0,0
"Myliobatis_tenuicaudatus","Myliobatis tenuicaudatus",30.5167220154365,28.5143161032099,10.9683116839211,536.75,540.5,0,0,3.27019361904709,3.19270704837716,1.25364847034766,446.46,445,0,0,0.366571212710123,0.355071460083576,0.109306550476551,560.06,543.5,0,0
"Cephaloscyllium_ventriosum","Cephaloscyllium ventriosum",30.546043363572,27.8299145191008,10.6567866823515,537.81,538,0,0,2.27501974982913,2.2693344072821,0.593488638808356,596.27,594,0,0,0.625831456293776,0.655499583953914,0.230458477363709,396.21,389,0,0
"Etmopterus_pusillus","Etmopterus pusillus",30.2112782753678,28.949277057628,9.47546966570594,538.86,491.5,0,0,2.22433776728397,2.37086612223496,0.818017813171973,621.64,626.5,0,0,0.575832183174114,0.594329970852743,0.189096648569759,418.35,417,0,0
"Halaelurus_lineatus","Halaelurus lineatus",29.294849488633,28.7927528721217,6.71162609707142,538.96,504.5,0,0,3.34258960401069,3.54243045741843,0.999478950970776,431.38,431.5,0,0,0.410876968994097,0.387744961939567,0.171194755031073,546.67,517,0,0
"Bythaelurus_clevai","Bythaelurus clevai",30.4017393896208,29.0616575342384,11.131106742162,543.12,524,0,0,2.9428595408311,3.04443204574132,1.42771973472184,519.6,503.5,0,0,0.34723139092727,0.332044664449406,0.121002847564657,611.71,577.5,0,0
"Bythaelurus_giddingsi","Bythaelurus giddingsi",29.9487171633912,28.4735078745331,9.95480241626703,543.64,522,0,0,2.93381930585846,2.99505027532033,1.43231592197259,520.03,497,0,0,0.348309458042737,0.334420719305866,0.123216894425414,610.62,579,0,0
"Hemiscyllium_strahani","Hemiscyllium strahani",29.9900172601858,26.6426327526686,9.96943070250843,547.23,543.5,0,0,4.14499804393229,4.22244950677413,0.783970438335312,332.16,345.5,0,0,1.26663458257595,1.31931273487193,0.385410193119446,194.14,197,0,0
"Scymnodalatias_sherwoodi","Scymnodalatias sherwoodi",30.7184656041655,28.0377540848411,12.1947385242557,547.37,567,0,0,4.14549510958982,4.00610965935681,2.02406707830141,372.2,380.5,0,0,0.957439583719893,0.934288211744174,0.45449054629876,280.62,284,0,0
"Halaelurus_boesemani","Halaelurus boesemani",29.5386758158422,27.3032636389263,8.61739571507789,548.05,575,0,0,3.36417131337952,3.51361922231621,1.02176133973848,428.22,432,0,0,0.411400561713541,0.382950873180762,0.17019597804316,546.72,516.5,0,0
"Anacanthobatis_donghaiensis","Anacanthobatis donghaiensis",31.2019092204339,28.8459085444835,14.0108075859388,549.36,543.5,0,0,3.91121968963495,3.30567626818234,2.43896627192139,418.33,448.5,0,0,0.519280083634714,0.427096549173373,0.283840825938084,467.05,490.5,0,0
"Bythaelurus_lutarius","Bythaelurus lutarius",31.1563906894908,27.906832569425,13.5162159147209,549.87,570,0,0,3.04163140663454,2.98493005507377,1.69929951226905,516.09,513.5,0,0,0.347816015968179,0.335535965131567,0.121422665743517,611.09,581.5,0,0
"Sphyrna_tiburo","Sphyrna tiburo",28.1731719071223,28.3361214299733,3.50078345571985,550.03,573,0,0,1.73494415870185,1.79224942475359,0.860029546655725,780.32,778,0,0,0.278267542339473,0.276786255446369,0.078064056335392,838.68,835.5,0,0
"Carcharhinus_borneensis","Carcharhinus borneensis",28.4257995614414,30.1589224033607,5.43193659104445,551.36,523,0,0,0.900570499871109,0.937865582120825,0.252588404517279,976.72,967,0,0,0.248774061196031,0.252615340610146,0.0617418122964077,959.2,956,0,0
"Hemiscyllium_michaeli","Hemiscyllium michaeli",29.6674268053104,27.326604159455,9.7484063764602,551.43,547,0,0,4.13336219962476,4.16844250775167,0.786758206077645,333.78,340,0,0,1.26291534392551,1.34318171942818,0.381289106232072,194.18,196,0,0
"Orectolobus_floridus","Orectolobus floridus",29.3869383244323,30.8037209758335,8.67809417404991,551.95,558.5,0,0,4.91021140634792,5.05790429813369,1.17203882002529,278.6,281.5,0,0,1.47181042971746,1.5589086050477,0.508075668287588,154.55,153,0,0
"Squatina_argentina","Squatina argentina",31.2999315375965,27.9895934567126,14.6558452539867,551.99,584,1,0.01,4.05031215082632,3.81513631078295,1.90639622247377,372.82,380,0,0,1.22359452403242,1.23504824173573,0.415954568680298,207.99,213,0,0
"Squalus_megalops","Squalus megalops",31.496663121999,33.8771330711978,13.4720210283446,552.22,480.5,0,0,2.84714932739715,3.06615988522762,1.21051899154659,520.9,498,0,0,0.689326495656698,0.679451396378134,0.299047160309894,369.25,361,0,0
"Bythaelurus_incanus","Bythaelurus incanus",30.6873192650066,27.3976989947732,12.8310785868852,553.58,558.5,0,0,2.95491657898204,2.90721096107408,1.49427979416475,520.01,516,0,0,0.348460922979136,0.334084281304129,0.123279535012389,610.72,579.5,0,0
"Sutorectus_tentaculatus","Sutorectus tentaculatus",29.5678686159226,29.5568475663011,9.48605800004758,553.74,570,0,0,4.92800843374203,5.05348302818895,1.2095378536402,277.79,276.5,0,0,1.47533776089597,1.53560651773597,0.514902595693621,154.2,153.5,0,0
"Haploblepharus_kistnasamyi","Haploblepharus kistnasamyi",29.5831620509771,27.5512949772464,9.65029327310493,553.84,575.5,0,0,3.50394529076443,3.66436665068077,1.12766362591957,414.48,420.5,0,0,0.415344721885391,0.38731736878268,0.175352267063981,544.31,514.5,0,0
"Anacanthobatis_folirostris","Anacanthobatis folirostris",30.9601363578433,28.928332185558,14.5191444252347,554.25,533,0,0,3.92212394513972,3.40162026328492,2.58028786329702,417.36,423,0,0,0.516825079112463,0.43396191310833,0.274842325920713,469.54,485,0,0
"Haploblepharus_pictus","Haploblepharus pictus",29.2172977600545,28.7857042373909,7.95494261338605,554.29,578.5,0,0,3.47058357247794,3.72280334603964,1.05218801580866,416.65,421,0,0,0.41388606365377,0.386960889760567,0.173879434157626,545.36,515,0,0
"Etmopterus_virens","Etmopterus virens",28.8126774749923,29.3514129989677,6.77811935758845,555.45,517.5,0,0,2.18532597117757,2.26358720341809,0.837429935311941,631.98,640,0,0,0.571022863778761,0.583645227179415,0.191818032461871,423.57,429,0,0
"Oxynotus_caribbaeus","Oxynotus caribbaeus",29.1126713000371,29.02729605503,8.48616468074618,555.89,569,0,0,3.51058176296627,3.86014302161963,1.1789870736045,417.23,415.5,0,0,0.891503217923524,0.912374900768897,0.37744379847047,294.27,285.5,0,0
"Bythaelurus_hispidus","Bythaelurus hispidus",30.5192210248861,27.6533370176226,12.7287544840069,556,544,0,0,2.95873010750917,3.08649445146489,1.53090961788103,520.34,512,0,0,0.347960971124084,0.33552518393474,0.124749152519045,611.87,576.5,0,0
"Scymnodalatias_oligodon","Scymnodalatias oligodon",29.7489821268463,28.7507162662634,10.5677333587581,556.41,578.5,0,0,4.10501017787257,3.98927312253532,1.95124717699919,373.96,385.5,0,0,0.954861675333758,0.933601161678186,0.456230735185442,280.99,283.5,0,0
"Scymnodalatias_garricki","Scymnodalatias garricki",29.8359142552672,27.6136648415398,10.7768168273804,556.7,589,0,0,4.07529483062476,3.98935676685345,1.89116140690448,375.1,382,0,0,0.951968041437103,0.934564344851025,0.449556180927744,281.64,283,0,0
"Squalus_brevirostris","Squalus brevirostris",31.2323026357042,33.3320611341065,13.4681983329313,558.02,514.5,0,0,2.85772702703442,3.09935733682986,1.26327573923183,521.11,500.5,0,0,0.691052508752724,0.688633849649506,0.309334395072661,369.74,362.5,0,0
"Okamejei_meerdervoortii","Okamejei meerdervoortii",30.5040450926821,26.5611348944218,13.0278996558021,558.07,564,0,0,0.875482436368975,0.65810488004246,0.97637748124469,1055.46,1073,0,0,0.209353188160658,0.204595317468453,0.0538552332715947,1092.37,1103,0,0
"Anacanthobatis_ori","Anacanthobatis ori",30.359594561242,27.7339149727322,12.3931852520325,559.24,573.5,0,0,3.78098843882852,3.33456146789208,2.09233198503249,422.11,427.5,0,0,0.512809806301449,0.412988942535043,0.273475840511423,471.16,493,0,0
"Dasyatis_garouaensis","Dasyatis garouaensis",30.6816340253481,27.741111816033,13.5784920060463,559.5,527.5,0,0,2.38312312479452,1.89911406412868,1.64320388387605,650.43,704,0,0,0.288415289188041,0.283523297843595,0.0661270349705042,773.36,789.5,0,0
"Myliobatis_peruvianus","Myliobatis peruvianus",29.7131993293226,26.949268008133,10.7899623995102,560.68,589,0,0,3.29783980901204,3.12331497293622,1.43680742151003,446.62,450.5,0,0,0.367270421493605,0.357614691948274,0.112562670136306,558.93,545,0,0
"Orectolobus_reticulatus","Orectolobus reticulatus",29.722468748088,28.6919033160434,10.9863861060133,561.48,577,0,0,4.80381959844405,4.79973647300945,1.32765330372405,288.72,290,0,0,1.44877964290746,1.49423320950384,0.54973152093763,161.97,160,0,0
"Orectolobus_maculatus","Orectolobus maculatus",29.657068971159,27.8061144860934,10.6103605171578,561.6,611,0,0,4.65179384160343,4.67190077306043,1.10589195611995,296.97,295,0,0,1.40973773043559,1.48626586078786,0.485239284805365,167.47,166,0,0
"Rhinoptera_jayakari","Rhinoptera jayakari",28.9134605427434,27.667468805954,8.8242529348228,562.1,513.5,0,0,2.35668531965196,2.27913274774683,0.834012497920939,585.07,587,0,0,0.346672545474913,0.340411504344852,0.10136066960629,598.13,583.5,0,0
"Oxynotus_japonicus","Oxynotus japonicus",28.6808622941735,28.3368765747735,8.2942085224586,564.4,579,0,0,3.50818694985257,3.81010976886454,1.18344354872907,417.58,414.5,0,0,0.892910698359448,0.904037687756836,0.383613443196277,294.62,285,0,0
"Anacanthobatis_marmoratus","Anacanthobatis marmoratus",30.2896279333217,28.1383549213653,12.9850496720518,564.61,566.5,1,0.01,3.74723187933815,3.32422158890297,1.95879450974939,423.09,436,0,0,0.511564625582172,0.41613329910958,0.276732588534162,470.08,488,0,0
"Halaelurus_buergeri","Halaelurus buergeri",28.9046579164151,27.347763893676,8.84434678452897,564.92,556.5,0,0,3.35079931847786,3.54328666700393,1.03245325185968,430.8,429,0,0,0.411110165596724,0.384147182866552,0.171481915470658,547.43,517.5,0,0
"Narke_dipterygia","Narke dipterygia",29.5086028157267,26.7854065197245,10.4504231200899,565.75,562,0,0,4.01842866899273,3.49909993160523,1.58207668312294,373.14,417.5,0,0,0.780455870592687,0.743950000112086,0.160942243772796,305.35,332.5,0,0
"Narke_japonica","Narke japonica",29.8175804554674,27.3046914147798,11.5170661552205,566.67,602,0,0,4.02784514132445,3.57128489493698,1.63208505272252,372.38,413.5,0,0,0.781438253047646,0.744713244856287,0.162110361086132,304.73,332,0,0
"Haploblepharus_fuscus","Haploblepharus fuscus",28.7055040381645,27.2232894303164,8.20125530881317,566.85,584,0,0,3.46927926615299,3.6811524994325,1.07194873116534,416.67,418.5,0,0,0.415413835908729,0.3879829439164,0.176768639554712,543.22,514,0,0
"Gurgesiella_furvescens","Gurgesiella furvescens",30.6878088475195,28.4925357242569,14.0966873809078,567.06,547.5,0,0,1.95251773896937,0.848320275795111,2.51784866116101,867.72,1012,0,0,0.261115707825588,0.221435991871518,0.135956709281588,959.02,1011,0,0
"Narke_capensis","Narke capensis",29.5055036039999,27.3046914147798,10.9778963014676,567.65,573.5,0,0,4.02600331885713,3.50834431956386,1.69520258972,372.44,404,0,0,0.781627923284523,0.74126677790158,0.16586652853485,304.64,330.5,0,0
"Orectolobus_hutchinsi","Orectolobus hutchinsi",28.8642193379515,29.7424376659219,9.04396081175192,569.97,605.5,0,0,4.60157252460248,4.70428306925179,1.03957487199224,299.95,296.5,0,0,1.39926470692031,1.50386868083979,0.47330809389085,168.76,167,0,0
"Etmopterus_splendidus","Etmopterus splendidus",28.499386213415,28.5687910339045,8.23586103045444,571.11,543,0,0,2.22407491067059,2.35615698333883,0.846737352667459,622.75,629.5,0,0,0.577751267335403,0.595190043453961,0.195533673585474,418.32,420,0,0
"Himantura_jenkinsii","Himantura jenkinsii",29.3446806804943,28.7842230909367,9.63366340668052,572.35,556,0,0,1.53570259630487,1.48929700091847,0.306702098503931,783.47,839.5,0,0,0.282487499286749,0.278340085838924,0.0543809730067616,793.36,831,0,0
"Scyliorhinus_retifer","Scyliorhinus retifer",28.8603809723451,26.933412198078,9.39383789614552,572.67,542,0,0,2.77689033349114,2.7993301097738,0.939350640751251,509.31,508,0,0,0.700760859422291,0.730442822580923,0.281745345319052,361.59,349,0,0
"Squalus_suckleyi","Squalus suckleyi",30.1474277602973,32.1868018866277,12.3722260729201,572.77,539.5,0,0,4.49010653070795,4.6430141384459,2.48361083683322,381.52,329.5,0,0,0.801046941294495,0.789308526024923,0.402759612524236,333.21,324.5,0,0
"Rhinoptera_steindachneri","Rhinoptera steindachneri",28.503231867165,27.4335721932453,8.56001292501863,574.42,573,0,0,2.34425470900994,2.2839085977596,0.77670894894302,586.2,583.5,0,0,0.34677668545284,0.336541185155251,0.0986135404450195,596.84,579.5,0,0
"Etmopterus_lucifer","Etmopterus lucifer",28.6447088336638,27.2061145602805,8.63074010987947,575.14,551.5,0,0,2.39071033043283,2.51198080124289,1.01249808194138,595.94,601.5,0,0,0.583571527247693,0.58485933542601,0.200212616110992,415.13,416,0,0
"Carcharhinus_amblyrhynchos","Carcharhinus amblyrhynchos",29.1053303381013,26.6043104504797,10.4972047259069,576.21,564.5,0,0,0.912415575744434,0.940167748516745,0.262653395938026,970.07,963,0,0,0.249813312422422,0.25208299796291,0.0624309091588348,955.1,943.5,0,0
"Etmopterus_polli","Etmopterus polli",28.0774890049551,28.8152313086283,7.0798278824122,577.04,521,0,0,2.18172363975754,2.2263093221226,0.83594252348359,633.69,640,0,0,0.570540342341652,0.583757734873876,0.191739094407132,424.04,427.5,0,0
"Lamiopsis_temminckii","Lamiopsis temminckii",27.8213027417869,27.2469674969752,6.4159887631434,577.44,584,0,0,1.16321506405239,1.12971176291955,0.502735140052368,905.05,908.5,0,0,0.262884302519952,0.26580418947164,0.0694708583263144,895.15,893,0,0
"Anacanthobatis_nanhaiensis","Anacanthobatis nanhaiensis",29.7671268955497,27.9191825101942,13.7227382317309,577.84,579,1,0.01,3.87521892048385,3.29156211119597,2.61504253581423,424.08,429.5,0,0,0.517083980773728,0.421843413445702,0.290185043405817,471.4,490.5,0,0
"Orectolobus_wardi","Orectolobus wardi",29.2794243443117,26.990975552265,11.9217738972332,578.33,613,0,0,4.78604918649913,4.71566399525302,1.38211385984817,290.83,286.5,0,0,1.4431151796725,1.48592614878901,0.553624836653881,163.4,164.5,0,0
"Lamiopsis_tephrodes","Lamiopsis tephrodes",27.8213027417869,27.2469674969752,6.4159887631434,578.44,585,0,0,1.16385234060919,1.12944046991358,0.506748936668614,905.07,909,0,0,0.262531777430964,0.265143208285201,0.0691888391380234,896.73,893.5,0,0
"Orectolobus_leptolineatus","Orectolobus leptolineatus",28.8351601870723,27.7478715671257,9.86710783563407,578.82,618,0,0,4.69420973992005,4.80586908952086,1.07338687614115,292.94,290.5,0,0,1.41908762699051,1.49549869705204,0.480341840790765,163.83,161,0,0
"Orectolobus_halei","Orectolobus halei",28.805484642421,28.0309745943556,9.84332616369642,579.54,603.5,0,0,4.72609440646645,4.85613949831189,1.11583973092076,292.65,285.5,0,0,1.42599074398815,1.53095985282447,0.483185659147759,162.59,164,0,0
"Mobula_diabolus","Mobula diabolus",29.0144940151878,26.0486394158919,10.8070272949412,580.99,597,0,0,2.40510639946337,2.24227925309526,0.832331833509719,574.58,571.5,0,0,0.348125088377495,0.33828420677475,0.0988849588858806,593.6,578.5,0,0
"Halaelurus_maculosus","Halaelurus maculosus",28.2306177809186,27.2047420785542,8.02633863721385,581.77,614,0,0,3.33866338002928,3.60321077375947,1.00222716504203,431.75,432.5,0,0,0.409927784718644,0.388748731530705,0.166747563046483,546.96,517,0,0
"Orectolobus_japonicus","Orectolobus japonicus",28.5058627635639,28.1197070514738,9.12755927773974,581.79,614.5,0,0,4.60569984797328,4.7471141881764,1.04129953698113,299.44,299,0,0,1.40119607495551,1.5056986461876,0.474143676549906,168.44,169.5,0,0
"Manta_birostris","Manta birostris",28.6312912647098,28.3626432717644,9.81021465808049,582.16,570,0,0,2.37250029027275,2.32948152924561,0.748818249306486,577.33,579,0,0,0.348360501719903,0.341143833547288,0.0993024816657659,592.99,570,0,0
"Dasyatis_laevigata","Dasyatis laevigata",30.1894199227642,27.576921681983,13.5820818620613,582.78,543.5,0,0,1.76435099870322,1.6675331521361,0.731472830831376,745.39,756,0,0,0.282945621888389,0.280825192928398,0.0614994109832375,794.57,815.5,0,0
"Manta_alfredi","Manta alfredi",28.6312912647098,28.3626432717644,9.81021465808049,583.16,571,0,0,2.37218983191924,2.329662085367,0.745769084893987,577.02,580.5,0,0,0.348433097716115,0.343690770679931,0.0998030070016863,593.1,572.5,0,0
"Haploblepharus_edwardsii","Haploblepharus edwardsii",28.2371464106395,26.8951756972848,8.32043475404029,583.4,604,0,0,3.45875861928915,3.66042898732411,1.07083975040306,418.54,426,0,0,0.41449759821823,0.388716050947014,0.174089181453469,544.53,516.5,0,0
"Orectolobus_parvimaculatus","Orectolobus parvimaculatus",28.3050594062354,28.6362750553645,8.86039569186221,583.97,590,0,0,4.58293650061061,4.67118421950379,1.0265413605472,301.03,299.5,0,0,1.39279380573802,1.50885039876176,0.469854417969829,170.18,167.5,0,0
"Etmopterus_fusus","Etmopterus fusus",28.0289126606352,26.8288250318839,8.41526678286394,586.25,549,0,0,2.22508520194995,2.36608481317557,0.848148772826729,622.77,633.5,0,0,0.576737065859287,0.59526072153827,0.194902507035135,419.59,422.5,0,0
"Himantura_pastinacoides","Himantura pastinacoides",28.5231860480433,26.9084460609304,9.04148230161518,586.45,581.5,0,0,1.53452881525988,1.50286548940847,0.301705637980284,783.25,837,0,0,0.282708703983166,0.277331325111321,0.0545839336860222,793.61,829.5,0,0
"Dasyatis_guttata","Dasyatis guttata",29.3700023510125,27.4707159170571,12.0591373566193,587.16,581.5,0,0,2.20297649878075,1.9736101886273,1.14873792820819,656.05,678,0,0,0.288216188492004,0.288555228269302,0.0623504978543455,769.12,785,0,0
"Rhinobatos_formosensis","Rhinobatos formosensis",28.5518591935522,27.9840173471736,10.1001695589642,587.23,617,0,0,5.27696237152459,5.27681373299716,2.60279389158378,299.12,320,0,0,1.18242691074731,1.17698065341619,0.503599069444347,229.29,237.5,0,0
"Anacanthobatis_longirostris","Anacanthobatis longirostris",29.7161031358224,26.8265557511533,13.9868566041077,587.24,592.5,0,0,3.87136626219006,3.18028280572141,2.68856910044175,426.87,438.5,0,0,0.51702835395221,0.42625716090968,0.307409601548023,473.56,493.5,0,0
"Rhinobatos_schlegelii","Rhinobatos schlegelii",28.5647984196583,27.9040213324338,10.1478516606277,587.5,610.5,0,0,5.27770210493859,5.29148148977211,2.60355840589879,298.88,319,0,0,1.18203306270113,1.17561159393914,0.502949858445113,229.41,239,0,0
"Dasyatis_marmorata","Dasyatis marmorata",29.4937656747207,27.8573858669371,12.6403289634178,589.05,561.5,0,0,2.12142136821509,1.78642247290135,1.21224834324626,683.01,727,0,0,0.286073184088695,0.283527827868946,0.0626453970391124,780.73,793.5,0,0
"Squalus_acanthias","Squalus acanthias",29.4861100816941,28.8241045986312,12.318212237412,589.85,586,0,0,4.45520767277881,4.58157729933744,2.48568635878101,384.2,337.5,0,0,0.800701561173246,0.792771096432994,0.408919293221045,333.55,326,0,0
"Sympterygia_acuta","Sympterygia acuta",27.498324594713,28.4699127542222,5.96692146115498,590.12,542.5,0,0,1.21711312200723,1.02588734132362,0.609836112346738,882.05,893,0,0,0.278354202591803,0.262361551236679,0.0812585565207466,824.67,841,0,0
"Heliotrygon_gomesi","Heliotrygon gomesi",28.2996209898013,26.1160529147154,9.91028518879526,590.35,590,0,0,1.8950774978743,1.6377510589393,0.99754065008527,714.23,798,0,0,0.280717823615892,0.274568404226137,0.0557109126213659,800.3,839,0,0
"Heliotrygon_rosai","Heliotrygon rosai",28.2996209898013,26.1160529147154,9.91028518879526,591.35,591,0,0,1.89515823106157,1.63376103052535,0.99545808888964,713.96,798.5,0,0,0.280976628994936,0.273403239859976,0.0555886625552922,799.29,835,0,0
"Halaelurus_quagga","Halaelurus quagga",27.830817825463,26.1256744365546,8.48114624178512,592.27,603.5,0,0,3.33637146294506,3.49756662814648,1.03103971412256,432.68,436,0,0,0.409740091710047,0.378943303141269,0.169007792688193,548.85,518.5,0,0
"Dasyatis_marianae","Dasyatis marianae",30.0524015923219,25.8304663823961,14.9906825951652,593.63,636.5,0,0,2.31258064866798,1.94401879749772,1.59040685110065,664.17,712,0,0,0.286961217213263,0.287943454319612,0.0625099087770509,775.99,787.5,0,0
"Anacanthobatis_americanus","Anacanthobatis americanus",30.6228463237977,26.1260516695571,17.7754278313993,594.45,611.5,1,0.01,4.06418788058132,3.23978952312733,3.4272546791051,421.88,446.5,1,0.01,0.532853971345772,0.418640063770874,0.372751703563896,473.59,496,0,0
"Heteronarce_mollis","Heteronarce mollis",27.6162834290589,27.304850857701,7.38884071812085,594.59,585.5,0,0,3.68060323483904,3.46043165932813,1.02930252221208,392.54,430.5,0,0,0.766969733396866,0.743209234838464,0.141330470969301,308.43,333.5,0,0
"Himantura_uarnak","Himantura uarnak",27.0053643696233,27.1918963957534,3.42970025014646,594.86,643.5,0,0,1.52643057816723,1.49551028641359,0.28612999789473,785.03,838,0,0,0.282553911625295,0.277710082879063,0.0543604872286826,794.35,834,0,0
"Dasyatis_hypostigma","Dasyatis hypostigma",29.3816913943438,27.7824933175267,13.3409682000422,595.05,571.5,0,0,2.18298732067682,1.85531125555253,1.39589770142854,672.32,719.5,0,0,0.287954858280302,0.283433424711026,0.065812050844487,774.39,792.5,0,0
"Squatina_californica","Squatina californica",27.4674377659319,26.813111192007,7.5010377327346,596.44,613.5,0,0,3.68338796647057,3.6474250492687,1.02173628280366,390.58,387.5,0,0,1.17182231707725,1.20926746644539,0.359754730262039,217.02,224.5,0,0
"Dasyatis_sinensis","Dasyatis sinensis",30.259186957248,26.165711740715,15.6570138833442,596.57,601.5,0,0,2.17575875078987,1.74539050348843,1.43332560276367,683.4,732,0,0,0.285898713920408,0.281006469602127,0.0634297926474221,782.41,792.5,0,0
"Proscymnodon_plunketi","Proscymnodon plunketi",27.3406714415318,28.5828036093706,6.81450318491795,596.81,594.5,0,0,3.53806371748938,3.86715834206063,1.19413133089711,413.88,406,0,0,0.894208114940432,0.920654888402414,0.379136386966186,293.76,288,0,0
"Proscymnodon_macracanthus","Proscymnodon macracanthus",27.3406714415318,28.5828036093706,6.81450318491795,597.81,595.5,0,0,3.53699634057682,3.86547027879315,1.19622780830174,414.35,407,0,0,0.895313479433172,0.922399781566167,0.380177126101809,293.34,286,0,0
"Himantura_uarnacoides","Himantura uarnacoides",28.4310542696101,27.1762518699108,10.0049244385526,598.47,579.5,0,0,1.53332250629043,1.49594526968312,0.332590885598903,784.39,841.5,0,0,0.282356365309631,0.27975907354893,0.0554761519457053,796.59,833,0,0
"Carcharhinus_falciformis","Carcharhinus falciformis",27.7723699317722,26.4220256289145,8.9814352992842,598.52,543,0,0,0.911986512247573,0.941795901256788,0.264069953783435,970.08,962,0,0,0.250020459261729,0.255696799734818,0.0628569773881012,954.38,943.5,0,0
"Mobula_mobular","Mobula mobular",27.9980333692987,26.6059609377032,9.30358816089451,598.57,593,0,0,2.3811650363543,2.22921150839646,0.847282275478895,580.38,591.5,0,0,0.347567205124132,0.338464792034597,0.10059739485991,595.88,576,0,0
"Himantura_undulata","Himantura undulata",26.8618501509395,27.0087591071825,3.67504176724121,600.12,643.5,0,0,1.52614342721935,1.49457255063964,0.287502831965701,785.51,837.5,0,0,0.282485232801986,0.27650870412115,0.0539976090855933,794.47,835.5,0,0
"Urobatis_concentricus","Urobatis concentricus",26.8152014739959,26.2398904840472,4.97815783629831,600.2,610,0,0,3.21002100649232,3.07165246456887,1.25921330493088,454.41,454.5,0,0,0.306956023950299,0.301416901019981,0.0728354982000064,695.26,713,0,0
"Squatina_dumeril","Squatina dumeril",27.6366235815612,26.9679234832373,8.39188918357343,600.77,612,0,0,3.69736435125269,3.64383953996635,1.04596096795792,389.88,386.5,0,0,1.17656371061158,1.19918275814265,0.369216749069816,215.88,225.5,0,0
"Prionace_glauca","Prionace glauca",27.4514779629708,26.4212916955302,8.31022445983802,601.84,547.5,0,0,0.911291256150749,0.944326457221073,0.262050000460098,970.19,961,0,0,0.249796677701663,0.25573929275768,0.0626355682765385,955.76,946.5,0,0
"Scyliorhinus_torrei","Scyliorhinus torrei",28.801058673686,24.8253674302017,12.3898146324827,602.02,634,0,0,2.87658774219046,2.62761315900079,1.42300535518812,511.44,513,0,0,0.704406207715083,0.711560545917637,0.297811440485044,361.92,355,0,0
"Urobatis_maculatus","Urobatis maculatus",26.7445861507357,26.215108366616,5.06118238665735,602.61,612,0,0,3.20796310392517,3.05230503222791,1.25637878967222,454.85,456,0,0,0.306851555045062,0.301451496591166,0.0728796100917123,696.34,716,0,0
"Sphyrna_tudes","Sphyrna tudes",26.4122333118873,26.4858311457917,3.24420031634404,603.05,620.5,0,0,1.72262540205205,1.78130426754654,0.848846742176158,783.9,782,0,0,0.278012243802403,0.278007033708815,0.0775637270496956,838.61,835,0,0
"Carcharhinus_albimarginatus","Carcharhinus albimarginatus",28.0402981454057,26.2016010531438,10.0784669506593,603.08,619,0,0,0.912196491909418,0.944973383431926,0.262703265678771,969.97,959,0,0,0.249627331434627,0.251875152706543,0.0624396521296473,956.52,949,0,0
"Carcharhinus_macloti","Carcharhinus macloti",27.0457508439175,28.5557130845335,6.46610573678331,603.11,540.5,0,0,0.900209521699534,0.936974978743428,0.25352901334284,978.38,968,0,0,0.248370799453689,0.253696874694583,0.0611991570112604,961.9,955.5,0,0
"Urolophus_aurantiacus","Urolophus aurantiacus",27.3237825245977,26.792653643631,7.32267784456949,603.6,575.5,0,0,2.1361930758295,2.10866455125885,0.464947747556322,629.23,663,0,0,0.34493212162537,0.33314362726632,0.0966831209575654,596.31,586,0,0
"Gurgesiella_dorsalifera","Gurgesiella dorsalifera",29.1060635361119,28.4151623071779,13.5072144477847,604.02,580.5,0,0,1.93307708827366,0.85371914804751,2.56980638152756,871.44,1007.5,0,0,0.26206820888221,0.221328092754907,0.14173667578547,959.6,1010.5,0,0
"Sphyrna_media","Sphyrna media",26.4122333118873,26.4858311457917,3.24420031634404,604.05,621.5,0,0,1.7247619813299,1.78695963222015,0.850401817018459,783.04,780,0,0,0.277964185838708,0.277230206127683,0.0776465306254238,838.67,836.5,0,0
"Breviraja_spinosa","Breviraja spinosa",29.6693407217385,26.2210355848996,14.7926143771655,604.61,606,0,0,1.95919918331124,1.20509777844464,2.16445530536425,837.06,913,0,0,0.257177337349659,0.238292865887743,0.100015999267842,939.81,977.5,0,0
"Dasyatis_gigantea","Dasyatis gigantea",28.9741162301419,27.2513416372542,12.7845499710921,606.28,617.5,0,0,2.02286488665965,1.91147669206207,0.964729977523797,690.57,721,0,0,0.285804575902026,0.283833402272673,0.0602896968562417,779.26,796,0,0
"Dasyatis_hastata","Dasyatis hastata",28.8288477067471,26.4645034820703,12.8126459975574,606.7,575,0,0,2.1637575142825,1.88188719320397,1.22695941805827,675.16,715,0,0,0.287017683091936,0.284086654256582,0.0634512745032442,776.73,793.5,0,0
"Dasyatis_colarensis","Dasyatis colarensis",29.5642960507063,25.7787027429736,14.6726193792029,607.05,597,0,0,2.29036736350981,1.75664954715057,1.55990197580099,665.23,722.5,0,0,0.288162878574296,0.283184370198894,0.0680795101494462,776.29,786,0,0
"Anacanthobatis_stenosoma","Anacanthobatis stenosoma",29.1917955959587,24.8831886513591,14.4329458871959,607.78,596.5,0,0,3.84823225221855,3.18755173769377,2.33207654263337,425.71,436.5,0,0,0.513021387227863,0.426503410345751,0.276792183603085,473.15,491.5,0,0
"Gurgesiella_atlantica","Gurgesiella atlantica",29.4302127254707,28.2891762713628,14.2883808581892,608.84,596.5,0,0,1.96355793313271,0.849725248611933,2.63168956856759,870.38,1015.5,0,0,0.260617621493487,0.221576842842202,0.134949217022164,961.18,1011.5,0,0
"Etmopterus_sheikoi","Etmopterus sheikoi",28.1098731531407,25.2922104523268,10.956050631621,609.99,637.5,0,0,2.41695538050618,2.47825545036641,1.01713846706691,589.55,597,0,0,0.585810020645342,0.603856797605739,0.2007365882525,412.68,409.5,0,0
"Himantura_dalyensis","Himantura dalyensis",27.7749002886352,25.6408553059974,9.49637761215403,610.11,618.5,0,0,1.59870090337981,1.49586069720197,0.385919165811989,770.54,827,0,0,0.284159956010565,0.280124367804461,0.0564184280024335,787.07,823.5,0,0
"Torpedo_puelcha","Torpedo puelcha",29.5145237020907,24.8660246309476,15.9829141906016,610.61,621,1,0.01,3.04152541924401,2.53686652324533,1.95517258193907,513.22,560.5,0,0,0.672026731446311,0.647773646013494,0.116513744755736,357.5,380,0,0
"Squatina_nebulosa","Squatina nebulosa",26.7687287083118,27.8361350339761,6.26262780176327,611.82,609.5,0,0,3.84617429692986,3.9975841527169,1.08382990046386,374.27,376,0,0,1.21010211312727,1.28491338514727,0.376838152362563,208.95,213.5,0,0
"Scyliorhinus_haeckelii","Scyliorhinus haeckelii",28.1406325422113,25.987146401546,11.2440608612261,611.98,641,0,0,2.70672671240777,2.6316800315365,1.07300534237584,525.34,524,0,0,0.689404204254474,0.710347045294097,0.28379708083847,366.76,361,0,0
"Squatina_formosa","Squatina formosa",26.760954440808,27.8845939362383,6.33267760660995,612.19,599,0,0,3.84770723017978,3.98425740757396,1.09301924630271,374.58,374.5,0,0,1.21162974370277,1.27748437084001,0.378607046124474,208.44,213.5,0,0
"Dasyatis_multispinosa","Dasyatis multispinosa",28.5873374948562,26.6836587483266,12.4960208693961,613.18,634,0,0,2.29379323232219,1.82517168799067,1.46996429586707,659.92,707.5,0,0,0.288377721148576,0.285357443340163,0.0665279956208431,773.99,781,0,0
"Dasyatis_acutirostra","Dasyatis acutirostra",28.5706710706952,26.0400046726686,13.1377906912413,614.02,600,0,0,2.28902337052265,1.98977464964923,1.39252765330333,650.85,670.5,0,0,0.287580086606001,0.283187196334483,0.064680582444821,774.67,787,0,0
"Scyliorhinus_cervigoni","Scyliorhinus cervigoni",28.3494226571539,25.8090129285255,11.6020164608952,614.07,626.5,0,0,2.66978839992109,2.68042641523785,0.977280092403124,529.99,521.5,0,0,0.684011771392509,0.709521544406635,0.268564785623074,368.83,360,0,0
"Scyliorhinus_besnardi","Scyliorhinus besnardi",28.3253817689124,25.5850960880328,12.2661096196346,614.85,666,0,0,2.73483459664419,2.56901307948669,1.16409070750723,523.71,528.5,0,0,0.688367792348415,0.716726178665106,0.282747579237942,367.35,363,0,0
"Heteronarce_prabhui","Heteronarce prabhui",27.2199258936762,26.7011305511875,8.55831035048783,615.75,653.5,0,0,3.67505062547497,3.45981180067625,1.06810411751989,394.57,434,0,0,0.765546933399152,0.745883200024132,0.139395763569325,308.96,334.5,0,0
"Rhizoprionodon_acutus","Rhizoprionodon acutus",28.4662337983747,24.3637351472646,12.3909063870215,616.34,696,0,0,1.82534715397675,1.77853645581057,0.963833318473756,764.72,775.5,0,0,0.280222949169607,0.282716699244285,0.0810404160119341,829.47,818,0,0
"Mobula_rochebrunei","Mobula rochebrunei",27.8086743630549,25.1861618152214,11.1179699190135,616.5,654,0,0,2.42517233137243,2.27778096344066,0.936278002992812,576.76,586,0,0,0.346992915802813,0.338675988058616,0.0959760678334769,595.54,578,0,0
"Heteronarce_garmani","Heteronarce garmani",27.4190812612396,25.3620204006129,9.33525953994624,616.74,642.5,0,0,3.69334631990365,3.43630380419445,1.11572284149393,394.45,441.5,0,0,0.764806955130064,0.75247717215019,0.138175440732956,309.52,333.5,0,0
"Heteronarce_bentuviai","Heteronarce bentuviai",27.5171559892442,25.6668709132404,10.5119160552591,617.06,640,1,0.01,3.76767596239977,3.42955652374247,1.63625759868817,393.67,432.5,1,0.01,0.767264246094536,0.739464389579816,0.144291660348332,308.78,335,0,0
"Dasyatis_tortonesei","Dasyatis tortonesei",28.8750291538747,25.5775277233048,13.9013949653876,617.13,655.5,0,0,2.20810806338131,1.9325019805444,1.20266778991992,665.58,704.5,0,0,0.287403931807609,0.288091592758524,0.063788320859389,775,795,0,0
"Himantura_kittipongi","Himantura kittipongi",27.2077434914333,25.8055030228158,8.7180358259134,617.88,625,0,0,1.59398718899211,1.54735292442335,0.345659927506865,770.99,821,0,0,0.283827205718994,0.280283618941481,0.0541979179933513,786.6,828,0,0
"Scyliorhinus_boa","Scyliorhinus boa",28.5370601234476,26.0221885171575,12.8144893316357,618.97,644,0,0,2.85568258901284,2.48984760610562,1.60063174640013,517.78,519,0,0,0.699384520203803,0.696026258674772,0.309233572340055,366.13,363.5,0,0
"Urolophus_westraliensis","Urolophus westraliensis",26.779893015224,26.2416923519681,7.26345254731469,619.24,607,0,0,2.13235324260527,2.11887071423059,0.459642450132393,630.47,658,0,0,0.344958212952119,0.334069011742044,0.0962119549719075,596.17,582,0,0
"Brochiraja_microspinifera","Brochiraja microspinifera",26.7670556921686,26.1557583549304,7.58735942149634,619.36,548,0,0,1.03295340460557,0.932467482769362,0.39624445399095,926.61,928.5,0,0,0.264050205254933,0.250947125763502,0.0700729618704995,870.87,887.5,0,0
"Scyliorhinus_comoroensis","Scyliorhinus comoroensis",28.8149333435639,24.9426440414768,14.3254899461293,620.74,679.5,0,0,2.8690635905521,2.60473696822798,1.59781249977302,516.44,516.5,0,0,0.698634531706168,0.693732134202513,0.300361345699916,365.31,361.5,0,0
"Sympterygia_bonapartii","Sympterygia bonapartii",26.6080714323885,26.4739966767795,6.77179455717615,621.02,576.5,0,0,1.21890755527505,1.02259584287904,0.619760114031974,881.98,891.5,0,0,0.278294707718895,0.264796843898006,0.0818483616402566,825.01,852,0,0
"Galeus_arae","Galeus arae",26.8040326992328,25.6566541404993,7.91848428339345,623.47,626,0,0,2.14905424164425,2.33040017884849,0.884198837340246,649.22,647,0,0,0.32210743782058,0.31443331288343,0.1011966415237,668.87,655,0,0
"Acroteriobatus_variegatus","Acroteriobatus variegatus",27.4673165518906,25.2378661766744,10.8071480665557,628.05,674.5,0,0,5.40087900639047,5.04996717431111,2.84519639153416,295.84,309,0,0,1.20730522404106,1.17364008170304,0.563636513317884,228.01,243.5,0,0
"Rhinobatos_annandalei","Rhinobatos annandalei",27.4663031663224,25.2378661766744,10.8083436748171,628.07,674.5,0,0,5.39998378650762,5.04813613801135,2.84422350116934,295.99,310,0,0,1.2070404905681,1.17260580489069,0.563871211445205,228.26,242.5,0,0
"Rhinoptera_marginata","Rhinoptera marginata",28.1318799157915,24.4436007110863,13.7776009594914,629.31,685,0,0,2.40647867022087,2.26844233265635,1.06826535493094,586.59,595,0,0,0.345846675842548,0.340049200293268,0.0943880172439761,598.38,588,0,0
"Mobula_eregoodootenkee","Mobula eregoodootenkee",27.2807056280791,24.7712359359259,10.2939803010581,629.45,665,0,0,2.35708165055996,2.21279218744627,0.762655893179126,584.23,592.5,0,0,0.346636015934796,0.339668219754827,0.0972188271123979,596.32,578,0,0
"Urolophus_papilio","Urolophus papilio",28.3833552636901,25.8326764181075,14.6907383741585,630.19,648.5,0,0,3.10974487239007,2.18753833143407,2.63344757871772,553.08,645.5,0,0,0.358641011914424,0.344476440545505,0.121959690097812,580.24,571.5,0,0
"Dasyatis_geijskesi","Dasyatis geijskesi",28.743499877258,24.5545961935073,15.0863580575805,630.69,610.5,0,0,2.20766056216766,1.73939842093084,1.44292988140967,677.64,718.5,0,0,0.286646659546623,0.285538105639456,0.0638197853130019,778.26,796.5,0,0
"Dasyatis_rudis","Dasyatis rudis",28.3461952981078,25.0720023538164,13.4268537461078,632.5,656,0,0,2.1071566655368,1.99466301718287,1.10790281450907,678.39,718.5,0,0,0.285986852181671,0.285205106869506,0.0624147288339885,780.18,793.5,0,0
"Dasyatis_izuensis","Dasyatis izuensis",28.5209859494535,24.7182935288572,14.4673936145861,633.15,656.5,0,0,1.72736247793876,1.65069261911029,0.719849426997249,759.79,778.5,0,0,0.282445547042103,0.283199037647532,0.060402753101564,797.01,806.5,0,0
"Mobula_thurstoni","Mobula thurstoni",26.0744614687719,26.027093513661,6.69760174442698,633.39,609.5,0,0,2.3270615490486,2.22779630237057,0.723913541618856,589.01,596,0,0,0.34622705599111,0.336837522775177,0.0959521197595149,598.63,582.5,0,0
"Himantura_randalli","Himantura randalli",26.4842259417548,24.5587226248626,8.37954090660403,633.81,637.5,0,0,1.59045355706811,1.5432458222749,0.378980683472343,774,821.5,0,0,0.28390745060684,0.27916261884144,0.0562833314679394,788.18,827.5,0,0
"Mobula_kuhlii","Mobula kuhlii",26.0643563892398,25.7570929094693,6.69476974877198,634.76,629.5,0,0,2.32546135179192,2.22579038088298,0.721765221519627,589.35,594,0,0,0.34614873969167,0.33752973264517,0.0955237215260677,598.93,579,0,0
"Fenestraja_plutonia","Fenestraja plutonia",27.9777512596094,25.576443939885,12.8190491606745,635.11,676.5,0,0,1.86236557076187,1.08710651643043,1.70467941688174,816.76,900.5,0,0,0.269848190951508,0.240837424867985,0.114803555495245,906.64,962,0,0
"Okamejei_hollandi","Okamejei hollandi",26.9927907855205,25.750405862437,10.0314036766781,635.35,668.5,0,0,0.76382416014365,0.65707081306113,0.403116314179897,1073.83,1076,0,0,0.207665637333861,0.20355335753859,0.0513513999595645,1100.67,1107,0,0
"Breviraja_nigriventralis","Breviraja nigriventralis",27.8338371247173,24.180305562228,12.6952230245244,635.53,661.5,0,0,1.92199447380196,1.20370093645814,2.12918810051457,842.7,916.5,0,0,0.257346195679681,0.238291048377341,0.101340391841408,942.01,976.5,0,0
"Scyliorhinus_tokubee","Scyliorhinus tokubee",27.9532365069616,24.850012347391,14.9597612673245,635.57,656,1,0.01,2.94118096358762,2.51606300723992,2.86870066368753,529.42,533.5,1,0.01,0.700718863951488,0.704993656783576,0.366390793658167,368.99,362,0,0
"Rhinoptera_peli","Rhinoptera peli",27.3887006284431,23.5128188069592,11.6781482691117,637.54,669.5,0,0,2.31224905556325,2.21371144400901,0.744694362137243,594.83,596.5,0,0,0.344889046662656,0.335764397442341,0.0935260082630293,601.46,591.5,0,0
"Scyliorhinus_garmani","Scyliorhinus garmani",26.9754233290572,24.9333075144887,10.0240987692121,637.89,674.5,0,0,2.70228623231671,2.61222801837789,0.977649842347716,524.66,521.5,0,0,0.68637715188032,0.716855300356826,0.272988306381425,366.44,360,0,0
"Breviraja_claramaculata","Breviraja claramaculata",27.2492428939546,25.7666358803043,11.7398636167766,639.45,631,0,0,1.8819441510457,1.2062054783323,2.05058343228711,844.79,914.5,0,0,0.25594408909797,0.238738863670593,0.101069737057245,944.86,974.5,0,0
"Raja_undulata","Raja undulata",26.9184939086553,25.1510738962518,10.8698884631729,641.35,650,0,0,0.870626037006806,0.732807720574427,0.474874404837104,1025.5,1039,0,0,0.216166958131613,0.20936416358107,0.0570870957752695,1061.01,1061,0,0
"Breviraja_colesi","Breviraja colesi",28.4454985865035,24.5865014781819,15.6024884250387,641.78,696,0,0,2.03031226633612,1.20223908067945,2.58808086902752,841,915.5,0,0,0.258482471578311,0.238415292329602,0.105821046639557,941.9,977,0,0
"Etmopterus_compagnoi","Etmopterus compagnoi",27.2042807125223,25.0298245686978,11.6022845394803,641.88,664,0,0,2.24458359364729,2.25833809123186,1.13204321296856,634.94,649,0,0,0.569834706670163,0.577638699079161,0.198185469388806,425.99,427,0,0
"Scyliorhinus_hesperius","Scyliorhinus hesperius",27.5914928530987,25.5856001508744,13.0164008527338,643.78,681,0,0,2.83151146807463,2.55599909464226,1.38300239010504,518.84,522,0,0,0.701292714852387,0.706460182173126,0.304388428711876,365.95,357.5,0,0
"Torpedo_semipelagica","Torpedo semipelagica",26.8800069605154,24.3244956897493,11.1944072057118,644.74,647.5,0,0,2.69122723596845,2.51753297376564,0.720634586487609,528.34,574.5,0,0,0.666025575908879,0.637716866461737,0.113040550335311,360.31,383,0,0
"Torpedo_suessii","Torpedo suessii",27.1181943326402,24.3977026947402,11.3546243603034,645.27,676.5,0,0,2.66963150886759,2.5443671719135,0.715551916508918,533.46,556,0,0,0.662569225964786,0.649963693500621,0.105504041938244,361.69,381,0,0
"Dasyatis_parvonigra","Dasyatis parvonigra",27.8603633418485,24.1071809151115,13.8985549020937,645.7,649,0,0,1.75437089353286,1.62583703410243,0.779193009678093,752.33,772,0,0,0.282570890605932,0.280417959760022,0.0615578915412224,799.06,815.5,0,0
"Himantura_marginata","Himantura marginata",26.1992796805833,24.5314513159733,8.81525748318215,646.86,638,0,0,1.59713600794666,1.54285636784347,0.405281412721243,771.56,819,0,0,0.284132664920034,0.277108722598986,0.0573486152634651,789.12,825,0,0
"Etmopterus_hillianus","Etmopterus hillianus",26.9070128078262,24.693759590534,10.7983318479882,647.69,675,0,0,2.23317174540895,2.1902878149147,0.995430915856594,636.54,646.5,0,0,0.569243565081788,0.580051064176929,0.192004091890842,427.31,430.5,0,0
"Galeus_springeri","Galeus springeri",28.1241229462347,25.0638524318606,15.3784188301961,648.26,678,0,0,2.59305320465557,2.34885056648097,2.03769921254335,619.6,643.5,0,0,0.325332437584613,0.318149516871367,0.103734344219139,662.56,654,0,0
"Squatina_guggenheim","Squatina guggenheim",25.7417076974363,26.7544136151344,6.69291657093747,649.39,647.5,0,0,3.65054127773307,3.6608984206119,1.00284783777329,394.65,397.5,0,0,1.16639001897026,1.19831425127247,0.358979320826965,218.77,225.5,0,0
"Torpedo_alexandrinsis","Torpedo alexandrinsis",26.8236397245562,23.1625799262791,11.1713507498677,654.24,678.5,0,0,2.69574864918133,2.52662426320664,0.68480927211142,528.44,565,0,0,0.66445040736852,0.65851705935488,0.105088509951613,362.28,382.5,0,0
"Scyliorhinus_meadi","Scyliorhinus meadi",26.6151072370554,24.8999815306941,11.0172662344596,654.37,668,0,0,2.63186195472613,2.5516712414648,0.964884769813513,536.03,539,0,0,0.679260386458054,0.700801868327484,0.272121706623775,371.21,366.5,0,0
"Squatina_occulta","Squatina occulta",25.5725331875653,26.4661993161454,6.75544527140424,654.81,658,0,0,3.64887996881702,3.63436646302322,1.00549429912767,394.6,395.5,0,0,1.16524727181057,1.19551603279305,0.358221299380956,219.03,225,0,0
"Torpedo_formosa","Torpedo formosa",26.5612123140235,24.798256406966,10.9825734346555,656.92,672,0,0,2.74274561198131,2.5231140586964,0.819299038767251,521.68,557.5,0,0,0.665852251979178,0.650945697257014,0.111636117981649,359.65,379,0,0
"Galeus_antillensis","Galeus antillensis",27.360786532428,24.3857807587737,14.026560864792,657.25,696.5,0,0,2.54513715393338,2.38827093460999,1.90261247560204,625.01,656.5,0,0,0.325699536212533,0.319430395231757,0.107812677611404,663.93,654,0,0
"Raja_miraletus","Raja miraletus",26.2801500454491,24.7785866847107,10.6630327425503,657.46,682.5,0,0,0.879068428647297,0.743398944094092,0.544835886215416,1025.04,1039,0,0,0.21650551438728,0.211262318661809,0.0569619280050756,1060.09,1057,0,0
"Hemitriakis_indroyonoi","Hemitriakis indroyonoi",26.0457780003796,24.6569834821754,8.88104399861251,657.8,727,0,0,3.1053054029288,3.44594575597927,1.41178559938376,505.02,453,0,0,0.331893739186132,0.330916101697946,0.116673930352556,661.95,618.5,0,0
"Urotrygon_venezuelae","Urotrygon venezuelae",26.2670605251523,23.9829260654481,10.2947924897971,658.59,713,0,0,2.13192012543462,2.05148147210231,0.657833424667401,643.34,658.5,0,0,0.296955482490278,0.291184756346174,0.0649515916185787,731.75,751.5,0,0
"Rhinoptera_adspersa","Rhinoptera adspersa",26.0017438180307,24.0768878480625,9.27788870172768,659.24,707.5,0,0,2.27809079930522,2.2568051622055,0.671432819185334,598.81,605,0,0,0.343941773995524,0.337672001500597,0.0921032773956614,601.07,584.5,0,0
"Hemitriakis_abdita","Hemitriakis abdita",25.8345099546646,24.0059597840397,8.53241717756452,660.16,700.5,0,0,3.11551564818592,3.40774379066269,1.4583360638474,505.39,453,0,0,0.332446765859766,0.33319531688956,0.118517018688935,660.82,617,0,0
"Etmopterus_joungi","Etmopterus joungi",26.0228133854801,24.5120073576819,9.53402998792544,661.64,686,0,0,2.27147549501479,2.31336713184225,1.09918779154885,629.13,644.5,0,0,0.570891857601641,0.586674842464563,0.194006390912979,424.33,427.5,0,0
"Etmopterus_schmidti","Etmopterus schmidti",26.2369910546709,24.1187133209159,10.6422873044044,663.98,667,0,0,2.25629074428691,2.32158787352223,0.956463718749816,625.53,637,0,0,0.571743841986702,0.583639370821637,0.193029304592158,424.04,428,0,0
"Fenestraja_sinusmexicanus","Fenestraja sinusmexicanus",26.17552382002,25.0751082063098,10.8047053061532,664.91,683,0,0,1.8071815477931,1.05464161699862,1.55688610217583,818.84,907.5,0,0,0.26872039677541,0.240329276407919,0.112050396656112,905.45,970.5,0,0
"Carcharhinus_brachyurus","Carcharhinus brachyurus",25.0222428527019,26.3442344367949,6.17698430790688,666.31,650,0,0,0.899860333958103,0.935924973305407,0.254239663140169,979.08,969.5,0,0,0.248234855982401,0.254745573352728,0.0614499239089387,962.84,959.5,0,0
"Urotrygon_simulatrix","Urotrygon simulatrix",26.0545122239317,25.8320223419395,10.6198188162502,666.86,615.5,0,0,2.09278966571082,2.03403519478199,0.618679090600255,650.39,657,0,0,0.29671238629964,0.288023701479403,0.0661690006571943,734.93,754,0,0
"Malacoraja_obscura","Malacoraja obscura",25.9576543213085,24.6143020632141,9.82456047140236,666.89,669,0,0,1.6124059424008,1.51561730487053,1.09755944956724,834.03,859.5,0,0,0.260943017795274,0.251445905569802,0.0851793814234569,910.65,935,0,0
"Galeus_cadenati","Galeus cadenati",27.1246720974459,22.6198877726112,14.9540468071944,667.18,698.5,0,0,2.53977926781332,2.37058852500875,2.26958004392069,631.56,647.5,0,0,0.324620400292043,0.315435818630236,0.10300703647518,665.68,650.5,0,0
"Etmopterus_villosus","Etmopterus villosus",26.2683501573224,22.635282918727,11.4104907871782,667.36,666.5,0,0,2.24450968358967,2.29481237738798,1.10929927198895,635.62,658.5,0,0,0.56714304299808,0.585455480852932,0.188591819107279,427.48,427,0,0
"Fenestraja_ishiyamai","Fenestraja ishiyamai",26.0982799815957,25.2592646800142,10.3162589451469,667.78,686.5,0,0,1.80949555183259,1.05047067024261,1.55332844686886,815.93,910,0,0,0.268259476215303,0.237281648693763,0.109118268692144,906.51,967.5,0,0
"Fenestraja_atripinna","Fenestraja atripinna",26.0718762964596,24.5420353225136,10.0816126964429,667.85,686.5,0,0,1.81803062686881,1.0656650277214,1.6322034401922,821.65,905.5,0,0,0.269442976191674,0.240963788256331,0.112840985417794,907.3,959.5,0,0
"Carcharhinus_isodon","Carcharhinus isodon",24.840003833449,26.1714817713183,5.9266876194114,669.07,646.5,0,0,0.898505498425755,0.934483122954177,0.254787960038457,980.74,972.5,0,0,0.248001691231986,0.253905294786057,0.0613401944991479,964.01,954.5,0,0
"Mustelus_californicus","Mustelus californicus",25.6026191846854,27.1980396261811,8.79356383963956,669.54,633,0,0,1.50283985126599,1.59131278795578,0.596116368779825,828.12,828,0,0,0.291650234877457,0.293678198789193,0.0890867879733501,788.66,758.5,0,0
"Malacoraja_senta","Malacoraja senta",26.3370111572474,24.4369420881948,11.5991352699615,670.4,702.5,0,0,1.65832109363442,1.47813035825539,1.3714470435976,832.22,856.5,0,0,0.261676826121356,0.251059088552108,0.0899666641634079,911.93,934.5,0,0
"Galeus_schultzi","Galeus schultzi",26.8169229874331,22.8380212703465,13.1531051030617,670.78,715,0,0,2.4069000536508,2.3640524385292,1.51575292777418,632.93,666.5,0,0,0.324647519951418,0.312623070898886,0.105770779644986,665.28,649.5,0,0
"Urolophus_gigas","Urolophus gigas",26.3859175412825,23.6358790432002,12.1474226755658,670.81,675.5,0,0,2.68548899417847,2.20861954638875,1.54768824646964,575.97,651.5,0,0,0.351947882961443,0.337064508502913,0.100745606679317,587.37,572.5,0,0
"Etmopterus_burgessi","Etmopterus burgessi",26.0178882842796,23.4413139134175,11.3107479008461,671.46,709,0,0,2.33390215538641,2.34976705691528,1.65016262735096,627.4,635,0,0,0.573989258737812,0.596049927402882,0.193348954113767,422.41,424,0,0
"Etmopterus_evansi","Etmopterus evansi",25.9407933973237,23.5103615731599,10.3260636098836,671.85,716.5,0,0,2.21122605499284,2.24752034661456,0.917961866242246,636.41,655.5,0,0,0.570366840296692,0.586569299685012,0.19399608028942,426.78,434,0,0
"Carcharhinus_dussumieri","Carcharhinus dussumieri",24.7695759098593,25.5073737633037,5.74269730023582,672.14,661,0,0,0.898960395353728,0.931869187339868,0.252791494102253,979.11,971,0,0,0.248128963782313,0.25159137621105,0.061522053227094,964.49,956,0,0
"Leucoraja_ocellata","Leucoraja ocellata",25.0654493446448,25.4771683399723,7.55815724638869,672.32,627.5,0,0,0.971951787453337,0.938252814778854,0.459743966923714,976.9,969,0,0,0.236106829098075,0.229022764959423,0.0640700223085573,995.46,998.5,0,0
"Galeus_nipponensis","Galeus nipponensis",27.7105837211001,22.4472349895381,16.5131054171553,672.36,734.5,0,0,2.65401883826024,2.28799681436511,2.09853014654883,619.45,666.5,0,0,0.325007305470744,0.317889974194811,0.102537529833474,662.56,654.5,0,0
"Etmopterus_decacuspidatus","Etmopterus decacuspidatus",26.4933945715308,24.3849628092937,12.3712432724094,672.38,686.5,0,0,2.20138754019626,2.24231325360404,0.986290781070025,639.94,655,0,0,0.568029745758699,0.586299511019065,0.19220220209733,427.79,434,0,0
"Fenestraja_sibogae","Fenestraja sibogae",26.0978248638244,23.0268661980799,11.9053437121538,672.47,675.5,0,0,1.8007094444103,1.06396154614914,1.63569722743535,823.39,902,0,0,0.2671072347388,0.237101360628527,0.107810658939535,908.68,957.5,0,0
"Etmopterus_bullisi","Etmopterus bullisi",25.4974219070289,23.9090775799285,8.98575206274932,673.11,671.5,0,0,2.19267708986474,2.227880948461,0.874874822854569,638.25,659,0,0,0.568858896877909,0.579434428470146,0.191142105106791,425.83,431.5,0,0
"Mustelus_norrisi","Mustelus norrisi",25.322564158553,28.3347166922666,8.02922564966187,673.68,586,0,0,1.50128087442534,1.57847862408613,0.594028243971883,827.91,827.5,0,0,0.291435234801804,0.295107034408665,0.0883285267492886,789.52,760,0,0
"Rhinoptera_brasiliensis","Rhinoptera brasiliensis",25.3675320137742,24.3351955083705,8.92128670704465,674.85,677,0,0,2.27908736462357,2.1958102358492,0.701873730207268,599.5,611.5,0,0,0.344224082276962,0.337464747524845,0.0933007577011712,601.9,590.5,0,0
"Torpedo_peruana","Torpedo peruana",25.7930860316605,23.4499396055203,10.0508793706884,675.09,691.5,0,0,2.6243660847526,2.50248805479771,0.633842172883893,539.49,581.5,0,0,0.659589376832915,0.640796757903458,0.105531040778818,363.87,386,0,0
"Leucoraja_erinacea","Leucoraja erinacea",24.9130412156961,24.1001215691867,7.3543391569581,676.71,645,0,0,0.97088819891695,0.940491430482964,0.459198055569449,977.61,968,0,0,0.235392831867778,0.228078099835258,0.0638920308739203,997.49,1000,0,0
"Carcharhinus_brevipinna","Carcharhinus brevipinna",24.6470758077724,25.7573240722218,6.09329051570585,677.24,653.5,0,0,0.899963331062453,0.935019251405794,0.254124743385235,978.3,968,0,0,0.248279340940012,0.253184469571234,0.061670276849272,962.33,957,0,0
"Urolophus_kaianus","Urolophus kaianus",27.932579951116,21.463082324767,17.287976387884,677.28,724.5,2,0.02,3.08530350788975,2.18940608392366,2.71621272347349,567.27,667.5,0,0,0.358723790904064,0.343965206523116,0.132278597343054,585.3,580,0,0
"Rhinoptera_sewelli","Rhinoptera sewelli",25.511957674999,23.6514097772027,9.70729968648186,678.06,688,0,0,2.29376890609343,2.18805402175745,0.737758452118748,599.34,601,0,0,0.344681205449084,0.337232974765074,0.0936915894129417,600.69,589,0,0
"Fenestraja_cubensis","Fenestraja cubensis",25.8743310436657,22.8059526887223,11.641643390152,678.32,656,0,0,1.84291931810465,1.07762138914784,1.87150127955844,821.55,905,0,0,0.268605964268171,0.240910351979049,0.11220907139798,905.39,962.5,0,0
"Etmopterus_perryi","Etmopterus perryi",26.08410927785,23.6967895130422,12.216473451512,679.76,709.5,0,0,2.28979362773985,2.28876237012583,1.14402370631449,628.78,645.5,0,0,0.571685708544637,0.582734757132862,0.195655464565182,425.46,432,0,0
"Rhinoptera_hainanensis","Rhinoptera hainanensis",25.5465091022659,24.3693548444611,10.2312590914721,680.48,682,0,0,2.30673902743135,2.21487379846833,0.811483950212006,599.48,605.5,0,0,0.344805658996207,0.337819385965843,0.0980278870927412,602.13,586.5,0,0
"Galeus_priapus","Galeus priapus",26.3402956582456,22.0666274151362,13.0291931269686,681.12,676.5,0,0,2.32573928718221,2.36501439149681,1.27284354125661,638.98,649,0,0,0.323170243374149,0.319793811717121,0.0998617300077366,665.76,649.5,0,0
"Etmopterus_robinsi","Etmopterus robinsi",25.632634826313,22.3818685598958,10.315106560401,682.35,712,0,0,2.21117174147756,2.19068627892359,0.952979827207668,638.85,658.5,0,0,0.569543974045217,0.584267326483786,0.192088557673593,426.91,432,0,0
"Etmopterus_viator","Etmopterus viator",25.7961633762093,23.2672219831503,11.5349640059279,682.54,728,0,0,2.27946402276948,2.2315785599739,1.30414560177763,635.81,661,0,0,0.568931836458908,0.569351803645312,0.194542677061908,429.35,436,0,0
"Parmaturus_lanatus","Parmaturus lanatus",25.5244759153837,24.1026694802238,10.102350043947,682.59,723.5,0,0,2.10560599078315,2.18606060448151,0.942375635638982,670.2,661.5,0,0,0.318127376365853,0.31285676998937,0.099957300670235,686.89,663.5,0,0
"Himantura_walga","Himantura walga",24.1328798682095,24.285094713941,3.08655354563036,682.61,726,0,0,1.51021036880727,1.47978958092258,0.280706326550728,790.27,842.5,0,0,0.281394297031434,0.27970343946344,0.0530975805188253,798.93,839,0,0
"Etmopterus_carteri","Etmopterus carteri",25.2146556985243,23.0644945104448,9.7775721813845,685.03,733.5,0,0,2.28345687711585,2.35946538292403,1.01982618567663,622.32,628,0,0,0.571716372196458,0.587785979196612,0.189200825908883,423.26,430,0,0
"Carcharhinus_sorrah","Carcharhinus sorrah",24.8028974960022,22.7039121206132,8.30553597504371,685.15,656.5,0,0,0.896722289482938,0.935798901213355,0.251744452844109,980.2,969,0,0,0.247790846978365,0.253251683245028,0.0613481062431997,966.35,959,0,0
"Apristurus_macrostomus","Apristurus macrostomus",26.7719304477971,23.1352388470517,15.9538611689374,685.55,750,0,0,2.20020113793158,1.86724375435898,2.44605245574295,713.92,772.5,0,0,0.313323194383159,0.302243898365065,0.106796266266164,708.98,701,0,0
"Urolophus_mitosis","Urolophus mitosis",25.4621416511182,23.313131555568,11.1008434601648,686.18,703,0,0,2.80840042199282,2.19130274223687,1.883889812487,567.61,653.5,0,0,0.354611800301428,0.338034311565253,0.108354796029684,586.16,580,0,0
"Rhizoprionodon_longurio","Rhizoprionodon longurio",24.3328823189663,25.3038382799675,5.43633215171827,686.67,654.5,0,0,1.72145564245539,1.76374558543719,0.850706456561419,785.88,782,0,0,0.279379286447573,0.281309152755923,0.0800643401750137,832.4,821.5,0,0
"Torpedo_marmorata","Torpedo marmorata",25.0519914638708,24.479959744125,8.95028868856735,687.14,692.5,0,0,2.5058444493664,2.40144622420478,0.443689321428408,558.52,596.5,0,0,0.648530476376487,0.634161103935778,0.098882935023862,371,388.5,0,0
"Apristurus_gibbosus","Apristurus gibbosus",25.8569880605971,22.74531301645,11.8491096283572,687.7,720,0,0,1.92916915453435,1.92383157200926,1.02759857887821,726.22,761,0,0,0.310332562951015,0.30953229567269,0.093307899064601,713.32,713.5,0,0
"Carcharhinus_sealei","Carcharhinus sealei",24.317904076815,24.683064113956,5.70671555547933,687.91,663,0,0,0.898719887249487,0.928917649012111,0.252790070637038,979.51,970.5,0,0,0.247971520787649,0.252740467701429,0.0613159644915647,965.97,957,0,0
"Torpedo_tremens","Torpedo tremens",25.6054017412692,22.2301720974371,11.8319341744125,688.01,709.5,0,0,2.65954106931408,2.45764796567691,0.823109537096092,537.8,583,0,0,0.65912011860175,0.633844701831711,0.11246351382708,365.28,385.5,0,0
"Urolophus_circularis","Urolophus circularis",26.5776361168273,22.5801731120829,14.6627561368248,688.28,740.5,1,0.01,2.86017257767385,2.16028401642721,2.32548766876264,576.55,666,0,0,0.355790511189398,0.341138195520299,0.124903222315539,585.35,582,0,0
"Galeus_gracilis","Galeus gracilis",26.2877311783197,22.2315928678384,14.3931859171126,688.3,728.5,0,0,2.47573834129706,2.38884223906142,1.99849823136151,632.69,668,0,0,0.324210406745747,0.317314785688424,0.103202939187497,665.01,652.5,0,0
"Torpedo_adenensis","Torpedo adenensis",25.4021040887198,22.5823194341359,10.7487915790718,688.57,696,0,0,2.60597878705843,2.43550608983967,0.620761697441565,543.69,580.5,0,0,0.655983780173416,0.633604166239012,0.105786553916736,366.05,385.5,0,0
"Apristurus_riveri","Apristurus riveri",25.7178889318319,22.2253530984699,11.3857434536765,688.82,758.5,0,0,1.90495857701386,1.86254008713752,0.978912090986213,730.35,773,0,0,0.310044340357928,0.31057843248837,0.0958928682396404,714.2,705.5,0,0
"Torpedo_panthera","Torpedo panthera",25.9089544646882,21.9352480566613,12.3664405400535,689.14,778,0,0,2.7264265410773,2.48312399331975,0.89643254382042,532.81,587,0,0,0.659691004722915,0.64525503468118,0.103318492594576,364.17,383.5,0,0
"Torpedo_zugmayeri","Torpedo zugmayeri",25.5531067687356,22.317590482387,11.5215439616666,689.22,705,0,0,2.67162730125492,2.47531453541372,0.832995816628097,535.81,568,0,0,0.658310947996503,0.639052438719717,0.108858898627628,365.47,383.5,0,0
"Etmopterus_sculptus","Etmopterus sculptus",26.2016817777369,24.3693515519623,13.5652130401623,689.3,730,0,0,2.39424374874181,2.24643419140047,1.67705314422119,621.06,641.5,0,0,0.578128071713642,0.585705780284626,0.212549598249106,425.91,429.5,0,0
"Malacoraja_spinacidermis","Malacoraja spinacidermis",25.0186705174426,23.574756292896,9.34053699056866,689.87,701,0,0,1.60885962058906,1.47595200934198,1.09862251466627,835.52,858,0,0,0.260896913601729,0.25468010064507,0.085812009521326,911.5,932.5,0,0
"Rhizoprionodon_lalandii","Rhizoprionodon lalandii",24.1712521064266,24.906328852294,5.37458441787092,690.21,656.5,0,0,1.71985893178876,1.77274285419537,0.847192665216318,786.6,782.5,0,0,0.27954328135927,0.282151055746799,0.0802454082843409,832.01,821.5,0,0
"Fenestraja_maceachrani","Fenestraja maceachrani",25.1616296972552,23.128393547508,10.6643309559443,690.9,711.5,0,0,1.77823441315756,1.05029125042094,1.67720761502568,828.62,906,0,0,0.26961875144627,0.238874397180521,0.120423796289372,907.88,967.5,0,0
"Squatina_albipunctata","Squatina albipunctata",24.1809841164987,24.9585836806775,5.20266523687101,691.3,694,0,0,3.75740384486494,3.75470224088015,1.06117198009775,381.6,379,0,0,1.18607756275126,1.24347452551233,0.374223293767071,212.61,220.5,0,0
"Triaenodon_obesus","Triaenodon obesus",24.7003007085099,23.9368895341468,8.70237705161153,691.54,657.5,0,0,0.896338610316673,0.940122300208259,0.250442994971666,980.59,970,0,0,0.24798967233903,0.253311001667616,0.061179714720771,963.08,955,0,0
"Torpedo_bauchotae","Torpedo bauchotae",25.3494445918189,22.8055656583415,11.101605095256,692.17,693.5,0,0,2.69797788489149,2.51604010163513,0.773832020458737,531.45,564,0,0,0.662529123950398,0.654501711134372,0.103900604766208,362.47,380,0,0
"Scyliorhinus_stellaris","Scyliorhinus stellaris",24.3008177912076,24.4187540563762,6.78736953551126,692.27,640,0,0,2.66072403293683,2.69440047286286,0.860618978018567,526.35,522,0,0,0.683890701180203,0.717763471489644,0.271162669481496,369.67,358.5,0,0
"Urotrygon_microphthalmum","Urotrygon microphthalmum",25.3133037888393,22.264065223673,10.8331950225936,692.66,702.5,0,0,2.10737588922933,2.00394383367424,0.722954254190926,651.72,671.5,0,0,0.296761950614119,0.288002664480632,0.067089799517339,735.25,760.5,0,0
"Etmopterus_litvinovi","Etmopterus litvinovi",25.4543691503328,23.651274231127,12.5981445835809,693.51,723,1,0.01,2.45575931585671,2.24105663648581,2.27737787304071,623.86,644,0,0,0.580081395373297,0.586757501656612,0.228075135608734,423.73,435.5,0,0
"Etmopterus_molleri","Etmopterus molleri",24.2306382831198,24.3012774268745,6.62942307267083,693.78,670.5,0,0,2.29637361005854,2.43820727601859,0.90998561676987,611.29,622,0,0,0.577098868092118,0.58548917547738,0.194597192555296,419.98,418,0,0
"Parmaturus_xaniurus","Parmaturus xaniurus",24.9667195502454,23.480890568067,9.58856106806753,695.59,702,0,0,2.08199852679476,2.2288267142232,0.9148830625326,672.35,664,0,0,0.318125558609365,0.313860465375199,0.100560309234378,686.45,666.5,0,0
"Neoraja_iberica","Neoraja iberica",25.1089214591306,22.8589969371853,9.90723051930538,696.17,718.5,0,0,1.54136543862315,1.4128097543886,0.919480080494589,847.28,865,0,0,0.259558533470179,0.252982848988965,0.0800764471941082,912.94,936,0,0
"Torpedo_tokionis","Torpedo tokionis",24.9643545203866,22.3712429383337,9.50218943771851,696.57,748.5,0,0,2.53243670420114,2.39905404334472,0.552000856556668,559.3,620.5,0,0,0.649265487355808,0.629999353118023,0.100072200686868,372.06,396.5,0,0
"Parmaturus_bigus","Parmaturus bigus",25.1762870896076,23.5359214772461,10.5088939301648,697.68,708,0,0,2.09764854876581,2.18302630812023,0.962727345344218,671.18,657.5,0,0,0.318232556591618,0.312497132111832,0.10108194857726,687.98,668.5,0,0
"Fenestraja_mamillidens","Fenestraja mamillidens",25.314703956676,22.088804681368,11.471503542392,699.68,726.5,0,0,1.7988982622881,1.0531566312281,1.56570829282957,820.54,906.5,0,0,0.267203718315384,0.23783230416344,0.10682658407633,906.74,968,0,0
"Urolophus_neocaledoniensis","Urolophus neocaledoniensis",26.6646120513539,21.3321310676037,16.6804648212903,699.97,767,2,0.02,2.99716086969135,2.19465191549714,2.72998032490756,568.37,663.5,0,0,0.354890954381686,0.340407272100187,0.101645631562592,586.03,585,0,0
"Urotrygon_aspidura","Urotrygon aspidura",25.0498588468628,23.5657655179712,10.199561187473,700.77,714,0,0,2.09016276044853,2.0158885805919,0.591549698036637,653.58,687,0,0,0.29635772260747,0.291036635651815,0.0639057937241145,734.66,758,0,0
"Etmopterus_pycnolepis","Etmopterus pycnolepis",24.8832597469251,23.0702924380508,10.2490563648038,701.76,720.5,0,0,2.17503281004968,2.31356576877178,0.838251382196925,642.46,663.5,0,0,0.565863581477269,0.580115845212495,0.187061505031976,428.47,426,0,0
"Apristurus_saldanha","Apristurus saldanha",25.5624871042661,22.2016275345414,12.1599167835463,701.93,737,0,0,1.92670009551095,1.87407749855507,1.23796758791184,734.49,779,0,0,0.309146888285349,0.310373867777635,0.0964938710026314,717.02,706,0,0
"Apristurus_canutus","Apristurus canutus",25.9602953747863,21.2644709754076,13.6782074786444,702.27,787.5,0,0,2.04372482773471,1.88790138884444,1.4421250934185,721.77,777.5,0,0,0.309359559111875,0.300850179373944,0.093145566893675,716.73,706.5,0,0
"Neoraja_stehmanni","Neoraja stehmanni",24.6983744306151,23.3008519691918,9.59360329381104,702.6,716.5,0,0,1.55297359782032,1.42030220024887,0.930286220221232,844.31,860.5,0,0,0.259533419217868,0.253767931029007,0.0803310699853597,913.56,939,0,0
"Urotrygon_caudispinosus","Urotrygon caudispinosus",24.8113737389461,22.8937407086258,10.4586630775484,702.66,710,0,0,2.09101532242181,2.02169174778057,0.619550316575723,652.86,671.5,0,0,0.296433723273941,0.289763777944443,0.0658936688531301,735.37,761.5,0,0
"Urolophus_orarius","Urolophus orarius",24.6598507265896,22.7071523720041,10.1617992405028,702.86,730,0,0,2.59838491360417,2.12213761576038,1.78123982121682,594.65,677,0,0,0.353118628941327,0.339958428159609,0.121555338492275,590.27,581,0,0
"Torpedo_microdiscus","Torpedo microdiscus",24.807721538448,21.404077809743,9.99042741840952,702.87,750.5,0,0,2.62827626122777,2.46286742553658,0.606880039711192,538.95,569.5,0,0,0.658652932045223,0.642482906099243,0.105311027208524,363.8,383,0,0
"Glyphis_garricki","Glyphis garricki",23.7591859350934,24.0179844528856,5.33642876496174,703.1,668.5,0,0,1.12567757393931,1.08778097982103,0.462891883194658,913.57,916,0,0,0.261276819204765,0.26148768502495,0.0689012469863208,902.96,903,0,0
"Parmaturus_melanobranchus","Parmaturus melanobranchus",25.4104428794872,22.0996653940225,12.0279808301956,703.78,750.5,0,0,2.15709207968476,2.18906195232454,1.19920230917788,670.02,685,0,0,0.31854232386449,0.31401382063465,0.101606792626777,685.11,668.5,0,0
"Dipturus_kwangtungensis","Dipturus kwangtungensis",25.2563288727578,24.6162765570287,11.5464272482525,704.03,721,0,0,0.662193339851954,0.608854711126894,0.357904812880626,1125.91,1141,0,0,0.198028833360481,0.1945873405773,0.0469025167767318,1135.4,1142,0,0
"Etmopterus_caudistigmus","Etmopterus caudistigmus",24.8167206921305,23.0980212874119,10.4212516146928,704.37,721.5,0,0,2.16311954779913,2.22452037270094,0.845392533285323,644.4,655,0,0,0.565635142284869,0.58651464756532,0.18755173164454,428.43,428.5,0,0
"Malacoraja_kreffti","Malacoraja kreffti",24.5176177598578,23.8214337809494,9.08067449937631,705.41,738.5,0,0,1.60954668372487,1.49090063129701,1.15654250569477,837.04,859,0,0,0.26084317162449,0.250055390505635,0.0864634828233282,910.67,932,0,0
"Torpedo_polleni","Torpedo polleni",24.5777686713086,21.1737684180699,10.3619206540415,705.47,756.5,0,0,2.65208082118774,2.48135140592372,0.82717174861969,541.04,578.5,0,0,0.658506055242649,0.631921448782846,0.107628952283819,365.55,385.5,0,0
"Galeus_mincaronei","Galeus mincaronei",25.7065321068292,21.6473357294964,13.0625158700862,705.48,787,0,0,2.36932562257828,2.1853639006036,1.44992141982074,639.94,669,0,0,0.323784220119822,0.318778264544115,0.102491954985742,666.23,653.5,0,0
"Urolophus_armatus","Urolophus armatus",25.3858374700977,20.7998406635665,13.2492065570189,706.78,780,0,0,2.9789075382984,2.14829104590976,2.44430393911035,560.6,658,0,0,0.358072586470574,0.340310478869154,0.126055433882661,582.3,572.5,0,0
"Sympterygia_lima","Sympterygia lima",23.7011226656797,22.6609486386115,6.37711427377869,706.89,728.5,0,0,1.20778891204499,1.02641948110824,0.602612257520834,885.04,893,0,0,0.277660653270275,0.265800363983207,0.0810853240032201,826.99,851,0,0
"Parmaturus_albimarginatus","Parmaturus albimarginatus",24.6725436131764,22.566782051949,9.5102873357602,707.31,748,0,0,2.07857737971543,2.2294278418091,0.902754584506919,673.21,662,0,0,0.317835914334521,0.315074509240524,0.10002879579801,686.46,665,0,0
"Etmopterus_dislineatus","Etmopterus dislineatus",23.8188143247717,23.0079565787448,6.45071979805672,708.7,707,0,0,2.29790377600742,2.44822511721028,0.919084115678076,612.26,623,0,0,0.577397971513531,0.586901356035067,0.195541127965514,420.04,417,0,0
"Urolophus_deforgesi","Urolophus deforgesi",25.2404319399051,20.8387206713602,13.0949601142279,708.75,738.5,0,0,3.04645077071397,2.14116760688424,2.39779392464277,551.69,609,0,0,0.363485826106874,0.33861059783889,0.142496304551868,581.31,575.5,0,0
"Urolophus_kapalensis","Urolophus kapalensis",23.9834238096869,23.4849509952307,7.633328050699,708.81,703.5,0,0,2.08229740785151,2.06852410924317,0.437998141412438,646.68,681,0,0,0.342730763326573,0.333513259980564,0.0934880727937436,601.38,590.5,0,0
"Urotrygon_chilensis","Urotrygon chilensis",24.605805964517,22.1446437461038,10.0703077799542,708.99,779.5,0,0,2.09500941141891,2.02800747751543,0.667893829644454,652.16,682.5,0,0,0.29606674960774,0.290850779255033,0.0669202982194765,737.58,762.5,0,0
"Galeus_piperatus","Galeus piperatus",25.2927919541244,22.4542436754627,11.7560565476785,709,766.5,0,0,2.24950934655819,2.29322301066486,1.05601284853892,647.89,670,0,0,0.322725704482309,0.316728021615476,0.101303933147925,670.12,651.5,0,0
"Glyphis_glyphis","Glyphis glyphis",23.5828236452287,23.2281648028872,5.23085718521232,709.01,675.5,0,0,1.12542411887893,1.09129880659045,0.463095210702426,914.03,915.5,0,0,0.261709736474912,0.262155952684017,0.068830287652221,899.76,897.5,0,0
"Apristurus_herklotsi","Apristurus herklotsi",25.9093734921997,21.2218761929084,14.4055131278839,709.29,766.5,0,0,2.11643477065522,1.8155169581633,1.76805459761946,718.11,770.5,0,0,0.310061513303703,0.305823221524342,0.093870207798177,714.27,708.5,0,0
"Scyliorhinus_canicula","Scyliorhinus canicula",23.7493470446097,22.5764869939568,6.21431254216518,709.69,671.5,0,0,2.65546846583418,2.69406632490542,0.850518529948827,527.12,521,0,0,0.681463971972643,0.715507788858475,0.267667665476492,369.99,360.5,0,0
"Urolophus_javanicus","Urolophus javanicus",25.0466201525435,21.4661832950798,12.7335420872379,710.5,736.5,0,0,2.83267995824327,2.28038106832674,1.79286534620669,560.66,643,0,0,0.353536979461181,0.346420253621753,0.0948364557920998,586.85,582,0,0
"Carcharhinus_leucas","Carcharhinus leucas",24.0573260585145,22.8561012398682,8.21921648248856,711.09,718.5,0,0,0.896163289592903,0.935157002181482,0.250856575990516,981.18,971.5,0,0,0.24799022719517,0.25152388164276,0.0613133069503703,964,955.5,0,0
"Raja_stellulata","Raja stellulata",23.6311947148139,24.1078483733874,5.69039316498847,712.55,712,0,0,0.71674762284618,0.63151352011357,0.459115890247614,1104.32,1130,0,0,0.202976986209881,0.199099774397162,0.0496326085558321,1120.16,1130,0,0
"Urotrygon_cimar","Urotrygon cimar",24.5085309327777,21.5601295742261,9.69391009464838,712.73,777.5,0,0,2.0681613572893,2.02388405575443,0.571534922907926,656.06,684.5,0,0,0.295802286227983,0.290282936651118,0.0642329870675621,736.88,756.5,0,0
"Raja_rhina","Raja rhina",23.6311947148139,24.1078483733874,5.69039316498847,713.55,713,0,0,0.716226101276118,0.629668846915751,0.45743361417897,1104.75,1128,0,0,0.203098956905987,0.199368801989138,0.049765127698641,1119.55,1131,0,0
"Parmaturus_albipenis","Parmaturus albipenis",24.7868661044359,22.0066314635657,10.5226682584337,713.88,770,0,0,2.09799696011039,2.22311513867943,0.92260711303407,670.38,662.5,0,0,0.31786734536894,0.312052763834107,0.0996937000754068,687.57,664.5,0,0
"Sympterygia_brevicaudata","Sympterygia brevicaudata",23.5122573399705,22.5009440126572,6.14080362003662,713.94,730.5,0,0,1.20556453537146,1.02180064602259,0.599382710760602,885.48,897.5,0,0,0.277306533524416,0.265173320395242,0.0807379595539736,828.83,848,0,0
"Torpedo_fairchildi","Torpedo fairchildi",24.3408138231849,21.6899157193911,9.52306440444416,714.07,759.5,0,0,2.59118949032531,2.44181370508447,0.557453363903968,541.07,580.5,0,0,0.658936241071781,0.637542921089504,0.103756155639135,363.61,386,0,0
"Leucoraja_caribbaea","Leucoraja caribbaea",24.5392122091782,21.3283282643136,11.297358374655,714.54,736.5,0,0,1.00411973248923,0.923877069069964,0.569075397214175,973.65,974,0,0,0.235028659491033,0.229187011088923,0.0638525639466709,996.63,1002,0,0
"Torpedo_andersoni","Torpedo andersoni",24.6019463155297,22.3203286485753,10.1568240837173,714.69,792,0,0,2.67681026435188,2.50660975117338,0.753397261859026,538.85,584,0,0,0.659130536568664,0.644508938715711,0.103849101523017,364.86,389,0,0
"Apristurus_internatus","Apristurus internatus",25.9313318219126,21.9310169428452,15.4025679165567,715.06,777.5,0,0,2.07613335853999,1.86752072036909,1.81430212919212,726.88,771.5,0,0,0.309473793505155,0.305465028379865,0.0953431480414094,715.76,707.5,0,0
"Urotrygon_nana","Urotrygon nana",24.8534187232319,22.2806139159302,11.0417943389122,715.24,795,0,0,2.09569284268403,2.02427321823725,0.649931711247232,652.95,677.5,0,0,0.295930052106876,0.288797606420931,0.0641946877057841,735.64,757,0,0
"Parmaturus_campechiensis","Parmaturus campechiensis",24.1656857606938,22.2853019907636,8.68652960646838,715.51,757.5,0,0,2.07893842286959,2.19909599748642,0.956189763906308,677.61,675.5,0,0,0.317530817820782,0.311542439014413,0.100455164893563,689.05,667.5,0,0
"Parmaturus_pilosus","Parmaturus pilosus",24.5194130392486,22.3992628184725,9.98541275304925,715.67,742.5,0,0,2.10174610443396,2.17944231944562,0.980718175635439,673.72,674,0,0,0.31917325029479,0.312015961112839,0.102233487039337,685.2,662.5,0,0
"Squatina_pseudocellata","Squatina pseudocellata",23.4451619209488,24.2550388170045,5.02930187813886,716.81,718,0,0,3.74606914840527,3.74927843969866,1.05154328634197,383.72,381,0,0,1.18330878192041,1.24550155292152,0.372173822388211,213.7,220.5,0,0
"Urolophus_piperatus","Urolophus piperatus",24.6493658964502,22.5178952301092,11.4065655151109,716.99,750,0,0,2.74373956217535,2.14615935426006,1.61131424269085,571.8,645.5,0,0,0.351856240779401,0.342791967916699,0.0949624503584921,586.15,579,0,0
"Squatina_tergocellata","Squatina tergocellata",23.4210112798583,24.2550388170045,5.04425142562294,717.13,720.5,0,0,3.74476118284474,3.73762102768527,1.05150270820618,383.91,381,0,0,1.18319347496881,1.2467150432573,0.371544124844593,213.87,221.5,0,0
"Urotrygon_rogersi","Urotrygon rogersi",23.7408716309975,22.9956330099381,7.66808581888217,717.3,730,0,0,2.06188182220476,2.01401211852742,0.591174059916766,659.74,694,0,0,0.295754297776624,0.289437636771046,0.0640950166379519,737.82,758.5,0,0
"Urotrygon_reticulata","Urotrygon reticulata",24.073358480171,22.100262861309,9.58609648061862,717.54,757.5,0,0,2.06487892658911,1.99463742494773,0.648900611314629,660.15,679.5,0,0,0.295791682654865,0.28737319088087,0.0659735156142074,738.47,763.5,0,0
"Apristurus_investigatoris","Apristurus investigatoris",24.7497419371931,21.6478169891109,11.9432662356114,718.53,743,0,0,1.8547319853728,1.90993616198568,1.00775866444148,741.6,781.5,0,0,0.307845209218199,0.304373205030255,0.0897622531957824,719.1,704,0,0
"Neoraja_africana","Neoraja africana",23.9649417227135,22.858141441196,8.60817576351465,719.03,741.5,0,0,1.53055248159736,1.42047840263272,0.905023822473833,849.95,867.5,0,0,0.259402312288337,0.252755966675579,0.0801249628921465,913.65,927.5,0,0
"Galeus_longirostris","Galeus longirostris",24.7126661330272,21.0907563478758,11.9459826082311,720,751,0,0,2.29471049738669,2.14777396826111,1.30662929709731,650.71,676.5,0,0,0.322666182580833,0.314200788437357,0.101126234029389,668.6,665.5,0,0
"Urotrygon_peruanus","Urotrygon peruanus",24.3599965566479,21.7567374166124,9.75758441054024,720.22,741.5,0,0,2.06894092036564,2.01361163247529,0.598040403169287,658.06,688,0,0,0.295971044211916,0.291615669584868,0.0642312850259956,736.03,759,0,0
"Parmaturus_sp.","Parmaturus sp.",24.2865451021883,21.2815193197015,9.63150518386312,720.27,771,0,0,2.07973959492757,2.19067850317807,0.933437379658018,676.23,674,0,0,0.317702843659148,0.311471612659733,0.100280465186841,688.61,666,0,0
"Apristurus_bucephalus","Apristurus bucephalus",24.3850394003479,21.5490788682113,10.3210652119329,720.92,764,0,0,1.92351917405971,1.88589398587387,1.07695395847013,731.16,772,0,0,0.309900661316747,0.308529290981885,0.0935996466315909,714.06,704,0,0
"Urotrygon_serrula","Urotrygon serrula",24.3647554597356,22.536466025023,10.41993689664,721.49,763.5,0,0,2.07272577973162,2.00925993998045,0.594819597743674,655.54,687,0,0,0.296082691730149,0.292866848298866,0.0644176634504591,736.93,754,0,0
"Urotrygon_munda","Urotrygon munda",23.9758735670565,23.0502475648845,9.33023578428854,723.45,751.5,0,0,2.0531804237085,1.9940495747127,0.602386283849885,660.57,680.5,0,0,0.295505240095674,0.289426777100888,0.0669783992628349,739.19,766.5,0,0
"Torpedo_mackayana","Torpedo mackayana",23.858752553944,21.4742712194667,8.83192028042346,727.98,773,0,0,2.46861856225767,2.34948912206517,0.485061601060724,569.9,620.5,0,0,0.643766433075046,0.627331680699658,0.0947910863343188,373.63,392.5,0,0
"Apristurus_sibogae","Apristurus sibogae",24.399942963507,22.0779717741323,12.5589618716442,730.52,793.5,0,0,1.92750547259065,1.75871371348073,1.32426721535928,738.53,782.5,0,0,0.309324495512614,0.303601955120613,0.096505773396298,720.12,704,0,0
"Parmaturus_macmillani","Parmaturus macmillani",23.812276497238,22.8176762860947,8.92680231643143,731.07,768,0,0,2.08173857261776,2.18496516061704,0.913207255279348,676.52,669,0,0,0.317970641644209,0.310723767716361,0.100263967203247,688.14,666.5,0,0
"Apristurus_parvipinnis","Apristurus parvipinnis",25.5990483065367,20.7157089097174,15.9208811746291,731.84,781.5,0,0,2.22744550209452,1.82669916459561,1.99827817892898,712.88,782.5,0,0,0.309774270239532,0.305848675279252,0.0941990484922693,717.29,721,0,0
"Okamejei_arafurensis","Okamejei arafurensis",24.0994846915476,22.6307954244017,10.7403534103842,731.93,733,0,0,0.789310906492631,0.64608178567907,0.547982978759145,1073.91,1082,0,0,0.207833104305495,0.203916494787766,0.0528982870720503,1101.01,1114,0,0
"Okamejei_porosa","Okamejei porosa",24.0628669926171,21.7553024778694,11.3842103721898,732.06,773.5,0,0,0.760644374277818,0.649093655658756,0.413849182128898,1079.34,1084.5,0,0,0.207489576844121,0.203702630932255,0.0514027086839408,1100.5,1107.5,0,0
"Neoraja_carolinensis","Neoraja carolinensis",23.8345805787668,22.795495904026,9.32259796523817,732.2,789,0,0,1.5371723721245,1.43369051786906,0.915729269164451,849.86,862.5,0,0,0.259611330643175,0.253226205016559,0.0806917505353275,913.29,935,0,0
"Carcharhinus_tjutjot","Carcharhinus tjutjot",23.9455626278616,22.4571967927087,10.0730649832517,733.6,769.5,0,0,0.923972795693253,0.944599921802139,0.274105229915547,969.17,959.5,0,0,0.24996285407229,0.25554034447635,0.0623329079072001,954.64,948.5,0,0
"Dasyatis_matsubarai","Dasyatis matsubarai",23.5722222221675,23.8602432144402,7.87277949178229,734.36,748,0,0,1.83915855345238,1.76334337612112,0.80644881436684,734.44,743.5,0,0,0.284679704619649,0.285368640322517,0.063628924616842,787.94,805,0,0
"Dasyatis_brevicaudata","Dasyatis brevicaudata",23.5315455469014,23.194851057657,7.84916490410119,736.2,768,0,0,1.83844575535806,1.76422951102821,0.80506313768452,734.46,743,0,0,0.284851385681751,0.285437338646593,0.0638154309652776,786.81,806.5,0,0
"Apristurus_stenseni","Apristurus stenseni",24.4434028696964,21.3976378258797,13.0208824285772,738.26,775,1,0.01,2.02414334843856,1.84859458548034,1.57790187006061,726.57,778,0,0,0.309319517901733,0.30939257777276,0.0939092814891933,718.16,709,0,0
"Squalus_blainville","Squalus blainville",24.7976040006848,22.7145056849006,13.3827754828255,739.9,808.5,0,0,2.88728225831646,2.59868096911028,1.85673422149323,551.63,584,0,0,0.668966880090148,0.644241986476636,0.320439482063371,384.78,397.5,0,0
"Okamejei_acutispina","Okamejei acutispina",23.4184501202283,21.3045156313772,8.99427388039778,740.33,781.5,0,0,0.748069600847725,0.646703688876516,0.380555807316693,1084.29,1093.5,0,0,0.207013001919141,0.203748909006417,0.051100479847254,1103.98,1112,0,0
"Squalus_altipinnis","Squalus altipinnis",24.8090148126572,22.6223003904623,13.2905821162762,740.68,817,0,0,2.72936357900271,2.58613931764675,1.5599441123374,565.87,605,0,0,0.651968032902923,0.646406174838582,0.280106941757301,388.92,395.5,0,0
"Apristurus_nasutus","Apristurus nasutus",23.6037442001138,21.095968396275,10.3050672366936,741.15,779.5,0,0,1.79344263659807,1.81942328567834,0.851885516026339,751.36,781,0,0,0.307472468970649,0.305156746723794,0.0923724008564175,720.93,721,0,0
"Torpedo_nobiliana","Torpedo nobiliana",22.5401108455668,22.3578440133369,4.43969037483353,741.39,779,0,0,2.83922241668094,2.76762855993108,0.554567827031892,495.25,548.5,0,0,0.68363503615945,0.673214017733717,0.100958583605352,348.51,372,0,0
"Mustelus_mustelus","Mustelus mustelus",23.1001931959662,25.3639111149991,6.98246278786719,741.87,681.5,0,0,1.46986848836535,1.56553741307356,0.567666288957378,837.45,841,0,0,0.289911610053106,0.293622015728335,0.0874251852282313,795.56,766.5,0,0
"Mustelus_henlei","Mustelus henlei",23.0245246437459,25.001603753619,6.64121724136172,741.91,703,0,0,1.49219348989801,1.58769960864175,0.584452865600662,830.35,833,0,0,0.290949731696762,0.29517055437711,0.0876792694277962,790.96,762,0,0
"Squalus_formosus","Squalus formosus",25.1461050057215,22.2387641051904,14.9914509225168,742.23,813.5,0,0,2.8293879295617,2.5739003501942,1.84745818475171,561.04,608,0,0,0.649326102581245,0.657101949118562,0.260349339217044,387.1,392.5,0,0
"Mustelus_mento","Mustelus mento",24.0543846533836,21.9598161483399,11.8943715240573,743.88,784,0,0,1.81214513889411,1.68013230433455,1.17950290914721,774,806,0,0,0.297767006314225,0.296282151980328,0.0964370429951795,772.56,744.5,0,0
"Rajella_leopardus","Rajella leopardus",23.2410108934534,20.7896295991986,8.99334095640674,745.08,741.5,0,0,0.830558053419437,0.82557207732055,0.301540434424127,1023.67,1015.5,0,0,0.224596087938749,0.21926232882182,0.0566390158729768,1027.33,1021.5,0,0
"Torpedo_macneilli","Torpedo macneilli",22.4210129084976,21.9152752880652,4.42329480102412,745.17,795.5,0,0,2.83944303931069,2.7690635001595,0.55315068569177,494.88,547.5,0,0,0.683100422521571,0.673405768375544,0.100336020544869,348.48,371.5,0,0
"Mustelus_whitneyi","Mustelus whitneyi",23.9685865093995,20.9980113769151,11.5707425828284,745.89,794.5,0,0,1.73658370801911,1.71463881324566,0.954641517761521,777.7,825,0,0,0.295914910985581,0.299110007603116,0.0900345122899905,772.46,748.5,0,0
"Leucoraja_lentiginosa","Leucoraja lentiginosa",23.6577957730946,20.0886924694425,10.878649073704,745.92,789,0,0,1.00082580583476,0.940396929107167,0.504704777425859,972.3,971,0,0,0.236299933024366,0.230823475190012,0.0638450043532675,993.85,998,0,0
"Apristurus_spongiceps","Apristurus spongiceps",23.8611247607263,21.2512804158194,11.8055154096591,746,773.5,0,0,1.91960256147171,1.78690959224034,1.16115456971106,735.23,781,0,0,0.308957417234738,0.307253172197819,0.0936928822924585,714.83,701,0,0
"Carcharhinus_cautus","Carcharhinus cautus",22.7251721359837,23.201468977565,5.96429945951024,748.47,728,0,0,0.970586312743107,0.983732482938017,0.329833503073772,944.69,940,0,0,0.254270286525308,0.25940273454748,0.0654257672257702,931.72,924,0,0
"Hemitriakis_complicofasciata","Hemitriakis complicofasciata",22.5881478748756,23.5460312559612,5.06879889905855,748.89,744.5,0,0,3.05830103264404,3.39329308255386,1.39599560185178,511.45,456.5,0,0,0.331945737393379,0.331523687649109,0.118680083186304,662.57,622.5,0,0
"Hemitriakis_falcata","Hemitriakis falcata",22.5809530119292,23.6959574518319,5.12189280474188,748.95,743,0,0,3.05747203249984,3.38779234360196,1.39573653728987,511.71,456.5,0,0,0.331872738738376,0.332286566935124,0.118579746325057,662.18,619,0,0
"Mustelus_albipinnis","Mustelus albipinnis",23.5327013892455,21.1978169877548,10.4229982349366,749.15,753,0,0,1.72231697248559,1.65815108250502,0.943282470916003,781.17,804.5,0,0,0.296632190920593,0.297000083362028,0.0945757724065655,773.66,750.5,0,0
"Carcharhinus_melanopterus","Carcharhinus melanopterus",22.6698141562287,23.1739424367788,5.8991115461075,750.28,727,0,0,0.970925327327288,0.985076066824196,0.33067526998826,944.43,939.5,0,0,0.254257252168438,0.259453558620849,0.0654540274785803,931.59,923.5,0,0
"Okamejei_philipi","Okamejei philipi",23.3929342895077,22.1626725344123,10.6031600902674,751.17,804,0,0,0.774378242374625,0.659031150226875,0.493356287114458,1076.49,1086.5,0,0,0.207391750618861,0.203505012949167,0.0516295875129436,1101.46,1110,0,0
"Mustelus_dorsalis","Mustelus dorsalis",24.0179779741147,20.2014778823275,12.6781717797505,751.43,808.5,0,0,1.77212296432144,1.70000429096776,1.0080833537339,771.64,809.5,0,0,0.29781593572876,0.303594803605834,0.0949958368617388,769.82,751.5,0,0
"Squalus_bucephalus","Squalus bucephalus",24.0485495791895,21.295689644901,12.2832363098959,751.43,797,0,0,2.71217603518036,2.46134889457671,1.59999465239911,567.32,599,0,0,0.653979762679162,0.65563101575957,0.28683776295456,389.5,396.5,0,0
"Apristurus_micropterygeus","Apristurus micropterygeus",23.3055358895358,19.740937874871,10.3484069324148,751.63,805.5,0,0,1.80772557101029,1.8170390131183,0.860456589004083,744.98,777.5,0,0,0.307022849148715,0.309095267647783,0.0881810394764499,718.57,713,0,0
"Potamotrygon_falkneri","Potamotrygon falkneri",22.366650528565,21.4308133968962,6.6483835305443,751.95,766,0,0,1.34476372527119,1.32683564525128,0.267181859429,822.65,872,0,0,0.270945127647802,0.266731655844171,0.0505192926150255,842.72,869,0,0
"Neoraja_caerulea","Neoraja caerulea",23.1021112996403,21.433454003759,8.96862711105682,752.61,786.5,0,0,1.54079423242312,1.39470027394424,0.933515873820172,849.21,865.5,0,0,0.259045004132701,0.252421794687339,0.080088303152756,915.94,935.5,0,0
"Etmopterus_dianthus","Etmopterus dianthus",22.3169361185521,22.4484473750575,5.40534991187123,753.84,715,0,0,2.06141226723238,2.14249678440848,0.759449918713709,665.86,676.5,0,0,0.555729453458096,0.575305853284629,0.183816292724554,436.86,447,0,0
"Squalus_griffini","Squalus griffini",24.56705369538,22.0696929985224,14.0964428928025,755.03,820.5,0,0,2.8466955557034,2.58251107966445,1.66837328841366,555.58,607.5,0,0,0.665709255858774,0.639469756502382,0.292017576858418,386.81,396,0,0
"Mustelus_canis","Mustelus canis",22.554117814922,23.4445676101291,6.30374078784371,755.53,749.5,0,0,1.48957868681058,1.57210741347406,0.583544389735546,831.13,832,0,0,0.29066375180567,0.292529338967086,0.0873099739898551,791.13,762.5,0,0
"Leucoraja_compagnoi","Leucoraja compagnoi",23.9876873722031,20.759528245429,12.5746337474666,755.58,812,0,0,1.01413667611593,0.957802984121976,0.512706191535788,967.68,966,0,0,0.236869222506584,0.230082264605664,0.0639191584801344,991.85,995,0,0
"Hemitriakis_leucoperiptera","Hemitriakis leucoperiptera",22.3384724941637,23.7443575612773,4.7646170138949,756.63,759,0,0,3.04988688599382,3.32036655510918,1.36380573095303,512.06,451.5,0,0,0.331181997655499,0.329838195194557,0.11631113255122,664.09,622.5,0,0
"Hemitriakis_japanica","Hemitriakis japanica",22.3316131507247,24.0694721664228,4.75951242661432,756.7,762.5,0,0,3.05185839451239,3.34124939962134,1.36442119623951,511.54,450.5,0,0,0.331317091149514,0.330800263554474,0.116586800216043,664.01,623,0,0
"Squalus_crassispinus","Squalus crassispinus",23.456282387852,23.2945307580997,10.1182279914903,756.76,756.5,0,0,2.17160307721425,2.39925364692469,0.738324456781537,630.5,631.5,0,0,0.601800653194781,0.617820873490544,0.2159400071754,409.37,406,0,0
"Carcharhinus_longimanus","Carcharhinus longimanus",22.4167263173885,23.9518718017098,5.69415728012923,758.96,734.5,0,0,0.896570469016474,0.932602459519805,0.253949618417404,982.96,975,0,0,0.248171436610387,0.253857246059931,0.0621325137581308,965.89,957.5,0,0
"Squalus_grahami","Squalus grahami",23.486983102634,22.9312985849405,10.504150081573,759.23,777.5,0,0,2.1800819689274,2.3725114475167,0.777363143215018,629.47,624.5,0,0,0.604068615000216,0.613512874396672,0.228649770274127,411.08,412.5,0,0
"Rajella_bathyphila","Rajella bathyphila",23.0877853074618,22.5391761829443,9.85752353124116,759.36,774.5,0,0,0.830904784966802,0.821229000808376,0.300499430447136,1023.07,1017.5,0,0,0.224461335759695,0.219369350390543,0.0566796782362388,1029.63,1019,0,0
"Mustelus_schmitti","Mustelus schmitti",22.6939736664041,25.2253970505801,7.70584896492822,762.52,675,0,0,1.70051549268981,1.7526006342612,0.765630569764524,782.3,789.5,0,0,0.296784612786888,0.299428979282938,0.0935398996433917,769.89,738,0,0
"Dipturus_pullopunctata","Dipturus pullopunctata",22.9832263837907,20.0885614946288,10.1854359240364,764.54,812,0,0,0.583157304577699,0.571668656217477,0.174874596558817,1146.62,1150,0,0,0.190225203975563,0.187835225799129,0.0421731012443048,1153.29,1152,0,0
"Hydrolagus_trolli","Hydrolagus trolli",21.6304041652836,21.2501310299197,2.73193464924281,765.67,775.5,0,0,2.79075880806219,2.78141728666476,0.381963775726809,501.35,510,0,0,1.07836461689597,1.07498868655867,0.0934739178551856,229.4,254,0,0
"Isogomphodon_oxyrhynchus","Isogomphodon oxyrhynchus",22.4500641483566,20.9216604090013,8.33933316987663,766.77,783,0,0,0.91230625792304,0.94558331778403,0.268149856359533,974.46,966,0,0,0.249224605091804,0.2536309620112,0.0618268426579736,958.71,953,0,0
"Okamejei_leptoura","Okamejei leptoura",22.4411078314224,21.1884944390096,8.67340052985736,770.29,789,0,0,0.750031429130107,0.648209254217677,0.377709609698903,1081.18,1084,0,0,0.207338813897965,0.204206023638834,0.0513915649323522,1101.51,1111,0,0
"Mustelus_minicanis","Mustelus minicanis",23.5912408108419,20.0973071459916,13.1232958211982,771.28,834,0,0,1.76070037693061,1.68931357358683,1.14613746930175,780.76,814.5,0,0,0.295910637564125,0.302254116638936,0.0933844220926015,774.48,749,0,0
"Hydrolagus_mirabilis","Hydrolagus mirabilis",21.4782301742391,21.5901928445306,2.71115825421605,771.59,788.5,0,0,2.78975297922201,2.7805296080149,0.381676255592595,501.9,508.5,0,0,1.07797015886504,1.07752906220273,0.0928163831219282,229.43,252.5,0,0
"Cephaloscyllium_signourum","Cephaloscyllium signourum",22.8393725756847,20.4111045022602,10.8279659505653,772.02,849.5,0,0,1.99519515201451,2.00244661130459,0.512589032781284,672.59,685.5,0,0,0.571478116831356,0.595728129060566,0.206542041858707,436.25,445.5,0,0
"Cephaloscyllium_umbratile","Cephaloscyllium umbratile",22.0630571604872,20.5844497604776,7.98239189260939,773.66,823,0,0,1.9314887912441,2.00613988792222,0.408207230110726,688.57,708.5,0,0,0.558064773972726,0.597398353089315,0.189084428362998,441.68,443,0,0
"Okamejei_heemstrai","Okamejei heemstrai",22.3966465185597,21.1038250850076,9.23264642996391,773.78,814,0,0,0.757428436889786,0.646027992292128,0.405210202852887,1080.43,1089,0,0,0.207148131409999,0.203301813997713,0.0514307417485436,1102.04,1111.5,0,0
"Okamejei_schmidti","Okamejei schmidti",22.4607982070441,20.3874219984686,9.41865715491283,774.28,851.5,0,0,0.754044248597185,0.643292284605146,0.380720039359169,1081.4,1092,0,0,0.207409199111681,0.203306820383991,0.0510275691724548,1100.94,1109.5,0,0
"Cephaloscyllium_pardelotum","Cephaloscyllium pardelotum",22.098473613667,20.9950812505726,8.46297531674613,774.3,781.5,0,0,1.98525390997842,2.00059241072532,0.459723932150897,671.57,687,0,0,0.567720733102493,0.594056471210209,0.197027945453093,435.91,441.5,0,0
"Squalus_melanurus","Squalus melanurus",24.1764888422318,21.3616700847964,15.4522792328715,776.81,810,0,0,2.93740827749895,2.43908894989114,2.24490256115255,564.13,620,0,0,0.66370004473623,0.634056636534029,0.310949227021464,387.73,401,0,0
"Leucoraja_pristispina","Leucoraja pristispina",22.6500202470748,20.3791514361134,9.81051088361536,777.54,830.5,0,0,1.01085437686514,0.947730221176063,0.529163211904524,972.19,969,0,0,0.235732231291355,0.230489589710924,0.0631678906103941,996.19,997,0,0
"Apristurus_indicus","Apristurus indicus",22.5070296923384,20.5382437533727,10.4454953283466,778.8,834.5,0,0,1.77256729695441,1.74696412731654,0.847095271826321,755.46,789.5,0,0,0.306830481952212,0.30633727302867,0.0927138113731206,725.25,716,0,0
"Centroscyllium_kamoharai","Centroscyllium kamoharai",21.9906074725569,21.1772267570863,6.69669596304402,779.36,835.5,0,0,3.51111565182508,3.92981182410365,1.46635577058894,436.25,405,0,0,0.703616805062904,0.703027779148643,0.280329832712421,349.37,353,0,0
"Hydrolagus_affinis","Hydrolagus affinis",21.2418265075585,21.1233426509962,2.75996630515017,779.75,782,0,0,2.78755801647861,2.77691139851297,0.381172377668096,502.63,510,0,0,1.07766628759729,1.07694699157316,0.0939456214279162,229.7,253,0,0
"Centroscyllium_excelsum","Centroscyllium excelsum",21.8766392147181,21.5918068528704,6.11173180947202,779.93,808,0,0,3.48514264809317,3.95833787904704,1.43704257454607,437.02,403,0,0,0.701429545383476,0.703639578549382,0.27757668561967,349.1,353,0,0
"Okamejei_mengae","Okamejei mengae",22.2972307960754,20.7946206832412,9.36167810180821,780.06,817,0,0,0.763805297813077,0.651131005780747,0.436145581560686,1078.96,1087.5,0,0,0.207305976936366,0.203171980946327,0.0516059951989996,1100.8,1111,0,0
"Cephaloscyllium_sarawakensis","Cephaloscyllium sarawakensis",22.5277843115218,18.1235929157092,10.6184386443952,781.73,863.5,0,0,1.99962334890987,2.05431059922218,0.481929144819901,669.68,690,0,0,0.572001666159558,0.603091441732329,0.198496514036995,434.75,442.5,0,0
"Mustelus_lunulatus","Mustelus lunulatus",21.8456845988404,24.0292968499538,6.15840600076856,782.8,725,0,0,1.46039446125759,1.5541722277063,0.559616583847192,840.09,842,0,0,0.289744849699396,0.294991632264936,0.086902718714258,795.85,770.5,0,0
"Mustelus_fasciatus","Mustelus fasciatus",22.8668065621655,19.4180437265704,11.8050889215025,782.99,847,0,0,1.65453372107737,1.63091265226906,0.8006433539804,791.29,818.5,0,0,0.294838404174643,0.299255644418509,0.0923586402978461,778.77,749.5,0,0
"Okamejei_powelli","Okamejei powelli",22.3942987822474,20.9503845452587,10.379048941486,783.13,815,0,0,0.762008431333317,0.649676923111544,0.413376614447955,1079.62,1089,0,0,0.207489098790993,0.201260239883255,0.0514988312973663,1100.09,1109.5,0,0
"Leucoraja_virginica","Leucoraja virginica",22.3787601792215,20.554630507076,9.31320154779639,783.27,842.5,0,0,0.987409122225645,0.963559547900114,0.469213291147875,973.42,971,0,0,0.236255379842442,0.232407942114747,0.063405007076702,994.76,996,0,0
"Okamejei_cairae","Okamejei cairae",22.0434190589861,21.3397306140933,8.67331394051159,783.81,822,0,0,0.746021054853391,0.65330044976006,0.380390155445604,1085,1095,0,0,0.206815660499259,0.202570336233936,0.0510138291924587,1104.95,1116,0,0
"Asymbolus_funebris","Asymbolus funebris",22.3300749041108,20.4575425618883,10.0818213295057,786.76,822.5,0,0,2.23370001694021,2.35088381943082,0.946456496429326,632.42,633,0,0,0.332498143462994,0.325292746201199,0.109928618192734,643.47,624.5,0,0
"Rhinoptera_javanica","Rhinoptera javanica",21.4592429308914,21.2698784182026,5.07606849885701,786.81,817,0,0,2.23674340186453,2.18956999599764,0.656453422897954,610.41,617,0,0,0.342311134961867,0.333910866897418,0.0911150665695408,606.44,594,0,0
"Okamejei_pita","Okamejei pita",22.0507710498942,19.5239588099037,9.1542436864351,786.95,838.5,0,0,0.764179777135158,0.655546920757148,0.416832521816362,1077.21,1084,0,0,0.207297814927754,0.202785772625243,0.0517384089195905,1102.28,1114,0,0
"Rhinoptera_neglecta","Rhinoptera neglecta",21.3954522805819,21.1577665975485,5.00213686681663,787.97,824.5,0,0,2.23808273901596,2.18275314621118,0.655970273763221,609.87,617.5,0,0,0.342504261720334,0.334040783405865,0.0917687739145168,605.76,593,0,0
"Dasyatis_ushiei","Dasyatis ushiei",21.7311685439855,22.8023654873628,6.42461806954599,787.99,803,0,0,1.76807285465091,1.70656098787384,0.701979479184865,749.88,752,0,0,0.283079362055394,0.283457448769955,0.062287792508212,794.36,809.5,0,0
"Carcharhinus_hemiodon","Carcharhinus hemiodon",22.1975786042467,19.5510499409265,9.96546358495903,789.25,857.5,0,0,0.919603728563897,0.937738521766755,0.288032786394085,973.92,965,0,0,0.249311402409926,0.254703236315191,0.0620147138131885,958.84,951,0,0
"Squalus_albifrons","Squalus albifrons",23.0489689143089,20.563519753663,12.894336191305,789.33,835,0,0,2.71101199803188,2.54118190226026,1.6630986241723,570.25,604.5,0,0,0.642652841858532,0.642437062077524,0.254363901545507,390.46,394.5,0,0
"Centroscyllium_fabricii","Centroscyllium fabricii",21.4390745972497,22.4958385370225,4.57488381994409,789.57,781.5,0,0,3.452256865786,3.93515494519955,1.40701298223277,439.6,398,0,0,0.699323139296132,0.706626940423279,0.277762499277712,350.42,354.5,0,0
"Squalus_notocaudatus","Squalus notocaudatus",22.695375736846,21.1534348128653,11.6990596204746,790.23,826,0,0,2.5707253851295,2.46988283820636,1.31972024396331,580.53,610.5,0,0,0.642728229099819,0.639644083880573,0.273311662217876,392.84,398.5,0,0
"Urolophus_lobatus","Urolophus lobatus",21.2232850103584,20.0167293682094,5.76257643053333,790.31,811,0,0,2.05634078616836,2.06659665217258,0.415639968994772,655.14,696.5,0,0,0.340645782370499,0.333247946371584,0.0903611129158853,606.49,595.5,0,0
"Asymbolus_occiduus","Asymbolus occiduus",21.7613968053159,20.5063133349516,7.8463283688141,790.69,849,0,0,2.20722558258686,2.37009136251344,0.868333475515147,636.3,629,0,0,0.331627464683758,0.325213072218867,0.107496603208828,643.58,617,0,0
"Centroscyllium_ritteri","Centroscyllium ritteri",21.4343643106917,22.7966392652348,4.90430177607964,791.52,778.5,0,0,3.45617891972392,3.9230401187418,1.41347205584124,439.4,398,0,0,0.700772850519579,0.706908831844143,0.279904306289771,349.97,354,0,0
"Carcharhinus_coatesi","Carcharhinus coatesi",21.8646753371145,20.3650581871722,8.87011426222858,792.12,856,0,0,0.916903311766746,0.950633249541527,0.27303493204404,969.74,967.5,0,0,0.24963614726025,0.254756984794094,0.0626463034217002,956.31,949,0,0
"Mustelus_walkeri","Mustelus walkeri",22.7892833316676,19.8994765494689,12.6458921565786,792.28,841,0,0,1.77155833982841,1.65170359847964,1.25797749883632,783.25,818.5,0,0,0.295765297519811,0.296085294767956,0.0938544621583467,776.53,742.5,0,0
"Leucoraja_yucatanensis","Leucoraja yucatanensis",22.100377100647,18.7072703301834,9.80634868801724,792.57,876,0,0,1.01653002109148,0.92181936187913,0.543854657493007,971.49,971,0,0,0.236110599844601,0.229706485774416,0.0643378802410513,995.22,1001.5,0,0
"Carcharhinus_wheeleri","Carcharhinus wheeleri",21.5265478048513,20.7884983788048,7.73268262358441,792.64,819,0,0,0.920906331721654,0.95257566291766,0.300827663406437,970.82,965,0,0,0.249610136724151,0.255295307220497,0.0627357454814112,955.75,954.5,0,0
"Mustelus_griseus","Mustelus griseus",21.9318320897804,21.2844929268649,9.44076617096689,793.44,837,0,0,1.59596283881262,1.61674055817815,0.682769721678834,804.18,822,0,0,0.29377037316358,0.297506904516759,0.0893931280881578,780.99,754,0,0
"Cephaloscyllium_silasi","Cephaloscyllium silasi",21.7791452906476,19.8039872195963,8.46981399314616,794.15,854,0,0,1.9526099005668,2.01565578724561,0.427112114973075,683.09,701.5,0,0,0.562847335140858,0.595526358170023,0.190496789568694,441.09,446.5,0,0
"Carcharhinus_amboinensis","Carcharhinus amboinensis",21.9070017084908,20.405413273369,8.67053837324834,794.28,872,0,0,0.914869668678591,0.953431570686887,0.262462274040697,969.87,961,0,0,0.249585528067357,0.251879239711134,0.0621461154763534,954.16,954,0,0
"Asymbolus_pallidus","Asymbolus pallidus",21.9037472175498,20.2363926019325,8.79401188109371,795.19,822.5,0,0,2.22042031805086,2.3386426926802,0.873871449296364,633.89,622.5,0,0,0.331759043860856,0.322647514847358,0.108512558953797,644.42,617,0,0
"Urolophus_expansus","Urolophus expansus",20.85346032706,21.2461157859947,4.30086047420102,796.31,777.5,0,0,2.08959733522612,2.09609223232061,0.428289601492766,644.09,677,0,0,0.342465357944942,0.333736467652435,0.090297577193293,600.08,591.5,0,0
"Apristurus_microps","Apristurus microps",21.2842077345964,20.9044198641746,6.70788941679026,796.72,817,0,0,1.5616395473599,1.64387350612911,0.570336683976472,804.63,812,0,0,0.301094397876249,0.298109944286005,0.0867917664843367,742.69,731.5,0,0
"Glyphis_siamensis","Glyphis siamensis",21.3256190792325,20.4069286758138,6.67719586668816,798.72,829,0,0,1.11783652844012,1.0862693049658,0.445567229630321,915.59,915,0,0,0.260974867664187,0.261755996793872,0.0679766881815257,903.31,898,0,0
"Squalus_rancureli","Squalus rancureli",22.8873293227356,20.3204032121624,13.088960207563,799.87,879,0,0,2.54816102122782,2.39084237249982,1.4199999206779,592.99,628.5,0,0,0.631457451937526,0.630764764354928,0.244289010405733,399.76,404,0,0
"Centroscyllium_ornatum","Centroscyllium ornatum",21.2768262522117,21.301472067965,5.94121995360888,800.76,837,0,0,3.46226290129299,3.92319572883532,1.43044610157875,440.64,404.5,0,0,0.701031271662634,0.703267074409335,0.279226508546496,349.9,353.5,0,0
"Urolophus_viridis","Urolophus viridis",20.7576919557324,21.0739465800499,4.25749107146903,802.22,802.5,0,0,2.08886218855169,2.09702771726526,0.42769636666921,644.11,677.5,0,0,0.342326021378097,0.334510458750964,0.0904059516198667,600.54,592,0,0
"Urolophus_paucimaculatus","Urolophus paucimaculatus",20.9688736102151,19.7618376562758,6.1431916365115,802.62,830,0,0,2.04750833171314,2.02108414858614,0.403904962755642,658.15,691,0,0,0.340228180695651,0.330973764633155,0.0892237104731067,607.53,602.5,0,0
"Mustelus_higmani","Mustelus higmani",22.2480570143004,19.8443393205894,11.4530043775169,803.01,875.5,0,0,1.61219197024974,1.661873913739,0.708107222749509,801.32,819.5,0,0,0.294404890639684,0.299555910177059,0.0915596517547101,778.06,756.5,0,0
"Squalus_lalannei","Squalus lalannei",22.8590142566633,20.4374380330568,13.2854258733473,803.07,908,0,0,2.64300274400794,2.4756698407156,1.43534337117515,581.74,629,0,0,0.636982361799428,0.643499307016013,0.250238987339884,397.55,405,0,0
"Cephaloscyllium_fasciatum","Cephaloscyllium fasciatum",21.4386638622558,18.5697780405213,9.38194427526722,804.04,837.5,0,0,1.97035985745078,1.9667436792542,0.450119604399024,678.23,698,0,0,0.564630623340942,0.594212125568409,0.191787666137907,438.58,446,0,0
"Glyphis_sp.1","Glyphis sp.1",21.1787734612977,20.5615900048558,6.89454650534303,806.18,828.5,0,0,1.11906789541439,1.08300990675284,0.451636751207319,915.1,918.5,0,0,0.261353330207245,0.262077346462715,0.068438297070496,901.9,902,0,0
"Asymbolus_vincenti","Asymbolus vincenti",21.3843107363475,19.5525782343216,7.89983912674279,806.31,859,0,0,2.1968149501915,2.37667791850356,0.851375357554762,637.85,637.5,0,0,0.331360569976322,0.32836936780264,0.10730643022951,642.97,626,0,0
"Asymbolus_galacticus","Asymbolus galacticus",21.6179627822915,19.2737198197811,9.36148219973102,807.92,863.5,0,0,2.18573164915405,2.33445515652387,0.857679894309512,640.82,630.5,0,0,0.331136242370497,0.325447603738604,0.108543825807555,646.13,622,0,0
"Carcharhinus_cerdale","Carcharhinus cerdale",21.4157200152444,20.68525798132,8.19469335450104,808.48,847.5,0,0,0.923076835226136,0.952054552700704,0.272298450959037,967.96,962,0,0,0.250252580285611,0.256025528246957,0.0629283060014437,953.91,955.5,0,0
"Cephaloscyllium_speccum","Cephaloscyllium speccum",21.0549073534603,18.7118088216392,8.11901570500903,809.77,855,0,0,1.96591631588141,2.03104399079289,0.4570168828327,678.67,704.5,0,0,0.56588162629585,0.597269276142988,0.194878943515405,438.56,443.5,0,0
"Carcharhinus_porosus","Carcharhinus porosus",20.7561736599221,20.5506757215545,6.43263238994347,811.12,829.5,0,0,0.918811375249236,0.94590306851757,0.274353595076257,971.9,964,0,0,0.249560608457952,0.255545043174576,0.0621595206928645,955.63,950.5,0,0
"Asymbolus_analis","Asymbolus analis",21.1701784406282,19.5459240224657,8.20123627640145,811.16,865,0,0,2.19678215222562,2.31995901836367,0.87986452387617,637.88,633.5,0,0,0.33161857996547,0.327915138628248,0.11051829578282,646.12,626,0,0
"Rhizoprionodon_porosus","Rhizoprionodon porosus",20.7174803329229,21.3188043479545,4.06008978879235,811.59,806,0,0,1.69424525782105,1.73875283863191,0.825441402193351,792.55,789,0,0,0.279093109775308,0.281593742290217,0.0802977509939732,833.95,822.5,0,0
"Potamotrygon_hystrix","Potamotrygon hystrix",20.5324016043235,19.7576536621182,5.95139033057914,811.73,876.5,0,0,1.33075772311071,1.33512444120782,0.247526022236956,824.23,877,0,0,0.270200131879096,0.264959866184631,0.0493779883540519,846.45,879.5,0,0
"Leucoraja_leucosticta","Leucoraja leucosticta",21.4468897520751,19.2967173264752,9.6481255157944,812.35,878,0,0,1.00279300167156,0.95910238551015,0.528919849875135,971.87,970,0,0,0.235454261331544,0.230764360509679,0.0634688966948,996.12,999,0,0
"Cephaloscyllium_stevensi","Cephaloscyllium stevensi",21.0159442675619,19.0333330009724,8.5736604137988,813.82,831,0,0,1.94757029839418,2.00193042783178,0.412129041774477,682.35,714.5,0,0,0.560502790950677,0.59671286933707,0.188547306122311,440.3,445,0,0
"Rhizoprionodon_terraenovae","Rhizoprionodon terraenovae",20.6498606563033,21.3516934411617,4.0521372057177,813.85,806,0,0,1.69300438531356,1.73835373960516,0.823853762767623,792.77,790,0,0,0.27925826889132,0.281843975975312,0.0803591834734996,834.12,824.5,0,0
"Galeus_atlanticus","Galeus atlanticus",20.5634252373673,20.018397433915,5.25230080688563,815.36,862,0,0,1.96601687003384,2.10817903538401,0.763898033916631,698.11,703.5,0,0,0.318575186734445,0.3108072484746,0.0986772005801142,682.7,666,0,0
"Leucoraja_circularis","Leucoraja circularis",20.7503584123871,18.9741139675114,7.14388430255355,815.38,838,0,0,1.09311734927364,0.975388206592112,0.743245549507455,952.8,944,0,0,0.239208582409057,0.232350930468911,0.0662972750254632,987.81,991,0,0
"Cephaloscyllium_maculatum","Cephaloscyllium maculatum",21.0210014012167,18.4243344472082,8.46941828964372,815.41,867.5,0,0,1.97411977015633,2.04922733699106,0.471906878350493,676.41,695.5,0,0,0.567034196068012,0.59579454478701,0.19801408721557,437.02,441.5,0,0
"Dasyatis_fluviorum","Dasyatis fluviorum",21.0614119677097,19.2774590696573,8.07957259129502,815.89,848,0,0,1.60632170897529,1.58619418608559,0.585984551799724,790.3,805.5,0,0,0.279982178679093,0.280207855682776,0.0598017145336206,809.65,826.5,0,0
"Cephaloscyllium_isabellum","Cephaloscyllium isabellum",20.8840193608645,18.9666103647734,7.90092734227628,816.66,849,0,0,1.9653150021492,1.96756175983302,0.455968088635531,678.98,695.5,0,0,0.564339214093127,0.590243648247712,0.194147750785774,439.35,449,0,0
"Apristurus_albisoma","Apristurus albisoma",20.7373983784018,19.9599867294012,6.83167764521975,816.69,839.5,0,0,1.54994064137275,1.63360999754684,0.564227807634807,808.07,813,0,0,0.300531686664635,0.297674465107073,0.0867788602161833,745.5,738,0,0
"Mustelus_mangalorensis","Mustelus mangalorensis",21.8786432788704,19.1417412356392,13.3688358612046,817.46,902,0,0,1.80021879284917,1.6792574978964,2.17543421442882,796.01,824,0,0,0.296814186161587,0.297700688542841,0.105456545854005,779.9,743,0,0
"Raja_africana","Raja africana",21.8271520269263,18.5745534619435,12.044308842597,818.01,855,0,0,0.899649239204353,0.706992671687077,0.815584109397156,1033.94,1049,0,0,0.214814660595072,0.208130118315028,0.0572594205041863,1069.28,1064,0,0
"Apristurus_ampliceps","Apristurus ampliceps",20.8998829961338,20.1089705164133,7.19698681021747,818.05,859.5,0,0,1.5550626354602,1.62629087133786,0.571612619569786,805.55,814,0,0,0.300423813904016,0.296847494058309,0.0870462697978112,746.59,734.5,0,0
"Raja_montagui","Raja montagui",20.9443027909634,19.7429219120706,7.44013083182201,819.02,834,0,0,0.814504543760124,0.717022326886588,0.399218447683889,1045.57,1046,0,0,0.214435320353407,0.208524252555724,0.0551525815586716,1066.96,1064,0,0
"Squalus_raoulensis","Squalus raoulensis",22.4035873580384,20.1478059061046,14.2087612930232,819.81,872.5,0,0,2.7275591253886,2.41708228824316,2.22556166324651,584.6,621,0,0,0.649716155479597,0.629412417853213,0.306425868230199,397.49,404.5,0,0
"Apristurus_aphyodes","Apristurus aphyodes",20.3974544827284,20.7466854129841,4.72547879193344,820.76,810,0,0,1.52842949905266,1.61218608887126,0.54644515920971,812.85,819.5,0,0,0.300158589416294,0.294875109599615,0.0865448745893093,746.92,734,0,0
"Dasyatis_akajei","Dasyatis akajei",20.9202303996309,19.7192866513355,8.13906215604271,821.42,877.5,0,0,1.58727147347657,1.60596496254617,0.55872351233603,794.34,805.5,0,0,0.279791139677071,0.280042550149278,0.0597394154264152,811.32,829,0,0
"Cephaloscyllium_zebrum","Cephaloscyllium zebrum",20.9606087003087,18.5394515518086,9.31058109494266,821.55,855,0,0,1.94881157389528,2.03429259217651,0.431550426555299,681.6,700.5,0,0,0.561500989867695,0.604719230245593,0.189594723443083,442.02,447,0,0
"Apristurus_japonicus","Apristurus japonicus",20.4993481256092,20.2622169660548,5.93483202677966,822.53,841.5,0,0,1.84677681725343,1.94286967849298,0.752089856679327,734.51,754.5,0,0,0.311160511048778,0.310188016890688,0.0936821219198041,711.48,693.5,0,0
"Galeus_polli","Galeus polli",20.2701717802508,19.4924842509453,5.39318794941672,825.36,835.5,0,0,1.96341519579078,2.10540058894812,0.763058949797782,699,704.5,0,0,0.31845775093087,0.311489277106609,0.0978447887116875,681.79,664.5,0,0
"Asymbolus_submaculatus","Asymbolus submaculatus",20.7822548143536,19.0634604222298,8.10307410844899,826.44,880,0,0,2.19778483069165,2.31215288547671,0.878177105079614,639.68,649.5,0,0,0.330786936288488,0.32755671331348,0.107617411987163,645.34,626,0,0
"Apristurus_manis","Apristurus manis",20.5293318818622,19.584552510582,7.14603789284792,828.99,863.5,0,0,1.5565214052963,1.64457980228813,0.572227118771946,805.89,811,0,0,0.300625858474341,0.295293844532358,0.086681596030916,745.44,731,0,0
"Centroscyllium_nigrum","Centroscyllium nigrum",20.3073780721859,21.3557559715443,4.28778230759138,831.85,837,0,0,3.41784717505556,3.93153305894545,1.38900790920842,444.19,411.5,0,0,0.698374469510299,0.701718406745142,0.277073516104049,350.69,356,0,0
"Apristurus_brunneus","Apristurus brunneus",20.3136526313079,19.5188259396044,6.8691561467871,831.95,876.5,0,0,1.83774245359152,1.92627761729264,0.749026697121914,736.6,765,0,0,0.310906860552553,0.309448169079536,0.0935930437188984,710.99,699,0,0
"Rajella_barnardi","Rajella barnardi",20.4757747789428,21.3237312337287,7.64807894219403,833.08,867.5,0,0,0.826653272082535,0.82530374468389,0.300304149809034,1027.28,1022,0,0,0.223988197286739,0.220780141859046,0.0561917709674133,1029.61,1023.5,0,0
"Cephaloscyllium_pictum","Cephaloscyllium pictum",20.0321838492747,19.0303129168218,5.93943839784794,833.14,857.5,0,0,1.93868728600962,2.0030224717632,0.400757764703239,683.44,703.5,0,0,0.559251096249428,0.60112000947565,0.185009876638864,442.43,445.5,0,0
"Rajella_kukujevi","Rajella kukujevi",20.5352752072651,20.8100243615235,7.77992512577954,833.28,858.5,0,0,0.826764547277469,0.826463595631318,0.299585181223576,1026.52,1021,0,0,0.22397835889469,0.22089823269648,0.0561094418520787,1030.48,1021.5,0,0
"Apristurus_laurussonii","Apristurus laurussonii",20.2173725803822,19.4715086750701,6.83215206247584,834.39,894,0,0,1.83628451921237,1.92724567761764,0.748908423579759,738.77,766,0,0,0.310958645188026,0.308639796179158,0.0939180246174281,712.32,699.5,0,0
"Raja_macrorynchus","Raja macrorynchus",21.38807813158,17.6641845919006,11.9872740418099,834.57,911.5,0,0,0.821236102500287,0.727761951314804,0.384928185298237,1043.14,1049.5,0,0,0.214148913883746,0.210671331932348,0.05461099574235,1071.02,1066,0,0
"Centroscyllium_granulatum","Centroscyllium granulatum",20.1779955127225,20.9768323026418,4.20289894811822,835.06,838.5,0,0,3.41346595576928,3.91138137537898,1.38758701231207,444.77,409,0,0,0.697876997171478,0.702774734192807,0.276473900369853,350.93,356.5,0,0
"Cephaloscyllium_cooki","Cephaloscyllium cooki",20.5168070919386,18.0537855459887,8.99760645628497,835.47,899,0,0,1.9696963907363,1.98796312885199,0.47246448040437,680.49,708,0,0,0.564767821787347,0.592121031318858,0.198981969723514,441.31,444.5,0,0
"Potamotrygon_yepezi","Potamotrygon yepezi",19.707416970546,19.3470451551607,5.40273769715017,838.79,882,0,0,1.32294260469971,1.3255354115252,0.251245201689971,827.13,877.5,0,0,0.269714079728445,0.265341627351049,0.049546278936938,849.37,877,0,0
"Raja_bahamensis","Raja bahamensis",21.2755770921328,17.4041539258418,12.828015256097,839.55,912,0,0,0.966010926270888,0.700791729945994,1.09978171585819,1024.98,1050.5,0,0,0.214952277657611,0.207352404550184,0.057677813530854,1068.29,1065,0,0
"Raja_cervigoni","Raja cervigoni",20.8224454527162,18.5365957525919,11.0459053367787,840.96,923,0,0,0.815929500940128,0.717471482659434,0.401115001395824,1045.62,1051.5,0,0,0.21366163089769,0.209371461657659,0.054928807270351,1073.67,1079.5,0,0
"Dipturus_springeri","Dipturus springeri",20.2638429225492,17.7792324489398,8.85055082103057,841.53,895.5,0,0,0.566130743327699,0.559531326910896,0.157465895209633,1161.04,1161,0,0,0.187415311016829,0.185606141637124,0.0403464121933028,1163.88,1164,0,0
"Raja_equatorialis","Raja equatorialis",20.6655305436381,18.2476840063099,10.8415410475037,841.88,916,0,0,0.806795882821741,0.73532378792764,0.363459846832042,1047.3,1048,0,0,0.214086356692242,0.211141353465864,0.0541060665457559,1069.16,1076.5,0,0
"Torpedo_sinuspersici","Torpedo sinuspersici",19.5091692037964,18.961071102427,3.67110208255097,843.07,852.5,0,0,2.29799032704922,2.24329440335576,0.330732439313086,603.37,662,0,0,0.626534418316732,0.614834567086378,0.0921357097348088,386.67,406.5,0,0
"Raja_texana","Raja texana",20.601713814853,18.119814393929,10.2159456643052,843.18,919,0,0,0.868036916829957,0.712549845808482,0.679899082258973,1038.7,1053.5,0,0,0.213974823333106,0.209133875525423,0.0557733285041467,1070.19,1075,0,0
"Psammobatis_parvacauda","Psammobatis parvacauda",19.903094368101,17.8879295228712,6.88694304065965,844.28,892.5,0,0,1.13826547657544,0.982513977190393,0.527209740088985,906,909.5,0,0,0.272222988822387,0.258964332433174,0.0765350123980814,846.49,871.5,0,0
"Psammobatis_rutrum","Psammobatis rutrum",19.9084441702923,17.7038667262003,7.82176022794308,848.33,892.5,0,0,1.14194057736031,0.986247850969335,0.538948915953025,906.68,909.5,0,0,0.272262441328186,0.260053829366081,0.0772801879796314,845.51,863.5,0,0
"Apristurus_melanoasper","Apristurus melanoasper",19.7667491608251,18.0968307411708,6.21255457851099,848.52,881.5,0,0,1.83397871391339,1.93918786161468,0.745197217972898,739.43,770,0,0,0.31063890841854,0.310153975183462,0.0934590088003366,712.66,690,0,0
"Galeus_melastomus","Galeus melastomus",19.7689205150965,18.9976608610648,5.6429002453675,849.77,867.5,0,0,1.96577613690562,2.1003122920113,0.768245345968695,699.11,703,0,0,0.318082726861342,0.309264947563459,0.0981494999336723,685.42,672,0,0
"Nasolamia_velox","Nasolamia velox",19.7623486138116,20.6800967355702,4.38916417100856,850.26,850.5,0,0,0.896825023586778,0.929691589516567,0.25346904862206,983.01,970,0,0,0.24771368437227,0.252813428200017,0.0611832962787519,965.48,958,0,0
"Psammobatis_bergi","Psammobatis bergi",19.7441936226784,17.5080901386324,8.09771791824054,850.83,894.5,0,0,1.14519963488575,0.987401682251516,0.546774340304351,905.79,906,0,0,0.272463560423783,0.259495752130169,0.0777523290383863,846.24,864,0,0
"Asymbolus_parvus","Asymbolus parvus",19.7842639392481,19.5568867905015,5.76928216959721,851.06,885,0,0,2.14030166118493,2.30239190602864,0.808486546993856,648.56,639.5,0,0,0.329904271161371,0.328924313359564,0.106566376452546,648.67,626,0,0
"Raja_atriventralis","Raja atriventralis",20.5064859218786,17.4669057008524,11.1936947416147,852.34,909,0,0,0.895346982223602,0.700080976543534,0.960236577031829,1036.88,1047.5,0,0,0.214597151815439,0.207403650747167,0.0568654404139205,1069.7,1067.5,0,0
"Rajella_bigelowi","Rajella bigelowi",19.9400765487083,20.4483604431875,7.63578962760381,853.11,881.5,0,0,0.821473183870774,0.82275279683417,0.295456415846384,1030.59,1022,0,0,0.223510509341192,0.221064255237561,0.0558780818690263,1032.85,1023.5,0,0
"Dasyatis_laosensis","Dasyatis laosensis",19.8393336141768,18.9059868008766,7.10406029227229,855.27,888.5,0,0,1.5865326899801,1.57835089357572,0.564154628912558,794.56,807.5,0,0,0.279699858405881,0.277657611643968,0.0600272299404572,812.33,830,0,0
"Raja_polystigma","Raja polystigma",20.0662475913634,18.7455318516421,9.44640318022785,855.53,892.5,0,0,0.804911307786234,0.709360716400693,0.36360223802889,1047.37,1048.5,0,0,0.213496742215338,0.209627439048658,0.0539395568915998,1070.75,1065.5,0,0
"Carcharhinus_acronotus","Carcharhinus acronotus",19.6365574788091,20.584808144588,4.52946407117191,855.86,851.5,0,0,0.896982982585823,0.930750532955074,0.253579779623019,982.86,971.5,0,0,0.247622608142734,0.252710521646181,0.0612529631827368,966.79,956.5,0,0
"Raja_cortezensis","Raja cortezensis",20.2428243482269,17.8267073392073,10.3039980975351,857.56,926.5,0,0,0.832369385087918,0.72925345206418,0.503714357692214,1042.74,1052,0,0,0.214194773179375,0.209417309379713,0.0556372816147745,1070.61,1072.5,0,0
"Asymbolus_rubiginosus","Asymbolus rubiginosus",19.5368152064507,18.7912097726179,5.61517011054334,858.12,882.5,0,0,2.13983558315269,2.28886502717544,0.813023995239728,650.1,649,0,0,0.32999940973339,0.327697473455128,0.107351172742073,649.5,628.5,0,0
"Raja_rondeleti","Raja rondeleti",19.9291034887462,17.5449589008335,9.14119345455679,858.42,914,0,0,0.814628354372973,0.707325587243046,0.422983343437241,1046.7,1052,0,0,0.213768133498158,0.208818551212913,0.0550473092856781,1071.96,1069,0,0
"Himantura_astra","Himantura astra",19.0727378553947,19.0665559225742,3.98000092284775,858.68,890.5,0,0,1.50523122003805,1.48415275372165,0.289114051024826,792,846.5,0,0,0.280995596105816,0.276580652236329,0.0540816216620122,801.87,844.5,0,0
"Himantura_toshi","Himantura toshi",19.08176550156,19.0665559225742,3.96497642720315,859.18,891.5,0,0,1.50490957211993,1.48403557789986,0.288923554179425,792.26,846.5,0,0,0.280921585471018,0.276366370900612,0.054034840116561,802.22,844.5,0,0
"Cephaloscyllium_sufflans","Cephaloscyllium sufflans",19.4059773169925,17.7090553480219,7.03464641799306,860.18,926,0,0,1.92684856230533,1.96956952819118,0.403910120554767,689.71,716.5,0,0,0.556305238325878,0.590938902509331,0.184792920521408,444.33,449,0,0
"Psammobatis_normani","Psammobatis normani",19.3829778836522,18.5840270519842,6.33208512319768,860.2,900.5,0,0,1.13563870242146,0.982240510810649,0.520142153490167,906.47,909,0,0,0.272106417146384,0.259033746848862,0.0764812885703414,845.58,867,0,0
"Raja_ackleyi","Raja ackleyi",19.6283871632115,18.3868862554924,8.49389552275368,861.96,902.5,0,0,0.811230013164727,0.696188343039088,0.372984497065476,1046.46,1050,0,0,0.213974300774756,0.209868892465228,0.0544963702701679,1070.84,1073,0,0
"Raja_herwigi","Raja herwigi",19.8479736689489,17.7697385280914,9.12599833785002,862.51,929.5,0,0,0.829581630200188,0.709593156376042,0.509694714754653,1042.31,1051,0,0,0.214106037549395,0.2066866523125,0.0552977597392649,1069.97,1068,0,0
"Raja_rouxi","Raja rouxi",19.8055073805092,18.208981032955,9.55627079314827,863.96,933.5,0,0,0.8039833561559,0.713195539977406,0.373242267601186,1051.84,1053,0,0,0.213435548662527,0.209619376358212,0.0545564271750992,1074.26,1076.5,0,0
"Raja_chinensis","Raja chinensis",19.6848724561384,17.0888484762824,9.36964525177993,865.4,936,0,0,0.805707431614244,0.701244494743547,0.379058123131612,1048.18,1055,0,0,0.2131582383162,0.207495580033273,0.0540276814524289,1073.6,1075.5,0,0
"Raja_brachyura","Raja brachyura",19.4250878043624,20.2161364235292,6.66441572667355,868.43,841.5,0,0,0.809695315576906,0.716565631940995,0.402954712620751,1048.47,1050.5,0,0,0.213895022750977,0.20899696798911,0.0551464982563528,1071.25,1071.5,0,0
"Pavoraja_alleni","Pavoraja alleni",19.0248025896968,19.5101264014296,5.36121728678897,871.63,866.5,0,0,0.97740934295575,0.914280617349702,0.333776829671526,941.61,940,0,0,0.259231850055261,0.248518259509463,0.0673396751332063,888.19,925,0,0
"Leucoraja_fullonica","Leucoraja fullonica",19.1360076402783,18.1242007817887,6.53785976274966,873.89,925.5,0,0,1.0784063338672,0.966736603800519,0.668154030976979,955.27,948.5,0,0,0.238836899457547,0.23315571494231,0.0657276615331652,988.17,995.5,0,0
"Psammobatis_extenta","Psammobatis extenta",18.812752796036,18.0155332700291,6.04979673298591,875.26,922.5,0,0,1.13446687843243,0.988708492114714,0.526200876923117,908.62,909.5,0,0,0.271771964542194,0.258429527449505,0.0760978545849398,846.02,870,0,0
"Psammobatis_scobina","Psammobatis scobina",18.9484423174316,17.2107948226971,7.2669370629468,877.94,959,0,0,1.13105473615607,0.98500030054448,0.51853180441689,910.26,909.5,0,0,0.27191113556451,0.259402936936911,0.0767793326745979,847.15,866,0,0
"Dasyatis_thetidis","Dasyatis thetidis",19.0764537583984,19.7390932635498,5.45504579610237,880.06,882.5,0,0,1.74655349729109,1.67759223550099,0.6799106869781,757.25,765,0,0,0.282752140424752,0.28181627673396,0.0620444590726546,796.18,814,0,0
"Dasyatis_centroura","Dasyatis centroura",19.0653924369736,19.864316968209,5.4840647229545,880.79,888,0,0,1.74718935434432,1.67894078080447,0.68089545476976,757.03,764.5,0,0,0.282719552689655,0.281775256304474,0.0620657592831914,796.16,816.5,0,0
"Apristurus_pinguis","Apristurus pinguis",18.8904090420338,18.5727836835729,5.00259510861053,882.19,874.5,0,0,1.53863803167656,1.61127167103363,0.558945896215784,812.35,818.5,0,0,0.300232597614789,0.297788923275293,0.0870682019485079,747.86,735.5,0,0
"Squalus_hemipinnis","Squalus hemipinnis",19.2583645063556,20.6639720182379,7.2411676095956,882.86,869,0,0,2.12813290308166,2.36361523795251,0.715851879058267,641.63,636.5,0,0,0.596221332889386,0.603873521416658,0.214160466252503,414.44,409,0,0
"Torpedo_torpedo","Torpedo torpedo",18.3511386976783,18.2752584149276,3.0060372990779,884.03,922,0,0,2.28189599994833,2.21894786506391,0.329088468992983,606.87,664,0,0,0.624866179057528,0.613495608968304,0.0925990565619364,388.71,412,0,0
"Apristurus_profundorum","Apristurus profundorum",18.8180495758072,18.9117371201638,4.63464535054336,884.12,887,0,0,1.53791585657013,1.6157754357347,0.556234751420137,811.99,818,0,0,0.299766582191116,0.295593521873891,0.0864686967717476,749.12,733.5,0,0
"Squalus_edmundsi","Squalus edmundsi",19.1742929292566,20.2106017806584,7.1364888885356,885.02,866,0,0,2.12748505052206,2.35600331821737,0.715323760152296,641.97,637,0,0,0.595745222399225,0.601669511136981,0.21383597026645,414.31,406.5,0,0
"Raja_microocellata","Raja microocellata",18.8217540894873,18.5203715635003,6.18058617855699,885.72,879,0,0,0.80867001679313,0.716013767008864,0.401990052801346,1050.11,1049,0,0,0.213529026931557,0.20890347011566,0.0548110553268894,1073.01,1070.5,0,0
"Brochiraja_heuresa","Brochiraja heuresa",18.2370951043418,17.7625050377676,6.35243524527507,887.93,919,0,0,0.988676418481854,0.900816443126363,0.340526567059872,938.05,936.5,0,0,0.260918466791552,0.248203271899725,0.0673208143491994,882.55,912.5,0,0
"Leucoraja_melitensis","Leucoraja melitensis",18.7719801484257,17.7827996672067,6.37913777675142,888.21,931.5,0,0,1.05494833833541,0.974446150478312,0.584708158363881,959.08,949,0,0,0.238592687717267,0.232850717841719,0.0649998631900736,989.32,992,0,0
"Dipturus_laevis","Dipturus laevis",18.9065484441565,16.3913692584713,8.15172449717116,888.29,954.5,0,0,0.577587620537264,0.565602050154645,0.169871685534283,1151.24,1153,0,0,0.189379145125868,0.187901946085741,0.0415837288064655,1156.32,1153,0,0
"Squalus_cubensis","Squalus cubensis",18.9736310141732,20.7872348928118,6.88589420681835,889.62,846.5,0,0,2.06299134495041,2.30209239086403,0.675671841620403,660.76,670,0,0,0.585388329832115,0.599568731812701,0.205162032021318,422.5,417,0,0
"Torpedo_fuscomaculata","Torpedo fuscomaculata",18.1832859881019,18.5045369552224,3.36713921935595,890.3,907,0,0,2.27922018440338,2.22121306211079,0.330577108272813,608.34,666.5,0,0,0.6247097636817,0.610828481560213,0.0927870470899069,388.72,410,0,0
"Potamotrygon_dumerilii","Potamotrygon dumerilii",18.2436867291931,16.6521956261026,6.41894351621642,890.46,909,0,0,1.30463268261987,1.30010827784232,0.251310433867305,832.33,882,0,0,0.268782270298808,0.263852586811465,0.0492223023014788,853.37,882.5,0,0
"Raja_radula","Raja radula",18.8032553574463,16.8101764840143,8.20259183126361,890.79,949,0,0,0.801441621736193,0.692599158504594,0.37794022878732,1050.52,1055,0,0,0.212669835445326,0.207475528222783,0.0546757855736112,1076.51,1081,0,0
"Potamotrygon_humerosa","Potamotrygon humerosa",18.2664686982108,17.2498145720064,6.59461442259574,895.11,945,0,0,1.31795183753937,1.34506386582406,0.25973751938174,829.74,880,0,0,0.269803788428434,0.26588506939998,0.0505844847381526,848.53,879.5,0,0
"Cephaloscyllium_laticeps","Cephaloscyllium laticeps",18.2884427816861,17.7410125327963,4.20838368223132,895.78,883,0,0,1.84074800347141,1.90300783135482,0.352228341593583,714.47,741,0,0,0.539152160846293,0.57866208255124,0.173358698047625,458.92,459,0,0
"Rajella_lintea","Rajella lintea",18.6827539676586,17.7235383633277,7.87766339392546,896.08,957,0,0,0.820629727238488,0.822289623741927,0.294273368804127,1030.74,1025.5,0,0,0.223622021290498,0.220415324722381,0.0553890595518572,1031.48,1023.5,0,0
"Potamotrygon_scobina","Potamotrygon scobina",18.1765137404767,16.3807982710057,6.71715884171217,896.44,976,0,0,1.30206135299874,1.31935351888992,0.245744232384691,833.66,881.5,0,0,0.268868999885865,0.26555698978103,0.0488142138021369,852.18,881,0,0
"Rajella_sadowskii","Rajella sadowskii",18.7131760584307,17.7470503994147,8.07043733756172,896.75,946,0,0,0.821905479586206,0.823682364255875,0.2987586008381,1030.62,1025.5,0,0,0.222916279437642,0.220294085857297,0.0554221364915076,1034.5,1028,0,0
"Psammobatis_lentiginosa","Psammobatis lentiginosa",18.1155728548707,17.4439729971889,4.83299065151677,897.3,898,0,0,1.1298504850467,0.980565118768926,0.524226162733155,910.38,912,0,0,0.270782871806974,0.259719159911829,0.075868740032365,851.96,867,0,0
"Cephaloscyllium_variegatum","Cephaloscyllium variegatum",18.2186697501292,17.7975690069279,4.4819702944847,897.92,905.5,0,0,1.84879430118908,1.90436061498633,0.35439653956321,711.99,740,0,0,0.540852075297917,0.58075166597786,0.174043085613081,457.17,456.5,0,0
"Potamotrygon_leopoldi","Potamotrygon leopoldi",18.1977457228692,17.5407298778056,6.42915399923835,899.6,942,0,0,1.30861432728637,1.31002532549225,0.256722022323714,832,878.5,0,0,0.269278141671154,0.264144643569424,0.0496933033411262,851.35,877,0,0
"Etmopterus_unicolor","Etmopterus unicolor",18.322980313848,17.5782251623957,4.20370025303279,899.71,910.5,0,0,2.0129064236635,2.08331126157058,0.716333460840853,680.54,690,0,0,0.550896962013287,0.566238296952175,0.179396363571753,441.58,449,0,0
"Potamotrygon_schuemacheri","Potamotrygon schuemacheri",18.1608538905094,16.3177806230942,7.01610641657881,899.96,987.5,0,0,1.3119225869328,1.30967421312421,0.259313857827753,831.38,880,0,0,0.269262894322397,0.265955063872922,0.0493985123821326,851.43,876.5,0,0
"Pavoraja_mosaica","Pavoraja mosaica",18.1949451022773,17.2502404867097,6.50503411250389,901.75,913.5,0,0,0.980959667594777,0.91409702623309,0.346060293246238,941.41,943.5,0,0,0.259134924965462,0.246853513722593,0.0674613109700693,888.2,915,0,0
"Rajella_caudaspinosa","Rajella caudaspinosa",18.5266398648989,19.5913074955722,6.84958375345225,902.23,915,0,0,0.819682252456476,0.825743751862887,0.293339208468236,1032.95,1026,0,0,0.223488646360241,0.220755429906342,0.0563568428819082,1033.17,1022.5,0,0
"Rajella_annandalei","Rajella annandalei",18.2928331738437,15.9480046112235,7.69154984960044,902.28,981,0,0,0.818392195424731,0.827301077264787,0.287291380465867,1032.44,1027.5,0,0,0.222834965935393,0.218883418410155,0.0545761613346463,1033.54,1028,0,0
"Himantura_imbricata","Himantura imbricata",17.69140008467,17.8008631878864,1.87020795380898,902.84,960.5,0,0,1.49862462299413,1.47122901705192,0.277394591010177,794.43,847.5,0,0,0.280882619883702,0.279115568087056,0.0531674147552385,802.55,841,0,0
"Dasyatis_lata","Dasyatis lata",17.6916044206188,17.8008631878864,1.86965329787086,903.64,961.5,0,0,1.49859805271713,1.47039706803489,0.277282426347555,794.42,847.5,0,0,0.280849868782551,0.279159245773237,0.0531522410665538,802.88,841.5,0,0
"Rajella_fyllae","Rajella fyllae",18.4388158408266,19.7327375706465,6.62126027082463,903.73,937,0,0,0.819350235320039,0.827242137084777,0.293604474476269,1032.98,1025,0,0,0.223096176818921,0.220325997746436,0.0558101701732487,1034.06,1025.5,0,0
"Pavoraja_nitida","Pavoraja nitida",17.9733157527903,17.5394460322412,5.29399281676974,904.75,934.5,0,0,0.97822292763691,0.92008459709292,0.337463652387355,942.29,944.5,0,0,0.259251711197232,0.24747401268585,0.0672598509807764,888.27,916.5,0,0
"Raja_asterias","Raja asterias",18.2608258853617,17.4100942841662,7.4496090338543,906.6,954.5,0,0,0.796223911304252,0.691126821202225,0.371586959120844,1051.93,1054.5,0,0,0.212743253914821,0.207010273974485,0.0544911684333392,1075.37,1073,0,0
"Carcharhinus_plumbeus","Carcharhinus plumbeus",18.1821144780993,17.7684981410042,4.72647058469943,906.84,915.5,0,0,0.891648324502062,0.932017871582576,0.248545590624286,986.6,974.5,0,0,0.247389731386068,0.253603549598749,0.0609009014688058,967.12,962,0,0
"Squalus_japonicus","Squalus japonicus",18.4817768923959,19.6388205461918,6.70008904282427,906.92,904.5,0,0,2.11966391027316,2.38681277839718,0.710254682134998,644.5,649,0,0,0.594531351049024,0.611362048718946,0.211116669734849,414.89,412,0,0
"Squalus_nasutus","Squalus nasutus",18.4948550524073,19.9669017832087,6.70716651828253,907.01,912.5,0,0,2.11985813962493,2.38141024846706,0.710914238763147,644.92,646.5,0,0,0.594486876962165,0.610285449756843,0.211164292398287,415.46,414,0,0
"Brochiraja_vittacauda","Brochiraja vittacauda",17.8059057389856,17.0924491167459,6.50621842246898,907.31,968,0,0,0.991671244875828,0.912950141045049,0.343061757020729,937.42,935.5,0,0,0.261221180431774,0.249355191023189,0.0684249621700731,880.74,915,0,0
"Psammobatis_rudis","Psammobatis rudis",17.791965321011,17.6417462104076,4.46579206575383,907.42,920.5,0,0,1.12847104775423,0.979482967535126,0.517628965008981,911.3,911.5,0,0,0.271256429983112,0.259591574003852,0.0766173496867467,849.56,865,0,0
"Potamotrygon_ocellata","Potamotrygon ocellata",17.7433345253676,16.7380279439374,7.21910991229752,908.33,984.5,0,0,1.29834768530419,1.28580828322684,0.249875023396161,834.07,882.5,0,0,0.268813847363346,0.265247446475369,0.0488337896243752,852.63,882.5,0,0
"Etmopterus_granulosus","Etmopterus granulosus",18.0816207254582,17.8853145861382,4.31124310010143,908.72,906,0,0,2.0136690357441,2.09614685346244,0.719527453368519,681.18,688,0,0,0.551021461585929,0.567723449623534,0.180478509745517,441.46,449.5,0,0
"Mustelus_manazo","Mustelus manazo",18.3144105723938,19.8752919256276,5.78185381761053,909.44,861,0,0,1.58726378862753,1.66833163408446,0.662557124516317,809.41,811,0,0,0.294377577417752,0.297221899082182,0.0913749916422524,779.55,745.5,0,0
"Carcharhinus_altimus","Carcharhinus altimus",18.104384565072,17.843648926846,4.79468100498913,909.72,915.5,0,0,0.891881527196397,0.929853268856801,0.248809012671942,985.94,975.5,0,0,0.247311459409893,0.25374104363006,0.0608256912862383,967.39,960,0,0
"Potamotrygon_schroederi","Potamotrygon schroederi",17.7853127011598,16.1734834242424,6.5355137042104,911.28,994.5,0,0,1.30249202405265,1.30592757843324,0.24898803661721,833.91,883,0,0,0.268547035690516,0.264837699594514,0.0489918995627585,854.71,882,0,0
"Brochiraja_aenigma","Brochiraja aenigma",17.6772338026308,17.3032050983973,6.23176277426205,912.19,948.5,0,0,0.988943991715861,0.908966273110041,0.34137341275074,937.29,944,0,0,0.261022102548363,0.246624996885635,0.0680880350072485,881.21,902,0,0
"Glyphis_fowlerae","Glyphis fowlerae",17.9771649180778,18.613727739929,3.7056880544487,912.71,908,0,0,1.11416064772935,1.0865003563629,0.442745835221103,916.54,920,0,0,0.26110991717565,0.262763513024412,0.0678251551631281,903.14,900.5,0,0
"Glyphis_gangeticus","Glyphis gangeticus",17.9689521060053,18.5126932054346,3.71934679681001,913.11,907,0,0,1.11405246891935,1.0855524015219,0.442420513834343,916.58,920,0,0,0.26109374885228,0.262564000802823,0.0678583272502684,902.91,898.5,0,0
"Okamejei_kenojei","Okamejei kenojei",17.9236468661474,17.9856215518125,5.3224503957257,913.35,927.5,0,0,0.742795326342864,0.64198906074176,0.402215165660875,1088.12,1096.5,0,0,0.206665844482689,0.202859987548617,0.0516146578928209,1105.31,1112,0,0
"Apristurus_kampae","Apristurus kampae",17.8268042272621,18.258851186405,3.69490589734155,917.13,918,0,0,1.52156939696696,1.61524779970561,0.541494409258644,815.8,823,0,0,0.299588978188955,0.294675827955849,0.0862291660850842,750.32,733,0,0
"Rajella_dissimilis","Rajella dissimilis",17.9986183803992,16.352587248236,8.06399654828912,918.28,967.5,0,0,0.817551940617753,0.818390204895408,0.288572531091942,1032.55,1027,0,0,0.223346807272088,0.220346821354773,0.0555416050431682,1031.96,1024,0,0
"Rajella_purpuriventralis","Rajella purpuriventralis",18.0706699539886,16.9881444382185,8.01083104234657,919.21,978,0,0,0.820140543485195,0.822171294024771,0.291824197499429,1031.45,1026,0,0,0.22364397165156,0.218990112082164,0.0556223756756861,1031.65,1021.5,0,0
"Potamotrygon_marinae","Potamotrygon marinae",17.6392501426902,16.4315964466534,6.48612136382635,919.63,969,0,0,1.30468729783734,1.29317855197403,0.260122585863194,834.01,879.5,0,0,0.269087092329826,0.26507359400317,0.0496443125836692,852.55,879,0,0
"Okamejei_boesemani","Okamejei boesemani",17.7327930562068,17.2175226547285,5.25137371091346,919.92,930,0,0,0.74170051156434,0.63993972848365,0.396575453578869,1088.27,1094.5,0,0,0.206574992695401,0.201462438431803,0.051973537680143,1105.55,1114,0,0
"Leucoraja_naevus","Leucoraja naevus",17.7127920248565,17.2596382219688,4.4172652713726,921.71,928,0,0,1.04777927325755,0.966156959506177,0.583966964185445,961.15,951.5,0,0,0.238410656559816,0.2333293648285,0.0648709201075619,990.69,994,0,0
"Plesiotrygon_iwamae","Plesiotrygon iwamae",17.3107729206914,16.9410010330433,3.87127354378915,921.82,942,0,0,1.32009468878754,1.31077377665203,0.248997568610421,827.95,879,0,0,0.269888903056801,0.264608587607909,0.0494110847462401,848.39,881,0,0
"Apristurus_fedorovi","Apristurus fedorovi",17.62667137166,18.013221685695,3.78801946831942,922.37,919,0,0,1.51990470561693,1.61031791951905,0.540376418218052,816.32,823.5,0,0,0.299553322326743,0.293633960751326,0.0859832528058973,750.07,732.5,0,0
"Plesiotrygon_nana","Plesiotrygon nana",17.3107729206914,16.9410010330433,3.87127354378915,922.82,943,0,0,1.31953344353479,1.3098091243818,0.249185227126401,828.24,878.5,0,0,0.269828186195087,0.264419362640929,0.0496176910475177,848.45,881,0,0
"Rajella_eisenhardti","Rajella eisenhardti",17.7910775784007,16.8901143210217,7.12018242526173,924.08,971,0,0,0.82209390005929,0.82243495830362,0.297783719092318,1030.87,1029,0,0,0.223561154767663,0.220364276817037,0.0563357719904316,1032.7,1027,0,0
"Pavoraja_arenaria","Pavoraja arenaria",17.454491545993,17.0942053946343,5.21252147902757,926.32,950,0,0,0.97491726390291,0.917256823685449,0.331758246747562,942.5,944.5,0,0,0.259121813827698,0.24693033801405,0.0669102851891403,887.62,914.5,0,0
"Dipturus_ecuadoriensis","Dipturus ecuadoriensis",17.5540438837277,15.9099663551544,8.69219182242295,926.39,1008.5,0,0,0.57516038289909,0.562966973486714,0.167555901883458,1158.67,1160,0,0,0.18817878869563,0.186389757868619,0.0407258694107385,1162.35,1160.5,0,0
"Dipturus_mennii","Dipturus mennii",17.3890431951396,14.9453991003395,8.24090183441437,926.53,996.5,0,0,0.570808944479376,0.563554599960992,0.162051550677269,1160.6,1158,0,0,0.188157427154881,0.186840872434306,0.0405038015773781,1162.27,1163.5,0,0
"Potamotrygon_constellata","Potamotrygon constellata",17.3139753312205,16.3204564641563,6.04344291894751,927.93,957,0,0,1.30732401726702,1.30780078031873,0.261668680706198,833.03,879,0,0,0.269184402008345,0.2652124124118,0.0496232436304666,851.8,879.5,0,0
"Dipturus_intermedia","Dipturus intermedia",17.7160275507173,14.9760773269267,9.60582916363045,928.51,1041.5,0,0,0.571018220206219,0.567411768971282,0.154721055058744,1158.64,1158,0,0,0.187970173729221,0.187603131118563,0.0399363377622882,1162.54,1161.5,0,0
"Leucoraja_wallacei","Leucoraja wallacei",17.4874743832283,17.3544721287685,4.69173874588789,929.47,933,0,0,1.04974509446656,0.965451661017764,0.591563692843992,961.59,949,0,0,0.238412498530777,0.232816078449218,0.0648438622885604,990.84,996.5,0,0
"Rajella_nigerrima","Rajella nigerrima",17.5919189168344,16.727919727449,7.0108102792272,931.76,996,0,0,0.817968802435099,0.820911875549002,0.286943650415111,1033.46,1028,0,0,0.222987374352331,0.220147663984947,0.0548444660719537,1033.6,1024.5,0,0
"Dipturus_stenorhynchus","Dipturus stenorhynchus",17.6082114853545,15.1914062647757,9.54047992800745,932.39,1018,0,0,0.587125187655109,0.564417527710316,0.271718186271433,1157.44,1161,0,0,0.188383162058043,0.186455816000447,0.0415202784513715,1162.71,1163,0,0
"Rajella_alia","Rajella alia",17.5786828403871,16.7198789883332,7.20055281753723,932.93,991.5,0,0,0.821066820125699,0.82801057531656,0.298622139511039,1032.6,1025.5,0,0,0.223162797759699,0.219910861725152,0.055844971846688,1032.9,1026,0,0
"Apristurus_platyrhynchus","Apristurus platyrhynchus",17.198517150837,16.89342953829,3.85561477907532,933.48,942.5,0,0,1.78872125474106,1.89183248265729,0.701603800069128,749.95,776.5,0,0,0.309499761201981,0.306518124199551,0.0923147521544748,717.14,706.5,0,0
"Dipturus_gigas","Dipturus gigas",17.5580607796778,16.2041364219459,9.39761148745318,934.23,1017,0,0,0.580617229437191,0.567130383432483,0.176556050562211,1156.33,1158,0,0,0.188918532940936,0.187367591955858,0.0417595577602059,1160.78,1159.5,0,0
"Apristurus_sinensis","Apristurus sinensis",17.2487928221407,17.2118702235207,3.90900083108901,934.36,944.5,0,0,1.78937120537186,1.89355532392849,0.701705381194897,749.86,777,0,0,0.30960528064154,0.307405466195213,0.0925055234746974,716.64,705.5,0,0
"Dipturus_bullisi","Dipturus bullisi",17.1825819671942,15.9552696827618,8.27096001154183,934.41,1028.5,0,0,0.576721841519703,0.567487547380501,0.164275810914088,1156.27,1157.5,0,0,0.188966238919602,0.187253098571963,0.040965823441268,1159.59,1159.5,0,0
"Mustelus_mosis","Mustelus mosis",17.4881800866376,19.029541894817,4.60707172540665,935.13,914.5,0,0,1.44383286186967,1.54732959859519,0.547593910590116,845.39,850,0,0,0.288782536407023,0.294475634296739,0.0860323548659993,800.73,777.5,0,0
"Potamotrygon_tatianae","Potamotrygon tatianae",16.8588076293443,15.6586471148951,6.07694698619678,935.9,1010,0,0,1.30275120539463,1.31712768290428,0.250998263257867,833.39,881,0,0,0.269253716764134,0.267042494111669,0.0500184398619751,851.46,884.5,0,0
"Pavoraja_pseudonitida","Pavoraja pseudonitida",17.1674681406577,16.4312813510654,5.86186151063628,936.05,967,0,0,0.975900459434851,0.920966825629178,0.334031640266511,942.89,944.5,0,0,0.259368213012147,0.246744666121583,0.0672108524853884,886.46,920,0,0
"Potamotrygon_magdalenae","Potamotrygon magdalenae",17.1530441840872,15.5950528346577,6.4544148576121,936.56,963.5,0,0,1.29959448443543,1.30268785807005,0.26110304478518,834.55,882,0,0,0.269283573430231,0.265744885254678,0.0505703082969965,851.75,883.5,0,0
"Potamotrygon_brachyura","Potamotrygon brachyura",17.0002558290019,16.1793253438487,6.02624903523573,936.72,985,0,0,1.30154355820989,1.30964270482983,0.2489299085285,834.14,881,0,0,0.268953598782598,0.266482938031825,0.0496854596440872,852.75,877.5,0,0
"Dipturus_apricus","Dipturus apricus",17.2822653990379,15.4170153562011,8.58870673896592,936.92,1012.5,0,0,0.573081902907503,0.558431461536486,0.162236480984451,1159.47,1160.5,0,0,0.188320208314242,0.18570947553136,0.0407801202283851,1161.78,1161.5,0,0
"Rajella_fuliginea","Rajella fuliginea",17.5580174702367,16.3919273484248,8.01762350770655,937.79,974.5,0,0,0.820875349676877,0.816361004048334,0.291855523437431,1031.42,1024,0,0,0.223052380041951,0.218316012971472,0.055663634219295,1035.2,1026.5,0,0
"Potamotrygon_tigrina","Potamotrygon tigrina",17.0410478888133,16.1750618926496,5.62299167064795,939.15,954.5,0,0,1.29961190617891,1.30044578324988,0.257139265872723,834.7,882,0,0,0.269117610889636,0.265789731446749,0.0504818691800965,852.46,881,0,0
"Dipturus_wengi","Dipturus wengi",17.3769523584049,15.3691404203668,8.65628275391936,939.48,1010.5,0,0,0.57383752610052,0.563665634243935,0.162619024135969,1158.63,1160.5,0,0,0.188539390404322,0.186353584182817,0.0406562216485436,1160.38,1160,0,0
"Potamotrygon_signata","Potamotrygon signata",16.9033888470522,16.4907343670385,5.64900006574456,940.91,983.5,0,0,1.30331507941899,1.29423578789172,0.252637720323803,834.19,881.5,0,0,0.268879037061981,0.265393045626253,0.0496530915693461,853.65,886,0,0
"Rajella_ravidula","Rajella ravidula",17.3393689411933,16.6819660230654,7.29383921236024,941.11,970,0,0,0.819869756220274,0.817063003942341,0.29479758613929,1032.72,1025.5,0,0,0.223070952688216,0.219333016923553,0.0556705395417266,1033.76,1028,0,0
"Cephaloscyllium_hiscosellum","Cephaloscyllium hiscosellum",16.8414777161258,16.6715153433246,3.15931007388268,943.4,947.5,0,0,1.83379808388806,1.8893697742459,0.349024066786545,717.2,749,0,0,0.536398119899632,0.575607486532566,0.17235844204916,462.33,461,0,0
"Dipturus_oculus","Dipturus oculus",16.8777135002266,14.8129174901398,7.97649041482704,946.48,978.5,0,0,0.572418598308486,0.559418613604452,0.165427345586717,1160.11,1160,0,0,0.188008736052185,0.185689662199807,0.0408569195062276,1161.57,1161,0,0
"Etmopterus_princeps","Etmopterus princeps",17.0076247654454,17.4844341309253,3.37992927789005,946.9,943.5,0,0,2.00448560088511,2.08711285011073,0.709254739370418,683.37,689,0,0,0.550209258607806,0.568057528317537,0.17940384544545,442.84,451.5,0,0
"Rajella_challengeri","Rajella challengeri",17.0069819572439,16.3000167692804,6.98639144358882,947.78,1015,0,0,0.820587151396321,0.819588083325982,0.296477469097227,1031.33,1022,0,0,0.223521399949826,0.220260665418001,0.0559027451250216,1032.79,1025,0,0
"Dipturus_garricki","Dipturus garricki",16.774930757554,15.5433760464249,7.13838104081264,948.28,984.5,0,0,0.569652750617876,0.559122093245237,0.157675910086104,1160.85,1162.5,0,0,0.187839958335352,0.185576677891206,0.0402306572045938,1162.03,1162,0,0
"Cephaloscyllium_albipinnum","Cephaloscyllium albipinnum",16.7006662752458,16.6013064074131,3.17284050270255,949.52,951.5,0,0,1.83478696549883,1.88841296228073,0.349341741988864,716.41,747,0,0,0.536995291621564,0.575463655644342,0.172433948781708,461.09,459.5,0,0
"Pavoraja_umbrosa","Pavoraja umbrosa",16.9311116153517,16.5591582973361,6.17735947931194,950.07,999,0,0,0.975590648162023,0.911878402205069,0.33334507536726,942.55,942.5,0,0,0.258836976089072,0.246786893127743,0.0667081768767756,888.4,922.5,0,0
"Dipturus_flavirostris","Dipturus flavirostris",16.5420188752874,15.1177490608293,7.63763664339961,950.73,1039.5,0,0,0.570501924210712,0.562044996817115,0.155556994132019,1161.33,1156.5,0,0,0.188062769371707,0.185200790048243,0.040077068098445,1161.86,1158.5,0,0
"Etmopterus_spinax","Etmopterus spinax",16.9456077617736,17.4131292241003,3.52955445365231,950.78,956,0,0,2.00508136663377,2.08707723681171,0.710414324440605,683.94,689.5,0,0,0.54968278488282,0.568224437604002,0.178678865346537,443.2,452,0,0
"Dipturus_grahami","Dipturus grahami",17.041408640586,15.5230477296619,9.2479418473358,950.93,1031,0,0,0.598665566192458,0.560605421172647,0.325953514954372,1155.64,1157,0,0,0.188635684964864,0.185229239906748,0.0434108269019187,1161.89,1160.5,0,0
"Dipturus_endeavouri","Dipturus endeavouri",16.4749702538575,14.8137760652327,7.86663213655349,958.68,1030.5,0,0,0.565230502792655,0.56025629013343,0.150884291165707,1164.1,1167,0,0,0.186941266874465,0.185509101146424,0.0391634547241153,1166.98,1167,0,0
"Potamotrygon_boesemani","Potamotrygon boesemani",16.1316761911897,14.8631134069037,5.13830041949329,962.22,1033.5,0,0,1.29370442440653,1.29598568108115,0.242526202524414,835.41,882,0,0,0.26853785508238,0.26461498812502,0.0490985878334032,854.9,885,0,0
"Dipturus_queenslandicus","Dipturus queenslandicus",16.405406070383,14.1516716525966,8.26182752174321,962.62,1030,0,0,0.583330285552154,0.565255947746359,0.248374392304374,1160.95,1165,0,0,0.188227008411773,0.187336532428297,0.0419850415541099,1164.08,1164,0,0
"Potamotrygon_henlei","Potamotrygon henlei",16.2195616554686,16.3695273523502,4.1372044345797,963.07,951,0,0,1.28921104599635,1.2828267387446,0.251883340510654,837.68,882.5,0,0,0.268246438273183,0.26447778705872,0.050245077061694,857.04,887,0,0
"Dipturus_wuhanlingi","Dipturus wuhanlingi",16.3840558234405,15.1693255494427,7.36563258451987,964.46,1027,0,0,0.587853759571853,0.560565501496672,0.238188230040375,1156.47,1162,0,0,0.1889064153,0.185062110476205,0.0427934468952186,1160.39,1165.5,0,0
"Urolophus_cruciatus","Urolophus cruciatus",16.2793155341516,16.0899552543408,3.12547600125139,966.24,988.5,0,0,2.02377642784776,1.98513464867453,0.396212439661513,666.25,703.5,0,0,0.339731781452938,0.330012436626836,0.0900178664771872,609.77,606,0,0
"Urolophus_sufflavus","Urolophus sufflavus",16.2836153051816,16.0899552543408,3.11825781900482,966.37,988.5,0,0,2.02421496244732,1.98413491834993,0.396606506159976,666.14,704,0,0,0.3398483983372,0.329857873314346,0.0900981927758991,609.31,603.5,0,0
"Dipturus_lanceorostratus","Dipturus lanceorostratus",16.2945200250416,14.375173998695,8.43907173869981,966.75,1050.5,0,0,0.5697429190854,0.559558248953466,0.166260053082371,1162.96,1165,0,0,0.187414245367319,0.185141764183907,0.0404601808735843,1165.12,1167.5,0,0
"Dipturus_nidarosiensis","Dipturus nidarosiensis",16.1110589535832,15.2835851271224,7.30488154972636,967.75,1035.5,0,0,0.568835293319163,0.561906762994001,0.155506858978988,1161.77,1163,0,0,0.187359888845823,0.185137179641967,0.0393553223843632,1164.5,1166.5,0,0
"Spiniraja_whitleyi","Spiniraja whitleyi",16.341722916209,14.0292958728254,8.80665071299513,969.09,1043.5,0,0,0.60117037430272,0.559606102926222,0.336822331916689,1155.43,1163,0,0,0.188722784450314,0.184797184326401,0.0435845786283044,1161.66,1164,0,0
"Bathyraja_aleutica","Bathyraja aleutica",15.6670636532281,14.7373052036124,5.6490591537138,970.1,1034,0,0,0.665304620802492,0.658327824155502,0.13619312505609,1072.16,1090,0,0,0.212282152467714,0.208435573406299,0.0410690464236496,1057.16,1074,0,0
"Dipturus_falloargus","Dipturus falloargus",16.209601531835,14.1204170500601,7.50605326227984,971.95,1029,0,0,0.571221290427176,0.562122331158672,0.156273783734772,1157.79,1159,0,0,0.188272813995136,0.185500854252443,0.0401361147817917,1161.07,1161,0,0
"Dipturus_teevani","Dipturus teevani",15.8765276371613,14.7419625488979,7.036908974128,974.66,1036,0,0,0.565691921496991,0.564052906942778,0.153130914191219,1162.16,1163.5,0,0,0.187282659970705,0.186876299551027,0.039540705427472,1163.79,1165,0,0
"Carcharhinus_limbatus","Carcharhinus limbatus",16.2849904079763,17.0167604442339,3.85531332556426,975.04,968,0,0,0.950640724720786,0.975911442525933,0.307424292561555,951.53,946,0,0,0.252111469135468,0.25780086248789,0.0643717283828606,943.41,933.5,0,0
"Amblyraja_georgiana","Amblyraja georgiana",16.1300003844939,12.6590752829694,9.82373431775389,975.65,1067.5,0,0,0.822756822792123,0.810348910553796,0.331071184688043,1035.15,1032.5,0,0,0.22265715174922,0.219522413728973,0.0559070238834831,1035.69,1031,0,0
"Dipturus_canutus","Dipturus canutus",16.2450544917379,14.6379419269165,8.43325963311516,976.43,1013.5,0,0,0.574859899386621,0.558571143585388,0.172906713383146,1158.18,1159.5,0,0,0.188328195852634,0.184896547396621,0.0415147690431893,1162.5,1161,0,0
"Bathyraja_longicauda","Bathyraja longicauda",16.0873428568307,13.3434124257919,11.3157495110505,978.53,1062.5,0,0,0.836826536811516,0.65127048466438,1.65687725333456,1058.17,1091,0,0,0.216543478255341,0.207070383688896,0.0595042973259388,1045.28,1076,0,0
"Dipturus_polyommata","Dipturus polyommata",16.0137516751846,14.9771771512955,7.88795006427408,978.91,1035.5,0,0,0.599786771301189,0.566971888775053,0.331719418246846,1157.62,1165,0,0,0.188622080452752,0.187569572448902,0.043446557556048,1162.39,1163,0,0
"Bathyraja_shuntovi","Bathyraja shuntovi",15.6372238845045,13.7265702517444,5.78363211902742,979.03,1032.5,0,0,0.662923729074839,0.64857760098292,0.129210062550002,1075.87,1092,0,0,0.212013457936453,0.205964040860277,0.0401164260766498,1058.2,1068.5,0,0
"Dipturus_crosnieri","Dipturus crosnieri",15.8890897969878,15.3226751262999,6.02238522526352,979.85,1023.5,0,0,0.569921440989782,0.566340266912313,0.154645130626152,1159.57,1160,0,0,0.187965049527178,0.185414607613687,0.0401003913648824,1162.26,1162,0,0
"Dipturus_healdi","Dipturus healdi",15.9824664306098,14.5318560426593,6.41585166800669,980.28,1020,0,0,0.556052539217513,0.551799312928636,0.147626572604795,1173.15,1174,0,0,0.185188513021767,0.183996542721598,0.0388546954794276,1173.11,1173,0,0
"Bathyraja_scaphiops","Bathyraja scaphiops",15.4842616563108,14.5975697384691,5.94983881203893,981.48,1025,0,0,0.666119328425892,0.657940152508025,0.138059577808106,1071.91,1089.5,0,0,0.212705589253008,0.207654360259683,0.0416897605456855,1054.4,1073,0,0
"Dipturus_melanospilus","Dipturus melanospilus",16.1089390978592,14.4702377590753,9.1777927837979,981.76,1052,0,0,0.580863455474215,0.561037965926915,0.225729140445044,1159.82,1163,0,0,0.188115393034933,0.186127812234488,0.0412936469589196,1163.83,1166.5,0,0
"Rhinoraja_multispinis","Rhinoraja multispinis",15.4328466080557,12.8398729733548,7.05291947029589,982.35,1064.5,0,0,0.663653771656599,0.66006619731013,0.136268635968307,1075.12,1086.5,0,0,0.212139244295947,0.207730880512718,0.0411478236554464,1056.62,1065,0,0
"Dipturus_doutrei","Dipturus doutrei",15.8652635894964,14.766413226879,7.1929024000172,982.43,1026.5,0,0,0.570760428011641,0.563361041175212,0.165077664482992,1157.6,1158,0,0,0.187795047118435,0.186138201813284,0.0407572065934331,1162.53,1162.5,0,0
"Dipturus_acrobelus","Dipturus acrobelus",15.7906327203623,15.5779310105604,7.52953317956821,982.89,1033.5,0,0,0.574103165404772,0.562466730774194,0.168477297375283,1159.63,1161,0,0,0.188700160790886,0.187078746641636,0.0409058740985397,1160.5,1161,0,0
"Bathyraja_smithii","Bathyraja smithii",15.6553116717834,12.4678860005807,9.76423613807873,984.26,1075.5,0,0,0.690754315197388,0.650987262021524,0.186343081060382,1066.61,1086.5,0,0,0.21496058724889,0.206981670783859,0.0445715225540864,1051.72,1069.5,0,0
"Bathyraja_peruana","Bathyraja peruana",15.2860467215158,13.8161441052616,6.6712811240872,985.47,1057,0,0,0.680943676301662,0.653807168953699,0.171320973971328,1070.26,1089.5,0,0,0.214352884605403,0.210281409969609,0.0429217278979999,1050.14,1073.5,0,0
"Bathyraja_matsubarai","Bathyraja matsubarai",15.2825787425462,13.4926719123053,7.90089649513309,986.45,1056.5,0,0,0.681018097880806,0.661755187252473,0.165415000065142,1069.52,1092,0,0,0.213929371315038,0.209908889734032,0.042158634900592,1053.08,1070,0,0
"Dipturus_campbelli","Dipturus campbelli",15.4789708981542,14.371608971917,6.53122896827111,986.6,1033.5,0,0,0.56326571014276,0.561520538212839,0.149107299624844,1163.68,1164,0,0,0.186796025928087,0.186607831836446,0.0386896990169636,1164.33,1163,0,0
"Bathyraja_andriashevi","Bathyraja andriashevi",15.3757245589478,12.8933323136322,8.1162535686496,987.21,1078.5,0,0,0.689601370718407,0.653615297138513,0.185911694118972,1066.23,1085.5,0,0,0.214803322745324,0.210016995438412,0.0432568248565777,1048.09,1064,0,0
"Bathyraja_maccaini","Bathyraja maccaini",15.2598823943713,14.3382453907098,6.07251529419699,987.31,1062.5,0,0,0.662399219970357,0.654889263333378,0.129434860173778,1074.39,1090,0,0,0.212012937107915,0.208509179482931,0.0403707043754101,1057.64,1070,0,0
"Dipturus_olseni","Dipturus olseni",15.576522151886,14.2532280234012,6.75865917935108,987.74,1027,0,0,0.571096956990975,0.563421724654832,0.165531484230369,1160.77,1161,0,0,0.187997697174794,0.185582470147405,0.0406889976172289,1162.05,1160.5,0,0
"Bathyraja_griseocauda","Bathyraja griseocauda",15.3404946445808,14.718475349545,6.41535228940188,987.95,1039,0,0,0.662364586858749,0.66244364155406,0.128554701548003,1075.6,1093.5,0,0,0.211841558735714,0.20877399365807,0.0401637016079679,1059.64,1070,0,0
"Carcharhinus_obscurus","Carcharhinus obscurus",15.9857780738683,16.6073347264158,3.74424800525782,989.02,981.5,0,0,0.893244872836636,0.925901686753082,0.251757716044716,986.96,978,0,0,0.247418341904992,0.253248661485453,0.0616245230803995,969.53,960.5,0,0
"Carcharhinus_galapagensis","Carcharhinus galapagensis",15.9762116728908,16.6073347264158,3.75714775687174,989.84,981.5,0,0,0.893196808737782,0.926951525070116,0.251792068754339,987.06,979.5,0,0,0.247363310072194,0.252816004093141,0.0616643805839473,970,960,0,0
"Dipturus_johannisdavesi","Dipturus johannisdavesi",15.348193151501,12.889719840822,8.0642724944398,990.63,1086,0,0,0.566521425008348,0.565185859286366,0.155567255980225,1162.92,1163.5,0,0,0.18716004226484,0.18650832201292,0.0400411421259303,1166.22,1169,0,0
"Rhinoraja_odai","Rhinoraja odai",15.0300197929404,12.1712619741427,7.7354195401297,991.27,1053,0,0,0.734860060869706,0.646607489886714,0.596620112819109,1063.72,1089,0,0,0.2162071547605,0.207618502554988,0.0589766499363694,1053.36,1073.5,0,0
"Bathyraja_meridionalis","Bathyraja meridionalis",15.0594450697574,14.0017535828673,5.57491050914039,992.15,1049.5,0,0,0.661473775377296,0.65850480152431,0.124956637411879,1072.72,1090,0,0,0.211974538188808,0.208686811066792,0.0395014458663534,1054.65,1070,0,0
"Squalus_mitsukurii","Squalus mitsukurii",15.9251873828833,17.2122157720711,5.5982493746288,992.81,1019.5,0,0,2.04300735240226,2.28713428552781,0.66308709740892,668.18,681,0,0,0.582532007440691,0.598402825243432,0.202417810409911,425.66,422,0,0
"Carcharhinus_leiodon","Carcharhinus leiodon",15.7332358394228,15.6879688596207,3.81971112054142,994.54,999.5,0,0,0.950798423804792,0.97432252661472,0.310966302564014,952.1,946.5,0,0,0.252229830877224,0.257697617379011,0.0645269537798901,942.48,935,0,0
"Bathyraja_leucomelanos","Bathyraja leucomelanos",15.6109855874011,14.0304808507268,8.82644876126446,994.62,1043.5,0,0,0.713284241023355,0.653974738306452,0.517264684664185,1067.37,1084.5,0,0,0.213717227184565,0.206214065105624,0.0464103828531372,1054.8,1073,0,0
"Dipturus_oregoni","Dipturus oregoni",15.479210116441,14.2643071478163,7.20890092198822,994.89,1059.5,0,0,0.567663007016,0.565658842572672,0.154368176794321,1162.46,1163,0,0,0.187268348094487,0.18530525713505,0.0394734766599835,1164.39,1163,0,0
"Bathyraja_tunae","Bathyraja tunae",15.2115034353779,13.5617645626015,8.14384620261153,995.46,1062.5,0,0,0.748188332798272,0.661140126204602,0.6077806552734,1057.17,1086,0,0,0.216978023249746,0.209383747018473,0.0583537293982166,1045.19,1071,0,0
"Amblyraja_taaf","Amblyraja taaf",15.2000435445968,13.0518843039638,8.62491179799238,996.54,1102,0,0,0.816991198729502,0.805435899224393,0.316255145352168,1037.67,1035,0,0,0.22239950072478,0.218898352918553,0.0558564741386524,1036.92,1034.5,0,0
"Bathyraja_trachura","Bathyraja trachura",14.7837070486666,13.6102340290407,5.9429452271677,996.58,1073.5,0,0,0.662973464589134,0.658412627330776,0.129517826096816,1075.57,1093,0,0,0.211866609856445,0.209250919519074,0.0403102055098647,1059.35,1068,0,0
"Squalus_montalbani","Squalus montalbani",15.7878641609655,17.2131717910872,5.29216998859111,997.21,1005.5,0,0,2.04155089130279,2.29325493951778,0.661649960885836,668.39,683,0,0,0.581688605630473,0.595204109859631,0.201624830303476,425.93,424,0,0
"Bathyraja_aguja","Bathyraja aguja",15.133685548611,13.560416709871,8.16337760935536,997.8,1082,0,0,0.672997505953138,0.664474290131898,0.137633068292686,1068.69,1084.5,0,0,0.213319217277744,0.208181945958125,0.0395389132845772,1050.36,1067,0,0
"Squalus_chloroculus","Squalus chloroculus",15.8217478574136,17.0005023588567,5.42969594539617,997.98,1005,0,0,2.041815358739,2.28813597230957,0.662059391726651,668.53,682,0,0,0.582201380454628,0.59545528141001,0.202094053634215,425.87,422,0,0
"Bathyraja_pallida","Bathyraja pallida",14.951565857177,14.0157632809826,5.79768920247317,998.03,1051,0,0,0.661871742422503,0.657330420334694,0.135103230716684,1078.27,1093,0,0,0.211882556247307,0.209773903072718,0.0410563019896341,1058.59,1071.5,0,0
"Bathyraja_minispinosa","Bathyraja minispinosa",14.7569238933769,14.0488759288035,5.30410461163945,998.38,1065,0,0,0.663668212635072,0.654772041158111,0.13032029365615,1073.83,1091,0,0,0.211941685150738,0.209509660542635,0.0399457812057488,1059.29,1074,0,0
"Bathyraja_trachouros","Bathyraja trachouros",14.9483495778553,12.5876653665041,8.36783726684706,998.75,1070,0,0,0.773802283686927,0.6580298947154,0.712105463223429,1058.56,1087,0,0,0.219287265087009,0.207816346258305,0.0692673356010619,1041.66,1072,0,0
"Rhinoraja_longicauda","Rhinoraja longicauda",15.0367046228862,12.8989538717821,8.26282887346243,998.88,1073.5,0,0,0.687747916976856,0.649369638123751,0.196794179395224,1068.73,1089,0,0,0.215074917725535,0.206566457262465,0.0458111566865807,1049.04,1072.5,0,0
"Carcharhinus_tilstoni","Carcharhinus tilstoni",15.5666616218644,16.6205856759757,3.42875834929003,1001.05,992.5,0,0,0.949777871605036,0.974556028790641,0.308085922921107,952.84,948,0,0,0.252314436326133,0.258249813933849,0.0644709367607346,942.06,935,0,0
"Carcharhinus_amblyrhynchoides","Carcharhinus amblyrhynchoides",15.5057598598828,16.5832499593054,3.43971340528787,1004.35,1001,0,0,0.949541076225365,0.975429856683181,0.306927225021047,952.75,947,0,0,0.252166909795349,0.258282209050987,0.0645130028963445,943.6,936,0,0
"Bathyraja_abyssicola","Bathyraja abyssicola",14.8704345763064,13.5895099291815,6.41164766567909,1004.56,1050,0,0,0.661948074161077,0.653636860260402,0.126867944750928,1074.22,1087.5,0,0,0.211631973724338,0.207567877625706,0.0395527817948755,1059.64,1079,0,0
"Raja_straeleni","Raja straeleni",15.496407536143,15.6801429065957,5.19715643947485,1004.65,1010,0,0,0.787191380073211,0.689090803784399,0.362328932294437,1058.4,1060,0,0,0.211653874655464,0.206932675392614,0.0540824296733598,1083.18,1092.5,0,0
"Bathyraja_cousseauae","Bathyraja cousseauae",14.7896920886942,13.8496334973274,5.60197627265464,1005.58,1073,0,0,0.663040575903125,0.652242739927619,0.133580161599067,1074.7,1090,0,0,0.212046612318708,0.207124875040985,0.0409317276219846,1059.17,1078.5,0,0
"Bathyraja_notoroensis","Bathyraja notoroensis",14.7835251041046,12.3525441913733,8.0959403235686,1007.61,1088,0,0,0.741763884566692,0.65451422793733,0.617296068334909,1063.56,1093,0,0,0.215685783905993,0.206900989640124,0.0583533515640726,1053.94,1069.5,0,0
"Brochiraja_albilabiata","Brochiraja albilabiata",14.9434815853993,14.6791730668972,3.32498745003735,1007.71,1018.5,0,0,0.978701019115003,0.903056918872071,0.330400657982491,941.98,944,0,0,0.260043189069538,0.248193916878271,0.0671035616751023,885.04,916.5,0,0
"Bathyraja_panthera","Bathyraja panthera",14.5682706964656,13.3905931164794,7.81670479870684,1009.47,1083.5,0,0,0.679540209705992,0.655894732184125,0.193331042402611,1072.71,1091,0,0,0.214094846394824,0.207176850866413,0.0466673387386888,1053.5,1071.5,0,0
"Bathyraja_isotrachys","Bathyraja isotrachys",14.4460971757679,13.1447512280416,6.54720331283329,1009.51,1091.5,0,0,0.669571089439909,0.654470419088341,0.147418231998755,1072.74,1090,0,0,0.213248354417311,0.208004897047836,0.0423045457681212,1052.95,1074,0,0
"Brochiraja_leviveneta","Brochiraja leviveneta",14.8999943305803,14.6457056040365,3.70450442159358,1011.18,1030.5,0,0,0.979469628602283,0.903319997524195,0.332971280141953,941.72,945,0,0,0.260153841313609,0.246814921235162,0.067417613090596,884.63,909.5,0,0
"Bathyraja_tzinovskii","Bathyraja tzinovskii",14.163561450784,11.7333274829248,6.83122251820354,1013.07,1119.5,0,0,0.672867305653334,0.661062182532909,0.142195119693324,1072.01,1087.5,0,0,0.21321154129892,0.209483373947334,0.040754771238512,1052.88,1066,0,0
"Bathyraja_microtrachys","Bathyraja microtrachys",14.8385098118608,12.3330573237988,8.23506320142518,1013.41,1071.5,0,0,0.695036312871188,0.660193470117559,0.227456291665836,1068.6,1086.5,0,0,0.21512330517252,0.208131147407502,0.046862223233392,1052.1,1063.5,0,0
"Amblyraja_frerichsi","Amblyraja frerichsi",14.7213964613645,13.7238605729641,6.93878277860205,1013.6,1093,0,0,0.811431563197788,0.805525315548165,0.289596949669526,1037.51,1031,0,0,0.221943368403365,0.220228537708732,0.0547440759217961,1037.88,1032,0,0
"Dasyatis_bennetti","Dasyatis bennetti",15.1268786643468,15.0979608712506,4.00359872666074,1017.46,1031.5,0,0,1.55903003591869,1.58308384395079,0.528722575601534,802.43,812.5,0,0,0.27932304657251,0.278515989923794,0.0589527651136191,812.96,834,0,0
"Dasyatis_navarrae","Dasyatis navarrae",15.1218489668907,15.0979608712506,4.00460112852007,1017.53,1030.5,0,0,1.55907944813375,1.58352215023363,0.528650085779676,802.56,811.5,0,0,0.279332018004869,0.278360843390649,0.05900400624517,812.84,833.5,0,0
"Amblyraja_robertsi","Amblyraja robertsi",14.5321052003386,12.1907696145329,7.59663480520963,1018.44,1078.5,0,0,0.811961779124214,0.799657762239133,0.293987658546611,1038.39,1033.5,0,0,0.221848866385942,0.218406799650664,0.0549369715856829,1038.8,1034.5,0,0
"Bathyraja_simoterus","Bathyraja simoterus",14.4124260161766,11.6808314105213,8.27641963037959,1019.26,1096,0,0,0.67269017177303,0.650919157013512,0.145370542236967,1074,1097,0,0,0.212864157725359,0.207182511345525,0.041508260549654,1057.07,1077,0,0
"Bathyraja_fedorovi","Bathyraja fedorovi",14.2466787653925,12.2441919007743,7.24018814579996,1020.99,1088,0,0,0.664550539023961,0.656718575999167,0.135220781064252,1078.63,1096.5,0,0,0.212291371647856,0.20734678308789,0.0412396386079097,1059.85,1076.5,0,0
"Amblyraja_radiata","Amblyraja radiata",14.8680406057062,13.9382957095466,4.89243032509045,1021.62,1050.5,0,0,0.811944217120446,0.810713331881493,0.292562538753694,1038.02,1034,0,0,0.222103343705569,0.219674720322758,0.0549350667810139,1036.96,1032,0,0
"Bathyraja_spinosissima","Bathyraja spinosissima",14.245355722985,12.5024671771156,7.84249991882563,1025.53,1100.5,0,0,0.690991084816252,0.671415967207005,0.225220566440377,1069.87,1082.5,0,0,0.215356403614934,0.208531141212127,0.0490408092009218,1050.11,1064.5,0,0
"Bathyraja_bergi","Bathyraja bergi",14.0696179811797,12.9722266314256,5.75609140383467,1026.44,1071.5,0,0,0.668348906172082,0.65449606353013,0.150566172641874,1075.96,1093.5,0,0,0.212712902219762,0.20943389149124,0.0420157706648606,1056.8,1075,0,0
"Amblyraja_reversa","Amblyraja reversa",14.1631316892061,11.699117963118,7.94602313182086,1026.82,1103,0,0,0.815364733302228,0.803973685827773,0.315235367605462,1038.5,1036,0,0,0.221785486226051,0.218704492633271,0.0549995345926502,1038.03,1034.5,0,0
"Bathyraja_richardsoni","Bathyraja richardsoni",13.8022985417929,12.740345853387,5.02613622444537,1027.24,1086,0,0,0.661509186614891,0.656067068829729,0.132964510867744,1076.25,1097,0,0,0.211672813912555,0.20637587596093,0.0406760436750791,1060.09,1072,0,0
"Zearaja_nasuta","Zearaja nasuta",14.5420043134513,13.9175381569711,5.81009764258284,1029.98,1062,0,0,0.561047973497413,0.556161688665793,0.153911395738945,1168.55,1169,0,0,0.186247389101962,0.184413835242645,0.0397524873017511,1169.13,1168,0,0
"Bathyraja_hesperafricana","Bathyraja hesperafricana",14.0530084344956,11.6699182359722,6.19083612171512,1030.19,1082,0,0,0.667249657214013,0.655685443369608,0.139258234621134,1075.22,1090,0,0,0.21228260096399,0.207400236086134,0.0414065091067806,1058.43,1075,0,0
"Rhinoraja_kujiensis","Rhinoraja kujiensis",13.872820795155,12.379353792813,7.00555287833744,1030.4,1097.5,0,0,0.677052613398812,0.656946135546675,0.181503533747296,1074.17,1092.5,0,0,0.213213392798581,0.207556372509233,0.0436300091078111,1056.66,1071.5,0,0
"Bathyraja_diplotaenia","Bathyraja diplotaenia",13.5658232256655,11.9370082582228,5.48315212737487,1031.81,1119,0,0,0.700064281456782,0.654113394178927,0.30357327213908,1065.37,1088.5,0,0,0.214626184381757,0.209411300448798,0.0452063941589285,1050.53,1075.5,0,0
"Zearaja_argentinensis","Zearaja argentinensis",14.4750541761602,13.8732983088648,5.91592004167132,1032.18,1070.5,0,0,0.56131403109058,0.556174211807533,0.153678384611176,1167.62,1168,0,0,0.186275761153673,0.184578650043737,0.0400487820177122,1169.25,1168.5,0,0
"Bathyraja_spinicauda","Bathyraja spinicauda",14.1159802590898,13.1917905063153,5.96748385606697,1033.05,1070.5,0,0,0.661356372938468,0.655218276032095,0.138762326627096,1078.99,1097,0,0,0.211240321237469,0.206129593164264,0.040965890375165,1064.28,1080,0,0
"Zearaja_chilensis","Zearaja chilensis",14.4554532532239,13.6092513021747,6.07782166546238,1033.97,1080.5,0,0,0.561371833161698,0.558876737595412,0.154256221147643,1167.24,1168.5,0,0,0.186225561742649,0.184468444922122,0.0399467517539435,1168.97,1169,0,0
"Bathyraja_papilionifera","Bathyraja papilionifera",13.6857123118763,11.8319553053537,6.15873119980766,1034.05,1091,0,0,0.670767929220161,0.657435984517326,0.146373756781473,1076.34,1093,0,0,0.212965524965033,0.209998516002064,0.040879526239502,1055.9,1073,0,0
"Bathyraja_ishiharai","Bathyraja ishiharai",14.0628978497256,12.3416326546454,7.68863206875895,1034.11,1091,0,0,0.688162789039861,0.655841243637932,0.209300805076252,1069.8,1084,0,0,0.214312272891478,0.207221695186275,0.0437637292413293,1052.91,1069,0,0
"Bathyraja_eatonii","Bathyraja eatonii",13.8341867945538,12.096263339002,6.74043925189888,1034.64,1115.5,0,0,0.705000305042766,0.657339802366239,0.458732143039496,1067.78,1093,0,0,0.21413725394594,0.208565708251623,0.0475308077296959,1049.35,1070.5,0,0
"Raja_clavata","Raja clavata",14.525899740122,14.3703876930042,4.82484811487349,1039.77,1043.5,0,0,0.785303381636311,0.685088858417466,0.359783687984051,1060.3,1061,0,0,0.211551060666904,0.206614411797741,0.0540051816415044,1084.55,1097,0,0
"Raja_maderensis","Raja maderensis",14.4638126267156,14.5745181579053,4.83044577606058,1040.51,1046,0,0,0.785730422214505,0.690160969719418,0.359446206849445,1059.17,1060,0,0,0.2117491007722,0.206549984009607,0.0538595606528177,1081.24,1085.5,0,0
"Bathyraja_schroederi","Bathyraja schroederi",13.5920201849414,12.0781360465606,6.71120891666191,1042.12,1097.5,0,0,0.70847429794301,0.654396866616521,0.405780173387307,1066.92,1086,0,0,0.215116455607338,0.208461359787762,0.0494977460382579,1049.49,1073,0,0
"Zearaja_maugeana","Zearaja maugeana",14.0081798576885,13.664319360192,5.66916327757021,1046.5,1087.5,0,0,0.561536947501552,0.554998829129626,0.154023786695196,1167.1,1167,0,0,0.186206915479255,0.184306790782974,0.0397990625749547,1169.01,1168,0,0
"Mustelus_stevensi","Mustelus stevensi",14.3588380080555,15.4266431061121,4.34971938701686,1047.86,1036.5,0,0,1.55288374396558,1.6340626507059,0.633144015617972,820.47,822,0,0,0.293027324480284,0.296611389414937,0.0899164893946024,784.52,759.5,0,0
"Mustelus_ravidus","Mustelus ravidus",14.2986826385725,15.4130066596464,3.64641700197381,1048.07,1046.5,0,0,1.4370514413936,1.53506949684698,0.542119057572932,848.02,851.5,0,0,0.288335905037578,0.293478481700153,0.086116919851473,803.53,781,0,0
"Mustelus_widodoi","Mustelus widodoi",14.3017016452035,15.4130066596464,3.62115685074605,1048.17,1047.5,0,0,1.437288783636,1.53443397769969,0.542511640066452,847.72,852,0,0,0.288358864671932,0.29434153881078,0.0859894034732691,803.27,780,0,0
"Dipturus_gudgeri","Dipturus gudgeri",13.876879567667,13.788633893307,4.48068783323544,1051.72,1062.5,0,0,0.552333628094627,0.549944001539441,0.145114201074321,1179.26,1180,0,0,0.18448073453953,0.184225682071168,0.0382718683287328,1177.36,1178.5,0,0
"Mustelus_palumbes","Mustelus palumbes",14.1340131745855,14.9802169210685,3.9938661928366,1053.99,1043,0,0,1.55897584227603,1.63861400844781,0.636821402898005,817.97,819.5,0,0,0.293147209663861,0.296775941719599,0.0901346127361495,784.47,756.5,0,0
"Mustelus_asterias","Mustelus asterias",14.1158819481429,15.0455916244287,4.01402034501715,1054.53,1044,0,0,1.55873817316588,1.63436669268561,0.637244233353543,818.31,821,0,0,0.293136427086014,0.29735881391216,0.089913451955413,784.18,753.5,0,0
"Dipturus_oxyrinchus","Dipturus oxyrinchus",13.8890077050137,14.0355119965673,4.55550819871539,1054.83,1070,0,0,0.575016476956484,0.563662414905815,0.166325618462755,1153.57,1154,0,0,0.188930413212656,0.186045491169813,0.0415785223575201,1157.47,1155.5,0,0
"Dipturus_innominatus","Dipturus innominatus",13.6242076637262,13.2029574883672,4.89670678490613,1055.56,1065.5,0,0,0.55220826915715,0.548606825158238,0.145139916609904,1179.08,1180,0,0,0.184336170276635,0.183592073459754,0.0385065033982384,1179.1,1180,0,0
"Dipturus_batis","Dipturus batis",13.6809691487442,13.5244504710686,4.5504053585222,1061.01,1078,0,0,0.574897608458773,0.562656883083255,0.166004197824397,1153.51,1154.5,0,0,0.189029066806002,0.186822006292271,0.0417212335045515,1156.81,1155.5,0,0
"Mustelus_lenticulatus","Mustelus lenticulatus",13.9230238411374,14.8283271147319,3.95730340965183,1062.03,1056.5,0,0,1.55164061549712,1.63592867441857,0.631519142042222,820.71,823,0,0,0.292831943052217,0.296749454435137,0.0897326691910648,785.56,760.5,0,0
"Mustelus_antarcticus","Mustelus antarcticus",13.9213154844626,14.9339613206832,4.01013977908043,1062.72,1057.5,0,0,1.55134969154433,1.63206913366266,0.631901713057608,821.03,823,0,0,0.292835278050599,0.296587197896273,0.0896735151801002,785.15,757.5,0,0
"Insentiraja_subtilispinosa","Insentiraja subtilispinosa",13.4491541909388,13.2383463842562,3.40920467629036,1063.99,1073.5,0,0,0.901982751597027,0.852099605511012,0.273339328180891,969.85,977.5,0,0,0.2506081292871,0.239854789758786,0.061773582083334,920.26,956,0,0
"Insentiraja_laxipella","Insentiraja laxipella",13.4491541909388,13.2383463842562,3.40920467629036,1064.99,1074.5,0,0,0.902413941323079,0.853739424634102,0.273228382250989,969.22,977.5,0,0,0.250435214263495,0.240786241931465,0.0614453018530647,920.64,959.5,0,0
"Brochiraja_spinifera","Brochiraja spinifera",13.2664220452209,12.9054095280889,2.3532234209235,1066.96,1077,0,0,0.975419908291118,0.903184207963301,0.326947184397424,943.82,945.5,0,0,0.259442535402739,0.245588971130962,0.0669056869836694,887.64,915.5,0,0
"Potamotrygon_motoro","Potamotrygon motoro",13.1297613495465,12.9980865290572,2.49521204512975,1072.95,1084.5,0,0,1.27634346789112,1.26550881053324,0.247848772699119,842.55,886,0,0,0.267807876406708,0.262977136338099,0.0497557353253049,858.67,891,0,0
"Brochiraja_asperula","Brochiraja asperula",13.073906182332,13.0294345649818,2.46108155210457,1074.46,1078.5,0,0,0.975156457238832,0.902227165209572,0.327796934575836,944.41,947,0,0,0.259464252739842,0.246654974238438,0.066712871743324,887.08,917.5,0,0
"Bathyraja_brachyurops","Bathyraja brachyurops",12.5798182848677,12.5307838576125,2.81894223551572,1084.75,1097.5,0,0,0.660326528998337,0.658245429362939,0.125227177181402,1078.01,1094,0,0,0.211481705627421,0.20749929128694,0.0393248999144848,1058.66,1069,0,0
"Potamotrygon_orbignyi","Potamotrygon orbignyi",12.692634471266,12.9086566088281,2.40763410913842,1084.83,1098,0,0,1.27488034969469,1.26362950498209,0.247507647859553,844.07,887.5,0,0,0.267589887067736,0.262165157081686,0.049640027456353,860.21,893,0,0
"Potamotrygon_castexi","Potamotrygon castexi",12.5662182189076,12.50528936978,2.37524424804706,1088.82,1099,0,0,1.2749576988234,1.26398133940344,0.247409841270801,843.78,886,0,0,0.267683626679978,0.263417271647167,0.0496377119686159,859.32,886,0,0
"Rhinoraja_magellanica","Rhinoraja magellanica",12.3042155973993,11.9756795606358,3.00939277722682,1089.62,1102,0,0,0.660332659815549,0.658048236109116,0.125290171172311,1078.03,1092.5,0,0,0.211527549522675,0.207429984744858,0.0394902709309641,1058.7,1071,0,0
"Bathyraja_irrasa","Bathyraja irrasa",11.7846287083518,11.5324985480726,2.56358417595822,1100.32,1130,0,0,0.657642112913929,0.646865593232395,0.124898205016731,1081.88,1096,0,0,0.210982092864936,0.208049242086169,0.039108024379889,1063.94,1077,0,0
"Rhinoraja_murrayi","Rhinoraja murrayi",11.5938408646941,11.6409835810742,2.59937767131002,1102.98,1130,0,0,0.65732410151348,0.64717329449623,0.124594259663491,1082.22,1095,0,0,0.211004484444372,0.209543979142787,0.039185312296529,1063.58,1074,0,0
"Dipturus_trachydermus","Dipturus trachydermus",11.6119754964051,11.2941712739948,3.56419992878166,1116.83,1126.5,0,0,0.561133171336334,0.557471394321055,0.152743682674723,1166.49,1166,0,0,0.186364634855826,0.184705178956176,0.0398049225799031,1168.37,1167,0,0
"Dipturus_leptocaudus","Dipturus leptocaudus",11.6093446529767,11.2941712739948,3.56723052998441,1117.04,1126,0,0,0.561160143074996,0.557701746317065,0.152801460933787,1166.54,1167,0,0,0.186376877189889,0.184884883693524,0.0398330002274046,1168.4,1168,0,0
"Bathyraja_smirnovi","Bathyraja smirnovi",10.8908168048939,10.8270812589664,2.83551512349388,1121.87,1145.5,0,0,0.6588389613945,0.658516910549447,0.127577399596101,1082.58,1098.5,0,0,0.21097329407896,0.208619714411431,0.0396205197954226,1065.69,1081.5,0,0
"Bathyraja_parmifera","Bathyraja parmifera",10.9516173869342,10.952690378642,2.85997790856485,1121.99,1139.5,0,0,0.658606227291905,0.656832320625236,0.127836323246532,1083.14,1099.5,0,0,0.211057493621596,0.209260180185125,0.0394844796372351,1064.37,1079,0,0
"Notoraja_lira","Notoraja lira",10.9505286345115,10.788162560544,3.07243835768393,1122.06,1144.5,0,0,0.890530122195352,0.84458066248559,0.263617225001686,977.99,989,0,0,0.248778991705898,0.2395371097928,0.0601098966664604,928.11,964,0,0
"Notoraja_alisae","Notoraja alisae",10.9846273353503,10.398284400678,3.42490894422759,1125.21,1140,0,0,0.891177359608067,0.844671748442681,0.266068836824658,977.6,986.5,0,0,0.248881159684459,0.238802481519963,0.0604484253795295,927.97,965.5,0,0
"Notoraja_inusitata","Notoraja inusitata",10.7769253012988,10.1718801845917,3.13422610488684,1126.73,1145,0,0,0.89029306870308,0.84566880487736,0.264599482420474,977.99,986,0,0,0.248579561579459,0.238421249007564,0.0602642424844887,929.14,965.5,0,0
"Notoraja_tobitukai","Notoraja tobitukai",10.8036616194516,10.412353444028,3.00698669829773,1127.2,1147.5,0,0,0.890761894456718,0.84652078967231,0.264557352490715,977.64,985.5,0,0,0.248743688450767,0.238209002264613,0.0604898567363955,928.55,965.5,0,0
"Notoraja_fijiensis","Notoraja fijiensis",10.7636675043202,10.3095149310778,3.3584703560076,1127.42,1146.5,0,0,0.890185315009286,0.850935459112003,0.262774975188038,978.7,989,0,0,0.2486988402037,0.238059637412528,0.0600806317453525,928.01,966.5,0,0
"Notoraja_ochroderma","Notoraja ochroderma",10.7944031174946,10.0387844254962,3.23770670141931,1128.81,1146.5,0,0,0.890275701045641,0.84762157238617,0.263358717973609,978.32,987,0,0,0.248845186514782,0.239434064990962,0.0602695910456823,927.72,968,0,0
"Amblyraja_doellojuradoi","Amblyraja doellojuradoi",11.2404835370125,11.5376649626644,2.97206300101946,1128.84,1129,0,0,0.803017748690161,0.798325256483099,0.283459336125315,1044.55,1040,0,0,0.221012289036622,0.2182561836494,0.05426158510036,1042.12,1037,0,0
"Notoraja_sapphira","Notoraja sapphira",10.5902387038102,9.84499527452849,3.14512828287669,1130.41,1155.5,0,0,0.889681190910544,0.846056374112904,0.263719854525459,979.36,990,0,0,0.248801800850094,0.238108208780022,0.060107140593626,927.24,967.5,0,0
"Notoraja_longiventralis","Notoraja longiventralis",10.5574165256538,10.0885181748647,2.88626054422913,1130.76,1149.5,0,0,0.889626021163344,0.846603299109117,0.263042464273603,977.96,989,0,0,0.248401659583195,0.237404793062468,0.0600063163543551,930.46,965.5,0,0
"Rhinoraja_macloviana","Rhinoraja macloviana",10.3173497696715,10.1195288115578,2.55935810753285,1134.32,1149.5,0,0,0.658619289301645,0.650589146322161,0.132646600177371,1084.12,1100,0,0,0.21073330942933,0.206758995046406,0.0405713607102268,1069.04,1088,0,0
"Rhinoraja_albomaculata","Rhinoraja albomaculata",10.3010184108528,10.0954367202702,2.56251185853566,1134.77,1152.5,0,0,0.658627529238325,0.650423291585351,0.132539200185098,1084.15,1100.5,0,0,0.210692098547677,0.206668417496802,0.0407280428492465,1070.13,1088.5,0,0
"Notoraja_azurea","Notoraja azurea",10.3932892798149,9.74231552901729,2.92545563359375,1135.65,1148.5,0,0,0.889867628940038,0.844031878424105,0.263292067880735,978.36,989.5,0,0,0.248689733577141,0.23909175344911,0.0599597411562595,928.28,965.5,0,0
"Notoraja_sticta","Notoraja sticta",10.5195672347544,10.0963505774737,3.15148332612011,1135.87,1156,0,0,0.88951757231663,0.849945617861821,0.263340315723228,978.82,986,0,0,0.248762081518153,0.239856969055444,0.0602354821327153,928.16,968,0,0
"Dipturus_macrocauda","Dipturus macrocauda",10.6797816284967,10.1902497978647,3.60101977372412,1137.28,1150,0,0,0.554774187042392,0.550773824827419,0.147321270853394,1176.27,1176.5,0,0,0.184922163777989,0.183328040281876,0.0383461611221932,1174.05,1174,0,0
"Dipturus_tengu","Dipturus tengu",10.678639961424,10.1902497978647,3.60185831699625,1137.41,1150,0,0,0.554785738680602,0.550821210673885,0.147347025690831,1176,1177,0,0,0.184972356630874,0.183246741006455,0.0383437515029398,1173.52,1173,0,0
"Dipturus_australis","Dipturus australis",10.4742034855027,10.3904422095064,3.18475770184169,1137.79,1146,0,0,0.548436834185812,0.54658918262872,0.142151457194749,1184.75,1187,0,0,0.183537460615864,0.182329071434824,0.0376250958626776,1181.35,1182.5,0,0
"Bathyraja_lindbergi","Bathyraja lindbergi",10.0930068942478,9.62669145312738,2.6091187116293,1138.6,1157.5,0,0,0.658740056152028,0.658257531327229,0.124332097381055,1079.95,1095,0,0,0.211194629402779,0.208433051903635,0.0390887788330944,1063.06,1075,0,0
"Bathyraja_maculata","Bathyraja maculata",10.07721706904,9.6215254076832,2.62719143331153,1138.78,1158,0,0,0.658555648752341,0.65811353969774,0.124263657236598,1080.36,1094.5,0,0,0.211152597985069,0.208346605269762,0.03912980294281,1063.18,1077,0,0
"Notoraja_hirticauda","Notoraja hirticauda",10.2600087529415,9.82787856648078,2.96720637018776,1139.35,1154,0,0,0.890174651672168,0.845530554495906,0.265071563629223,978.8,991,0,0,0.249040543839688,0.239227707144609,0.0606803139936038,927.26,963.5,0,0
"Rhinoraja_taranetzi","Rhinoraja taranetzi",10.1384590400475,10.1052138484292,2.40365155011929,1142.85,1151,0,0,0.655260540003871,0.651400329696945,0.133123640214467,1090.11,1106.5,0,0,0.210472694027481,0.205934159007358,0.0403041290826005,1069.89,1087.5,0,0
"Dentiraja_lemprieri","Dentiraja lemprieri",9.22530285907222,9.46193314620631,2.72415996677409,1161.84,1167,0,0,0.548550325017642,0.546022225942263,0.142115225058055,1184.66,1186,0,0,0.18352380379541,0.1829587391568,0.0376665602520204,1182.16,1183,0,0
"Dentiraja_flindersi","Dentiraja flindersi",9.22530285907222,9.46193314620631,2.72415996677409,1162.84,1168,0,0,0.548610396341398,0.545751535712122,0.141844517113083,1183.89,1186,0,0,0.18355129104677,0.183465850127581,0.0376866661844,1182.07,1184,0,0
"Dipturus_cerva","Dipturus cerva",9.21587206015858,9.79588523545188,2.40912221157069,1163.85,1165,0,0,0.548165693713071,0.546047287767106,0.141807436645063,1185.78,1188,0,0,0.183738264230723,0.182027120390285,0.0376365303427218,1180.38,1182.5,0,0
"Dipturus_confusus","Dipturus confusus",9.17914713358734,9.63699425674837,2.32588607245279,1163.9,1166,0,0,0.548466340310393,0.545508296665949,0.141879177064372,1184.81,1186.5,0,0,0.183502807710466,0.181927080432408,0.0376542272624486,1182.12,1183.5,0,0
"Amblyraja_jenseni","Amblyraja jenseni",8.96689426693627,8.95542948237865,2.25053129407344,1168.77,1170.5,0,0,0.800080677713429,0.797966192144911,0.280431599840841,1047.87,1042.5,0,0,0.220756704492691,0.217831773494627,0.0540485603655348,1043.64,1038.5,0,0
"Amblyraja_hyperborea","Amblyraja hyperborea",8.99890098014986,8.98550863347406,2.22374602880098,1168.82,1170,0,0,0.800131653438902,0.797940459325255,0.280356936929401,1047.44,1043,0,0,0.22067163018156,0.218228125934933,0.0540739109797657,1043.76,1039.5,0,0
"Amblyraja_badia","Amblyraja badia",8.97018878081085,9.09112979773745,2.3095600665849,1169.27,1171,0,0,0.800388360662754,0.797678383438464,0.280533166190616,1047.17,1043.5,0,0,0.220726317662132,0.217314072812816,0.0540921017448238,1043.46,1040,0,0
"Bathyraja_mariposa","Bathyraja mariposa",7.46188254008963,7.44802457963164,1.59883844121611,1182.28,1187.5,0,0,0.654188508120964,0.650549985717447,0.132073050630044,1092.79,1112.5,0,0,0.210151292143651,0.205016553098073,0.0400110066850326,1071.59,1084,0,0
"Bathyraja_violacea","Bathyraja violacea",7.44713524886756,7.43979844457976,1.66928884147703,1182.45,1186.5,0,0,0.654288811266705,0.649813283964233,0.132206111897264,1092.46,1108,0,0,0.210103959114904,0.204816882929698,0.0400122956874955,1072.66,1089,0,0
"Bathyraja_kincaidii","Bathyraja kincaidii",7.40877513437417,7.43910822182832,1.63172089809156,1182.85,1186.5,0,0,0.65412988772162,0.65040073637952,0.132076808165765,1092.82,1108,0,0,0.210069991608217,0.20523305508843,0.0399692219413077,1072.81,1090.5,0,0
