"species","Rank","species_tree.x","ED_github","Rank_rho001","species_tree.y","EvoHeritage_rho001","Ancestral_EvoHeritage","rank_change"
"Acroteriobatus annulatus",233,"Acroteriobatus_annulatus",45.0618753655774,164,"Acroteriobatus_annulatus",40.6125003842665,106.221829086205,-69
"Acroteriobatus blochii",366,"Acroteriobatus_blochii",37.7259278145774,336,"Acroteriobatus_blochii",32.1799849547519,102.784373991852,-30
"Acroteriobatus leucospilus",103,"Acroteriobatus_leucospilus",58.566417482125,99,"Acroteriobatus_leucospilus",47.6099431641286,102.907741852831,-4
"Acroteriobatus ocellatus",310,"Acroteriobatus_ocellatus",40.4846937776553,311,"Acroteriobatus_ocellatus",33.3729470495343,95.3019222412203,1
"Acroteriobatus salalah",229,"Acroteriobatus_salalah",45.2721415009887,219,"Acroteriobatus_salalah",37.9633766548762,101.903719966817,-10
"Acroteriobatus variegatus",661,"Acroteriobatus_variegatus",26.6952710872107,722,"Acroteriobatus_variegatus",21.1247125266623,104.878261400323,61
"Acroteriobatus zanzibarensis",330,"Acroteriobatus_zanzibarensis",39.4641585141553,321,"Acroteriobatus_zanzibarensis",32.9763339040229,99.4351710888018,-9
"Aculeola nigra",301,"Aculeola_nigra",40.7351295470056,180,"Aculeola_nigra",39.5226200133695,105.519977156092,-121
"Aetobatus flagellum",41,"Aetobatus_flagellum",82.5191407171089,41,"Aetobatus_flagellum",60.2107375365123,100.568408544886,0
"Aetobatus narinari",42,"Aetobatus_narinari",82.5191407171089,31,"Aetobatus_narinari",63.0766158617664,102.543281558392,-11
"Aetomylaeus maculatus",96,"Aetomylaeus_maculatus",60.6993941181752,79,"Aetomylaeus_maculatus",50.796834621064,94.905090304708,-17
"Aetomylaeus nichofii",165,"Aetomylaeus_nichofii",49.9572173081752,122,"Aetomylaeus_nichofii",44.2939800038214,99.9578285848737,-43
"Aetomylaeus vespertilio",37,"Aetomylaeus_vespertilio",84.0944656756753,38,"Aetomylaeus_vespertilio",60.6936409928499,94.6513766410604,1
"Alopias pelagicus",28,"Alopias_pelagicus",91.3227227874443,26,"Alopias_pelagicus",66.5294509819062,98.1709140527525,-2
"Alopias superciliosus",10,"Alopias_superciliosus",108.130378747778,17,"Alopias_superciliosus",72.0411874225195,96.2136675937146,7
"Alopias vulpinus",27,"Alopias_vulpinus",91.3227227874443,29,"Alopias_vulpinus",65.3296686004739,96.9371998035759,2
"Amblyraja badia",1188,"Amblyraja_badia",7.64298999876906,1188,"Amblyraja_badia",6.39911256280563,95.1363623627031,0
"Amblyraja doellojuradoi",1159,"Amblyraja_doellojuradoi",10.1692071482291,1164,"Amblyraja_doellojuradoi",8.87344031799886,95.6475901725483,5
"Amblyraja frerichsi",1158,"Amblyraja_frerichsi",10.1692071482291,1159,"Amblyraja_frerichsi",9.04156360852539,97.4499078401248,1
"Amblyraja georgiana",1155,"Amblyraja_georgiana",10.1999873943957,1153,"Amblyraja_georgiana",9.2116464172276,99.9104774487133,-2
"Amblyraja hyperborea",1186,"Amblyraja_hyperborea",8.36793977472906,1186,"Amblyraja_hyperborea",7.1152990519142,95.7340098362585,0
"Amblyraja jenseni",1187,"Amblyraja_jenseni",7.64298999876906,1187,"Amblyraja_jenseni",6.41050631756409,95.0412391915214,0
"Amblyraja radiata",878,"Amblyraja_radiata",19.7741454624652,821,"Amblyraja_radiata",18.8902968555912,99.9827181798492,-57
"Amblyraja reversa",1185,"Amblyraja_reversa",8.36793977472906,1185,"Amblyraja_reversa",7.15553374161629,95.6060343873082,0
"Amblyraja robertsi",964,"Amblyraja_robertsi",17.4047814350207,923,"Amblyraja_robertsi",16.390758855479,100.934885518219,-41
"Amblyraja taaf",1154,"Amblyraja_taaf",10.1999873943957,1157,"Amblyraja_taaf",9.13549867700477,98.675207557709,3
"Anacanthobatis americanus",773,"Anacanthobatis_americanus",23.0658705340149,746,"Anacanthobatis_americanus",20.6226677015495,104.679748972388,-27
"Anacanthobatis donghaiensis",716,"Anacanthobatis_donghaiensis",24.7421133528482,686,"Anacanthobatis_donghaiensis",21.9706913248931,101.441977422535,-30
"Anacanthobatis folirostris",609,"Anacanthobatis_folirostris",28.3830796588982,596,"Anacanthobatis_folirostris",24.7520018943133,99.1321320821189,-13
"Anacanthobatis longirostris",321,"Anacanthobatis_longirostris",40.0167796074697,233,"Anacanthobatis_longirostris",37.3877869637309,97.559952929379,-88
"Anacanthobatis marmoratus",844,"Anacanthobatis_marmoratus",20.7144288378482,861,"Anacanthobatis_marmoratus",17.9882069151173,102.376820935978,17
"Anacanthobatis nanhaiensis",843,"Anacanthobatis_nanhaiensis",20.7144288378482,857,"Anacanthobatis_nanhaiensis",18.0346211291785,98.722666436155,14
"Anacanthobatis ori",772,"Anacanthobatis_ori",23.0658705340149,759,"Anacanthobatis_ori",20.4117894085828,102.144771283178,-13
"Anacanthobatis stenosoma",681,"Anacanthobatis_stenosoma",26.1600169915149,671,"Anacanthobatis_stenosoma",22.6300884498856,102.162440623048,-10
"Anoxypristis cuspidata",6,"Anoxypristis_cuspidata",125.9208433425,6,"Anoxypristis_cuspidata",76.2926669389166,101.003306409318,0
"Apristurus albisoma",939,"Apristurus_albisoma",18.1792586945153,950,"Apristurus_albisoma",15.7860431826834,95.834965436961,11
"Apristurus ampliceps",956,"Apristurus_ampliceps",17.650799607307,940,"Apristurus_ampliceps",16.0464197327612,101.203214570502,-16
"Apristurus aphyodes",958,"Apristurus_aphyodes",17.6372722441737,930,"Apristurus_aphyodes",16.2611964753748,102.051568855597,-28
"Apristurus australis",457,"Apristurus_australis",33.2053067463012,457,"Apristurus_australis",28.1905981405446,96.519664700864,0
"Apristurus brunneus",616,"Apristurus_brunneus",28.1010479873481,573,"Apristurus_brunneus",25.3933513467227,103.149442731553,-43
"Apristurus bucephalus",940,"Apristurus_bucephalus",18.1792586945153,935,"Apristurus_bucephalus",16.1832608331516,96.4740171571566,-5
"Apristurus canutus",56,"Apristurus_canutus",73.4275560920478,71,"Apristurus_canutus",53.6247857711495,101.482457296624,15
"Apristurus exsanguis",107,"Apristurus_exsanguis",58.4361173975862,98,"Apristurus_exsanguis",47.7067130685899,104.476961287806,-9
"Apristurus fedorovi",1014,"Apristurus_fedorovi",16.156485841007,986,"Apristurus_fedorovi",14.680026873846,100.992459182442,-28
"Apristurus gibbosus",456,"Apristurus_gibbosus",33.2053077463012,395,"Apristurus_gibbosus",29.9773893313944,99.0137756716673,-61
"Apristurus herklotsi",578,"Apristurus_herklotsi",29.4258290284196,539,"Apristurus_herklotsi",26.1834000926495,102.726474169856,-39
"Apristurus indicus",1013,"Apristurus_indicus",16.156485841007,1002,"Apristurus_indicus",14.347597217487,101.739806477778,-11
"Apristurus internatus",354,"Apristurus_internatus",38.1003749055862,291,"Apristurus_internatus",34.3275617140258,104.204645062426,-63
"Apristurus investigatoris",247,"Apristurus_investigatoris",44.5527780326345,212,"Apristurus_investigatoris",38.2618210522932,94.1453939281179,-35
"Apristurus japonicus",388,"Apristurus_japonicus",36.5144406350148,328,"Apristurus_japonicus",32.6505259989458,104.551481645719,-60
"Apristurus kampae",883,"Apristurus_kampae",19.643371686507,850,"Apristurus_kampae",18.1441416394203,104.603002832727,-33
"Apristurus laurussonii",515,"Apristurus_laurussonii",31.1255909458481,494,"Apristurus_laurussonii",27.3905184196614,103.879047325295,-21
"Apristurus longicephalus",470,"Apristurus_longicephalus",32.8049364533012,461,"Apristurus_longicephalus",28.0820974846441,100.705005796769,-9
"Apristurus macrorhynchus",387,"Apristurus_macrorhynchus",36.5216387600862,307,"Apristurus_macrorhynchus",33.658931432082,101.747960215439,-80
"Apristurus macrostomus",849,"Apristurus_macrostomus",20.5852785565153,832,"Apristurus_macrostomus",18.5834317670584,97.6909963901286,-17
"Apristurus manis",1058,"Apristurus_manis",14.715066344107,1066,"Apristurus_manis",12.9077118159564,99.802878418447,8
"Apristurus melanoasper",828,"Apristurus_melanoasper",21.2205697841815,837,"Apristurus_melanoasper",18.5218657278805,102.779607453102,9
"Apristurus microps",1059,"Apristurus_microps",14.715066344107,1059,"Apristurus_microps",13.0557666129578,100.439125348035,0
"Apristurus micropterygeus",579,"Apristurus_micropterygeus",29.4258290284196,570,"Apristurus_micropterygeus",25.512347670829,103.378200119193,-9
"Apristurus nasutus",469,"Apristurus_nasutus",32.8049374533012,406,"Apristurus_nasutus",29.5925160773755,102.973985300648,-63
"Apristurus parvipinnis",957,"Apristurus_parvipinnis",17.6372722441737,953,"Apristurus_parvipinnis",15.7564687400201,102.428732432228,-4
"Apristurus pinguis",636,"Apristurus_pinguis",27.2900424645759,618,"Apristurus_pinguis",24.1076159661342,95.677196289654,-18
"Apristurus platyrhynchus",829,"Apristurus_platyrhynchus",21.1238575347815,814,"Apristurus_platyrhynchus",19.1165650960029,101.084605821758,-15
"Apristurus profundorum",637,"Apristurus_profundorum",27.2900424645759,599,"Apristurus_profundorum",24.6813422653845,98.5710093084853,-38
"Apristurus riveri",492,"Apristurus_riveri",31.8518284046345,459,"Apristurus_riveri",28.1332250857324,96.3075208610826,-33
"Apristurus saldanha",40,"Apristurus_saldanha",82.9052859213335,48,"Apristurus_saldanha",58.2771313229687,102.737474655454,8
"Apristurus sibogae",615,"Apristurus_sibogae",28.1010479873481,580,"Apristurus_sibogae",25.1473371127592,102.580073183006,-35
"Apristurus sinensis",830,"Apristurus_sinensis",21.1238575347815,833,"Apristurus_sinensis",18.5588482361129,101.372703393109,3
"Apristurus spongiceps",516,"Apristurus_spongiceps",30.9887851274196,520,"Apristurus_spongiceps",26.8016613571332,102.613548686936,4
"Apristurus stenseni",491,"Apristurus_stenseni",31.8518284046345,435,"Apristurus_stenseni",28.7809192818876,97.8070314547734,-56
"Aptychotrema rostrata",100,"Aptychotrema_rostrata",60.2571069563372,207,"Aptychotrema_rostrata",38.4599647292591,101.537658407327,107
"Aptychotrema timorensis",99,"Aptychotrema_timorensis",60.2571069563372,197,"Aptychotrema_timorensis",38.8705368392509,102.221032732914,98
"Aptychotrema vincentiana",55,"Aptychotrema_vincentiana",74.4174995403372,42,"Aptychotrema_vincentiana",59.9146124807202,108.337987939394,-13
"Arhynchobatis asperrimus",640,"Arhynchobatis_asperrimus",27.2677503063219,645,"Arhynchobatis_asperrimus",23.3028389866444,104.177377968322,5
"Asymbolus analis",961,"Asymbolus_analis",17.5198474527874,972,"Asymbolus_analis",15.2734738215959,106.353498777005,11
"Asymbolus funebris",276,"Asymbolus_funebris",42.2738170997696,239,"Asymbolus_funebris",37.0862647721982,103.82447762114,-37
"Asymbolus galacticus",423,"Asymbolus_galacticus",34.7463413097874,382,"Asymbolus_galacticus",30.392308865233,104.562821204104,-41
"Asymbolus occiduus",970,"Asymbolus_occiduus",17.2395797631208,997,"Asymbolus_occiduus",14.4719856414781,104.501634683,27
"Asymbolus pallidus",383,"Asymbolus_pallidus",36.9044834006446,326,"Asymbolus_pallidus",32.8244020291064,108.498164628839,-57
"Asymbolus parvus",980,"Asymbolus_parvus",17.0218579551208,1007,"Asymbolus_parvus",14.2658581944835,105.802850660863,27
"Asymbolus rubiginosus",993,"Asymbolus_rubiginosus",16.5087598782874,1020,"Asymbolus_rubiginosus",13.913529482065,105.692958545696,27
"Asymbolus submaculatus",992,"Asymbolus_submaculatus",16.5087598782874,1034,"Asymbolus_submaculatus",13.6827156129252,104.554673921677,42
"Asymbolus vincenti",979,"Asymbolus_vincenti",17.0218579551208,998,"Asymbolus_vincenti",14.4282020272568,106.342738872713,19
"Atelomycterus baliensis",136,"Atelomycterus_baliensis",53.5882789284473,118,"Atelomycterus_baliensis",44.6160298342997,99.4486747722514,-18
"Atelomycterus fasciatus",339,"Atelomycterus_fasciatus",38.9450633097807,431,"Atelomycterus_fasciatus",28.8871004536174,98.5068860427552,92
"Atelomycterus macleayi",340,"Atelomycterus_macleayi",38.9450633097807,432,"Atelomycterus_macleayi",28.831925586141,96.746590179605,92
"Atelomycterus marmoratus",137,"Atelomycterus_marmoratus",53.5882789284473,134,"Atelomycterus_marmoratus",42.917666037916,96.5615013805022,-3
"Atelomycterus marnkalha",322,"Atelomycterus_marnkalha",39.7938626417807,410,"Atelomycterus_marnkalha",29.494790326071,97.4080161648716,88
"Atlantoraja castelnaui",434,"Atlantoraja_castelnaui",34.0869358828146,392,"Atlantoraja_castelnaui",30.0404989390452,98.14062406978,-42
"Atlantoraja cyclophora",591,"Atlantoraja_cyclophora",29.0579606128146,532,"Atlantoraja_cyclophora",26.3598977014205,94.6759135225008,-59
"Atlantoraja platana",590,"Atlantoraja_platana",29.0579606128146,521,"Atlantoraja_platana",26.7535162262343,100.545750828791,-69
"Aulohalaelurus kanakorum",184,"Aulohalaelurus_kanakorum",48.9269401454473,266,"Aulohalaelurus_kanakorum",35.5594310555932,95.7735143056553,82
"Aulohalaelurus labiosus",183,"Aulohalaelurus_labiosus",48.9269401454473,273,"Aulohalaelurus_labiosus",35.3611343208428,96.8923179451963,90
"Bathyraja abyssicola",924,"Bathyraja_abyssicola",18.4966864866754,898,"Bathyraja_abyssicola",16.947650420581,99.622012863062,-26
"Bathyraja aguja",1190,"Bathyraja_aguja",7.02447333507801,1190,"Bathyraja_aguja",6.1128078830807,102.007234162246,0
"Bathyraja aleutica",990,"Bathyraja_aleutica",16.6573622676649,971,"Bathyraja_aleutica",15.3177861039928,96.8760285318312,-19
"Bathyraja andriashevi",707,"Bathyraja_andriashevi",25.0688231833328,646,"Bathyraja_andriashevi",23.2930248302598,96.3791948666268,-61
"Bathyraja bergi",903,"Bathyraja_bergi",19.1591926663649,884,"Bathyraja_bergi",17.4091352952135,99.2087534847841,-19
"Bathyraja brachyurops",1177,"Bathyraja_brachyurops",8.90898481224944,1178,"Bathyraja_brachyurops",7.99787246977277,102.39597472636,1
"Bathyraja cousseauae",1173,"Bathyraja_cousseauae",9.13870604747722,1170,"Bathyraja_cousseauae",8.41678038615872,102.952600417206,-3
"Bathyraja diplotaenia",1178,"Bathyraja_diplotaenia",8.90898281224944,1177,"Bathyraja_diplotaenia",8.01404326862614,103.086701272166,-1
"Bathyraja eatonii",1126,"Bathyraja_eatonii",11.8301482813315,1116,"Bathyraja_eatonii",11.0603068753819,102.602540009325,-10
"Bathyraja fedorovi",1174,"Bathyraja_fedorovi",9.13870504747722,1172,"Bathyraja_fedorovi",8.3478943010685,103.804545215409,-2
"Bathyraja griseocauda",819,"Bathyraja_griseocauda",21.601073565178,787,"Bathyraja_griseocauda",19.7088148486614,101.138231067274,-32
"Bathyraja hesperafricana",786,"Bathyraja_hesperafricana",22.6648780532899,764,"Bathyraja_hesperafricana",20.2529002349041,102.775870416723,-22
"Bathyraja irrasa",1175,"Bathyraja_irrasa",9.11266157374944,1175,"Bathyraja_irrasa",8.16231783816577,101.806003195622,0
"Bathyraja ishiharai",796,"Bathyraja_ishiharai",22.35510353383,754,"Bathyraja_ishiharai",20.4578663113481,100.361568063737,-42
"Bathyraja isotrachys",991,"Bathyraja_isotrachys",16.6573612676649,970,"Bathyraja_isotrachys",15.359793492325,101.740704087041,-21
"Bathyraja kincaidii",1191,"Bathyraja_kincaidii",6.77024973232801,1192,"Bathyraja_kincaidii",5.8715991912619,100.914732165859,1
"Bathyraja leucomelanos",1079,"Bathyraja_leucomelanos",13.9784908708447,1076,"Bathyraja_leucomelanos",12.7452626099177,100.407121751172,-3
"Bathyraja lindbergi",1124,"Bathyraja_lindbergi",11.87753348833,1120,"Bathyraja_lindbergi",10.8122409774618,100.462563125225,-4
"Bathyraja longicauda",1144,"Bathyraja_longicauda",10.9140592194772,1135,"Bathyraja_longicauda",10.2404584273334,103.593119440897,-9
"Bathyraja maccaini",1133,"Bathyraja_maccaini",11.5367534725649,1132,"Bathyraja_maccaini",10.3472935409237,100.351028965159,-1
"Bathyraja maculata",1123,"Bathyraja_maculata",11.87753348833,1126,"Bathyraja_maculata",10.5209789303975,99.8491312215698,3
"Bathyraja mariposa",1189,"Bathyraja_mariposa",7.02447533507801,1189,"Bathyraja_mariposa",6.14029184605854,101.700930575615,0
"Bathyraja matsubarai",1182,"Bathyraja_matsubarai",8.74866876717801,1174,"Bathyraja_matsubarai",8.16841115098487,101.997688198792,-8
"Bathyraja meridionalis",1106,"Bathyraja_meridionalis",12.8964858547494,1101,"Bathyraja_meridionalis",11.9233606751784,103.440063581188,-5
"Bathyraja microtrachys",1061,"Bathyraja_microtrachys",14.6277984218315,1041,"Bathyraja_microtrachys",13.5399803206827,101.563809807059,-20
"Bathyraja minispinosa",1153,"Bathyraja_minispinosa",10.2055735314772,1148,"Bathyraja_minispinosa",9.42630802442832,100.521293082929,-5
"Bathyraja notoroensis",835,"Bathyraja_notoroensis",20.8136919439994,808,"Bathyraja_notoroensis",19.1783778147326,102.883771762703,-27
"Bathyraja pallida",1082,"Bathyraja_pallida",13.9382774994994,1067,"Bathyraja_pallida",12.8970198040031,101.224046194119,-15
"Bathyraja panthera",1168,"Bathyraja_panthera",9.52286204824944,1169,"Bathyraja_panthera",8.54608375290209,101.410659459841,1
"Bathyraja papilionifera",1176,"Bathyraja_papilionifera",9.11266057374944,1173,"Bathyraja_papilionifera",8.28605051815927,100.308452516347,-3
"Bathyraja parmifera",1165,"Bathyraja_parmifera",9.67617636769944,1163,"Bathyraja_parmifera",8.9650154965092,100.718838749653,-2
"Bathyraja peruana",1170,"Bathyraja_peruana",9.41679412547722,1168,"Bathyraja_peruana",8.63026471971074,101.52528351373,-2
"Bathyraja richardsoni",621,"Bathyraja_richardsoni",27.9368143238447,597,"Bathyraja_richardsoni",24.7203414884135,101.939412443632,-24
"Bathyraja scaphiops",1051,"Bathyraja_scaphiops",15.0230492567494,1006,"Bathyraja_scaphiops",14.2758901111309,98.9958094731101,-45
"Bathyraja schroederi",1095,"Bathyraja_schroederi",13.5492317176106,1088,"Bathyraja_schroederi",12.5072457147853,102.67499345843,-7
"Bathyraja shuntovi",1057,"Bathyraja_shuntovi",14.8177589006994,1035,"Bathyraja_shuntovi",13.6783610412824,103.341684354873,-22
"Bathyraja simoterus",950,"Bathyraja_simoterus",17.7262064619994,941,"Bathyraja_simoterus",16.0409493162189,101.717900686237,-9
"Bathyraja smirnovi",1183,"Bathyraja_smirnovi",8.70443259219944,1184,"Bathyraja_smirnovi",7.73291787249209,98.7716797383166,1
"Bathyraja smithii",955,"Bathyraja_smithii",17.6553324838447,938,"Bathyraja_smithii",16.1321460546575,101.787032919314,-17
"Bathyraja spinicauda",1125,"Bathyraja_spinicauda",11.8301492813315,1118,"Bathyraja_spinicauda",10.971334757051,102.12236823615,-7
"Bathyraja spinosissima",797,"Bathyraja_spinosissima",22.35510353383,760,"Bathyraja_spinosissima",20.3738132828853,99.5597575538837,-37
"Bathyraja trachouros",1080,"Bathyraja_trachouros",13.9784908708447,1069,"Bathyraja_trachouros",12.8875672604584,100.052211179649,-11
"Bathyraja trachura",925,"Bathyraja_trachura",18.4966864866754,890,"Bathyraja_trachura",17.2544632492908,102.128866556994,-35
"Bathyraja tunae",1169,"Bathyraja_tunae",9.41679412547722,1166,"Bathyraja_tunae",8.70794004714017,102.623974299657,-3
"Bathyraja tzinovskii",951,"Bathyraja_tzinovskii",17.7262064619994,917,"Bathyraja_tzinovskii",16.4728632673163,100.70672781414,-34
"Bathyraja violacea",1192,"Bathyraja_violacea",6.77024973232801,1191,"Bathyraja_violacea",5.87859474036653,101.591853473307,-1
"Benthobatis kreffti",495,"Benthobatis_kreffti",31.7614276418941,557,"Benthobatis_kreffti",25.7790806520888,97.1199150380037,62
"Benthobatis marcida",148,"Benthobatis_marcida",51.8967398842274,109,"Benthobatis_marcida",45.8656291315497,100.460386102339,-39
"Benthobatis moresbyi",372,"Benthobatis_moresbyi",37.3413307308941,379,"Benthobatis_moresbyi",30.622239974509,96.2197648914861,7
"Benthobatis yangi",496,"Benthobatis_yangi",31.7614276418941,575,"Benthobatis_yangi",25.3442677610022,96.1187101572416,79
"Beringraja binoculata",462,"Beringraja_binoculata",33.0971609343492,400,"Beringraja_binoculata",29.7610805073816,98.4652749915922,-62
"Beringraja pulchra",463,"Beringraja_pulchra",33.0971609343492,413,"Beringraja_pulchra",29.3999009328942,100.197508716124,-50
"Brachaelurus colcloughi",13,"Brachaelurus_colcloughi",106.983319344262,12,"Brachaelurus_colcloughi",74.0786514692532,97.0011299699592,-1
"Brachaelurus waddi",14,"Brachaelurus_waddi",106.983319344262,7,"Brachaelurus_waddi",75.2655147459156,105.043758573812,-7
"Breviraja claramaculata",720,"Breviraja_claramaculata",24.615792138659,691,"Breviraja_claramaculata",21.8801700868073,106.827456934603,-29
"Breviraja colesi",719,"Breviraja_colesi",24.615792138659,699,"Breviraja_colesi",21.6684368115409,105.024373754128,-20
"Breviraja nigriventralis",573,"Breviraja_nigriventralis",29.6231098433256,548,"Breviraja_nigriventralis",25.9714686567877,101.898496554981,-25
"Breviraja spinosa",701,"Breviraja_spinosa",25.364746989659,679,"Breviraja_spinosa",22.3065807855536,104.407934350592,-22
"Brochiraja aenigma",809,"Brochiraja_aenigma",21.8291803751382,750,"Brochiraja_aenigma",20.5554418752412,104.304572602128,-59
"Brochiraja albilabiata",1078,"Brochiraja_albilabiata",14.0032323094632,1084,"Brochiraja_albilabiata",12.5747198410627,105.305442362893,6
"Brochiraja asperula",1011,"Brochiraja_asperula",16.1715535308632,942,"Brochiraja_asperula",16.0091105245782,107.224098448367,-69
"Brochiraja heuresa",861,"Brochiraja_heuresa",20.3016499916382,798,"Brochiraja_heuresa",19.4976037262318,104.348711912871,-63
"Brochiraja leviveneta",1077,"Brochiraja_leviveneta",14.0032323094632,1074,"Brochiraja_leviveneta",12.7938033691461,105.650525518523,-3
"Brochiraja microspinifera",512,"Brochiraja_microspinifera",31.1774827151382,465,"Brochiraja_microspinifera",27.9385503812881,106.009661974683,-47
"Brochiraja spinifera",1012,"Brochiraja_spinifera",16.1715535308632,968,"Brochiraja_spinifera",15.3845823460828,107.558945391217,-44
"Brochiraja vittacauda",860,"Brochiraja_vittacauda",20.3016499916382,835,"Brochiraja_vittacauda",18.5325352833077,101.137238341951,-25
"Bythaelurus alcockii",574,"Bythaelurus_alcockii",29.5597572619817,510,"Bythaelurus_alcockii",27.0490304637284,106.036098492104,-64
"Bythaelurus canescens",174,"Bythaelurus_canescens",49.2501867434817,117,"Bythaelurus_canescens",44.6758092420401,103.960488485389,-57
"Bythaelurus clevai",665,"Bythaelurus_clevai",26.534511219815,702,"Bythaelurus_clevai",21.6485906398916,105.12304077877,37
"Bythaelurus dawsoni",771,"Bythaelurus_dawsoni",23.1635101056484,790,"Bythaelurus_dawsoni",19.6519934930006,102.582983224731,19
"Bythaelurus giddingsi",575,"Bythaelurus_giddingsi",29.5597572619817,489,"Bythaelurus_giddingsi",27.4803340321071,108.45165888894,-86
"Bythaelurus hispidus",547,"Bythaelurus_hispidus",30.119141921815,543,"Bythaelurus_hispidus",26.099033469492,103.120475104682,-4
"Bythaelurus immaculatus",664,"Bythaelurus_immaculatus",26.534511219815,690,"Bythaelurus_immaculatus",21.8986754740593,106.459752395851,26
"Bythaelurus incanus",770,"Bythaelurus_incanus",23.1635101056484,781,"Bythaelurus_incanus",19.8185323049163,102.533640525969,11
"Bythaelurus lutarius",682,"Bythaelurus_lutarius",26.0792326656484,668,"Bythaelurus_lutarius",22.7310732775823,101.102599960056,-14
"Callorhinchus callorynchus",61,"Callorhinchus_callorynchus",73.2875858724286,241,"Callorhinchus_callorynchus",37.0656389149556,92.0030671792434,180
"Callorhinchus capensis",65,"Callorhinchus_capensis",72.1392630339286,178,"Callorhinchus_capensis",39.6541412479936,100.492693946453,113
"Callorhinchus milii",64,"Callorhinchus_milii",72.1392630339286,208,"Callorhinchus_milii",38.364927559578,99.5340322346194,144
"Carcharhinus acronotus",852,"Carcharhinus_acronotus",20.4999349345318,842,"Carcharhinus_acronotus",18.3745279680479,97.8179746945233,-10
"Carcharhinus albimarginatus",758,"Carcharhinus_albimarginatus",23.5454716644985,687,"Carcharhinus_albimarginatus",21.9639731694121,100.356756600123,-71
"Carcharhinus altimus",962,"Carcharhinus_altimus",17.4614245776985,943,"Carcharhinus_altimus",15.979123560416,99.5383241385712,-19
"Carcharhinus amblyrhynchoides",927,"Carcharhinus_amblyrhynchoides",18.3840011806151,902,"Carcharhinus_amblyrhynchoides",16.9096730948419,101.493276777696,-25
"Carcharhinus amblyrhynchos",304,"Carcharhinus_amblyrhynchos",40.6853591466985,292,"Carcharhinus_amblyrhynchos",34.283989170042,101.238392991142,-12
"Carcharhinus amboinensis",563,"Carcharhinus_amboinensis",29.825953832436,512,"Carcharhinus_amboinensis",26.9887759425348,99.2925930267638,-51
"Carcharhinus borneensis",551,"Carcharhinus_borneensis",30.072465525586,523,"Carcharhinus_borneensis",26.6472322589177,100.156061044704,-28
"Carcharhinus brachyurus",561,"Carcharhinus_brachyurus",29.8549768285985,515,"Carcharhinus_brachyurus",26.9599014062155,97.2510302311349,-46
"Carcharhinus brevipinna",562,"Carcharhinus_brevipinna",29.8549768285985,517,"Carcharhinus_brevipinna",26.9410601859092,99.2622478101784,-45
"Carcharhinus cautus",646,"Carcharhinus_cautus",27.0615657969485,623,"Carcharhinus_cautus",23.9491092139261,101.391757173469,-23
"Carcharhinus cerdale",880,"Carcharhinus_cerdale",19.6849037387056,856,"Carcharhinus_cerdale",18.0509369307319,96.7781839007697,-24
"Carcharhinus coatesi",918,"Carcharhinus_coatesi",18.6223085723723,885,"Carcharhinus_coatesi",17.3984224068699,97.9544083382363,-33
"Carcharhinus dussumieri",674,"Carcharhinus_dussumieri",26.273566735586,616,"Carcharhinus_dussumieri",24.1603258933339,97.4830458359465,-58
"Carcharhinus falciformis",785,"Carcharhinus_falciformis",22.8502054124985,697,"Carcharhinus_falciformis",21.7079255372571,104.672010911569,-88
"Carcharhinus fitzroyensis",334,"Carcharhinus_fitzroyensis",39.1048384469485,300,"Carcharhinus_fitzroyensis",34.0295970288824,98.3667910316064,-34
"Carcharhinus galapagensis",1087,"Carcharhinus_galapagensis",13.8013314683723,1080,"Carcharhinus_galapagensis",12.6602372985583,99.7266818861928,-7
"Carcharhinus hemiodon",532,"Carcharhinus_hemiodon",30.5489719744985,475,"Carcharhinus_hemiodon",27.6757653282865,100.051395755607,-57
"Carcharhinus isodon",680,"Carcharhinus_isodon",26.1853261715318,636,"Carcharhinus_isodon",23.6062466663399,97.6737183283706,-44
"Carcharhinus leiodon",865,"Carcharhinus_leiodon",20.2424791376151,848,"Carcharhinus_leiodon",18.2309708272841,103.026601457247,-17
"Carcharhinus leucas",923,"Carcharhinus_leucas",18.4979357061985,887,"Carcharhinus_leucas",17.275986186498,98.3720523918153,-36
"Carcharhinus limbatus",912,"Carcharhinus_limbatus",18.8221881216151,912,"Carcharhinus_limbatus",16.6115112260775,101.627941564039,0
"Carcharhinus longimanus",1063,"Carcharhinus_longimanus",14.5944364517056,1054,"Carcharhinus_longimanus",13.231726738765,96.4880152319278,-9
"Carcharhinus macloti",552,"Carcharhinus_macloti",30.072465525586,516,"Carcharhinus_macloti",26.94328069779,99.7795462185389,-36
"Carcharhinus melanopterus",645,"Carcharhinus_melanopterus",27.0615657969485,598,"Carcharhinus_melanopterus",24.6964930713857,100.60596086553,-47
"Carcharhinus obscurus",1086,"Carcharhinus_obscurus",13.8013314683723,1089,"Carcharhinus_obscurus",12.4478519225978,98.833360915327,3
"Carcharhinus perezii",467,"Carcharhinus_perezii",32.8596062158485,440,"Carcharhinus_perezii",28.7036440357732,94.8610647823037,-27
"Carcharhinus plumbeus",963,"Carcharhinus_plumbeus",17.4614245776985,945,"Carcharhinus_plumbeus",15.9281755571599,98.7895429342397,-18
"Carcharhinus porosus",401,"Carcharhinus_porosus",35.679094877836,376,"Carcharhinus_porosus",30.6782693663597,97.8578852629364,-25
"Carcharhinus sealei",673,"Carcharhinus_sealei",26.273566735586,633,"Carcharhinus_sealei",23.699583121268,98.9347872831825,-40
"Carcharhinus signatus",255,"Carcharhinus_signatus",43.8342195066151,240,"Carcharhinus_signatus",37.0837180588123,102.182434987777,-15
"Carcharhinus sorrah",870,"Carcharhinus_sorrah",19.934702197436,851,"Carcharhinus_sorrah",18.1254483346884,97.9311185777251,-19
"Carcharhinus tilstoni",926,"Carcharhinus_tilstoni",18.3840011806151,914,"Carcharhinus_tilstoni",16.5996798848199,103.022339284746,-12
"Carcharhinus tjutjot",879,"Carcharhinus_tjutjot",19.6849037387056,841,"Carcharhinus_tjutjot",18.3776843897355,98.6696165521309,-38
"Carcharhinus wheeleri",784,"Carcharhinus_wheeleri",22.8502064124985,782,"Carcharhinus_wheeleri",19.7938840172632,102.656228971899,-2
"Carcharias taurus",9,"Carcharias_taurus",110.368168349206,11,"Carcharias_taurus",74.0853100527746,108.063402547287,2
"Carcharodon carcharias",67,"Carcharodon_carcharias",71.9708625508729,63,"Carcharodon_carcharias",54.9057576690708,98.430663002606,-4
"Centrophorus atromarginatus",59,"Centrophorus_atromarginatus",73.3709887666619,49,"Centrophorus_atromarginatus",57.8583731693587,97.0717761574525,-10
"Centrophorus granulosus",331,"Centrophorus_granulosus",39.3454533843285,309,"Centrophorus_granulosus",33.4434619001292,104.563532942479,-22
"Centrophorus harrissoni",503,"Centrophorus_harrissoni",31.3969131706285,553,"Centrophorus_harrissoni",25.845093978108,104.41068213287,50
"Centrophorus isodon",474,"Centrophorus_isodon",32.7005587261285,505,"Centrophorus_isodon",27.2063731321502,105.124992510977,31
"Centrophorus lusitanicus",559,"Centrophorus_lusitanicus",29.8581247604619,635,"Centrophorus_lusitanicus",23.6115983392696,102.867892677098,76
"Centrophorus moluccensis",560,"Centrophorus_moluccensis",29.8581247604619,582,"Centrophorus_moluccensis",25.0699733387499,104.333338106564,22
"Centrophorus seychellorum",504,"Centrophorus_seychellorum",31.3969121706285,558,"Centrophorus_seychellorum",25.775472597903,102.253268479258,54
"Centrophorus squamosus",110,"Centrophorus_squamosus",58.1172650973285,97,"Centrophorus_squamosus",47.9658546455369,103.445970013685,-13
"Centrophorus tessellatus",332,"Centrophorus_tessellatus",39.3454523843285,317,"Centrophorus_tessellatus",33.1892695809383,103.928706066382,-15
"Centrophorus westraliensis",220,"Centrophorus_westraliensis",46.7187036666619,192,"Centrophorus_westraliensis",39.1290045623843,103.504753509888,-28
"Centrophorus zeehaani",60,"Centrophorus_zeehaani",73.3709887666619,46,"Centrophorus_zeehaani",58.9870118638061,101.398844788317,-14
"Centroscyllium excelsum",868,"Centroscyllium_excelsum",20.0655955392556,920,"Centroscyllium_excelsum",16.4130037413754,103.468267177013,52
"Centroscyllium fabricii",743,"Centroscyllium_fabricii",24.0964263940056,763,"Centroscyllium_fabricii",20.2654945393788,102.191168987113,20
"Centroscyllium granulatum",867,"Centroscyllium_granulatum",20.0655955392556,915,"Centroscyllium_granulatum",16.5133295621809,104.005412121509,48
"Centroscyllium kamoharai",937,"Centroscyllium_kamoharai",18.2806362727556,1031,"Centroscyllium_kamoharai",13.7414536346923,100.081478208535,94
"Centroscyllium nigrum",938,"Centroscyllium_nigrum",18.2806362727556,1028,"Centroscyllium_nigrum",13.7699181199216,99.250323442778,90
"Centroscyllium ornatum",700,"Centroscyllium_ornatum",25.3769386530056,707,"Centroscyllium_ornatum",21.5593363492303,101.028716989236,7
"Centroscyllium ritteri",744,"Centroscyllium_ritteri",24.0964263940056,758,"Centroscyllium_ritteri",20.4214721384053,102.113331011954,14
"Centroscymnus coelolepis",124,"Centroscymnus_coelolepis",55.2126461840744,114,"Centroscymnus_coelolepis",44.8382016118656,102.132417220443,-10
"Centroscymnus owstonii",396,"Centroscymnus_owstonii",35.9884413252744,345,"Centroscymnus_owstonii",31.841583713399,96.2127723849415,-51
"Centroselachus crepidater",80,"Centroselachus_crepidater",66.6332293838935,65,"Centroselachus_crepidater",54.3951320430679,98.5841882009901,-15
"Cephaloscyllium albipinnum",917,"Cephaloscyllium_albipinnum",18.7238949805724,946,"Cephaloscyllium_albipinnum",15.8981285673063,98.1206935421174,29
"Cephaloscyllium cooki",545,"Cephaloscyllium_cooki",30.2195407249464,542,"Cephaloscyllium_cooki",26.1091948840491,97.3449198131323,-3
"Cephaloscyllium fasciatum",677,"Cephaloscyllium_fasciatum",26.2410225499778,663,"Cephaloscyllium_fasciatum",22.9063882014384,94.6590440455366,-14
"Cephaloscyllium hiscosellum",949,"Cephaloscyllium_hiscosellum",17.809046242939,976,"Cephaloscyllium_hiscosellum",15.0246592175856,97.1857706400126,27
"Cephaloscyllium isabellum",899,"Cephaloscyllium_isabellum",19.2345053775724,924,"Cephaloscyllium_isabellum",16.3742851483457,97.6262161222751,25
"Cephaloscyllium laticeps",823,"Cephaloscyllium_laticeps",21.4284069752857,824,"Cephaloscyllium_laticeps",18.7366402713629,99.9138913731564,1
"Cephaloscyllium maculatum",226,"Cephaloscyllium_maculatum",46.3195276811921,222,"Cephaloscyllium_maculatum",37.757184317288,100.474585913609,-4
"Cephaloscyllium pardelotum",508,"Cephaloscyllium_pardelotum",31.1912746207242,496,"Cephaloscyllium_pardelotum",27.3397203728265,98.3401857974178,-12
"Cephaloscyllium pictum",678,"Cephaloscyllium_pictum",26.2410225499778,638,"Cephaloscyllium_pictum",23.557961132618,96.3383968966997,-40
"Cephaloscyllium sarawakensis",888,"Cephaloscyllium_sarawakensis",19.4839230174524,908,"Cephaloscyllium_sarawakensis",16.698859662127,98.5495490764903,20
"Cephaloscyllium signourum",909,"Cephaloscyllium_signourum",18.9062481049112,948,"Cephaloscyllium_signourum",15.8168953001429,96.6951109625375,39
"Cephaloscyllium silasi",407,"Cephaloscyllium_silasi",35.0791096147242,386,"Cephaloscyllium_silasi",30.2115531697456,101.89122892157,-21
"Cephaloscyllium speccum",509,"Cephaloscyllium_speccum",31.1912746207242,500,"Cephaloscyllium_speccum",27.3199451942643,100.109257707757,-9
"Cephaloscyllium stevensi",910,"Cephaloscyllium_stevensi",18.9062481049112,939,"Cephaloscyllium_stevensi",16.0494203870051,96.4545178436418,29
"Cephaloscyllium sufflans",283,"Cephaloscyllium_sufflans",41.7322697278075,281,"Cephaloscyllium_sufflans",34.7878126065569,97.0641933948585,-2
"Cephaloscyllium umbratile",928,"Cephaloscyllium_umbratile",18.368103468439,960,"Cephaloscyllium_umbratile",15.5539418511436,96.1910766235341,32
"Cephaloscyllium variegatum",793,"Cephaloscyllium_variegatum",22.3909471955714,810,"Cephaloscyllium_variegatum",19.1560649003471,97.2960597273942,17
"Cephaloscyllium ventriosum",842,"Cephaloscyllium_ventriosum",20.7234317873112,852,"Cephaloscyllium_ventriosum",18.1100877784192,95.4195796685722,10
"Cephaloscyllium zebrum",948,"Cephaloscyllium_zebrum",17.809047242939,975,"Cephaloscyllium_zebrum",15.1245228517291,99.5119155596536,27
"Cephalurus cephalus",355,"Cephalurus_cephalus",38.0502144732634,384,"Cephalurus_cephalus",30.295869495177,97.7973003461946,29
"Cetorhinus maximus",20,"Cetorhinus_maximus",100.944419104206,22,"Cetorhinus_maximus",69.1027820339697,103.046248247657,2
"Chaenogaleus macrostoma",131,"Chaenogaleus_macrostoma",54.283895606231,112,"Chaenogaleus_macrostoma",45.0079619240603,104.348227279958,-19
"Chiloscyllium arabicum",543,"Chiloscyllium_arabicum",30.2561266634765,617,"Chiloscyllium_arabicum",24.1475966144394,101.509532277708,74
"Chiloscyllium burmensis",446,"Chiloscyllium_burmensis",33.5063404618099,456,"Chiloscyllium_burmensis",28.2069308155732,102.811347639084,10
"Chiloscyllium griseum",663,"Chiloscyllium_griseum",26.5521599699765,774,"Chiloscyllium_griseum",20.0064507689101,103.842438099247,111
"Chiloscyllium hasseltii",662,"Chiloscyllium_hasseltii",26.5521599699765,768,"Chiloscyllium_hasseltii",20.0781190490866,104.166534738798,106
"Chiloscyllium indicum",134,"Chiloscyllium_indicum",53.9315144459765,115,"Chiloscyllium_indicum",44.748628856284,110.202196305192,-19
"Chiloscyllium plagiosum",135,"Chiloscyllium_plagiosum",53.9315144459765,111,"Chiloscyllium_plagiosum",45.1756099866026,102.91570882542,-24
"Chiloscyllium punctatum",93,"Chiloscyllium_punctatum",60.7879954059765,84,"Chiloscyllium_punctatum",49.9873070911061,106.987148562,-9
"Chimaera argiloba",390,"Chimaera_argiloba",36.498276323255,478,"Chimaera_argiloba",27.6522145184066,97.3708017505594,88
"Chimaera bahamaensis",141,"Chimaera_bahamaensis",53.0294816647853,142,"Chimaera_bahamaensis",41.9941064811683,98.3853170727134,1
"Chimaera cubana",160,"Chimaera_cubana",50.3112925911186,166,"Chimaera_cubana",40.5267990274152,97.8659992601457,6
"Chimaera fulva",415,"Chimaera_fulva",34.87173959136,508,"Chimaera_fulva",27.1212358196934,99.9578467217438,93
"Chimaera jordani",159,"Chimaera_jordani",50.3112925911186,161,"Chimaera_jordani",40.7986520769398,95.4157766734164,2
"Chimaera lignaria",670,"Chimaera_lignaria",26.3699163185933,769,"Chimaera_lignaria",20.0606972919337,102.304465218708,99
"Chimaera macrospina",523,"Chimaera_macrospina",30.6869444586016,673,"Chimaera_macrospina",22.5867876023126,97.883657055518,150
"Chimaera monstrosa",524,"Chimaera_monstrosa",30.6869434586016,672,"Chimaera_monstrosa",22.6065922201291,97.9826801446007,148
"Chimaera notafricana",671,"Chimaera_notafricana",26.3699163185933,780,"Chimaera_notafricana",19.8272910351338,101.736588604464,109
"Chimaera obscura",140,"Chimaera_obscura",53.294145460255,126,"Chimaera_obscura",43.5505611055587,99.3031018992697,-14
"Chimaera opalescens",384,"Chimaera_opalescens",36.8586377681933,385,"Chimaera_opalescens",30.275742914706,101.185929528244,1
"Chimaera owstoni",379,"Chimaera_owstoni",36.9839995465365,488,"Chimaera_owstoni",27.4976921887039,100.855658777518,109
"Chimaera panthera",325,"Chimaera_panthera",39.53059411336,335,"Chimaera_panthera",32.2079242811068,97.8006091383098,10
"Chimaera phantasma",69,"Chimaera_phantasma",71.5656219418699,52,"Chimaera_phantasma",56.6496197107146,105.435926279959,-17
"Chlamydoselachus africana",34,"Chlamydoselachus_africana",86.620362642149,130,"Chlamydoselachus_africana",43.3668203188201,98.3568436160455,96
"Chlamydoselachus anguineus",33,"Chlamydoselachus_anguineus",86.620362642149,129,"Chlamydoselachus_anguineus",43.3668203188201,98.3568436160455,96
"Cirrhigaleus asper",73,"Cirrhigaleus_asper",69.1521100577141,58,"Cirrhigaleus_asper",55.51048429944,108.917253743807,-15
"Cirrhigaleus australis",182,"Cirrhigaleus_australis",48.9708794627141,155,"Cirrhigaleus_australis",41.063619661162,105.040999083155,-27
"Cirrhigaleus barbifer",181,"Cirrhigaleus_barbifer",48.9708794627141,160,"Cirrhigaleus_barbifer",40.8026085454589,107.483629390608,-21
"Cirrhoscyllium expolitum",302,"Cirrhoscyllium_expolitum",40.7056207494163,442,"Cirrhoscyllium_expolitum",28.6899516197592,106.533918696803,140
"Cirrhoscyllium formosanum",303,"Cirrhoscyllium_formosanum",40.7056207494163,423,"Cirrhoscyllium_formosanum",29.2853834582756,107.279600478541,120
"Cirrhoscyllium japonicum",232,"Cirrhoscyllium_japonicum",45.0680188794163,330,"Cirrhoscyllium_japonicum",32.4987147407338,100.101214263059,98
"Crassinarke dormitor",679,"Crassinarke_dormitor",26.2291546666679,676,"Crassinarke_dormitor",22.4395644778136,92.6907167373621,-3
"Cruriraja andamanica",541,"Cruriraja_andamanica",30.3943764228447,509,"Cruriraja_andamanica",27.0505401016751,96.0492241137106,-32
"Cruriraja atlantis",582,"Cruriraja_atlantis",29.2861429271636,642,"Cruriraja_atlantis",23.3942848360727,104.439334646053,60
"Cruriraja cadenati",540,"Cruriraja_cadenati",30.3943764228447,535,"Cruriraja_cadenati",26.3282484790959,95.4272397834211,-5
"Cruriraja durbanensis",583,"Cruriraja_durbanensis",29.2861429271636,653,"Cruriraja_durbanensis",23.1380691789246,104.779463564861,70
"Cruriraja hulleyi",48,"Cruriraja_hulleyi",80.3928673578447,34,"Cruriraja_hulleyi",61.4767794069205,101.40549417726,-14
"Cruriraja parcomaculata",224,"Cruriraja_parcomaculata",46.4191699898302,154,"Cruriraja_parcomaculata",41.4019021578203,108.02871830996,-70
"Cruriraja poeyi",433,"Cruriraja_poeyi",34.1121886348302,393,"Cruriraja_poeyi",30.0314140247524,104.841108945584,-40
"Cruriraja rugosa",483,"Cruriraja_rugosa",32.4581473741636,468,"Cruriraja_rugosa",27.8488867659181,106.346282021047,-15
"Ctenacis fehlmanni",288,"Ctenacis_fehlmanni",41.4013240587352,320,"Ctenacis_fehlmanni",33.0033124958392,96.275696337669,32
"Dactylobatus armatus",227,"Dactylobatus_armatus",45.7050270516515,205,"Dactylobatus_armatus",38.6173178850685,100.991570791017,-22
"Dactylobatus clarkii",228,"Dactylobatus_clarkii",45.7050270516515,186,"Dactylobatus_clarkii",39.3151622872152,106.647581032223,-42
"Dalatias licha",24,"Dalatias_licha",98.6090018008094,19,"Dalatias_licha",69.8873621400358,97.3129102687169,-5
"Dasyatis acutirostra",436,"Dasyatis_acutirostra",34.0814534759479,383,"Dasyatis_acutirostra",30.3783073278885,98.6861888509435,-53
"Dasyatis akajei",977,"Dasyatis_akajei",17.0917876940001,978,"Dasyatis_akajei",14.9441086433712,97.6847436542588,1
"Dasyatis americana",613,"Dasyatis_americana",28.1205925285574,609,"Dasyatis_americana",24.3621415371257,101.733133048103,-4
"Dasyatis bennetti",932,"Dasyatis_bennetti",18.3138073604334,932,"Dasyatis_bennetti",16.1934263431941,100.872323747821,0
"Dasyatis brevicaudata",724,"Dasyatis_brevicaudata",24.4341253031528,712,"Dasyatis_brevicaudata",21.4463380246705,98.0333843106388,-12
"Dasyatis centroura",755,"Dasyatis_centroura",23.6572054764862,788,"Dasyatis_centroura",19.6994231371786,99.4651133923052,33
"Dasyatis chrysonota",343,"Dasyatis_chrysonota",38.56967245426,293,"Dasyatis_chrysonota",34.2643143376613,98.5077899277736,-50
"Dasyatis colarensis",371,"Dasyatis_colarensis",37.4855177942812,285,"Dasyatis_colarensis",34.6689826065872,100.191987332973,-86
"Dasyatis dipterura",308,"Dasyatis_dipterura",40.6186802859479,260,"Dasyatis_dipterura",35.9689101717818,98.7424847685417,-48
"Dasyatis fluviorum",1037,"Dasyatis_fluviorum",15.3168808196667,1027,"Dasyatis_fluviorum",13.790208914404,100.595137789504,-10
"Dasyatis garouaensis",1016,"Dasyatis_garouaensis",16.0824759676667,1013,"Dasyatis_garouaensis",14.080008705602,99.8154092174038,-3
"Dasyatis geijskesi",604,"Dasyatis_geijskesi",28.5465782742812,568,"Dasyatis_geijskesi",25.536566700718,101.182218154222,-36
"Dasyatis gigantea",597,"Dasyatis_gigantea",28.7181614947574,567,"Dasyatis_gigantea",25.5538431515569,100.793199280807,-30
"Dasyatis guttata",774,"Dasyatis_guttata",23.0198273605812,812,"Dasyatis_guttata",19.1373059997593,100.697474367063,38
"Dasyatis hastata",976,"Dasyatis_hastata",17.0917886940001,988,"Dasyatis_hastata",14.6209981866285,96.4508635492162,12
"Dasyatis hypostigma",775,"Dasyatis_hypostigma",23.0198273605812,813,"Dasyatis_hypostigma",19.1372250460739,100.311686921668,38
"Dasyatis izuensis",450,"Dasyatis_izuensis",33.3845794833334,433,"Dasyatis_izuensis",28.8215722467935,102.705614377859,-17
"Dasyatis laevigata",451,"Dasyatis_laevigata",33.3845794833334,394,"Dasyatis_laevigata",30.02364711846,101.949587704679,-57
"Dasyatis laosensis",900,"Dasyatis_laosensis",19.2175947480001,879,"Dasyatis_laosensis",17.5725663436085,98.4784613720822,-21
"Dasyatis lata",1031,"Dasyatis_lata",15.582108305694,1025,"Dasyatis_lata",13.8308996722062,99.1661541865612,-6
"Dasyatis longa",691,"Dasyatis_longa",25.7549857920574,729,"Dasyatis_longa",20.927376634046,95.8449497878283,38
"Dasyatis margarita",263,"Dasyatis_margarita",43.346958746203,287,"Dasyatis_margarita",34.561295364779,97.1457826232495,24
"Dasyatis margaritella",262,"Dasyatis_margaritella",43.346958746203,189,"Dasyatis_margaritella",39.2059482900343,101.633548914764,-73
"Dasyatis marianae",690,"Dasyatis_marianae",25.7549867920574,727,"Dasyatis_marianae",20.9758126789822,95.5760088109736,37
"Dasyatis marmorata",130,"Dasyatis_marmorata",54.2985781748433,127,"Dasyatis_marmorata",43.5011842603986,101.037105119973,-3
"Dasyatis matsubarai",723,"Dasyatis_matsubarai",24.4341253031528,711,"Dasyatis_matsubarai",21.4519478620041,97.7054098164849,-12
"Dasyatis microps",31,"Dasyatis_microps",87.3029707076845,39,"Dasyatis_microps",60.6746750536961,97.2618759597009,8
"Dasyatis multispinosa",642,"Dasyatis_multispinosa",27.2412367116528,610,"Dasyatis_multispinosa",24.3481320874117,97.6938640017991,-32
"Dasyatis navarrae",933,"Dasyatis_navarrae",18.3138073604334,928,"Dasyatis_navarrae",16.3267674949557,101.170464528069,-5
"Dasyatis parvonigra",699,"Dasyatis_parvonigra",25.4524963783334,643,"Dasyatis_parvonigra",23.3808176737615,102.089133712988,-56
"Dasyatis pastinaca",374,"Dasyatis_pastinaca",37.24857235776,322,"Dasyatis_pastinaca",32.9748614704939,99.6922189574239,-52
"Dasyatis rudis",373,"Dasyatis_rudis",37.24857335776,327,"Dasyatis_rudis",32.7233623067387,95.8602522362678,-46
"Dasyatis sabina",214,"Dasyatis_sabina",47.0942333097574,167,"Dasyatis_sabina",40.4377827925792,98.1978585683231,-47
"Dasyatis say",435,"Dasyatis_say",34.0814534759479,374,"Dasyatis_say",30.7764578146344,101.169958087096,-61
"Dasyatis sinensis",215,"Dasyatis_sinensis",47.0942333097574,179,"Dasyatis_sinensis",39.5583983319421,94.5617880511224,-36
"Dasyatis thetidis",754,"Dasyatis_thetidis",23.6572054764862,805,"Dasyatis_thetidis",19.2909238365078,98.9650332550335,51
"Dasyatis tortonesei",1036,"Dasyatis_tortonesei",15.3168818196667,1036,"Dasyatis_tortonesei",13.67000783157,100.53001648879,0
"Dasyatis ushiei",643,"Dasyatis_ushiei",27.1988686149862,589,"Dasyatis_ushiei",24.8920783039158,98.6851875562855,-54
"Dasyatis zugei",85,"Dasyatis_zugei",64.1393483056061,91,"Dasyatis_zugei",49.2191336384648,98.1255131745644,6
"Deania calcea",239,"Deania_calcea",45.00699638698,329,"Deania_calcea",32.5154314410756,101.02543239541,90
"Deania hystricosa",238,"Deania_hystricosa",45.00699638698,271,"Deania_hystricosa",35.3657209595982,101.356506791238,33
"Deania profundorum",176,"Deania_profundorum",49.16639462598,185,"Deania_profundorum",39.3170491865549,102.460016365623,9
"Deania quadrispinosa",175,"Deania_quadrispinosa",49.16639462598,152,"Deania_quadrispinosa",41.5456493800563,106.77537385274,-23
"Dentiraja flindersi",1164,"Dentiraja_flindersi",9.69541947549607,1160,"Dentiraja_flindersi",9.0145173816665,102.036897298027,-4
"Dentiraja lemprieri",1163,"Dentiraja_lemprieri",9.69541947549607,1162,"Dentiraja_lemprieri",8.97063674565211,101.463677957,-1
"Diplobatis colombiensis",351,"Diplobatis_colombiensis",38.1751227685512,341,"Diplobatis_colombiensis",31.9713659155178,93.8267745697507,-10
"Diplobatis guamachensis",115,"Diplobatis_guamachensis",57.3421858618846,93,"Diplobatis_guamachensis",48.5020544654116,91.9074994730033,-22
"Diplobatis ommata",403,"Diplobatis_ommata",35.3874911210512,420,"Diplobatis_ommata",29.3000989582788,92.9703256333796,17
"Diplobatis pictus",404,"Diplobatis_pictus",35.3874911210512,409,"Diplobatis_pictus",29.5215956637344,93.1123667305143,5
"Dipturus acrobelus",965,"Dipturus_acrobelus",17.3653861371309,944,"Dipturus_acrobelus",15.9431387164439,92.0886588296103,-21
"Dipturus apricus",1117,"Dipturus_apricus",12.1815024092976,1113,"Dipturus_apricus",11.2343751977041,96.0955686875637,-4
"Dipturus australis",1161,"Dipturus_australis",9.76663208166273,1158,"Dipturus_australis",9.06695010444193,101.977642743813,-3
"Dipturus batis",1118,"Dipturus_batis",12.1815014092976,1114,"Dipturus_batis",11.2285142420655,95.7060353161329,-4
"Dipturus bullisi",766,"Dipturus_bullisi",23.2938686510408,692,"Dipturus_bullisi",21.8409787687492,103.037628393273,-74
"Dipturus campbelli",1056,"Dipturus_campbelli",14.8677209657976,1037,"Dipturus_campbelli",13.6660243711612,94.8567246883622,-19
"Dipturus canutus",1151,"Dipturus_canutus",10.5272440104961,1146,"Dipturus_canutus",9.7028907406786,102.031310299096,-5
"Dipturus cerva",1162,"Dipturus_cerva",9.76663208166273,1161,"Dipturus_cerva",8.98553583232541,101.567203810222,-1
"Dipturus confusus",1139,"Dipturus_confusus",11.0960802976627,1134,"Dipturus_confusus",10.3190135193748,100.945293743605,-5
"Dipturus crosnieri",1074,"Dipturus_crosnieri",14.2651829780287,1046,"Dipturus_crosnieri",13.4081282468679,100.464658702607,-28
"Dipturus doutrei",836,"Dipturus_doutrei",20.7971857307976,778,"Dipturus_doutrei",19.9118687711532,95.1398876065361,-58
"Dipturus ecuadoriensis",996,"Dipturus_ecuadoriensis",16.3241687456309,974,"Dipturus_ecuadoriensis",15.1298547825914,94.3193427450059,-22
"Dipturus endeavouri",1081,"Dipturus_endeavouri",13.9687286392314,1051,"Dipturus_endeavouri",13.2447692448475,99.5933743744946,-30
"Dipturus falloargus",1179,"Dipturus_falloargus",8.81282832237871,1182,"Dipturus_falloargus",7.89882126834085,96.9763209540592,3
"Dipturus flavirostris",1112,"Dipturus_flavirostris",12.6874608238797,1117,"Dipturus_flavirostris",11.0568551050509,101.752560190718,5
"Dipturus garricki",767,"Dipturus_garricki",23.2938686510408,795,"Dipturus_garricki",19.5700780163555,100.524536922367,28
"Dipturus gigas",998,"Dipturus_gigas",16.3231308452314,964,"Dipturus_gigas",15.4843568711858,100.736105084824,-34
"Dipturus grahami",1098,"Dipturus_grahami",13.3451052392314,1095,"Dipturus_grahami",12.2491209583943,101.189291126939,-3
"Dipturus gudgeri",893,"Dipturus_gudgeri",19.3676802719961,849,"Dipturus_gudgeri",18.1519173421623,99.0854881842004,-44
"Dipturus healdi",1110,"Dipturus_healdi",12.7285857416287,1099,"Dipturus_healdi",11.9850147487986,100.770461608011,-11
"Dipturus innominatus",894,"Dipturus_innominatus",19.3676802719961,853,"Dipturus_innominatus",18.10914262259,102.780055268377,-41
"Dipturus intermedia",997,"Dipturus_intermedia",16.3241687456309,973,"Dipturus_intermedia",15.2060806560992,90.8708807855066,-24
"Dipturus johannisdavesi",1107,"Dipturus_johannisdavesi",12.7844456014961,1104,"Dipturus_johannisdavesi",11.744579778473,98.2762151476074,-3
"Dipturus kwangtungensis",191,"Dipturus_kwangtungensis",48.3327699332954,196,"Dipturus_kwangtungensis",38.8981171335789,105.517814878305,5
"Dipturus laevis",1055,"Dipturus_laevis",14.8677209657976,1038,"Dipturus_laevis",13.6646292731505,94.5788704314786,-17
"Dipturus lanceorostratus",943,"Dipturus_lanceorostratus",18.0172894331954,904,"Dipturus_lanceorostratus",16.8599402957126,98.95635301322,-39
"Dipturus leptocaudus",1039,"Dipturus_leptocaudus",15.2312443042742,1030,"Dipturus_leptocaudus",13.7579503834138,101.07894014683,-9
"Dipturus macrocauda",1121,"Dipturus_macrocauda",12.0645673173516,1119,"Dipturus_macrocauda",10.8773474515496,96.9436765157999,-2
"Dipturus melanospilus",489,"Dipturus_melanospilus",32.0592314585463,443,"Dipturus_melanospilus",28.6693535395122,97.0172787087849,-46
"Dipturus mennii",944,"Dipturus_mennii",18.0172894331954,916,"Dipturus_mennii",16.5054195606485,96.6838407478802,-28
"Dipturus nidarosiensis",850,"Dipturus_nidarosiensis",20.5080972402314,809,"Dipturus_nidarosiensis",19.1604512290289,100.300092468397,-41
"Dipturus oculus",305,"Dipturus_oculus",40.6770707077856,304,"Dipturus_oculus",33.7903773949463,99.5643129850398,-1
"Dipturus olseni",1111,"Dipturus_olseni",12.6874608238797,1115,"Dipturus_olseni",11.1252579791082,102.055374394368,4
"Dipturus oregoni",941,"Dipturus_oregoni",18.0673681010463,900,"Dipturus_oregoni",16.9420658441346,100.866124544281,-41
"Dipturus oxyrinchus",1075,"Dipturus_oxyrinchus",14.0567703267976,1064,"Dipturus_oxyrinchus",12.9313377820075,94.6586252723575,-11
"Dipturus polyommata",1136,"Dipturus_polyommata",11.3178162500314,1136,"Dipturus_polyommata",10.2196768440029,97.8041716202595,0
"Dipturus pullopunctata",1047,"Dipturus_pullopunctata",15.0747443043797,1022,"Dipturus_pullopunctata",13.887984966487,101.385401829857,-25
"Dipturus queenslandicus",832,"Dipturus_queenslandicus",21.0913725582204,826,"Dipturus_queenslandicus",18.6822921929984,102.310967607277,-6
"Dipturus springeri",831,"Dipturus_springeri",21.0913725582204,819,"Dipturus_springeri",18.9372862662217,103.161693556025,-12
"Dipturus stenorhynchus",1099,"Dipturus_stenorhynchus",13.3451052392314,1094,"Dipturus_stenorhynchus",12.3180662257331,101.509156499395,-5
"Dipturus teevani",1138,"Dipturus_teevani",11.1271407813787,1129,"Dipturus_teevani",10.4804214949621,100.546632302551,-9
"Dipturus tengu",1122,"Dipturus_tengu",12.0645673173516,1122,"Dipturus_tengu",10.7142842697122,96.8621285459249,0
"Dipturus trachydermus",1038,"Dipturus_trachydermus",15.2312443042742,1049,"Dipturus_trachydermus",13.3124164096808,101.024413868055,11
"Dipturus wengi",1166,"Dipturus_wengi",9.65179946137871,1165,"Dipturus_wengi",8.72874446932525,97.5229472711694,-1
"Dipturus wuhanlingi",1180,"Dipturus_wuhanlingi",8.81282832237871,1181,"Dipturus_wuhanlingi",7.91344486534128,97.7111709919018,1
"Discopyge castelloi",249,"Discopyge_castelloi",44.5092263888846,340,"Discopyge_castelloi",32.0030202704207,92.9079127114434,91
"Discopyge tschudii",250,"Discopyge_tschudii",44.5092263888846,358,"Discopyge_tschudii",31.4404245417136,91.916677288935,108
"Echinorhinus brucus",70,"Echinorhinus_brucus",71.2944090344977,66,"Echinorhinus_brucus",54.3860398558218,102.786759021689,-4
"Echinorhinus cookei",71,"Echinorhinus_cookei",71.2944090344977,61,"Echinorhinus_cookei",55.0767549146732,101.451093086986,-10
"Electrolux addisoni",847,"Electrolux_addisoni",20.6205202736179,921,"Electrolux_addisoni",16.4080594027288,92.3006457549109,74
"Eridacnis barbouri",393,"Eridacnis_barbouri",36.1252413630686,473,"Eridacnis_barbouri",27.7480456336926,97.6392494332952,80
"Eridacnis radcliffei",461,"Eridacnis_radcliffei",33.1927972115686,641,"Eridacnis_radcliffei",23.4101156766155,96.5533756651046,180
"Eridacnis sinuans",460,"Eridacnis_sinuans",33.1927972115686,637,"Eridacnis_sinuans",23.5854540961897,97.9545841943454,177
"Etmopterus bigelowi",280,"Etmopterus_bigelowi",42.0819334596581,251,"Etmopterus_bigelowi",36.3766463901998,104.489077528902,-29
"Etmopterus brachyurus",569,"Etmopterus_brachyurus",29.7364455438962,481,"Etmopterus_brachyurus",27.5605342673386,106.408957390265,-88
"Etmopterus bullisi",1130,"Etmopterus_bullisi",11.5796240310025,1154,"Etmopterus_bullisi",9.20479213266047,103.476324101867,24
"Etmopterus burgessi",580,"Etmopterus_burgessi",29.3740254838583,529,"Etmopterus_burgessi",26.420835185092,97.6814473423262,-51
"Etmopterus carteri",890,"Etmopterus_carteri",19.4712155906916,918,"Etmopterus_carteri",16.4392135341699,96.8538331545807,28
"Etmopterus caudistigmus",657,"Etmopterus_caudistigmus",26.7719054648581,615,"Etmopterus_caudistigmus",24.2103452962294,101.762726960198,-42
"Etmopterus compagnoi",584,"Etmopterus_compagnoi",29.2551315908327,527,"Etmopterus_compagnoi",26.5145246918393,99.3609132844008,-57
"Etmopterus decacuspidatus",658,"Etmopterus_decacuspidatus",26.7719054648581,607,"Etmopterus_decacuspidatus",24.4025158209523,101.8868096229,-51
"Etmopterus dianthus",740,"Etmopterus_dianthus",24.1223898703327,719,"Etmopterus_dianthus",21.1990114465475,102.456813826719,-21
"Etmopterus dislineatus",525,"Etmopterus_dislineatus",30.6660711892295,482,"Etmopterus_dislineatus",27.551141705914,105.429891890416,-43
"Etmopterus evansi",385,"Etmopterus_evansi",36.8549953859773,398,"Etmopterus_evansi",29.8340837529879,95.4718437929952,13
"Etmopterus fusus",581,"Etmopterus_fusus",29.3740254838583,537,"Etmopterus_fusus",26.2826600510275,99.9481674334278,-44
"Etmopterus gracilispinis",269,"Etmopterus_gracilispinis",42.6193072329438,250,"Etmopterus_gracilispinis",36.3870956602479,97.0221208097705,-19
"Etmopterus granulosus",1108,"Etmopterus_granulosus",12.7464454612041,1125,"Etmopterus_granulosus",10.5520271079485,103.761873351549,17
"Etmopterus hillianus",386,"Etmopterus_hillianus",36.8549953859773,318,"Etmopterus_hillianus",33.1759318330323,100.112736797251,-68
"Etmopterus joungi",526,"Etmopterus_joungi",30.6660701892295,497,"Etmopterus_joungi",27.3377828124968,102.616322868594,-29
"Etmopterus litvinovi",896,"Etmopterus_litvinovi",19.3604008139041,895,"Etmopterus_litvinovi",17.1107095865571,103.974431228251,-1
"Etmopterus lucifer",320,"Etmopterus_lucifer",40.0741351943962,272,"Etmopterus_lucifer",35.3613487751829,101.350034977053,-48
"Etmopterus molleri",466,"Etmopterus_molleri",32.9733488477295,404,"Etmopterus_molleri",29.6240308715809,103.772997789092,-62
"Etmopterus perryi",898,"Etmopterus_perryi",19.3094616136916,913,"Etmopterus_perryi",16.6097924641095,94.3581588425938,15
"Etmopterus polli",412,"Etmopterus_polli",34.8970952142771,377,"Etmopterus_polli",30.6749906287906,96.5344886206379,-35
"Etmopterus princeps",1109,"Etmopterus_princeps",12.7464444612041,1128,"Etmopterus_princeps",10.5134038932846,103.191066344059,19
"Etmopterus pseudosqualiolus",897,"Etmopterus_pseudosqualiolus",19.3094616136916,910,"Etmopterus_pseudosqualiolus",16.6610467157825,94.981946854389,13
"Etmopterus pusillus",279,"Etmopterus_pusillus",42.0819334596581,264,"Etmopterus_pusillus",35.699334414569,101.293552031301,-15
"Etmopterus pycnolepis",889,"Etmopterus_pycnolepis",19.4712155906916,911,"Etmopterus_pycnolepis",16.6214163610896,97.3729040298807,22
"Etmopterus robinsi",213,"Etmopterus_robinsi",47.1385970878581,193,"Etmopterus_robinsi",39.0710330683817,98.9283930758963,-20
"Etmopterus schmidti",149,"Etmopterus_schmidti",51.8754834779438,146,"Etmopterus_schmidti",41.7670488607598,101.523442351838,-3
"Etmopterus schultzi",290,"Etmopterus_schultzi",41.0260680992771,267,"Etmopterus_schultzi",35.4716306590703,96.976893507849,-23
"Etmopterus sculptus",721,"Etmopterus_sculptus",24.5772365768581,718,"Etmopterus_sculptus",21.1991271648868,100.586750215876,-3
"Etmopterus sentosus",722,"Etmopterus_sentosus",24.5772365768581,735,"Etmopterus_sentosus",20.7558430394558,99.6972295052162,13
"Etmopterus sheikoi",473,"Etmopterus_sheikoi",32.7086503868962,388,"Etmopterus_sheikoi",30.1904764434151,103.363988340024,-85
"Etmopterus spinax",1127,"Etmopterus_spinax",11.6225819222375,1151,"Etmopterus_spinax",9.27038504819537,103.635459463529,24
"Etmopterus splendidus",519,"Etmopterus_splendidus",30.9412269103583,504,"Etmopterus_splendidus",27.251037700079,98.8145330216559,-15
"Etmopterus unicolor",895,"Etmopterus_unicolor",19.3604008139041,892,"Etmopterus_unicolor",17.2110928193113,104.828446325524,-3
"Etmopterus viator",570,"Etmopterus_viator",29.7364445438962,526,"Etmopterus_viator",26.5770102966198,103.445246150924,-44
"Etmopterus villosus",1131,"Etmopterus_villosus",11.5796240310025,1155,"Etmopterus_villosus",9.19126622212176,103.249598583784,24
"Etmopterus virens",413,"Etmopterus_virens",34.8970952142771,361,"Etmopterus_virens",31.3312962571145,99.7069519292815,-52
"Eucrossorhinus dasypogon",25,"Eucrossorhinus_dasypogon",96.0110490042622,21,"Eucrossorhinus_dasypogon",69.6359773393884,100.41047558134,-4
"Euprotomicroides zantedeschia",352,"Euprotomicroides_zantedeschia",38.1709546609094,434,"Euprotomicroides_zantedeschia",28.8014670606843,95.9692193033521,82
"Euprotomicrus bispinatus",353,"Euprotomicrus_bispinatus",38.1709546609094,412,"Euprotomicrus_bispinatus",29.4476193242969,96.7600431425912,59
"Eusphyra blochii",113,"Eusphyra_blochii",57.6366012181726,104,"Eusphyra_blochii",46.5784641142014,96.4287006234198,-9
"Fenestraja atripinna",902,"Fenestraja_atripinna",19.2002099951173,909,"Fenestraja_atripinna",16.6811170401814,104.624143054841,7
"Fenestraja cubensis",810,"Fenestraja_cubensis",21.7192450405756,806,"Fenestraja_cubensis",19.2455902449312,103.897448627586,-4
"Fenestraja ishiyamai",427,"Fenestraja_ishiyamai",34.4327699204506,373,"Fenestraja_ishiyamai",30.7985835448915,104.897891637424,-54
"Fenestraja maceachrani",748,"Fenestraja_maceachrani",23.9232239315756,706,"Fenestraja_maceachrani",21.5898280598177,102.335766859753,-42
"Fenestraja mamillidens",564,"Fenestraja_mamillidens",29.8173734055756,514,"Fenestraja_mamillidens",26.9628373163852,104.449298498223,-50
"Fenestraja plutonia",901,"Fenestraja_plutonia",19.2002099951173,907,"Fenestraja_plutonia",16.7045215323192,106.690087090354,6
"Fenestraja sibogae",869,"Fenestraja_sibogae",19.9565492481173,869,"Fenestraja_sibogae",17.8965467296417,104.196041162321,0
"Fenestraja sinusmexicanus",811,"Fenestraja_sinusmexicanus",21.7192450405756,789,"Fenestraja_sinusmexicanus",19.6616230863184,104.847409905062,-22
"Figaro boardmani",242,"Figaro_boardmani",44.8464750919918,175,"Figaro_boardmani",40.0573214032844,106.699217205925,-67
"Figaro striatus",243,"Figaro_striatus",44.8464750919918,171,"Figaro_striatus",40.2228677991761,104.694753684633,-72
"Furgaleus macki",89,"Furgaleus_macki",62.1880711557795,78,"Furgaleus_macki",51.0143406215747,97.2058612630475,-11
"Galeocerdo cuvier",30,"Galeocerdo_cuvier",88.006459695559,43,"Galeocerdo_cuvier",59.7073156108837,106.41818006673,13
"Galeorhinus galeus",62,"Galeorhinus_galeus",72.9331472585795,67,"Galeorhinus_galeus",54.0146329481753,95.0675830183265,5
"Galeus antillensis",306,"Galeus_antillensis",40.6545195239674,278,"Galeus_antillensis",35.1796829896038,108.306827891977,-28
"Galeus arae",1003,"Galeus_arae",16.2241210937905,1012,"Galeus_arae",14.1075059992415,105.312359350209,9
"Galeus atlanticus",821,"Galeus_atlanticus",21.5187022629654,796,"Galeus_atlanticus",19.5627808852465,103.707259328704,-25
"Galeus cadenati",886,"Galeus_cadenati",19.5075535034654,882,"Galeus_cadenati",17.5247541125065,102.698544597881,-4
"Galeus eastmani",101,"Galeus_eastmani",59.7446250819335,80,"Galeus_eastmani",50.3124752172336,101.75000375909,-21
"Galeus gracilis",915,"Galeus_gracilis",18.7483400621004,931,"Galeus_gracilis",16.2568614473562,105.477365719371,16
"Galeus longirostris",414,"Galeus_longirostris",34.8900658152904,391,"Galeus_longirostris",30.0414852419825,100.135706328126,-23
"Galeus melastomus",802,"Galeus_melastomus",22.0948823605654,791,"Galeus_melastomus",19.6288482470118,102.080931917197,-11
"Galeus mincaronei",567,"Galeus_mincaronei",29.7764192971821,525,"Galeus_mincaronei",26.6177413823098,102.480554681447,-42
"Galeus murinus",307,"Galeus_murinus",40.6545195239674,353,"Galeus_murinus",31.6462175844082,104.241798705346,46
"Galeus nipponensis",818,"Galeus_nipponensis",21.6167317611821,804,"Galeus_nipponensis",19.3156699513139,107.800605091897,-14
"Galeus piperatus",1002,"Galeus_piperatus",16.2241210937905,1026,"Galeus_piperatus",13.8149072987454,105.186444633165,24
"Galeus polli",644,"Galeus_polli",27.1411387643154,614,"Galeus_polli",24.2117632982212,101.362074328959,-30
"Galeus priapus",887,"Galeus_priapus",19.5075535034654,883,"Galeus_priapus",17.4266007527355,102.879428916217,-4
"Galeus sauteri",102,"Galeus_sauteri",59.7446250819335,82,"Galeus_sauteri",50.1304545166092,101.320302122582,-20
"Galeus schultzi",817,"Galeus_schultzi",21.6167317611821,801,"Galeus_schultzi",19.4366955884679,107.08689268156,-16
"Galeus springeri",916,"Galeus_springeri",18.7483400621004,926,"Galeus_springeri",16.3410644174056,103.623366019332,10
"Ginglymostoma cirratum",218,"Ginglymostoma_cirratum",46.9020815694908,314,"Ginglymostoma_cirratum",33.2731119989225,94.6706472171024,96
"Glaucostegus cemiculus",399,"Glaucostegus_cemiculus",35.7781485555498,408,"Glaucostegus_cemiculus",29.5556548007317,102.161403649674,9
"Glaucostegus granulatus",400,"Glaucostegus_granulatus",35.7781485555498,499,"Glaucostegus_granulatus",27.3246456845241,97.8731326465354,99
"Glaucostegus halavi",248,"Glaucostegus_halavi",44.5289271215498,228,"Glaucostegus_halavi",37.5545078795544,98.654459226632,-20
"Glaucostegus microphthalmus",655,"Glaucostegus_microphthalmus",26.7774802855498,766,"Glaucostegus_microphthalmus",20.176481875947,105.098909040544,111
"Glaucostegus obtusus",668,"Glaucostegus_obtusus",26.4913225750498,752,"Glaucostegus_obtusus",20.4904308042259,106.069801034843,84
"Glaucostegus spinosus",669,"Glaucostegus_spinosus",26.4913225750498,749,"Glaucostegus_spinosus",20.5647297191057,106.459007964648,80
"Glaucostegus thouin",656,"Glaucostegus_thouin",26.7774802855498,773,"Glaucostegus_thouin",20.0260476795596,104.262431438181,117
"Glaucostegus typus",505,"Glaucostegus_typus",31.3054761455498,562,"Glaucostegus_typus",25.6559655129328,104.21737443449,57
"Glyphis fowlerae",855,"Glyphis_fowlerae",20.4555422138651,847,"Glyphis_fowlerae",18.2877235587048,98.5479404552232,-8
"Glyphis gangeticus",856,"Glyphis_gangeticus",20.4555422138651,870,"Glyphis_gangeticus",17.8882605217928,98.662345267388,14
"Glyphis garricki",787,"Glyphis_garricki",22.6294688785318,728,"Glyphis_garricki",20.9541092812026,96.7638735201485,-59
"Glyphis glyphis",647,"Glyphis_glyphis",27.0520136975318,588,"Glyphis_glyphis",24.9464909993093,98.1284324080116,-59
"Glyphis siamensis",788,"Glyphis_siamensis",22.6294688785318,765,"Glyphis_siamensis",20.2309498510793,98.1990324079214,-23
"Glyphis sp.1",490,"Glyphis_sp.1",32.0289336808651,449,"Glyphis_sp.1",28.5315498872349,96.4645006790581,-41
"Gogolia filewoodi",92,"Gogolia_filewoodi",61.1327175015795,85,"Gogolia_filewoodi",49.7809031921789,100.463474547752,-7
"Gollum attenuatus",119,"Gollum_attenuatus",55.764932339759,128,"Gollum_attenuatus",43.4838922509611,99.9916761527332,9
"Gollum suluensis",120,"Gollum_suluensis",55.764932339759,119,"Gollum_suluensis",44.6112747487115,98.591135323066,-1
"Gurgesiella atlantica",482,"Gurgesiella_atlantica",32.5519381106812,437,"Gurgesiella_atlantica",28.7481398071169,102.672274956192,-45
"Gurgesiella dorsalifera",481,"Gurgesiella_dorsalifera",32.5519381106812,427,"Gurgesiella_dorsalifera",29.0513114260685,102.516756268456,-54
"Gurgesiella furvescens",314,"Gurgesiella_furvescens",40.2115873096812,269,"Gurgesiella_furvescens",35.3817058493816,104.473501240202,-45
"Gymnura afuerae",104,"Gymnura_afuerae",58.5411278745219,110,"Gymnura_afuerae",45.1857966297708,103.035388396528,6
"Gymnura altavela",622,"Gymnura_altavela",27.8201188831886,689,"Gymnura_altavela",21.9293804648499,101.405439826451,67
"Gymnura australis",170,"Gymnura_australis",49.5906716316648,217,"Gymnura_australis",38.0214054830704,98.3525568786432,47
"Gymnura bimaculata",286,"Gymnura_bimaculata",41.4907777916648,256,"Gymnura_bimaculata",36.1603082288963,105.228596375545,-30
"Gymnura crebripunctata",420,"Gymnura_crebripunctata",34.8013798045219,401,"Gymnura_crebripunctata",29.7554386598552,100.974118525256,-19
"Gymnura crooki",193,"Gymnura_crooki",48.1116153616648,173,"Gymnura_crooki",40.1677754855631,101.707084355846,-20
"Gymnura hirundo",139,"Gymnura_hirundo",53.3697147566648,107,"Gymnura_hirundo",46.042179045958,100.859377362565,-32
"Gymnura japonica",169,"Gymnura_japonica",49.5906716316648,210,"Gymnura_japonica",38.2696573847639,99.3635899806174,41
"Gymnura marmorata",419,"Gymnura_marmorata",34.8013798045219,380,"Gymnura_marmorata",30.5016708397739,101.133498958061,-39
"Gymnura micrura",105,"Gymnura_micrura",58.5411278745219,95,"Gymnura_micrura",48.3284671111193,110.111268138289,-10
"Gymnura natalensis",432,"Gymnura_natalensis",34.1402067171886,428,"Gymnura_natalensis",29.0294105693704,100.641032211831,-4
"Gymnura poecilura",138,"Gymnura_poecilura",53.3697147566648,125,"Gymnura_poecilura",43.6617609359001,100.620314512726,-13
"Gymnura tentaculata",623,"Gymnura_tentaculata",27.8201188831886,710,"Gymnura_tentaculata",21.4606278800194,101.03146632984,87
"Gymnura zonura",285,"Gymnura_zonura",41.4907777916648,245,"Gymnura_zonura",36.6908829970944,105.7238023903,-40
"Halaelurus boesemani",273,"Halaelurus_boesemani",42.5375821430852,262,"Halaelurus_boesemani",35.7382196791717,97.8952063457212,-11
"Halaelurus buergeri",686,"Halaelurus_buergeri",25.7999011579519,741,"Halaelurus_buergeri",20.6476042394796,98.1191033724911,55
"Halaelurus lineatus",350,"Halaelurus_lineatus",38.2135986175852,295,"Halaelurus_lineatus",34.2177218680619,102.424613091996,-55
"Halaelurus maculosus",445,"Halaelurus_maculosus",33.5389535647519,418,"Halaelurus_maculosus",29.3690681105488,101.983008576637,-27
"Halaelurus natalensis",349,"Halaelurus_natalensis",38.2135986175852,308,"Halaelurus_natalensis",33.6099579114352,103.174598542153,-41
"Halaelurus quagga",444,"Halaelurus_quagga",33.5389535647519,396,"Halaelurus_quagga",29.8995964973671,99.7112387818916,-48
"Halaelurus sellus",685,"Halaelurus_sellus",25.7999011579519,742,"Halaelurus_sellus",20.6472253794491,98.105843271423,57
"Haploblepharus edwardsii",544,"Haploblepharus_edwardsii",30.2472138825376,502,"Haploblepharus_edwardsii",27.281037401051,104.478641289304,-42
"Haploblepharus fuscus",199,"Haploblepharus_fuscus",47.9322175725376,162,"Haploblepharus_fuscus",40.787480515725,102.780963444713,-37
"Haploblepharus kistnasamyi",653,"Haploblepharus_kistnasamyi",26.8228665620376,661,"Haploblepharus_kistnasamyi",22.9434380081541,101.895912631944,8
"Haploblepharus pictus",652,"Haploblepharus_pictus",26.8228665620376,652,"Haploblepharus_pictus",23.1552314725957,102.588565399583,0
"Harriotta haeckeli",198,"Harriotta_haeckeli",47.988532905646,303,"Harriotta_haeckeli",33.8672672573422,99.9805240171828,105
"Harriotta raleighana",197,"Harriotta_raleighana",47.988532905646,315,"Harriotta_raleighana",33.270204815156,97.3344962425645,118
"Heliotrygon gomesi",617,"Heliotrygon_gomesi",28.095358235331,565,"Heliotrygon_gomesi",25.5693156073518,97.7648633269343,-52
"Heliotrygon rosai",618,"Heliotrygon_rosai",28.095358235331,605,"Heliotrygon_rosai",24.4555826592182,97.910543134302,-13
"Hemigaleus australiensis",190,"Hemigaleus_australiensis",48.496187900231,147,"Hemigaleus_australiensis",41.7651990430555,99.3873870167091,-43
"Hemigaleus microstoma",189,"Hemigaleus_microstoma",48.496187900231,139,"Hemigaleus_microstoma",42.4553043201588,100.324479809439,-50
"Hemipristis elongata",26,"Hemipristis_elongata",95.4789400873739,32,"Hemipristis_elongata",62.7737614037803,100.864801760284,6
"Hemiscyllium freycineti",777,"Hemiscyllium_freycineti",23.0081421263563,862,"Hemiscyllium_freycineti",17.9804154269698,106.499061324031,85
"Hemiscyllium galei",452,"Hemiscyllium_galei",33.3524826799063,463,"Hemiscyllium_galei",28.0047496108661,106.306946950063,11
"Hemiscyllium hallstromi",778,"Hemiscyllium_hallstromi",23.0081421263563,864,"Hemiscyllium_hallstromi",17.9544873822856,106.617000336488,86
"Hemiscyllium henryi",531,"Hemiscyllium_henryi",30.5506189655063,545,"Hemiscyllium_henryi",26.0402243741475,107.232003380803,14
"Hemiscyllium michaeli",801,"Hemiscyllium_michaeli",22.1368998919063,929,"Hemiscyllium_michaeli",16.3105403976294,103.753437644982,128
"Hemiscyllium ocellatum",68,"Hemiscyllium_ocellatum",71.8956920846492,64,"Hemiscyllium_ocellatum",54.8557689777449,101.78746391366,-4
"Hemiscyllium strahani",800,"Hemiscyllium_strahani",22.1368998919063,925,"Hemiscyllium_strahani",16.3694417314043,102.57107415011,125
"Hemiscyllium trispeculare",530,"Hemiscyllium_trispeculare",30.5506189655063,559,"Hemiscyllium_trispeculare",25.7750601535393,109.140028600487,29
"Hemitriakis abdita",764,"Hemitriakis_abdita",23.3029609458128,818,"Hemitriakis_abdita",18.9646636332453,101.896400440869,54
"Hemitriakis complicofasciata",620,"Hemitriakis_complicofasciata",27.9677424507795,613,"Hemitriakis_complicofasciata",24.2142486895562,101.338354282112,-7
"Hemitriakis falcata",619,"Hemitriakis_falcata",27.9677424507795,612,"Hemitriakis_falcata",24.2782321273074,100.438122882191,-7
"Hemitriakis indroyonoi",152,"Hemitriakis_indroyonoi",51.1778804557795,116,"Hemitriakis_indroyonoi",44.7347620745115,101.61042767761,-36
"Hemitriakis japanica",763,"Hemitriakis_japanica",23.4502247091128,803,"Hemitriakis_japanica",19.3756083172358,103.847707024482,40
"Hemitriakis leucoperiptera",765,"Hemitriakis_leucoperiptera",23.3029609458128,823,"Hemitriakis_leucoperiptera",18.7408743838188,102.612404250491,58
"Heptranchias perlo",45,"Heptranchias_perlo",80.786072691644,51,"Heptranchias_perlo",57.0638380405485,100.874978366795,6
"Heterodontus francisci",7,"Heterodontus_francisci",120.577239087092,8,"Heterodontus_francisci",75.1212819474409,96.4409615595442,1
"Heterodontus galeatus",133,"Heterodontus_galeatus",54.1255254929493,176,"Heterodontus_galeatus",40.0244402790877,98.6043652994267,43
"Heterodontus japonicus",146,"Heterodontus_japonicus",52.1978295679493,246,"Heterodontus_japonicus",36.6411195636165,103.102211303999,100
"Heterodontus mexicanus",17,"Heterodontus_mexicanus",103.119928327092,10,"Heterodontus_mexicanus",74.1447794210465,99.3559265452308,-7
"Heterodontus omanensis",147,"Heterodontus_omanensis",52.1978295679493,232,"Heterodontus_omanensis",37.3921262203517,105.291705840005,85
"Heterodontus portusjacksoni",132,"Heterodontus_portusjacksoni",54.1255254929493,174,"Heterodontus_portusjacksoni",40.1428683217001,99.6831339600464,42
"Heterodontus quoyi",212,"Heterodontus_quoyi",47.2241595439493,378,"Heterodontus_quoyi",30.6250924302778,93.8673418028227,166
"Heterodontus ramalheira",49,"Heterodontus_ramalheira",78.0040103979493,57,"Heterodontus_ramalheira",55.6003340680754,91.9089407217312,8
"Heterodontus zebra",211,"Heterodontus_zebra",47.2241605439493,367,"Heterodontus_zebra",31.0743381979216,94.3561497382343,156
"Heteronarce bentuviai",610,"Heteronarce_bentuviai",28.3356054771679,745,"Heteronarce_bentuviai",20.6301557163312,92.0547662495062,135
"Heteronarce garmani",402,"Heteronarce_garmani",35.6739929048346,362,"Heteronarce_garmani",31.2980471785249,93.4709480610475,-40
"Heteronarce mollis",611,"Heteronarce_mollis",28.3356054771679,737,"Heteronarce_mollis",20.7023735448907,93.4731026045851,126
"Heteronarce prabhui",521,"Heteronarce_prabhui",30.8426550601679,620,"Heteronarce_prabhui",24.0443250456928,93.8750764427887,99
"Heteroscymnoides marleyi",271,"Heteroscymnoides_marleyi",42.5764439329094,289,"Heteroscymnoides_marleyi",34.4457739470508,95.2245388597166,18
"Hexanchus griseus",116,"Hexanchus_griseus",57.2145800853107,255,"Hexanchus_griseus",36.1901829819552,106.337284534893,139
"Hexanchus nakamurai",117,"Hexanchus_nakamurai",57.2145800853107,283,"Hexanchus_nakamurai",34.7373998562278,103.556765487843,166
"Hexanchus vitulus",66,"Hexanchus_vitulus",72.0240333183107,76,"Hexanchus_vitulus",51.0508232258051,102.372957559028,10
"Hexatrygon bickelli",4,"Hexatrygon_bickelli",138.947657969357,5,"Hexatrygon_bickelli",77.5156469015006,100.855059090763,1
"Himantura astra",974,"Himantura_astra",17.137511476932,1001,"Himantura_astra",14.3535207155903,97.4496787388676,27
"Himantura dalyensis",969,"Himantura_dalyensis",17.277201767294,957,"Himantura_dalyensis",15.6408762580525,99.4837417852035,-12
"Himantura fai",877,"Himantura_fai",19.7884911937463,891,"Himantura_fai",17.2514666711591,100.547656772927,14
"Himantura gerrardi",513,"Himantura_gerrardi",31.175088268794,469,"Himantura_gerrardi",27.8442192311434,99.1325131958248,-44
"Himantura granulata",625,"Himantura_granulata",27.670804782383,654,"Himantura_granulata",23.1346506148269,99.1089972002984,29
"Himantura hortlei",542,"Himantura_hortlei",30.2791628677463,493,"Himantura_hortlei",27.3983953425447,97.9557978886957,-49
"Himantura imbricata",1030,"Himantura_imbricata",15.582108305694,1024,"Himantura_imbricata",13.8465874917499,98.8910957939693,-6
"Himantura jenkinsii",600,"Himantura_jenkinsii",28.6544718501497,544,"Himantura_jenkinsii",26.0604575439177,101.84596465422,-56
"Himantura kittipongi",876,"Himantura_kittipongi",19.7884911937463,889,"Himantura_kittipongi",17.2574409051071,100.57952656844,13
"Himantura leoparda",528,"Himantura_leoparda",30.5616711370797,506,"Himantura_leoparda",27.2012212871026,97.1634750572241,-22
"Himantura lobistoma",145,"Himantura_lobistoma",52.516030040883,133,"Himantura_lobistoma",43.0305665210774,100.876046400189,-12
"Himantura marginata",795,"Himantura_marginata",22.3677005332463,762,"Himantura_marginata",20.309669013859,97.7718570077488,-33
"Himantura oxyrhyncha",440,"Himantura_oxyrhyncha",33.802901370994,389,"Himantura_oxyrhyncha",30.09762176162,93.5100190167057,-51
"Himantura pacifica",206,"Himantura_pacifica",47.3547877304792,158,"Himantura_pacifica",40.8908345980508,99.308658605679,-48
"Himantura pastinacoides",920,"Himantura_pastinacoides",18.512640214232,937,"Himantura_pastinacoides",16.1330322786988,97.5194483402758,17
"Himantura polylepis",624,"Himantura_polylepis",27.670804782383,630,"Himantura_polylepis",23.7721550811309,99.9791911123451,6
"Himantura randalli",601,"Himantura_randalli",28.6544708501497,536,"Himantura_randalli",26.2937783856304,102.717558271445,-65
"Himantura schmardae",205,"Himantura_schmardae",47.3547877304792,140,"Himantura_schmardae",42.3746006157928,103.787808808392,-65
"Himantura signifer",439,"Himantura_signifer",33.802901370994,417,"Himantura_signifer",29.3734323981002,95.0273962385799,-22
"Himantura toshi",973,"Himantura_toshi",17.137511476932,1000,"Himantura_toshi",14.3938924657176,97.4598084201076,27
"Himantura uarnacoides",430,"Himantura_uarnacoides",34.3192832701497,366,"Himantura_uarnacoides",31.0852715510943,103.689283812736,-64
"Himantura uarnak",751,"Himantura_uarnak",23.7487341037463,693,"Himantura_uarnak",21.8060758794252,98.1774765787299,-58
"Himantura undulata",794,"Himantura_undulata",22.3677015332463,753,"Himantura_undulata",20.45971965867,97.501992994065,-41
"Himantura walga",968,"Himantura_walga",17.277201767294,962,"Himantura_walga",15.5077629582062,99.0869351731571,-6
"Holohalaelurus favus",730,"Holohalaelurus_favus",24.2959227521558,871,"Holohalaelurus_favus",17.8494294682184,102.651616347468,141
"Holohalaelurus grennian",424,"Holohalaelurus_grennian",34.5335109715224,466,"Holohalaelurus_grennian",27.9047161653309,100.418959452551,42
"Holohalaelurus melanostigma",520,"Holohalaelurus_melanostigma",30.9037375320224,622,"Holohalaelurus_melanostigma",23.9774821555653,98.2377123682453,102
"Holohalaelurus punctatus",727,"Holohalaelurus_punctatus",24.3629338773558,859,"Holohalaelurus_punctatus",18.0069846758177,102.27121793965,132
"Holohalaelurus regani",731,"Holohalaelurus_regani",24.2959227521558,844,"Holohalaelurus_regani",18.3488502092308,105.157617609883,113
"Hongeo koreana",153,"Hongeo_koreana",51.1105613489492,159,"Hongeo_koreana",40.8239923915169,104.871771257834,6
"Hydrolagus affinis",713,"Hydrolagus_affinis",24.8510173699016,874,"Hydrolagus_affinis",17.7770906107985,95.9852538655139,161
"Hydrolagus africanus",195,"Hydrolagus_africanus",48.1113732933472,263,"Hydrolagus_africanus",35.7009840674935,102.742992241669,68
"Hydrolagus alberti",143,"Hydrolagus_alberti",52.5287613132852,153,"Hydrolagus_alberti",41.4734227362098,97.5363004599612,10
"Hydrolagus alphus",144,"Hydrolagus_alphus",52.5287613132852,156,"Hydrolagus_alphus",41.0246859607995,93.9713412994009,12
"Hydrolagus barbouri",389,"Hydrolagus_barbouri",36.498276323255,451,"Hydrolagus_barbouri",28.3593182906139,98.8537112861607,62
"Hydrolagus bemisi",326,"Hydrolagus_bemisi",39.53059411336,332,"Hydrolagus_bemisi",32.4839397369272,102.642189032983,6
"Hydrolagus colliei",333,"Hydrolagus_colliei",39.2914552019217,371,"Hydrolagus_colliei",30.8114606244307,98.1291645806878,38
"Hydrolagus deani",150,"Hydrolagus_deani",51.457969215255,157,"Hydrolagus_deani",40.9502876135786,96.7890106790324,7
"Hydrolagus eidolon",378,"Hydrolagus_eidolon",37.0188491329217,441,"Hydrolagus_eidolon",28.6999750464372,100.92101783939,63
"Hydrolagus homonycteris",377,"Hydrolagus_homonycteris",37.0188491329217,470,"Hydrolagus_homonycteris",27.8173859282039,97.7320567992039,93
"Hydrolagus lemures",405,"Hydrolagus_lemures",35.2182100321365,600,"Hydrolagus_lemures",24.6287103801054,100.628103415515,195
"Hydrolagus lusitanicus",416,"Hydrolagus_lusitanicus",34.87173959136,446,"Hydrolagus_lusitanicus",28.5616966530313,104.520053263014,30
"Hydrolagus macrophthalmus",631,"Hydrolagus_macrophthalmus",27.4407444932588,792,"Hydrolagus_macrophthalmus",19.6082932982415,93.429373693546,161
"Hydrolagus marmoratus",429,"Hydrolagus_marmoratus",34.3270305477588,447,"Hydrolagus_marmoratus",28.5616294397561,100.620938628489,18
"Hydrolagus matallanasi",299,"Hydrolagus_matallanasi",40.7729841589186,351,"Hydrolagus_matallanasi",31.6790530703211,97.0086627206498,52
"Hydrolagus mccoskeri",284,"Hydrolagus_mccoskeri",41.64387599686,301,"Hydrolagus_mccoskeri",33.9773860786845,102.958137149997,17
"Hydrolagus melanophasma",298,"Hydrolagus_melanophasma",40.7751083940921,286,"Hydrolagus_melanophasma",34.6383591116427,97.8143055543745,-12
"Hydrolagus mirabilis",714,"Hydrolagus_mirabilis",24.8510173699016,865,"Hydrolagus_mirabilis",17.9392764435444,95.2166718610998,151
"Hydrolagus mitsukurii",194,"Hydrolagus_mitsukurii",48.1113732933472,220,"Hydrolagus_mitsukurii",37.8206878362217,102.523606850542,26
"Hydrolagus novaezealandiae",268,"Hydrolagus_novaezealandiae",42.6670084904016,277,"Hydrolagus_novaezealandiae",35.1869250655641,98.8163614161039,9
"Hydrolagus ogilbyi",406,"Hydrolagus_ogilbyi",35.2182100321365,592,"Hydrolagus_ogilbyi",24.8390134738507,101.009070872625,186
"Hydrolagus pallidus",300,"Hydrolagus_pallidus",40.7729841589186,337,"Hydrolagus_pallidus",32.1677012886136,95.834159064996,37
"Hydrolagus purpurescens",632,"Hydrolagus_purpurescens",27.4407444932588,775,"Hydrolagus_purpurescens",19.9625218113397,93.9748322909376,143
"Hydrolagus trolli",684,"Hydrolagus_trolli",25.8870672564016,811,"Hydrolagus_trolli",19.1487698353846,96.2268797322362,127
"Hypnos monopterygius",3,"Hypnos_monopterygius",142.750439551048,3,"Hypnos_monopterygius",81.2845323140636,95.2863200968071,0
"Hypogaleus hyugaensis",63,"Hypogaleus_hyugaensis",72.9331472585795,54,"Hypogaleus_hyugaensis",55.787375635459,99.60110140733,-9
"Iago garricki",94,"Iago_garricki",60.7852256005795,87,"Iago_garricki",49.4977841557678,101.619145199746,-7
"Iago omanensis",95,"Iago_omanensis",60.7852256005795,90,"Iago_omanensis",49.2671622047499,101.783862200653,-5
"Insentiraja laxipella",987,"Insentiraja_laxipella",16.7842143084249,965,"Insentiraja_laxipella",15.4211085390055,103.763437429384,-22
"Insentiraja subtilispinosa",986,"Insentiraja_subtilispinosa",16.7842143084249,955,"Insentiraja_subtilispinosa",15.6462261711178,103.843001775704,-31
"Irolita waitii",425,"Irolita_waitii",34.5133474102798,422,"Irolita_waitii",29.2901656023574,100.309300428849,-3
"Irolita westraliensis",426,"Irolita_westraliensis",34.5133474102798,454,"Irolita_westraliensis",28.2811701996861,102.159020374669,28
"Isistius brasiliensis",246,"Isistius_brasiliensis",44.6515960717427,407,"Isistius_brasiliensis",29.5675035039876,99.1811739526606,161
"Isistius labialis",245,"Isistius_labialis",44.6515960717427,403,"Isistius_labialis",29.6995791940072,99.5892179327132,158
"Isistius plutodus",244,"Isistius_plutodus",44.7808854121427,424,"Isistius_plutodus",29.1435077458985,96.7441912079376,180
"Isogomphodon oxyrhynchus",1062,"Isogomphodon_oxyrhynchus",14.5944364517056,1070,"Isogomphodon_oxyrhynchus",12.8870633170023,95.1611814370115,8
"Isurus oxyrinchus",81,"Isurus_oxyrinchus",65.2394701958729,77,"Isurus_oxyrinchus",51.0369345197746,94.8016546734119,-4
"Isurus paucus",82,"Isurus_paucus",65.2394701958729,73,"Isurus_paucus",53.0620102351481,103.184603377224,-9
"Lamiopsis temminckii",410,"Lamiopsis_temminckii",34.9415067358651,350,"Lamiopsis_temminckii",31.7656253018093,101.993699526685,-60
"Lamiopsis tephrodes",411,"Lamiopsis_tephrodes",34.9415067358651,360,"Lamiopsis_tephrodes",31.3906582528555,100.89961434934,-51
"Lamna ditropis",76,"Lamna_ditropis",67.2321620992062,74,"Lamna_ditropis",52.7649774199551,100.111148742957,-2
"Lamna nasus",77,"Lamna_nasus",67.2321620992062,59,"Lamna_nasus",55.285924235634,103.16608920091,-18
"Leptocharias smithii",12,"Leptocharias_smithii",107.871249574441,25,"Leptocharias_smithii",66.9227928354076,101.298162043717,13
"Leucoraja caribbaea",634,"Leucoraja_caribbaea",27.3164679294652,571,"Leucoraja_caribbaea",25.4385926625787,102.336848084846,-63
"Leucoraja circularis",443,"Leucoraja_circularis",33.5591216442371,365,"Leucoraja_circularis",31.0865557943117,100.25149336385,-78
"Leucoraja compagnoi",529,"Leucoraja_compagnoi",30.5551321783485,501,"Leucoraja_compagnoi",27.3060113264731,101.338570909826,-28
"Leucoraja erinacea",708,"Leucoraja_erinacea",25.0277705419818,656,"Leucoraja_erinacea",23.0394821858181,96.7498961881169,-52
"Leucoraja fullonica",892,"Leucoraja_fullonica",19.4211375179038,893,"Leucoraja_fullonica",17.1236024973068,98.9582696242237,1
"Leucoraja garmani",627,"Leucoraja_garmani",27.6116296448485,574,"Leucoraja_garmani",25.3685410771007,103.258608493568,-53
"Leucoraja lentiginosa",626,"Leucoraja_lentiginosa",27.6116306448485,590,"Leucoraja_lentiginosa",24.8803114037658,95.1515256444917,-36
"Leucoraja leucosticta",1097,"Leucoraja_leucosticta",13.5072194606818,1098,"Leucoraja_leucosticta",12.148869575524,101.373255874967,1
"Leucoraja melitensis",891,"Leucoraja_melitensis",19.4211385179038,905,"Leucoraja_melitensis",16.7848808469538,98.9342621339123,14
"Leucoraja naevus",779,"Leucoraja_naevus",22.9716150192371,747,"Leucoraja_naevus",20.6003319121152,101.723000347469,-32
"Leucoraja ocellata",908,"Leucoraja_ocellata",18.9317299954818,867,"Leucoraja_ocellata",17.9312401957285,104.326556767322,-41
"Leucoraja pristispina",635,"Leucoraja_pristispina",27.3164679294652,560,"Leucoraja_pristispina",25.7241780016018,100.992441963164,-75
"Leucoraja virginica",975,"Leucoraja_virginica",17.1039232404818,952,"Leucoraja_virginica",15.7611241959367,99.9014981884405,-23
"Leucoraja wallacei",816,"Leucoraja_wallacei",21.6184558369038,786,"Leucoraja_wallacei",19.7190693353194,101.571150264982,-30
"Leucoraja yucatanensis",1096,"Leucoraja_yucatanensis",13.5072194606818,1096,"Leucoraja_yucatanensis",12.2321306761757,101.642733048656,0
"Loxodon macrorhinus",118,"Loxodon_macrorhinus",56.4260381866318,108,"Loxodon_macrorhinus",45.904326167051,100.314318586141,-10
"Makararaja chindwinensis",127,"Makararaja_chindwinensis",54.6192303386488,105,"Makararaja_chindwinensis",46.384342714494,102.368453368845,-22
"Malacoraja kreffti",717,"Malacoraja_kreffti",24.6168760571515,650,"Malacoraja_kreffti",23.2369772358351,104.725681600035,-67
"Malacoraja obscura",688,"Malacoraja_obscura",25.7589282331515,640,"Malacoraja_obscura",23.4474747409171,100.711037275509,-48
"Malacoraja senta",689,"Malacoraja_senta",25.7589282331515,655,"Malacoraja_senta",23.1025384791952,101.169873735499,-34
"Malacoraja spinacidermis",718,"Malacoraja_spinacidermis",24.6168760571515,682,"Malacoraja_spinacidermis",22.2135784205592,103.385777667272,-36
"Manta alfredi",418,"Manta_alfredi",34.832573324692,397,"Manta_alfredi",29.8867781834534,106.357921803982,-21
"Manta birostris",417,"Manta_birostris",34.832573324692,349,"Manta_birostris",31.7662469742383,107.57937286025,-68
"Megachasma pelagios",114,"Megachasma_pelagios",57.3558081382776,96,"Megachasma_pelagios",48.2688099213315,98.3051668479326,-18
"Mitsukurina owstoni",5,"Mitsukurina_owstoni",138.616999110635,4,"Mitsukurina_owstoni",78.5413479336943,94.4406587101778,-1
"Mobula diabolus",382,"Mobula_diabolus",36.9132200342634,294,"Mobula_diabolus",34.2201130196836,106.183065095497,-88
"Mobula eregoodootenkee",274,"Mobula_eregoodootenkee",42.4830526059301,216,"Mobula_eregoodootenkee",38.1691967243658,107.096259752953,-58
"Mobula hypostoma",494,"Mobula_hypostoma",31.7972189059301,479,"Mobula_hypostoma",27.5819192625679,102.715279417445,-15
"Mobula japanica",572,"Mobula_japanica",29.720205646692,579,"Mobula_japanica",25.1868425587895,100.213791005186,7
"Mobula kuhlii",511,"Mobula_kuhlii",31.1815764343587,467,"Mobula_kuhlii",27.8648104257979,102.760557892924,-44
"Mobula mobular",381,"Mobula_mobular",36.9132200342634,357,"Mobula_mobular",31.5154158140435,101.53121697278,-24
"Mobula munkiana",493,"Mobula_munkiana",31.7972189059301,436,"Mobula_munkiana",28.78038499324,103.829165412773,-57
"Mobula rochebrunei",261,"Mobula_rochebrunei",43.3516682343586,223,"Mobula_rochebrunei",37.7258836646737,104.807150589087,-38
"Mobula tarapacana",571,"Mobula_tarapacana",29.720205646692,551,"Mobula_tarapacana",25.9272727461722,101.893894341195,-20
"Mobula thurstoni",510,"Mobula_thurstoni",31.1815764343587,460,"Mobula_thurstoni",28.1246255787065,103.619979860119,-50
"Mollisquama parini",53,"Mollisquama_parini",75.0724840304094,47,"Mollisquama_parini",58.7404547585921,95.6862993294793,-6
"Mustelus albipinnis",1091,"Mustelus_albipinnis",13.7615725230517,1100,"Mustelus_albipinnis",11.9501477555043,103.961476500201,9
"Mustelus antarcticus",1068,"Mustelus_antarcticus",14.4559231137017,1062,"Mustelus_antarcticus",12.9574043747917,106.21927045227,-6
"Mustelus asterias",1046,"Mustelus_asterias",15.0838934380517,1042,"Mustelus_asterias",13.4832125786453,104.270304124243,-4
"Mustelus californicus",614,"Mustelus_californicus",28.1144359756051,586,"Mustelus_californicus",25.0112946292914,104.904457759374,-28
"Mustelus canis",675,"Mustelus_canis",26.2605563891718,629,"Mustelus_canis",23.7830944020027,100.704712173375,-46
"Mustelus dorsalis",1104,"Mustelus_dorsalis",12.9548462487017,1111,"Mustelus_dorsalis",11.3619930122151,106.892698968072,7
"Mustelus fasciatus",947,"Mustelus_fasciatus",17.8208235578218,936,"Mustelus_fasciatus",16.1438349438512,104.162896767454,-11
"Mustelus griseus",260,"Mustelus_griseus",43.5808627029962,227,"Mustelus_griseus",37.554826893543,100.046501042581,-33
"Mustelus henlei",808,"Mustelus_henlei",21.9123246846718,784,"Mustelus_henlei",19.7685716491952,101.684841217428,-24
"Mustelus higmani",807,"Mustelus_higmani",21.9123246846718,785,"Mustelus_higmani",19.7407578726941,100.964940652398,-22
"Mustelus lenticulatus",1105,"Mustelus_lenticulatus",12.9548462487017,1110,"Mustelus_lenticulatus",11.3807906242775,105.805220018059,5
"Mustelus lunulatus",694,"Mustelus_lunulatus",25.6032386918218,664,"Mustelus_lunulatus",22.8873889662074,100.819923674629,-30
"Mustelus manazo",845,"Mustelus_manazo",20.6552289838017,836,"Mustelus_manazo",18.5247324185198,105.815522833422,-9
"Mustelus mangalorensis",270,"Mustelus_mangalorensis",42.5953138706628,243,"Mustelus_mangalorensis",36.7647018817836,102.806255681638,-27
"Mustelus mento",1090,"Mustelus_mento",13.7615725230517,1103,"Mustelus_mento",11.7557182083762,103.69960458303,13
"Mustelus minicanis",441,"Mustelus_minicanis",33.7277911889128,450,"Mustelus_minicanis",28.5011962235444,99.9266905852972,9
"Mustelus mosis",859,"Mustelus_mosis",20.3431581394885,830,"Mustelus_mosis",18.6387933637063,103.978459076151,-29
"Mustelus mustelus",946,"Mustelus_mustelus",17.8208235578218,951,"Mustelus_mustelus",15.7739552980574,102.997855330375,5
"Mustelus norrisi",554,"Mustelus_norrisi",30.0468996938051,522,"Mustelus_norrisi",26.6769552656838,99.5661285628146,-32
"Mustelus palumbes",1045,"Mustelus_palumbes",15.0838934380517,1047,"Mustelus_palumbes",13.3938522264784,104.051198699076,2
"Mustelus punctulatus",442,"Mustelus_punctulatus",33.7277911889128,445,"Mustelus_punctulatus",28.5913935802512,98.4517437256918,3
"Mustelus ravidus",1006,"Mustelus_ravidus",16.1964776284885,990,"Mustelus_ravidus",14.6122412620462,101.553044525331,-16
"Mustelus schmitti",659,"Mustelus_schmitti",26.7151177882462,569,"Mustelus_schmitti",25.5334940151776,104.590617895211,-90
"Mustelus sinusmexicanus",231,"Mustelus_sinusmexicanus",45.2425151926052,213,"Mustelus_sinusmexicanus",38.2570291021445,99.8636355805188,-18
"Mustelus stevensi",1044,"Mustelus_stevensi",15.1169742163017,1044,"Mustelus_stevensi",13.4371715013788,104.93027700161,0
"Mustelus walkeri",666,"Mustelus_walkeri",26.5173053363051,619,"Mustelus_walkeri",24.0857374881626,104.877717083452,-47
"Mustelus whitneyi",225,"Mustelus_whitneyi",46.3631274742462,190,"Mustelus_whitneyi",39.2010032667868,98.7445089587888,-35
"Mustelus widodoi",1007,"Mustelus_widodoi",16.1964776284885,999,"Mustelus_widodoi",14.4148950745981,100.82516471742,-8
"Myliobatis aquila",348,"Myliobatis_aquila",38.2968360829073,324,"Myliobatis_aquila",32.8898822095933,96.5167162711707,-24
"Myliobatis australis",506,"Myliobatis_australis",31.2343199008406,566,"Myliobatis_australis",25.5668624050625,97.7746439181602,60
"Myliobatis californicus",166,"Myliobatis_californicus",49.9146797962906,123,"Myliobatis_californicus",44.2684091245722,105.474055624649,-43
"Myliobatis chilensis",311,"Myliobatis_chilensis",40.4344318827073,268,"Myliobatis_chilensis",35.4079651972026,99.2677077615744,-43
"Myliobatis freminvillei",394,"Myliobatis_freminvillei",36.0988804587906,348,"Myliobatis_freminvillei",31.7766009614958,102.611226518367,-46
"Myliobatis goodei",507,"Myliobatis_goodei",31.2343199008406,540,"Myliobatis_goodei",26.110076693516,97.5335542821907,33
"Myliobatis hamlyni",825,"Myliobatis_hamlyni",21.3884804819073,860,"Myliobatis_hamlyni",17.9967719632028,99.6416213858736,35
"Myliobatis longirostris",395,"Myliobatis_longirostris",36.0988804587906,331,"Myliobatis_longirostris",32.4964569893204,104.061651303064,-64
"Myliobatis peruvianus",477,"Myliobatis_peruvianus",32.5828582887906,415,"Myliobatis_peruvianus",29.3790988175401,101.466078010394,-62
"Myliobatis rhombus",824,"Myliobatis_rhombus",21.3884804819073,854,"Myliobatis_rhombus",18.1002946808826,99.8653167030036,30
"Myliobatis ridens",768,"Myliobatis_ridens",23.2400261309073,797,"Myliobatis_ridens",19.5187303696385,100.52263723382,29
"Myliobatis tenuicaudatus",478,"Myliobatis_tenuicaudatus",32.5828582887906,430,"Myliobatis_tenuicaudatus",28.8974078718983,104.496505359721,-48
"Myliobatis tobijei",769,"Myliobatis_tobijei",23.2400261309073,779,"Myliobatis_tobijei",19.8969038023385,99.5958510432859,10
"Narcine atzi",577,"Narcine_atzi",29.507638140883,519,"Narcine_atzi",26.844000416548,98.8631706438058,-58
"Narcine bancroftii",885,"Narcine_bancroftii",19.616684471764,903,"Narcine_bancroftii",16.8604630406311,100.907180395301,18
"Narcine bicolor",346,"Narcine_bicolor",38.3837384640914,347,"Narcine_bicolor",31.7931966228878,95.0916867943019,1
"Narcine brasiliensis",749,"Narcine_brasiliensis",23.780157485383,755,"Narcine_brasiliensis",20.4300935609735,100.74806021339,6
"Narcine brevilabiata",729,"Narcine_brevilabiata",24.343494261883,713,"Narcine_brevilabiata",21.3856275569559,93.6589335463713,-16
"Narcine brunnea",827,"Narcine_brunnea",21.276538271764,828,"Narcine_brunnea",18.642710445261,99.294753950997,1
"Narcine entemedor",347,"Narcine_entemedor",38.3837384640914,344,"Narcine_entemedor",31.8612666445571,94.0809763147792,-3
"Narcine firma",738,"Narcine_firma",24.181926462883,716,"Narcine_firma",21.2850393365962,94.5913678203575,-22
"Narcine insolita",826,"Narcine_insolita",21.276538271764,843,"Narcine_insolita",18.3513965791535,96.8400098272191,17
"Narcine lasti",167,"Narcine_lasti",49.7958661242274,150,"Narcine_lasti",41.7411207987966,98.6135318504299,-17
"Narcine leoparda",163,"Narcine_leoparda",50.170404728758,131,"Narcine_leoparda",43.0441591336258,94.0911544991913,-32
"Narcine lingula",834,"Narcine_lingula",20.919820939264,827,"Narcine_lingula",18.681259013163,100.88724046531,-7
"Narcine maculata",739,"Narcine_maculata",24.181926462883,723,"Narcine_maculata",21.1120807177325,94.0532874353115,-16
"Narcine nelsoni",437,"Narcine_nelsoni",34.0295059075973,375,"Narcine_nelsoni",30.7183260116959,94.6862692275155,-62
"Narcine nigra",822,"Narcine_nigra",21.475927235264,834,"Narcine_nigra",18.5551846013502,97.4177810522823,12
"Narcine oculifera",576,"Narcine_oculifera",29.507638140883,511,"Narcine_oculifera",27.0171979555506,99.7439230131827,-65
"Narcine ornata",254,"Narcine_ornata",44.007948844883,224,"Narcine_ornata",37.6727023687437,94.8338525038971,-30
"Narcine prodorsalis",287,"Narcine_prodorsalis",41.4409341320914,274,"Narcine_prodorsalis",35.3114552401412,94.9927649108621,-13
"Narcine rierai",728,"Narcine_rierai",24.343494261883,736,"Narcine_rierai",20.7328495733077,94.2496759288447,8
"Narcine tasmaniensis",168,"Narcine_tasmaniensis",49.7958661242274,141,"Narcine_tasmaniensis",42.0847771552795,102.84740669423,-27
"Narcine timlei",884,"Narcine_timlei",19.616684471764,899,"Narcine_timlei",16.9451777456654,100.880813702291,15
"Narcine vermiculatus",750,"Narcine_vermiculatus",23.780157485383,739,"Narcine_vermiculatus",20.6778740432523,100.333318084441,-11
"Narcine westraliensis",86,"Narcine_westraliensis",63.3558846042274,70,"Narcine_westraliensis",53.7312946018254,99.3598867043248,-16
"Narke capensis",989,"Narke_capensis",16.7422632400512,1092,"Narke_capensis",12.3620616218383,91.7854676840035,103
"Narke dipterygia",988,"Narke_dipterygia",16.7422632400512,1091,"Narke_dipterygia",12.3718164885808,91.7814848859849,103
"Narke japonica",954,"Narke_japonica",17.7016641969512,1048,"Narke_japonica",13.3455578327863,92.0324034652997,94
"Nasolamia velox",851,"Nasolamia_velox",20.4999349345318,817,"Nasolamia_velox",18.9867649382204,98.4443222751578,-34
"Nebrius ferrugineus",208,"Nebrius_ferrugineus",47.2858732946908,275,"Nebrius_ferrugineus",35.2111043499846,96.0218827286135,67
"Negaprion acutidens",315,"Negaprion_acutidens",40.1933976283651,261,"Negaprion_acutidens",35.8581708646964,96.1622447043513,-54
"Negaprion brevirostris",316,"Negaprion_brevirostris",40.1933976283651,276,"Negaprion_brevirostris",35.2096815003907,96.8052065739966,-40
"Neoharriotta carri",122,"Neoharriotta_carri",55.4099624073126,200,"Neoharriotta_carri",38.7339646930597,100.386610397741,78
"Neoharriotta pinnata",84,"Neoharriotta_pinnata",64.4677129283126,60,"Neoharriotta_pinnata",55.0894476297775,104.429617675003,-24
"Neoharriotta pumila",121,"Neoharriotta_pumila",55.4099624073126,235,"Neoharriotta_pumila",37.3017688742133,99.5039329833269,114
"Neoraja africana",921,"Neoraja_africana",18.5024291361682,969,"Neoraja_africana",15.3818456535533,100.952589313302,48
"Neoraja caerulea",756,"Neoraja_caerulea",23.6030346055682,709,"Neoraja_caerulea",21.5346757644137,104.544618961821,-47
"Neoraja carolinensis",676,"Neoraja_carolinensis",26.2534567062348,627,"Neoraja_carolinensis",23.8242505209491,101.582215518234,-49
"Neoraja iberica",922,"Neoraja_iberica",18.5024291361682,959,"Neoraja_iberica",15.6220052751203,100.448101495268,37
"Neoraja stehmanni",568,"Neoraja_stehmanni",29.7650414029848,483,"Neoraja_stehmanni",27.5505250947243,103.063007154151,-85
"Neotrygon annotata",602,"Neotrygon_annotata",28.6491939082237,634,"Neotrygon_annotata",23.6384514034582,99.9328085295495,32
"Neotrygon kuhlii",210,"Neotrygon_kuhlii",47.2446167703903,165,"Neotrygon_kuhlii",40.5897740358162,96.425922582303,-45
"Neotrygon leylandi",555,"Neotrygon_leylandi",30.0001552907237,550,"Neotrygon_leylandi",25.931775326501,101.461992084505,-5
"Neotrygon ningalooensis",108,"Neotrygon_ningalooensis",58.1997043503903,103,"Neotrygon_ningalooensis",46.7574904920232,94.318015228773,-5
"Neotrygon picta",603,"Neotrygon_picta",28.6491929082237,621,"Neotrygon_picta",24.040995430332,102.359577515791,18
"Notoraja alisae",985,"Notoraja_alisae",16.8760770250764,961,"Notoraja_alisae",15.5347409377036,104.840284894378,-24
"Notoraja azurea",1076,"Notoraja_azurea",14.0247319468931,1060,"Notoraja_azurea",12.9959129625202,107.013612496413,-16
"Notoraja fijiensis",1040,"Notoraja_fijiensis",15.1819325806431,1017,"Notoraja_fijiensis",13.9902659689252,106.70273270144,-23
"Notoraja hirticauda",1146,"Notoraja_hirticauda",10.8434614107598,1139,"Notoraja_hirticauda",10.0039730906417,107.984406753649,-7
"Notoraja inusitata",1116,"Notoraja_inusitata",12.4758905104364,1105,"Notoraja_inusitata",11.6757257579076,106.426783961353,-11
"Notoraja lira",1143,"Notoraja_lira",11.0148642044364,1138,"Notoraja_lira",10.1601740728974,103.821474213656,-5
"Notoraja longiventralis",1115,"Notoraja_longiventralis",12.4758905104364,1108,"Notoraja_longiventralis",11.5795591945754,105.510342225441,-7
"Notoraja ochroderma",1137,"Notoraja_ochroderma",11.1281690095598,1127,"Notoraja_ochroderma",10.5169604567227,107.760468408947,-10
"Notoraja sapphira",1145,"Notoraja_sapphira",10.8434614107598,1141,"Notoraja_sapphira",9.97487045446337,106.774634203482,-4
"Notoraja sticta",1048,"Notoraja_sticta",15.0696587474364,1023,"Notoraja_sticta",13.8481285334308,102.031675446881,-25
"Notoraja tobitukai",1142,"Notoraja_tobitukai",11.0148642044364,1142,"Notoraja_tobitukai",9.9632708420977,102.498838659081,0
"Notorynchus cepedianus",11,"Notorynchus_cepedianus",108.122896296644,14,"Notorynchus_cepedianus",73.807576963101,103.210691704474,3
"Odontaspis ferox",188,"Odontaspis_ferox",48.4992919782776,195,"Odontaspis_ferox",38.9358677842451,95.7877640209538,7
"Odontaspis noronhai",187,"Odontaspis_noronhai",48.4992919782776,218,"Odontaspis_noronhai",37.971694349306,95.651695501256,31
"Okamejei acutispina",527,"Okamejei_acutispina",30.565325215258,458,"Okamejei_acutispina",28.1395486186814,104.243832670486,-69
"Okamejei arafurensis",649,"Okamejei_arafurensis",26.9336630043691,591,"Okamejei_arafurensis",24.8729201363768,99.3885226582562,-58
"Okamejei boesemani",1024,"Okamejei_boesemani",15.8655865060246,991,"Okamejei_boesemani",14.5935515049321,101.282367682597,-33
"Okamejei cairae",1025,"Okamejei_cairae",15.8655865060246,992,"Okamejei_cairae",14.5901833454954,102.481280652692,-33
"Okamejei heemstrai",539,"Okamejei_heemstrai",30.438537921808,480,"Okamejei_heemstrai",27.5664045961383,103.875958409555,-59
"Okamejei hollandi",648,"Okamejei_hollandi",26.9336640043691,648,"Okamejei_hollandi",23.2851157092102,102.235735368357,0
"Okamejei jensenae",87,"Okamejei_jensenae",63.1335069775145,89,"Okamejei_jensenae",49.3698897625602,101.557324928978,2
"Okamejei kenojei",1019,"Okamejei_kenojei",15.9556941379246,987,"Okamejei_kenojei",14.6214131285318,100.985204339413,-32
"Okamejei leptoura",605,"Okamejei_leptoura",28.494727222263,554,"Okamejei_leptoura",25.8252894338907,98.9819383760961,-51
"Okamejei meerdervoortii",814,"Okamejei_meerdervoortii",21.651531517263,825,"Okamejei_meerdervoortii",18.6886589185175,97.1233991273625,11
"Okamejei mengae",815,"Okamejei_mengae",21.651531517263,800,"Okamejei_mengae",19.4472069723191,98.536561547837,-15
"Okamejei philipi",1020,"Okamejei_philipi",15.9556931379246,989,"Okamejei_philipi",14.6158047183015,98.7862397907644,-31
"Okamejei pita",553,"Okamejei_pita",30.0627575254246,491,"Okamejei_pita",27.422867727235,95.4661049385046,-62
"Okamejei porosa",538,"Okamejei_porosa",30.438537921808,487,"Okamejei_porosa",27.5048605450857,100.365476042884,-51
"Okamejei powelli",275,"Okamejei_powelli",42.2973925755963,247,"Okamejei_powelli",36.590591514345,101.811742338793,-28
"Okamejei schmidti",1017,"Okamejei_schmidti",16.0083648274246,996,"Okamejei_schmidti",14.4863868675844,98.7749564915363,-21
"Orectolobus floridus",292,"Orectolobus_floridus",40.9633616310058,325,"Orectolobus_floridus",32.8556132023567,96.6870141981814,33
"Orectolobus halei",438,"Orectolobus_halei",33.9665355720891,581,"Orectolobus_halei",25.1236157126518,98.3926458145031,143
"Orectolobus hutchinsi",128,"Orectolobus_hutchinsi",54.3822927803986,124,"Orectolobus_hutchinsi",43.8163877332188,100.769369940244,-4
"Orectolobus japonicus",335,"Orectolobus_japonicus",38.9705093898986,372,"Orectolobus_japonicus",30.8055610393735,102.099236828803,37
"Orectolobus leptolineatus",471,"Orectolobus_leptolineatus",32.7209621535891,587,"Orectolobus_leptolineatus",24.9982469640652,102.271101608064,116
"Orectolobus maculatus",336,"Orectolobus_maculatus",38.9705093898986,338,"Orectolobus_maculatus",32.1402496749306,103.491052035051,2
"Orectolobus ornatus",88,"Orectolobus_ornatus",62.3166322060058,83,"Orectolobus_ornatus",50.0791810639258,95.6515012500766,-5
"Orectolobus parvimaculatus",129,"Orectolobus_parvimaculatus",54.3822927803986,113,"Orectolobus_parvimaculatus",44.9282860640268,96.8023368180417,-16
"Orectolobus reticulatus",293,"Orectolobus_reticulatus",40.9633616310058,298,"Orectolobus_reticulatus",34.1194156657096,100.159498777721,5
"Orectolobus wardi",472,"Orectolobus_wardi",32.7209621535891,611,"Orectolobus_wardi",24.2932269179566,100.38494341071,139
"Oxynotus bruniensis",362,"Oxynotus_bruniensis",37.7658588210464,346,"Oxynotus_bruniensis",31.8270627018324,96.8277482323789,-16
"Oxynotus caribbaeus",207,"Oxynotus_caribbaeus",47.3063593235464,183,"Oxynotus_caribbaeus",39.3593708087564,103.708197284863,-24
"Oxynotus centrina",651,"Oxynotus_centrina",26.8407334016464,685,"Oxynotus_centrina",22.011697989627,105.583841146119,34
"Oxynotus japonicus",650,"Oxynotus_japonicus",26.8407334016464,681,"Oxynotus_japonicus",22.2754686901976,106.288556695461,31
"Oxynotus paradoxus",363,"Oxynotus_paradoxus",37.7658588210464,356,"Oxynotus_paradoxus",31.525004018182,94.4878192551124,-7
"Paragaleus leucolomatus",704,"Paragaleus_leucolomatus",25.1424069863977,694,"Paragaleus_leucolomatus",21.8017679641141,106.17548589215,-10
"Paragaleus pectoralis",725,"Paragaleus_pectoralis",24.3880726628977,734,"Paragaleus_pectoralis",20.7720403448744,106.361492050442,9
"Paragaleus randalli",726,"Paragaleus_randalli",24.3880726628977,740,"Paragaleus_randalli",20.6657052159992,105.625937083718,14
"Paragaleus tengi",453,"Paragaleus_tengi",33.291885723731,399,"Paragaleus_tengi",29.7941166118966,106.396928413012,-54
"Parascyllium collare",317,"Parascyllium_collare",40.1535983427496,561,"Parascyllium_collare",25.660964088959,93.9630078866334,244
"Parascyllium elongatum",398,"Parascyllium_elongatum",35.829648774083,715,"Parascyllium_elongatum",21.3187778339394,97.4025211278667,317
"Parascyllium ferrugineum",397,"Parascyllium_ferrugineum",35.829648774083,701,"Parascyllium_ferrugineum",21.6662058680545,98.6271214521231,304
"Parascyllium sparsimaculatum",164,"Parascyllium_sparsimaculatum",50.0366495727496,225,"Parascyllium_sparsimaculatum",37.5706790462714,102.086986002626,61
"Parascyllium variolatum",359,"Parascyllium_variolatum",37.888421178083,632,"Parascyllium_variolatum",23.7113214637061,97.3338037321599,273
"Paratrygon aiereba",267,"Paratrygon_aiereba",42.911609663931,253,"Paratrygon_aiereba",36.2635304490069,98.385801434384,-14
"Parmaturus albimarginatus",966,"Parmaturus_albimarginatus",17.3189508792335,977,"Parmaturus_albimarginatus",14.959269961011,99.2101536214394,11
"Parmaturus albipenis",840,"Parmaturus_albipenis",20.7822697011835,840,"Parmaturus_albipenis",18.380649007913,100.581131496735,0
"Parmaturus bigus",1022,"Parmaturus_bigus",15.9327731623835,1052,"Parmaturus_bigus",13.2398052820653,96.9638565053608,30
"Parmaturus campechiensis",1021,"Parmaturus_campechiensis",15.9327731623835,1033,"Parmaturus_campechiensis",13.7103484154407,100.034709392139,12
"Parmaturus lanatus",294,"Parmaturus_lanatus",40.9275770049335,242,"Parmaturus_lanatus",36.8441805819383,100.959887196362,-52
"Parmaturus macmillani",994,"Parmaturus_macmillani",16.3309163523835,1019,"Parmaturus_macmillani",13.9401113623653,97.8596913771429,25
"Parmaturus melanobranchus",839,"Parmaturus_melanobranchus",20.7822697011835,838,"Parmaturus_melanobranchus",18.4334111105773,98.0521597104266,-1
"Parmaturus pilosus",1008,"Parmaturus_pilosus",16.1910681757335,1029,"Parmaturus_pilosus",13.7657179410238,98.7206598674951,21
"Parmaturus sp.",967,"Parmaturus_sp.",17.3189508792335,982,"Parmaturus_sp.",14.750495521285,98.1637296640484,15
"Parmaturus xaniurus",995,"Parmaturus_xaniurus",16.3309163523835,1011,"Parmaturus_xaniurus",14.1652675274632,98.5432386632471,16
"Pastinachus atrus",522,"Pastinachus_atrus",30.7290683399821,549,"Pastinachus_atrus",25.940942570077,99.1190099381991,27
"Pastinachus gracilicaudus",566,"Pastinachus_gracilicaudus",29.7795573874821,576,"Pastinachus_gracilicaudus",25.3416425113692,98.2687554592975,10
"Pastinachus sephen",565,"Pastinachus_sephen",29.7795573874821,563,"Pastinachus_sephen",25.6070933898486,98.3905773345978,-2
"Pastinachus solocirostris",328,"Pastinachus_solocirostris",39.4690060066488,279,"Pastinachus_solocirostris",35.1170151157232,99.8341988652148,-49
"Pastinachus stellurostris",327,"Pastinachus_stellurostris",39.4690060066488,288,"Pastinachus_stellurostris",34.4781095247764,98.6476543000336,-39
"Pavoraja alleni",1034,"Pavoraja_alleni",15.3814775193544,1005,"Pavoraja_alleni",14.2788150129505,104.550441190014,-29
"Pavoraja arenaria",936,"Pavoraja_arenaria",18.2946392861044,880,"Pavoraja_arenaria",17.5563143363958,105.611396089063,-56
"Pavoraja mosaica",1009,"Pavoraja_mosaica",16.1874959223544,981,"Pavoraja_mosaica",14.8398370492208,104.069147422173,-28
"Pavoraja nitida",935,"Pavoraja_nitida",18.2946392861044,878,"Pavoraja_nitida",17.5745459796249,105.642049685383,-57
"Pavoraja pseudonitida",1010,"Pavoraja_pseudonitida",16.1874959223544,967,"Pavoraja_pseudonitida",15.3864681416084,104.613501796459,-43
"Pavoraja umbrosa",1035,"Pavoraja_umbrosa",15.3814775193544,1009,"Pavoraja_umbrosa",14.1942890414013,105.491424239623,-26
"Pentanchus profundicolus",266,"Pentanchus_profundicolus",43.0068824535224,172,"Pentanchus_profundicolus",40.2056811044466,100.4560675203,-94
"Planonasus parini",50,"Planonasus_parini",77.248556209759,37,"Planonasus_parini",60.8362362615385,102.775585432123,-13
"Platyrhina hyugaensis",29,"Platyrhina_hyugaensis",89.6606801305955,45,"Platyrhina_hyugaensis",59.0755441273542,98.0446307511375,16
"Platyrhina sinensis",35,"Platyrhina_sinensis",85.7130482180955,56,"Platyrhina_sinensis",55.6261868372369,98.3673613300171,21
"Platyrhina tangi",36,"Platyrhina_tangi",85.7130482180955,62,"Platyrhina_tangi",55.0114955230123,98.4167110486513,26
"Platyrhinoidis triseriata",2,"Platyrhinoidis_triseriata",144.289532417262,1,"Platyrhinoidis_triseriata",89.4728261702302,102.552385522056,-1
"Plesiobatis daviesi",8,"Plesiobatis_daviesi",119.351624653795,18,"Plesiobatis_daviesi",71.5812740765351,97.3925506619285,10
"Plesiotrygon iwamae",906,"Plesiotrygon_iwamae",19.0408160735349,896,"Plesiotrygon_iwamae",16.9830836256818,98.2596315958317,-10
"Plesiotrygon nana",907,"Plesiotrygon_nana",19.0408160735349,875,"Plesiotrygon_nana",17.6681440141601,98.0041255385061,-32
"Pliotrema warreni",23,"Pliotrema_warreni",98.6604630037834,23,"Pliotrema_warreni",68.1738626425709,100.996809494227,0
"Poroderma africanum",422,"Poroderma_africanum",34.7550007502634,453,"Poroderma_africanum",28.3239388527362,99.568728817575,31
"Poroderma pantherinum",421,"Poroderma_pantherinum",34.7550007502634,472,"Poroderma_pantherinum",27.7527543190798,98.1447442580995,51
"Potamotrygon boesemani",1015,"Potamotrygon_boesemani",16.1144906008016,984,"Potamotrygon_boesemani",14.6962080478529,101.125506244625,-31
"Potamotrygon brachyura",848,"Potamotrygon_brachyura",20.592132373437,822,"Potamotrygon_brachyura",18.7429261152289,99.3132455706739,-26
"Potamotrygon castexi",1120,"Potamotrygon_castexi",12.159981795056,1121,"Potamotrygon_castexi",10.7683311288555,96.1784845018118,1
"Potamotrygon constellata",370,"Potamotrygon_constellata",37.5195661581393,343,"Potamotrygon_constellata",31.8660802851174,99.74760449517,-27
"Potamotrygon dumerilii",1160,"Potamotrygon_dumerilii",9.78741548065605,1171,"Potamotrygon_dumerilii",8.39212994901198,95.9609864539246,11
"Potamotrygon falkneri",806,"Potamotrygon_falkneri",22.0244508577703,777,"Potamotrygon_falkneri",19.9146165586864,97.6537907164094,-29
"Potamotrygon henlei",929,"Potamotrygon_henlei",18.3405106945703,927,"Potamotrygon_henlei",16.3371407345016,95.2904908798615,-2
"Potamotrygon humerosa",930,"Potamotrygon_humerosa",18.3405106945703,919,"Potamotrygon_humerosa",16.4255776366451,96.7433766181654,-11
"Potamotrygon hystrix",608,"Potamotrygon_hystrix",28.3866168184635,584,"Potamotrygon_hystrix",25.0583907594163,99.0980810575846,-24
"Potamotrygon leopoldi",1067,"Potamotrygon_leopoldi",14.5103126541349,1061,"Potamotrygon_leopoldi",12.9761390106925,100.3669842818,-6
"Potamotrygon magdalenae",607,"Potamotrygon_magdalenae",28.3866168184635,585,"Potamotrygon_magdalenae",25.0263552745403,98.645433503161,-22
"Potamotrygon marinae",805,"Potamotrygon_marinae",22.0244508577703,776,"Potamotrygon_marinae",19.9364034861622,94.6785289208961,-29
"Potamotrygon motoro",1172,"Potamotrygon_motoro",9.22889259085605,1179,"Potamotrygon_motoro",7.95274079841808,96.9545315135099,7
"Potamotrygon ocellata",1064,"Potamotrygon_ocellata",14.5768144508016,1053,"Potamotrygon_ocellata",13.2320290544112,102.345003219993,-11
"Potamotrygon orbignyi",1119,"Potamotrygon_orbignyi",12.159981795056,1124,"Potamotrygon_orbignyi",10.5763997246806,93.5192348782049,5
"Potamotrygon schroederi",1100,"Potamotrygon_schroederi",13.154124531056,1109,"Potamotrygon_schroederi",11.5599156931774,91.9676451321744,9
"Potamotrygon schuemacheri",556,"Potamotrygon_schuemacheri",29.9510283177703,534,"Potamotrygon_schuemacheri",26.3363755146001,98.2461062286691,-22
"Potamotrygon scobina",1171,"Potamotrygon_scobina",9.22889259085605,1180,"Potamotrygon_scobina",7.92448237342976,96.3278676434981,9
"Potamotrygon signata",1066,"Potamotrygon_signata",14.5103126541349,1063,"Potamotrygon_signata",12.9455959936918,99.7103908588814,-3
"Potamotrygon tatianae",537,"Potamotrygon_tatianae",30.5095575288524,524,"Potamotrygon_tatianae",26.6313033114688,100.52085381434,-13
"Potamotrygon tigrina",1101,"Potamotrygon_tigrina",13.154124531056,1106,"Potamotrygon_tigrina",11.6499900661994,94.4243552534069,5
"Potamotrygon yepezi",1065,"Potamotrygon_yepezi",14.5768144508016,1056,"Potamotrygon_yepezi",13.1550892053792,101.860456641453,-9
"Prionace glauca",757,"Prionace_glauca",23.5454716644985,700,"Prionace_glauca",21.6670138344434,99.7916372355706,-57
"Pristiophorus cirratus",259,"Pristiophorus_cirratus",43.5921238501168,198,"Pristiophorus_cirratus",38.8196175827002,102.806302761747,-61
"Pristiophorus delicatus",375,"Pristiophorus_delicatus",37.1105898521168,405,"Pristiophorus_delicatus",29.6110456089026,97.0552201240919,30
"Pristiophorus japonicus",51,"Pristiophorus_japonicus",76.2991599787835,35,"Pristiophorus_japonicus",61.1555391867915,107.111117544911,-16
"Pristiophorus nancyae",376,"Pristiophorus_nancyae",37.1105898521168,425,"Pristiophorus_nancyae",29.0838375244645,96.9216417140188,49
"Pristiophorus nudipinnis",312,"Pristiophorus_nudipinnis",40.3991475897835,339,"Pristiophorus_nudipinnis",32.1337921798686,98.3405878596388,27
"Pristiophorus schroederi",313,"Pristiophorus_schroederi",40.3991475897835,368,"Pristiophorus_schroederi",31.0350428510543,97.2683478235699,55
"Pristis clavata",32,"Pristis_clavata",86.9477543016664,28,"Pristis_clavata",66.1570798802558,100.800347435201,-4
"Pristis pectinata",44,"Pristis_pectinata",80.9965445166664,33,"Pristis_pectinata",61.6743139380036,97.4342109052205,-11
"Pristis pristis",21,"Pristis_pristis",99.6509217549998,20,"Pristis_pristis",69.8803515542807,101.599383981333,-1
"Pristis zijsron",43,"Pristis_zijsron",80.9965445166664,36,"Pristis_zijsron",60.9964874432947,99.3118611962692,-7
"Proscyllium habereri",192,"Proscyllium_habereri",48.2744146970686,181,"Proscyllium_habereri",39.4864739309562,99.6946985865589,-11
"Proscyllium magnificum",296,"Proscyllium_magnificum",40.8935038530686,370,"Proscyllium_magnificum",30.8423089424425,100.020531686638,74
"Proscyllium venustum",297,"Proscyllium_venustum",40.8935038530686,364,"Proscyllium_venustum",31.0910071469193,101.105027396928,67
"Proscymnodon macracanthus",629,"Proscymnodon_macracanthus",27.5773584212744,658,"Proscymnodon_macracanthus",22.9896766196889,97.7608944995234,29
"Proscymnodon plunketi",628,"Proscymnodon_plunketi",27.5773584212744,669,"Proscymnodon_plunketi",22.715368554801,97.7823932872459,41
"Psammobatis bergi",1005,"Psammobatis_bergi",16.2216831197802,979,"Psammobatis_bergi",14.8855815089116,100.835865871466,-26
"Psammobatis extenta",715,"Psammobatis_extenta",24.8182743506135,674,"Psammobatis_extenta",22.5698672053295,98.8557681214137,-41
"Psammobatis lentiginosa",864,"Psammobatis_lentiginosa",20.2784262259469,807,"Psammobatis_lentiginosa",19.1980611796569,107.864106312383,-57
"Psammobatis normani",863,"Psammobatis_normani",20.2784262259469,816,"Psammobatis_normani",19.0125654820001,108.52715383065,-47
"Psammobatis parvacauda",875,"Psammobatis_parvacauda",19.8041094566135,820,"Psammobatis_parvacauda",18.8932558814854,97.4713471083384,-55
"Psammobatis rudis",733,"Psammobatis_rudis",24.2069886139469,667,"Psammobatis_rudis",22.7435660660743,108.490836202088,-66
"Psammobatis rutrum",874,"Psammobatis_rutrum",19.8041094566135,845,"Psammobatis_rutrum",18.3261689972037,98.6457936340082,-29
"Psammobatis scobina",1004,"Psammobatis_scobina",16.2216831197802,980,"Psammobatis_scobina",14.8824276260049,100.21197623517,-24
"Pseudocarcharias kamoharai",83,"Pseudocarcharias_kamoharai",64.8391076849443,75,"Pseudocarcharias_kamoharai",51.6418082517944,96.6968467275983,-8
"Pseudoginglymostoma brevicaudatum",19,"Pseudoginglymostoma_brevicaudatum",102.561570455691,15,"Pseudoginglymostoma_brevicaudatum",72.701209455674,96.5784923128254,-4
"Pseudoraja fischeri",641,"Pseudoraja_fischeri",27.2677503063219,595,"Pseudoraja_fischeri",24.7570049826586,105.500167241674,-46
"Pseudotriakis microdon",39,"Pseudotriakis_microdon",83.0617538090924,30,"Pseudotriakis_microdon",65.0713630987472,109.124656832755,-9
"Pteromylaeus asperrimus",324,"Pteromylaeus_asperrimus",39.6865587531752,323,"Pteromylaeus_asperrimus",32.9379355794057,96.9297983936202,-1
"Pteromylaeus bovinus",323,"Pteromylaeus_bovinus",39.6865587531752,306,"Pteromylaeus_bovinus",33.7131702300922,96.3052846161222,-17
"Pteroplatytrygon violacea",217,"Pteroplatytrygon_violacea",46.9298047949862,170,"Pteroplatytrygon_violacea",40.2526568894797,97.164749777038,-47
"Raja ackleyi",1102,"Raja_ackleyi",13.03214287558,1102,"Raja_ackleyi",11.8920847450414,102.478545282761,0
"Raja africana",1084,"Raja_africana",13.8356206914931,1071,"Raja_africana",12.8772080540553,103.639755596034,-13
"Raja asterias",592,"Raja_asterias",29.0481980736181,538,"Raja_asterias",26.2537737460636,103.763893775016,-54
"Raja atriventralis",1083,"Raja_atriventralis",13.8356206914931,1072,"Raja_atriventralis",12.8586814578473,102.094823734359,-11
"Raja bahamensis",945,"Raja_bahamensis",17.9441782436181,906,"Raja_bahamensis",16.7825443042484,105.724822734877,-39
"Raja brachyura",1088,"Raja_brachyura",13.7636102659133,1065,"Raja_brachyura",12.919402590512,107.691029990348,-23
"Raja cervigoni",1093,"Raja_cervigoni",13.7189948277332,1075,"Raja_cervigoni",12.7456784015011,103.878929064138,-18
"Raja chinensis",1089,"Raja_chinensis",13.7636102659133,1073,"Raja_chinensis",12.8112934923565,108.559284324314,-16
"Raja clavata",1114,"Raja_clavata",12.5020918983314,1107,"Raja_clavata",11.6161588343707,101.301358952433,-7
"Raja cortezensis",1157,"Raja_cortezensis",10.1980045134981,1156,"Raja_cortezensis",9.15928490266791,101.840332233998,-1
"Raja eglanteria",550,"Raja_eglanteria",30.0742579462145,639,"Raja_eglanteria",23.5470991350184,93.6100283867148,89
"Raja equatorialis",1132,"Raja_equatorialis",11.5658825775665,1133,"Raja_equatorialis",10.3413474090567,104.54471057208,1
"Raja herwigi",1147,"Raja_herwigi",10.6772112331665,1150,"Raja_herwigi",9.35279680999158,105.174561995177,3
"Raja inornata",356,"Raja_inornata",38.0419292326825,305,"Raja_inornata",33.7528840656246,97.8449528184851,-51
"Raja macrorynchus",1103,"Raja_macrorynchus",13.03214287558,1097,"Raja_macrorynchus",12.1581275479333,103.50946647559,-6
"Raja maderensis",1071,"Raja_maderensis",14.3421893033314,1050,"Raja_maderensis",13.2805444299475,106.612402768139,-21
"Raja microocellata",841,"Raja_microocellata",20.7508031080133,802,"Raja_microocellata",19.4101335653566,108.294726622635,-39
"Raja miraletus",1018,"Raja_miraletus",15.9967828652332,994,"Raja_miraletus",14.5535048503531,104.138796806801,-24
"Raja montagui",667,"Raja_montagui",26.5138781838466,603,"Raja_montagui",24.5083165535267,105.48023970125,-64
"Raja polystigma",1094,"Raja_polystigma",13.6461311919981,1085,"Raja_polystigma",12.5717732704267,103.605792050885,-9
"Raja radula",1113,"Raja_radula",12.5020918983314,1112,"Raja_radula",11.3439547029031,100.744873656941,-1
"Raja rhina",703,"Raja_rhina",25.3212192656825,680,"Raja_rhina",22.2980288052631,97.7657634892781,-23
"Raja rondeleti",1085,"Raja_rondeleti",13.80353773008,1068,"Raja_rondeleti",12.8886980645537,105.958511199012,-17
"Raja rouxi",1060,"Raja_rouxi",14.6572625972332,1043,"Raja_rouxi",13.4520841429142,106.779867994971,-17
"Raja stellulata",702,"Raja_stellulata",25.3212192656825,665,"Raja_stellulata",22.8622411132078,98.5344004485841,-37
"Raja straeleni",1156,"Raja_straeleni",10.1980045134981,1152,"Raja_straeleni",9.2558866507366,101.644247183787,-4
"Raja texana",1092,"Raja_texana",13.7189948277332,1077,"Raja_texana",12.7295024113426,103.876051515261,-15
"Raja undulata",1148,"Raja_undulata",10.6772112331665,1149,"Raja_undulata",9.42355424839445,105.688175761439,1
"Raja velezi",549,"Raja_velezi",30.0742579462145,606,"Raja_velezi",24.4550982788593,94.883218313682,57
"Rajella alia",1140,"Rajella_alia",11.0157531389506,1143,"Rajella_alia",9.9598976583655,98.6349453704746,3
"Rajella annandalei",1054,"Rajella_annandalei",14.9096355820506,1018,"Rajella_annandalei",13.9570019722833,100.616657054062,-36
"Rajella barnardi",687,"Rajella_barnardi",25.793692726384,649,"Rajella_barnardi",23.246142900733,96.1298836204651,-38
"Rajella bathyphila",431,"Rajella_bathyphila",34.3191273214951,414,"Rajella_bathyphila",29.3867874606017,92.9388885809226,-17
"Rajella bigelowi",753,"Rajella_bigelowi",23.6751621806874,678,"Rajella_bigelowi",22.3233628001046,105.984067167192,-75
"Rajella caudaspinosa",799,"Rajella_caudaspinosa",22.1993045226874,757,"Rajella_caudaspinosa",20.4216489320966,98.6604130481651,-42
"Rajella challengeri",752,"Rajella_challengeri",23.6751631806874,688,"Rajella_challengeri",21.9479892597329,106.132689555612,-64
"Rajella dissimilis",911,"Rajella_dissimilis",18.8502348308284,831,"Rajella_dissimilis",18.6291129725251,104.131464839501,-80
"Rajella eisenhardti",798,"Rajella_eisenhardti",22.1993055226874,743,"Rajella_eisenhardti",20.6355862022021,101.797623640815,-55
"Rajella fuliginea",1026,"Rajella_fuliginea",15.860972541884,983,"Rajella_fuliginea",14.7420779057586,97.9366638715718,-43
"Rajella fyllae",747,"Rajella_fyllae",23.9629392381874,698,"Rajella_fyllae",21.6923699523306,97.7464621889486,-49
"Rajella kukujevi",1027,"Rajella_kukujevi",15.860971541884,993,"Rajella_kukujevi",14.5852665196191,98.2895461724929,-34
"Rajella leopardus",1028,"Rajella_leopardus",15.7444669113284,1021,"Rajella_leopardus",13.8904320148679,102.509483694425,-7
"Rajella lintea",711,"Rajella_lintea",24.902298944284,666,"Rajella_lintea",22.7657756245392,101.391961230659,-45
"Rajella nigerrima",712,"Rajella_nigerrima",24.902298944284,675,"Rajella_nigerrima",22.5254432698242,102.465602717898,-37
"Rajella purpuriventralis",1029,"Rajella_purpuriventralis",15.7444669113284,1032,"Rajella_purpuriventralis",13.7251380567626,102.87881489259,3
"Rajella ravidula",654,"Rajella_ravidula",26.789145500284,625,"Rajella_ravidula",23.9131402278051,98.8896194837249,-29
"Rajella sadowskii",1141,"Rajella_sadowskii",11.0157531389506,1140,"Rajella_sadowskii",9.98886713317406,98.4269012151223,-1
"Rhina ancylostoma",15,"Rhina_ancylostoma",106.454345188761,16,"Rhina_ancylostoma",72.5244037826791,95.3900305665705,1
"Rhincodon typus",209,"Rhincodon_typus",47.2858722946908,257,"Rhincodon_typus",36.1389780707327,97.2634751489419,48
"Rhinobatos albomaculatus",216,"Rhinobatos_albomaculatus",47.0339112279886,188,"Rhinobatos_albomaculatus",39.2595608233083,103.892546211767,-28
"Rhinobatos annandalei",660,"Rhinobatos_annandalei",26.6952710872107,730,"Rhinobatos_annandalei",20.8797006693357,103.642808423114,70
"Rhinobatos formosensis",696,"Rhinobatos_formosensis",25.5980807220774,744,"Rhinobatos_formosensis",20.6351765292611,104.739723068569,48
"Rhinobatos glaucostigma",230,"Rhinobatos_glaucostigma",45.2721415009887,191,"Rhinobatos_glaucostigma",39.1501566129728,105.636849492079,-39
"Rhinobatos holcorhynchus",126,"Rhinobatos_holcorhynchus",55.1001698070774,184,"Rhinobatos_holcorhynchus",39.3203006842704,97.2257942268069,58
"Rhinobatos horkelii",329,"Rhinobatos_horkelii",39.4641585141553,316,"Rhinobatos_horkelii",33.1947364325932,101.219549570255,-13
"Rhinobatos hynnicephalus",630,"Rhinobatos_hynnicephalus",27.4539301010774,647,"Rhinobatos_hynnicephalus",23.2891301997394,104.864528534012,17
"Rhinobatos irvinei",221,"Rhinobatos_irvinei",46.641666060125,214,"Rhinobatos_irvinei",38.2200654551622,105.899566930568,-7
"Rhinobatos jimbaranensis",125,"Rhinobatos_jimbaranensis",55.1001698070774,194,"Rhinobatos_jimbaranensis",39.0679375682379,97.6605158158201,69
"Rhinobatos lentiginosus",222,"Rhinobatos_lentiginosus",46.641666060125,248,"Rhinobatos_lentiginosus",36.5450609727969,103.484703444104,26
"Rhinobatos leucorhynchus",253,"Rhinobatos_leucorhynchus",44.103315850322,231,"Rhinobatos_leucorhynchus",37.4629597170594,102.457588609879,-22
"Rhinobatos lionotus",186,"Rhinobatos_lionotus",48.5220197345774,177,"Rhinobatos_lionotus",39.8354104281953,98.8623703866593,-9
"Rhinobatos nudidorsalis",593,"Rhinobatos_nudidorsalis",28.9586627039107,608,"Rhinobatos_nudidorsalis",24.3796312723251,104.479962768102,15
"Rhinobatos penggali",38,"Rhinobatos_penggali",84.0319811630774,27,"Rhinobatos_penggali",66.3207324497445,96.9688628848413,-11
"Rhinobatos percellens",342,"Rhinobatos_percellens",38.7525348091553,355,"Rhinobatos_percellens",31.5406492839868,108.35687019373,13
"Rhinobatos planiceps",251,"Rhinobatos_planiceps",44.1182673551553,202,"Rhinobatos_planiceps",38.6800695694759,105.667280249548,-49
"Rhinobatos prahli",518,"Rhinobatos_prahli",30.9883044195774,577,"Rhinobatos_prahli",25.331834813363,98.9828237697883,59
"Rhinobatos productus",252,"Rhinobatos_productus",44.103315850322,230,"Rhinobatos_productus",37.4890783453322,102.047782593209,-22
"Rhinobatos punctifer",409,"Rhinobatos_punctifer",34.9567720830774,387,"Rhinobatos_punctifer",30.1950545037711,102.942152127399,-22
"Rhinobatos rhinobatos",517,"Rhinobatos_rhinobatos",30.9883054195774,541,"Rhinobatos_rhinobatos",26.1095736131838,97.8208453248071,24
"Rhinobatos sainsburyi",341,"Rhinobatos_sainsburyi",38.7525348091553,342,"Rhinobatos_sainsburyi",31.9317135220111,107.212379054603,1
"Rhinobatos schlegelii",695,"Rhinobatos_schlegelii",25.5980807220774,738,"Rhinobatos_schlegelii",20.6826136342014,104.294930407195,43
"Rhinochimaera africana",179,"Rhinochimaera_africana",48.995294337646,229,"Rhinochimaera_africana",37.4934985335867,98.4939682159859,50
"Rhinochimaera atlantica",180,"Rhinochimaera_atlantica",48.995294337646,226,"Rhinochimaera_atlantica",37.5631196147913,100.706805460217,46
"Rhinochimaera pacifica",111,"Rhinochimaera_pacifica",57.744255677646,101,"Rhinochimaera_pacifica",47.1513691214563,100.383620055525,-10
"Rhinoptera adspersa",984,"Rhinoptera_adspersa",16.8882187648441,985,"Rhinoptera_adspersa",14.6958110479185,104.438588071816,1
"Rhinoptera bonasus",289,"Rhinoptera_bonasus",41.2699014251346,236,"Rhinoptera_bonasus",37.299079885141,98.8903800851068,-53
"Rhinoptera brasiliensis",791,"Rhinoptera_brasiliensis",22.4546647630108,770,"Rhinoptera_brasiliensis",20.0588939244023,105.888115338177,-21
"Rhinoptera hainanensis",548,"Rhinoptera_hainanensis",30.075440765968,471,"Rhinoptera_hainanensis",27.8099704490713,101.964192992455,-77
"Rhinoptera javanica",983,"Rhinoptera_javanica",16.8882197648441,995,"Rhinoptera_javanica",14.5360514832898,103.332842608427,12
"Rhinoptera jayakari",318,"Rhinoptera_jayakari",40.1447566161346,270,"Rhinoptera_jayakari",35.3699906610028,99.5155519749113,-48
"Rhinoptera marginata",914,"Rhinoptera_marginata",18.8142855941108,922,"Rhinoptera_marginata",16.3943180071138,101.333706514945,8
"Rhinoptera neglecta",942,"Rhinoptera_neglecta",18.0543833968441,949,"Rhinoptera_neglecta",15.8150298134584,101.852577378226,7
"Rhinoptera peli",792,"Rhinoptera_peli",22.4546647630108,794,"Rhinoptera_peli",19.570689150661,102.389581774754,2
"Rhinoptera sewelli",913,"Rhinoptera_sewelli",18.8142855941108,933,"Rhinoptera_sewelli",16.1902204360402,100.674822602445,20
"Rhinoptera steindachneri",319,"Rhinoptera_steindachneri",40.1447566161346,290,"Rhinoptera_steindachneri",34.4415681394168,98.1464114763462,-29
"Rhinoraja albomaculata",1149,"Rhinoraja_albomaculata",10.6409953106106,1145,"Rhinoraja_albomaculata",9.77845064909805,100.043684332476,-4
"Rhinoraja kujiensis",1134,"Rhinoraja_kujiensis",11.5367534725649,1130,"Rhinoraja_kujiensis",10.4689568840552,101.935826441622,-4
"Rhinoraja longicauda",1129,"Rhinoraja_longicauda",11.59126594863,1131,"Rhinoraja_longicauda",10.3588041053148,98.4081231070037,2
"Rhinoraja macloviana",1150,"Rhinoraja_macloviana",10.6409953106106,1144,"Rhinoraja_macloviana",9.81127615118831,101.800805680095,-6
"Rhinoraja magellanica",1167,"Rhinoraja_magellanica",9.52286404824944,1167,"Rhinoraja_magellanica",8.67711491377299,101.932663342673,0
"Rhinoraja multispinis",1128,"Rhinoraja_multispinis",11.59126694863,1123,"Rhinoraja_multispinis",10.6259647915257,99.0321277633949,-5
"Rhinoraja murrayi",1152,"Rhinoraja_murrayi",10.3924197897494,1147,"Rhinoraja_murrayi",9.69010614916986,103.954742345078,-5
"Rhinoraja odai",1184,"Rhinoraja_odai",8.70443059219944,1183,"Rhinoraja_odai",7.79457616981379,100.032288955755,-1
"Rhinoraja taranetzi",1181,"Rhinoraja_taranetzi",8.74866976717801,1176,"Rhinoraja_taranetzi",8.03803544292173,102.202284225047,-5
"Rhizoprionodon acutus",497,"Rhizoprionodon_acutus",31.7016922046556,452,"Rhizoprionodon_acutus",28.3378712332301,100.393797266332,-45
"Rhizoprionodon lalandii",596,"Rhizoprionodon_lalandii",28.7455775081556,528,"Rhizoprionodon_lalandii",26.4717332570104,99.396988160039,-68
"Rhizoprionodon longurio",595,"Rhizoprionodon_longurio",28.7455775081556,547,"Rhizoprionodon_longurio",25.990922936821,100.322923732443,-48
"Rhizoprionodon oligolinx",464,"Rhizoprionodon_oligolinx",33.0532421661556,411,"Rhizoprionodon_oligolinx",29.4788951971828,101.810021004644,-53
"Rhizoprionodon porosus",736,"Rhizoprionodon_porosus",24.2012212141556,703,"Rhizoprionodon_porosus",21.619966011796,100.218992141222,-33
"Rhizoprionodon taylori",498,"Rhizoprionodon_taylori",31.7016922046556,402,"Rhizoprionodon_taylori",29.7120740323032,102.781076754464,-96
"Rhizoprionodon terraenovae",735,"Rhizoprionodon_terraenovae",24.2012212141556,717,"Rhizoprionodon_terraenovae",21.2074647635174,100.506921879172,-18
"Rhynchobatus australiae",459,"Rhynchobatus_australiae",33.1988106082613,556,"Rhynchobatus_australiae",25.7844332947963,105.292287049787,97
"Rhynchobatus djiddensis",458,"Rhynchobatus_djiddensis",33.1988106082613,578,"Rhynchobatus_djiddensis",25.2715571903655,104.011396095182,120
"Rhynchobatus laevis",535,"Rhynchobatus_laevis",30.5125648162613,644,"Rhynchobatus_laevis",23.3237022705957,109.062404800762,109
"Rhynchobatus luebberti",380,"Rhynchobatus_luebberti",36.9621576487613,444,"Rhynchobatus_luebberti",28.6099896951022,103.608370588256,64
"Rhynchobatus palpebratus",428,"Rhynchobatus_palpebratus",34.4274788237613,530,"Rhynchobatus_palpebratus",26.3811260124395,104.675950372064,102
"Rhynchobatus springeri",536,"Rhynchobatus_springeri",30.5125648162613,662,"Rhynchobatus_springeri",22.9427617859745,108.681349427077,126
"Rioraja agassizii",369,"Rioraja_agassizii",37.5367941348146,333,"Rioraja_agassizii",32.371150076753,97.2585988269826,-36
"Rostroraja alba",203,"Rostroraja_alba",47.4490094775145,136,"Rostroraja_alba",42.8285339883342,101.036449140643,-67
"Schroederichthys bivius",74,"Schroederichthys_bivius",69.1504819363045,121,"Schroederichthys_bivius",44.5876369197778,95.597396539207,47
"Schroederichthys chilensis",155,"Schroederichthys_chilensis",50.8726572528545,352,"Schroederichthys_chilensis",31.6523468584952,95.4340445150491,197
"Schroederichthys maculatus",151,"Schroederichthys_maculatus",51.3104668343045,280,"Schroederichthys_maculatus",35.0253206619516,100.405795575818,129
"Schroederichthys saurisqualus",154,"Schroederichthys_saurisqualus",50.8726572528545,363,"Schroederichthys_saurisqualus",31.2334013773993,94.5140877101318,209
"Schroederichthys tenuis",75,"Schroederichthys_tenuis",69.1504819363045,100,"Schroederichthys_tenuis",47.4563933124444,98.3528666847298,25
"Scoliodon laticaudus",392,"Scoliodon_laticaudus",36.3840230406318,359,"Scoliodon_laticaudus",31.4308887968653,100.786979898991,-33
"Scoliodon macrorhynchos",391,"Scoliodon_macrorhynchos",36.3840230406318,390,"Scoliodon_macrorhynchos",30.0631976807309,100.479481905545,-1
"Scyliorhinus besnardi",500,"Scyliorhinus_besnardi",31.5403761645787,448,"Scyliorhinus_besnardi",28.5431939859122,98.9028049781142,-52
"Scyliorhinus boa",781,"Scyliorhinus_boa",22.955298453912,756,"Scyliorhinus_boa",20.4235478794543,99.9841153017115,-25
"Scyliorhinus canicula",533,"Scyliorhinus_canicula",30.5283938439636,513,"Scyliorhinus_canicula",26.9669009857522,99.0170651960766,-20
"Scyliorhinus capensis",258,"Scyliorhinus_capensis",43.8131254319636,201,"Scyliorhinus_capensis",38.6967596901833,97.4602757404359,-57
"Scyliorhinus cervigoni",709,"Scyliorhinus_cervigoni",24.9349777219636,684,"Scyliorhinus_cervigoni",22.0203953034802,101.469724949511,-25
"Scyliorhinus comoroensis",612,"Scyliorhinus_comoroensis",28.247670054912,583,"Scyliorhinus_comoroensis",25.068986123812,101.361117626927,-29
"Scyliorhinus garmani",692,"Scyliorhinus_garmani",25.741436500412,660,"Scyliorhinus_garmani",22.9528806294038,103.623954836354,-32
"Scyliorhinus haeckelii",742,"Scyliorhinus_haeckelii",24.1016976874636,726,"Scyliorhinus_haeckelii",20.9910127176437,100.063589954899,-16
"Scyliorhinus hesperius",265,"Scyliorhinus_hesperius",43.0520270995787,254,"Scyliorhinus_hesperius",36.2058557116922,94.0959178760108,-11
"Scyliorhinus meadi",780,"Scyliorhinus_meadi",22.955298453912,721,"Scyliorhinus_meadi",21.1788994615033,100.23156688902,-59
"Scyliorhinus retifer",710,"Scyliorhinus_retifer",24.9349777219636,695,"Scyliorhinus_retifer",21.732942787653,102.784470453437,-15
"Scyliorhinus stellaris",534,"Scyliorhinus_stellaris",30.5283938439636,484,"Scyliorhinus_stellaris",27.534262905271,104.752940303464,-50
"Scyliorhinus tokubee",693,"Scyliorhinus_tokubee",25.741436500412,657,"Scyliorhinus_tokubee",22.9972157480394,99.7963847986793,-36
"Scyliorhinus torazame",501,"Scyliorhinus_torazame",31.5403761645787,485,"Scyliorhinus_torazame",27.5327574976642,95.3012160795631,-16
"Scyliorhinus torrei",741,"Scyliorhinus_torrei",24.1016976874636,725,"Scyliorhinus_torrei",21.0389095104914,100.927353861391,-16
"Scylliogaleus quecketti",277,"Scylliogaleus_quecketti",42.1107027023628,252,"Scylliogaleus_quecketti",36.3031590211664,100.913684223081,-25
"Scymnodalatias albicauda",358,"Scymnodalatias_albicauda",37.9058603525744,310,"Scymnodalatias_albicauda",33.3919177013865,97.5595358357322,-48
"Scymnodalatias garricki",171,"Scymnodalatias_garricki",49.5757120810744,149,"Scymnodalatias_garricki",41.7586002485378,97.3092441424317,-22
"Scymnodalatias oligodon",172,"Scymnodalatias_oligodon",49.5757120810744,144,"Scymnodalatias_oligodon",41.893625924193,102.828273449057,-28
"Scymnodalatias sherwoodi",357,"Scymnodalatias_sherwoodi",37.9058603525744,319,"Scymnodalatias_sherwoodi",33.0284852856458,99.4472036084597,-38
"Scymnodon ringens",204,"Scymnodon_ringens",47.3635179802744,203,"Scymnodon_ringens",38.6517995933637,100.360479227893,-1
"Sinobatis borneensis",90,"Sinobatis_borneensis",61.8070590465858,88,"Sinobatis_borneensis",49.4668971824555,93.4081859304257,-2
"Sinobatis bulbicauda",237,"Sinobatis_bulbicauda",45.0422554535858,296,"Sinobatis_bulbicauda",34.2139752334844,96.0705418226873,59
"Sinobatis caerulea",58,"Sinobatis_caerulea",73.3855284915858,50,"Sinobatis_caerulea",57.5569521282907,91.4562199958041,-8
"Sinobatis filicauda",236,"Sinobatis_filicauda",45.0422554535858,299,"Sinobatis_filicauda",34.0943928758896,97.4816309016862,63
"Sinobatis melanosoma",57,"Sinobatis_melanosoma",73.3855284915858,44,"Sinobatis_melanosoma",59.132030257843,97.9875325710187,-13
"Somniosus antarcticus",344,"Somniosus_antarcticus",38.4673616202366,624,"Somniosus_antarcticus",23.9436027390522,103.515784912276,280
"Somniosus longus",178,"Somniosus_longus",49.1125545417366,206,"Somniosus_longus",38.5193146181868,105.541216019219,28
"Somniosus microcephalus",295,"Somniosus_microcephalus",40.9001215037366,486,"Somniosus_microcephalus",27.5286386985368,104.321809286994,191
"Somniosus pacificus",345,"Somniosus_pacificus",38.4673616202366,626,"Somniosus_pacificus",23.8538628755487,100.888685578161,281
"Somniosus rostratus",177,"Somniosus_rostratus",49.1125545417366,237,"Somniosus_rostratus",37.2099137135301,106.219417574921,60
"Sphyrna corona",465,"Sphyrna_corona",33.0258374841917,426,"Sphyrna_corona",29.0724427068751,98.684975401817,-39
"Sphyrna lewini",281,"Sphyrna_lewini",42.0618820516917,249,"Sphyrna_lewini",36.4734425240318,96.8432746767309,-32
"Sphyrna media",639,"Sphyrna_media",27.2788103888583,604,"Sphyrna_media",24.4706044360375,98.2379615749115,-35
"Sphyrna mokarran",142,"Sphyrna_mokarran",52.7400314584583,137,"Sphyrna_mokarran",42.8202329881998,98.0459978510538,-5
"Sphyrna tiburo",585,"Sphyrna_tiburo",29.2516563788583,555,"Sphyrna_tiburo",25.8088139247341,98.3697757455444,-30
"Sphyrna tudes",638,"Sphyrna_tudes",27.2788103888583,593,"Sphyrna_tudes",24.8068962649855,98.5973802131908,-45
"Sphyrna zygaena",173,"Sphyrna_zygaena",49.3956640752917,151,"Sphyrna_zygaena",41.5974550153819,97.7873513078439,-22
"Spiniraja whitleyi",1135,"Spiniraja_whitleyi",11.3178162500314,1137,"Spiniraja_whitleyi",10.183370606076,96.4608078454068,2
"Squaliolus aliae",272,"Squaliolus_aliae",42.5764439329094,265,"Squaliolus_aliae",35.6640064433435,96.4723061724323,-7
"Squaliolus laticaudus",52,"Squaliolus_laticaudus",76.2863177258094,40,"Squaliolus_laticaudus",60.3745125081121,102.063264018594,-12
"Squalus acanthias",499,"Squalus_acanthias",31.5959549923475,498,"Squalus_acanthias",27.3349396075126,106.211170541576,-1
"Squalus albifrons",706,"Squalus_albifrons",25.0925425818474,670,"Squalus_albifrons",22.7090856889529,105.123690017096,-36
"Squalus altipinnis",488,"Squalus_altipinnis",32.2511534936808,462,"Squalus_altipinnis",28.066380983441,108.713278462653,-26
"Squalus blainville",978,"Squalus_blainville",17.0551483275691,1008,"Squalus_blainville",14.2126196768015,99.6204013200813,30
"Squalus brevirostris",606,"Squalus_brevirostris",28.4484931573474,594,"Squalus_brevirostris",24.793322055253,102.367523892565,-12
"Squalus bucephalus",309,"Squalus_bucephalus",40.5267314562358,297,"Squalus_bucephalus",34.1654438559217,105.741021129046,-12
"Squalus chloroculus",1033,"Squalus_chloroculus",15.3957237893724,1058,"Squalus_chloroculus",13.1159278801534,108.679098259719,25
"Squalus crassispinus",683,"Squalus_crassispinus",25.9015541475691,651,"Squalus_crassispinus",23.2086156812785,103.424257405625,-32
"Squalus cubensis",776,"Squalus_cubensis",23.0126263244058,772,"Squalus_cubensis",20.0328215338239,104.631577863905,-4
"Squalus edmundsi",857,"Squalus_edmundsi",20.4175347710691,863,"Squalus_edmundsi",17.954948980694,101.562165380469,6
"Squalus formosus",854,"Squalus_formosus",20.4847178115691,855,"Squalus_formosus",18.0775173414539,106.19161428207,1
"Squalus grahami",732,"Squalus_grahami",24.2952881638058,720,"Squalus_grahami",21.180380397177,103.824653457085,-12
"Squalus griffini",408,"Squalus_griffini",34.9663428681808,369,"Squalus_griffini",30.954212535355,109.601487267546,-39
"Squalus hemipinnis",858,"Squalus_hemipinnis",20.4175347710691,868,"Squalus_hemipinnis",17.9206957319258,104.434375212437,10
"Squalus japonicus",931,"Squalus_japonicus",18.3317605755691,963,"Squalus_japonicus",15.5077170998461,100.857196953688,32
"Squalus lalannei",853,"Squalus_lalannei",20.4847178115691,846,"Squalus_lalannei",18.3207254262635,107.024692938801,-7
"Squalus megalops",291,"Squalus_megalops",41.0074430506808,238,"Squalus_megalops",37.2028537248789,103.132896395217,-53
"Squalus melanurus",705,"Squalus_melanurus",25.0925425818474,683,"Squalus_melanurus",22.0675196781238,107.132057715639,-22
"Squalus mitsukurii",833,"Squalus_mitsukurii",21.0095904574058,829,"Squalus_mitsukurii",18.6388798650174,107.627672098648,-4
"Squalus montalbani",1032,"Squalus_montalbani",15.3957237893724,1055,"Squalus_montalbani",13.188095051891,108.466881442583,23
"Squalus nasutus",1041,"Squalus_nasutus",15.1543444265691,1086,"Squalus_nasutus",12.5413056603058,102.002946666229,45
"Squalus notocaudatus",557,"Squalus_notocaudatus",29.9216679563474,552,"Squalus_notocaudatus",25.9005690192933,108.484146439359,-5
"Squalus rancureli",872,"Squalus_rancureli",19.9179725550725,888,"Squalus_rancureli",17.2728847168078,105.587153109412,16
"Squalus raoulensis",1042,"Squalus_raoulensis",15.1543444265691,1082,"Squalus_raoulensis",12.582613266632,101.95603723898,40
"Squalus suckleyi",558,"Squalus_suckleyi",29.9216679563474,564,"Squalus_suckleyi",25.5923071314073,108.241621235459,6
"Squatina aculeata",257,"Squatina_aculeata",43.8197258626366,234,"Squatina_aculeata",37.325362280672,100.839946190222,-23
"Squatina africana",200,"Squatina_africana",47.9240227224725,187,"Squatina_africana",39.2749656254527,96.6534094911976,-13
"Squatina albipunctata",672,"Squatina_albipunctata",26.3201337008866,677,"Squatina_albipunctata",22.3778833814985,99.2903391889157,5
"Squatina argentina",256,"Squatina_argentina",43.8197258626366,244,"Squatina_argentina",36.7297316961982,91.509560577963,-12
"Squatina armata",223,"Squatina_armata",46.5277090272725,211,"Squatina_armata",38.2654184085151,94.840670262025,-12
"Squatina australis",455,"Squatina_australis",33.2258214528866,416,"Squatina_australis",29.3774134090905,100.538137857497,-39
"Squatina caillieti",162,"Squatina_caillieti",50.1967858181366,168,"Squatina_caillieti",40.3915716363414,94.0682506476267,6
"Squatina californica",586,"Squatina_californica",29.2336455727725,572,"Squatina_californica",25.4279799019692,100.93538343115,-14
"Squatina dumeril",587,"Squatina_dumeril",29.2336455727725,601,"Squatina_dumeril",24.5664655105344,101.195136705101,14
"Squatina formosa",484,"Squatina_formosa",32.4528118061058,518,"Squatina_formosa",26.9056730274036,95.3793341375922,34
"Squatina guggenheim",480,"Squatina_guggenheim",32.5537065047725,476,"Squatina_guggenheim",27.6644591025452,100.606238923343,-4
"Squatina japonica",109,"Squatina_japonica",58.1880771596058,106,"Squatina_japonica",46.1467188534058,95.484628622656,-3
"Squatina legnota",475,"Squatina_legnota",32.5977659501058,490,"Squatina_legnota",27.4301038972829,97.7155993718263,15
"Squatina nebulosa",485,"Squatina_nebulosa",32.4528118061058,492,"Squatina_nebulosa",27.4126611389633,91.9966856059187,7
"Squatina occulta",479,"Squatina_occulta",32.5537065047725,464,"Squatina_occulta",27.9673224793798,96.0146515961148,-15
"Squatina oculata",454,"Squatina_oculata",33.2258214528866,429,"Squatina_oculata",29.0167178037071,99.5645525099761,-25
"Squatina pseudocellata",698,"Squatina_pseudocellata",25.4952165388866,767,"Squatina_pseudocellata",20.1633920006657,96.7521877932945,69
"Squatina squatina",161,"Squatina_squatina",50.1967858181366,148,"Squatina_squatina",41.7646055139007,99.8201720280223,-13
"Squatina tergocellata",697,"Squatina_tergocellata",25.4952165388866,748,"Squatina_tergocellata",20.5942569511115,96.6292789655745,51
"Squatina tergocellatoides",476,"Squatina_tergocellatoides",32.5977659501058,455,"Squatina_tergocellatoides",28.262726380352,96.8738355399004,-21
"Stegostoma fasciatum",219,"Stegostoma_fasciatum",46.9020805694908,302,"Stegostoma_fasciatum",33.9214560375627,95.4345744697916,83
"Sutorectus tentaculatus",196,"Sutorectus_tentaculatus",48.0882773260058,169,"Sutorectus_tentaculatus",40.2983878067688,96.8552907344136,-27
"Sympterygia acuta",789,"Sympterygia_acuta",22.5440969139052,732,"Sympterygia_acuta",20.8047666343053,101.927585947552,-57
"Sympterygia bonapartii",598,"Sympterygia_bonapartii",28.6786135744052,546,"Sympterygia_bonapartii",25.9909242835237,100.744264555674,-52
"Sympterygia brevicaudata",599,"Sympterygia_brevicaudata",28.6786135744052,531,"Sympterygia_brevicaudata",26.3672527195052,104.298568489231,-68
"Sympterygia lima",790,"Sympterygia_lima",22.5440969139052,705,"Sympterygia_lima",21.6121989711409,100.674719287879,-85
"Taeniura lymma",72,"Taeniura_lymma",69.2144172883903,69,"Taeniura_lymma",53.8214874063633,97.1144901560633,-3
"Taeniurops grabata",157,"Taeniurops_grabata",50.4147811225933,143,"Taeniurops_grabata",41.9554032945565,96.2876455901197,-14
"Taeniurops meyeni",158,"Taeniurops_meyeni",50.4147811225933,145,"Taeniurops_meyeni",41.8733774616978,96.4973113562685,-13
"Temera hardwickii",737,"Temera_hardwickii",24.2002028018679,751,"Temera_hardwickii",20.548630342336,94.1215496898799,14
"Torpedo adenensis",960,"Torpedo_adenensis",17.5745761099059,958,"Torpedo_adenensis",15.6336584078063,97.4318524968719,-2
"Torpedo alexandrinsis",760,"Torpedo_alexandrinsis",23.5255418692392,704,"Torpedo_alexandrinsis",21.6148819919588,99.5063492493387,-56
"Torpedo andersoni",873,"Torpedo_andersoni",19.8882705298377,901,"Torpedo_andersoni",16.9350443817461,94.6870091322698,28
"Torpedo bauchotae",241,"Torpedo_bauchotae",44.8900985777346,215,"Torpedo_bauchotae",38.177189002952,96.8229762801658,-26
"Torpedo californica",782,"Torpedo_californica",22.8952635389059,761,"Torpedo_californica",20.3216419227622,100.820638169134,-21
"Torpedo fairchildi",759,"Torpedo_fairchildi",23.5255418692392,714,"Torpedo_fairchildi",21.3390938329063,99.4405239314935,-45
"Torpedo formosa",959,"Torpedo_formosa",17.5745761099059,966,"Torpedo_formosa",15.390934041942,97.3192389218041,7
"Torpedo fuscomaculata",971,"Torpedo_fuscomaculata",17.1699694539044,1014,"Torpedo_fuscomaculata",14.0398734347193,91.7168350686526,43
"Torpedo mackayana",234,"Torpedo_mackayana",45.0577488011901,204,"Torpedo_mackayana",38.6186476341719,97.5184049258933,-30
"Torpedo macneilli",934,"Torpedo_macneilli",18.3118064205726,954,"Torpedo_macneilli",15.7015248628363,96.3561265207931,20
"Torpedo marmorata",820,"Torpedo_marmorata",21.5322054555044,839,"Torpedo_marmorata",18.3942496159949,93.282824179224,19
"Torpedo microdiscus",633,"Torpedo_microdiscus",27.3452571152392,602,"Torpedo_microdiscus",24.5545140935342,99.5594172552126,-31
"Torpedo nobiliana",1000,"Torpedo_nobiliana",16.2751165520726,1039,"Torpedo_nobiliana",13.5813623349084,96.4078324880056,39
"Torpedo panthera",449,"Torpedo_panthera",33.4196614030423,438,"Torpedo_panthera",28.7366465206963,93.7499337707753,-11
"Torpedo peruana",448,"Torpedo_peruana",33.4196614030423,474,"Torpedo_peruana",27.6919562692366,91.9630203342701,26
"Torpedo polleni",1001,"Torpedo_polleni",16.2751155520726,1040,"Torpedo_polleni",13.5403776818005,97.0838014302527,39
"Torpedo puelcha",783,"Torpedo_puelcha",22.8952635389059,771,"Torpedo_puelcha",20.035887405773,99.8978660981404,-12
"Torpedo semipelagica",264,"Torpedo_semipelagica",43.1574319764059,259,"Torpedo_semipelagica",35.98630947808,98.4678254074804,-5
"Torpedo sinuspersici",981,"Torpedo_sinuspersici",16.9045662233377,1016,"Torpedo_sinuspersici",14.0019222743011,94.4296768301621,35
"Torpedo suessii",240,"Torpedo_suessii",44.8900985777346,221,"Torpedo_suessii",37.8094751931254,95.5902940065698,-19
"Torpedo tokionis",235,"Torpedo_tokionis",45.0577488011901,182,"Torpedo_tokionis",39.3934473941844,90.4124518721237,-53
"Torpedo torpedo",866,"Torpedo_torpedo",20.1378026754044,881,"Torpedo_torpedo",17.550271916733,95.8991392388317,15
"Torpedo tremens",982,"Torpedo_tremens",16.9045662233377,1004,"Torpedo_tremens",14.3147505822731,95.014504902949,22
"Torpedo zugmayeri",972,"Torpedo_zugmayeri",17.1699684539044,1003,"Torpedo_zugmayeri",14.3423189227981,93.193025191945,31
"Triaenodon obesus",871,"Triaenodon_obesus",19.934701197436,876,"Triaenodon_obesus",17.6387509945182,97.8839443549509,5
"Triakis acutipinna",589,"Triakis_acutipinna",29.1446827600414,659,"Triakis_acutipinna",22.9891762409811,102.696203703205,70
"Triakis maculata",588,"Triakis_maculata",29.1446827600414,631,"Triakis_maculata",23.7705875230415,104.473040879537,43
"Triakis megalopterus",278,"Triakis_megalopterus",42.1107027023628,258,"Triakis_megalopterus",36.0444371857662,100.239976249119,-20
"Triakis scyllium",546,"Triakis_scyllium",30.1242016825414,628,"Triakis_scyllium",23.7836945981091,103.039622748608,82
"Triakis semifasciata",123,"Triakis_semifasciata",55.3782223672081,102,"Triakis_semifasciata",46.7707355701981,96.895164118548,-21
"Trigonognathus kabeyai",18,"Trigonognathus_kabeyai",102.743378303653,24,"Trigonognathus_kabeyai",67.7355621602122,98.2354288227794,6
"Trygonoptera galba",98,"Trygonoptera_galba",60.3698056909374,92,"Trygonoptera_galba",48.5279647823492,94.6571018427936,-6
"Trygonoptera imitata",338,"Trygonoptera_imitata",38.968478772604,334,"Trygonoptera_imitata",32.3653497443621,97.3591228982691,-4
"Trygonoptera mucosa",337,"Trygonoptera_mucosa",38.968478772604,354,"Trygonoptera_mucosa",31.6166023135312,95.4215667510657,17
"Trygonoptera ovalis",97,"Trygonoptera_ovalis",60.3698056909374,81,"Trygonoptera_ovalis",50.2076984118931,96.0930682891947,-16
"Trygonoptera personata",106,"Trygonoptera_personata",58.5236766559374,86,"Trygonoptera_personata",49.6139445831791,103.939873702009,-20
"Trygonoptera testacea",156,"Trygonoptera_testacea",50.435957942604,135,"Trygonoptera_testacea",42.888818968733,97.9642525528801,-21
"Trygonorrhina dumerilii",46,"Trygonorrhina_dumerilii",80.4209923553372,68,"Trygonorrhina_dumerilii",53.8864498069324,91.0783862457491,22
"Trygonorrhina fasciata",47,"Trygonorrhina_fasciata",80.4209923553372,53,"Trygonorrhina_fasciata",55.8500756363793,95.7562122458709,6
"Trygonorrhina melaleuca",22,"Trygonorrhina_melaleuca",99.2866774753372,13,"Trygonorrhina_melaleuca",73.8998069265917,102.088308326469,-9
"Typhlonarke aysoni",745,"Typhlonarke_aysoni",24.0871724768346,708,"Typhlonarke_aysoni",21.5452457213729,97.4175624920057,-37
"Typhlonarke tarakea",746,"Typhlonarke_tarakea",24.0871724768346,731,"Typhlonarke_tarakea",20.8105431706554,95.9721958428111,-15
"Urobatis concentricus",487,"Urobatis_concentricus",32.3879216176122,507,"Urobatis_concentricus",27.1904404785727,100.022837591958,20
"Urobatis halleri",282,"Urobatis_halleri",42.0025934356122,209,"Urobatis_halleri",38.2847991729899,100.526618435153,-73
"Urobatis jamaicensis",361,"Urobatis_jamaicensis",37.8369033133206,312,"Urobatis_jamaicensis",33.3498707555715,96.983012979621,-49
"Urobatis maculatus",486,"Urobatis_maculatus",32.3879216176122,533,"Urobatis_maculatus",26.3459286657436,98.5510753255439,47
"Urobatis marmoratus",185,"Urobatis_marmoratus",48.5713985483206,138,"Urobatis_marmoratus",42.5512316421779,93.6475940799607,-47
"Urobatis tumbesensis",360,"Urobatis_tumbesensis",37.8369033133206,282,"Urobatis_tumbesensis",34.744036415023,96.4561879111819,-78
"Urogymnus asperrimus",367,"Urogymnus_asperrimus",37.599531037383,284,"Urogymnus_asperrimus",34.6927358928977,102.047550177514,-83
"Urogymnus ukpam",368,"Urogymnus_ukpam",37.599531037383,313,"Urogymnus_ukpam",33.3042167662816,99.663988465446,-55
"Urolophus armatus",804,"Urolophus_armatus",22.0441048607571,783,"Urolophus_armatus",19.7781192718848,99.5996263676615,-21
"Urolophus aurantiacus",468,"Urolophus_aurantiacus",32.8471412805737,439,"Urolophus_aurantiacus",28.7119193453019,96.6386656935654,-29
"Urolophus bucculentus",365,"Urolophus_bucculentus",37.7588829007404,381,"Urolophus_bucculentus",30.3952336948769,97.002766933101,16
"Urolophus circularis",91,"Urolophus_circularis",61.3064568317404,72,"Urolophus_circularis",53.085175426009,101.009178681012,-19
"Urolophus cruciatus",1049,"Urolophus_cruciatus",15.061446250857,1081,"Urolophus_cruciatus",12.6437924490915,96.329319807739,32
"Urolophus deforgesi",1053,"Urolophus_deforgesi",14.9304243301571,1079,"Urolophus_deforgesi",12.6650922408495,96.7008942547303,26
"Urolophus expansus",862,"Urolophus_expansus",20.281149058607,866,"Urolophus_expansus",17.931830244085,96.6527995629166,4
"Urolophus flavomosaicus",364,"Urolophus_flavomosaicus",37.7588829007404,419,"Urolophus_flavomosaicus",29.3048916598757,95.0880722933279,55
"Urolophus gigas",112,"Urolophus_gigas",57.7433412295737,94,"Urolophus_gigas",48.4751864089609,93.7946992891976,-18
"Urolophus javanicus",1023,"Urolophus_javanicus",15.9224372656571,1015,"Urolophus_javanicus",14.0059925413021,99.2509850877645,-8
"Urolophus kaianus",514,"Urolophus_kaianus",31.1554876592737,477,"Urolophus_kaianus",27.6532560591858,95.2109669447029,-37
"Urolophus kapalensis",837,"Urolophus_kapalensis",20.7858352546904,886,"Urolophus_kapalensis",17.3239170741195,97.1545763838657,49
"Urolophus lobatus",838,"Urolophus_lobatus",20.7858342546904,877,"Urolophus_lobatus",17.6009139829481,97.8337886647891,39
"Urolophus mitosis",54,"Urolophus_mitosis",74.7502404050737,55,"Urolophus_mitosis",55.7330942088256,98.7029105694793,1
"Urolophus neocaledoniensis",882,"Urolophus_neocaledoniensis",19.651478548107,897,"Urolophus_neocaledoniensis",16.9676853758111,93.5211343034846,15
"Urolophus orarius",734,"Urolophus_orarius",24.2031230827904,696,"Urolophus_orarius",21.7277928255547,92.0385995259137,-38
"Urolophus papilio",846,"Urolophus_papilio",20.6281761196571,858,"Urolophus_papilio",18.0155796325162,96.6185477774184,12
"Urolophus paucimaculatus",1050,"Urolophus_paucimaculatus",15.061446250857,1087,"Urolophus_paucimaculatus",12.5170512417809,95.6846823049204,37
"Urolophus piperatus",1052,"Urolophus_piperatus",14.9304243301571,1078,"Urolophus_piperatus",12.7197669770704,97.1827201644078,26
"Urolophus sufflavus",1043,"Urolophus_sufflavus",15.151589435457,1083,"Urolophus_sufflavus",12.5816955896496,95.8905179532364,40
"Urolophus viridis",881,"Urolophus_viridis",19.651479548107,894,"Urolophus_viridis",17.1142653848479,94.140338378836,13
"Urolophus westraliensis",803,"Urolophus_westraliensis",22.044105860757,793,"Urolophus_westraliensis",19.6015226643573,98.6780271710908,-10
"Urotrygon aspidura",594,"Urotrygon_aspidura",28.8802721290898,503,"Urotrygon_aspidura",27.2698999490932,100.189269442844,-91
"Urotrygon caudispinosus",1070,"Urotrygon_caudispinosus",14.427992058816,1090,"Urotrygon_caudispinosus",12.3976486897716,98.1698569322666,20
"Urotrygon chilensis",761,"Urotrygon_chilensis",23.4975782020898,733,"Urotrygon_chilensis",20.804479210016,100.367877629972,-28
"Urotrygon cimar",952,"Urotrygon_cimar",17.7092917367327,956,"Urotrygon_cimar",15.6417606508927,98.2949072106867,4
"Urotrygon microphthalmum",813,"Urotrygon_microphthalmum",21.6804318647565,799,"Urotrygon_microphthalmum",19.4788210319585,98.1242711974815,-14
"Urotrygon munda",999,"Urotrygon_munda",16.303533705316,1010,"Urotrygon_munda",14.1708153005013,99.4845521897461,11
"Urotrygon nana",953,"Urotrygon_nana",17.7092917367327,947,"Urotrygon_nana",15.8346515852906,97.435093354277,-6
"Urotrygon peruanus",762,"Urotrygon_peruanus",23.4975782020898,724,"Urotrygon_peruanus",21.0461011697473,98.66675947585,-38
"Urotrygon reticulata",502,"Urotrygon_reticulata",31.3979825627565,495,"Urotrygon_reticulata",27.3762781609299,96.3281071402488,-7
"Urotrygon rogersi",447,"Urotrygon_rogersi",33.4725096822327,421,"Urotrygon_rogersi",29.2953908560993,100.978625624204,-26
"Urotrygon serrula",812,"Urotrygon_serrula",21.6804318647565,815,"Urotrygon_serrula",19.02931697477,98.7187441590211,3
"Urotrygon simulatrix",1069,"Urotrygon_simulatrix",14.427992058816,1093,"Urotrygon_simulatrix",12.3558479831106,97.1650585276555,24
"Urotrygon venezuelae",919,"Urotrygon_venezuelae",18.5176306389827,934,"Urotrygon_venezuelae",16.1889610086474,95.7580996502667,15
"Zameus ichiharai",202,"Zameus_ichiharai",47.7181133088935,199,"Zameus_ichiharai",38.8055631663099,93.4669153536154,-3
"Zameus squamulosus",201,"Zameus_squamulosus",47.7181133088935,163,"Zameus_squamulosus",40.6403794531909,93.8879619814332,-38
"Zanobatus schoenleinii",1,"Zanobatus_schoenleinii",192.517977687057,2,"Zanobatus_schoenleinii",88.3519799857199,99.3839193381382,1
"Zapteryx brevirostris",16,"Zapteryx_brevirostris",104.399019047004,9,"Zapteryx_brevirostris",74.306361902016,102.91322649945,-7
"Zapteryx exasperata",79,"Zapteryx_exasperata",67.2176318030038,120,"Zapteryx_exasperata",44.6047341565966,101.545873083519,41
"Zapteryx xyster",78,"Zapteryx_xyster",67.2176318030038,132,"Zapteryx_xyster",43.0395904563014,100.85166430011,54
"Zearaja argentinensis",904,"Zearaja_argentinensis",19.0629303008742,873,"Zearaja_argentinensis",17.7798662243197,101.782088805169,-31
"Zearaja chilensis",1072,"Zearaja_chilensis",14.3417090393742,1045,"Zearaja_chilensis",13.4195557554633,104.331001951545,-27
"Zearaja maugeana",905,"Zearaja_maugeana",19.0629303008742,872,"Zearaja_maugeana",17.8209906376872,99.5864900712642,-33
"Zearaja nasuta",1073,"Zearaja_nasuta",14.3417090393742,1057,"Zearaja_nasuta",13.126129083543,103.741719329841,-16
