"Rank_EH","species_tree","species","EvoHeritage","Ancestral_EvoHeritage","rho","min_age","max_age","lambda","repeats"
1,"Platyrhinoidis_triseriata","Platyrhinoidis triseriata",39.3159032914086,50.8460393773824,0.01,66,4025,1,100
2,"Zanobatus_schoenleinii","Zanobatus schoenleinii",39.0845664626033,47.3072766775032,0.01,66,4025,1,100
3,"Heterodontus_francisci","Heterodontus francisci",32.4428418556581,54.6585706572404,0.01,66,4025,1,100
4,"Hypnos_monopterygius","Hypnos monopterygius",31.514449686493,51.3806486067672,0.01,66,4025,1,100
5,"Mitsukurina_owstoni","Mitsukurina owstoni",29.9409127474861,51.5432253619236,0.01,66,4025,1,100
6,"Notorynchus_cepedianus","Notorynchus cepedianus",28.9643411235372,66.5378309080175,0.01,66,4025,1,100
7,"Hexatrygon_bickelli","Hexatrygon bickelli",28.1351743918099,48.6582856578936,0.01,66,4025,1,100
8,"Zapteryx_brevirostris","Zapteryx brevirostris",26.88202425447,48.2264359766062,0.01,66,4025,1,100
9,"Anoxypristis_cuspidata","Anoxypristis cuspidata",26.8254738615311,48.9379406372011,0.01,66,4025,1,100
10,"Pseudoginglymostoma_brevicaudatum","Pseudoginglymostoma brevicaudatum",26.5696136024982,51.3962598022856,0.01,66,4025,1,100
11,"Brachaelurus_waddi","Brachaelurus waddi",26.3353414350832,50.6183855571212,0.01,66,4025,1,100
12,"Dalatias_licha","Dalatias licha",25.6686712935167,52.915171256075,0.01,66,4025,1,100
13,"Brachaelurus_colcloughi","Brachaelurus colcloughi",25.2479759741452,49.2293791040323,0.01,66,4025,1,100
14,"Rhina_ancylostoma","Rhina ancylostoma",25.1129108913759,54.3645776770385,0.01,66,4025,1,100
15,"Carcharias_taurus","Carcharias taurus",24.5827571689558,54.3146701143541,0.01,66,4025,1,100
16,"Trygonorrhina_melaleuca","Trygonorrhina melaleuca",23.030193729758,50.3698347418734,0.01,66,4025,1,100
17,"Plesiobatis_daviesi","Plesiobatis daviesi",22.6340063049022,47.9813785765798,0.01,66,4025,1,100
18,"Alopias_superciliosus","Alopias superciliosus",22.5107839368468,48.5702747322341,0.01,66,4025,1,100
19,"Heterodontus_mexicanus","Heterodontus mexicanus",22.1567995525913,50.286180132152,0.01,66,4025,1,100
20,"Pliotrema_warreni","Pliotrema warreni",22.0250951843652,53.7973848460814,0.01,66,4025,1,100
21,"Pristis_pristis","Pristis pristis",21.6981537926421,52.7816902420435,0.01,66,4025,1,100
22,"Eucrossorhinus_dasypogon","Eucrossorhinus dasypogon",21.2666510326363,54.3292094215202,0.01,66,4025,1,100
23,"Cetorhinus_maximus","Cetorhinus maximus",20.3296236435696,49.2727793853025,0.01,66,4025,1,100
24,"Chlamydoselachus_anguineus","Chlamydoselachus anguineus",19.3351458348166,52.7791073716056,0.01,66,4025,1,100
25,"Chlamydoselachus_africana","Chlamydoselachus africana",19.3351458348166,52.7791073716056,0.01,66,4025,1,100
26,"Trigonognathus_kabeyai","Trigonognathus kabeyai",19.3155082413862,48.6279300283319,0.01,66,4025,1,100
27,"Trygonorrhina_fasciata","Trygonorrhina fasciata",19.0094385074835,48.3369514688769,0.01,66,4025,1,100
28,"Rhinobatos_penggali","Rhinobatos penggali",18.8862373363017,52.8150489023747,0.01,66,4025,1,100
29,"Alopias_pelagicus","Alopias pelagicus",18.6657335367834,53.4308909375806,0.01,66,4025,1,100
30,"Leptocharias_smithii","Leptocharias smithii",18.1595494076948,51.5619863473496,0.01,66,4025,1,100
31,"Trygonorrhina_dumerilii","Trygonorrhina dumerilii",18.1176815068757,47.3452854802436,0.01,66,4025,1,100
32,"Alopias_vulpinus","Alopias vulpinus",17.8244935254022,54.6470325815275,0.01,66,4025,1,100
33,"Platyrhina_hyugaensis","Platyrhina hyugaensis",17.7621441169153,46.5487225342931,0.01,66,4025,1,100
34,"Heptranchias_perlo","Heptranchias perlo",17.5766643016023,56.708081819647,0.01,66,4025,1,100
35,"Schroederichthys_tenuis","Schroederichthys tenuis",17.4545257689736,57.4112063626306,0.01,66,4025,1,100
36,"Callorhinchus_callorynchus","Callorhinchus callorynchus",17.3565608696914,53.3781907258276,0.01,66,4025,1,100
37,"Centrophorus_atromarginatus","Centrophorus atromarginatus",17.2791688556663,53.7695368725203,0.01,66,4025,1,100
38,"Schroederichthys_bivius","Schroederichthys bivius",16.8391933811707,56.5299787228222,0.01,66,4025,1,100
39,"Aetobatus_narinari","Aetobatus narinari",16.7559632479106,53.7798722776005,0.01,66,4025,1,100
40,"Platyrhina_sinensis","Platyrhina sinensis",16.6464719788353,44.7029278457998,0.01,66,4025,1,100
41,"Callorhinchus_milii","Callorhinchus milii",16.511793601592,52.5334234577281,0.01,66,4025,1,100
42,"Aptychotrema_vincentiana","Aptychotrema vincentiana",16.4275785124611,46.2301052737773,0.01,66,4025,1,100
43,"Callorhinchus_capensis","Callorhinchus capensis",16.2814424648106,51.2842717339392,0.01,66,4025,1,100
44,"Centrophorus_zeehaani","Centrophorus zeehaani",16.1055737930807,48.4136214085201,0.01,66,4025,1,100
45,"Pristis_zijsron","Pristis zijsron",15.8314463929186,52.2320026192393,0.01,66,4025,1,100
46,"Pristis_clavata","Pristis clavata",15.7574846774028,52.8220341036632,0.01,66,4025,1,100
47,"Hexanchus_vitulus","Hexanchus vitulus",15.7202170647464,58.7542194226848,0.01,66,4025,1,100
48,"Zapteryx_xyster","Zapteryx xyster",15.6511037164173,45.4971202940045,0.01,66,4025,1,100
49,"Echinorhinus_cookei","Echinorhinus cookei",15.2517619884505,55.5037924002965,0.01,66,4025,1,100
50,"Zapteryx_exasperata","Zapteryx exasperata",15.147019655971,44.7182542179938,0.01,66,4025,1,100
51,"Platyrhina_tangi","Platyrhina tangi",15.0093253485732,41.1624676988633,0.01,66,4025,1,100
52,"Echinorhinus_brucus","Echinorhinus brucus",14.7259212890115,55.9066300265333,0.01,66,4025,1,100
53,"Neoharriotta_carri","Neoharriotta carri",14.5166153916602,49.1043478932377,0.01,66,4025,1,100
54,"Hexanchus_griseus","Hexanchus griseus",14.2998384583788,61.8311803206452,0.01,66,4025,1,100
55,"Hexanchus_nakamurai","Hexanchus nakamurai",14.194845749879,60.9419117189631,0.01,66,4025,1,100
56,"Rhinobatos_jimbaranensis","Rhinobatos jimbaranensis",14.102222025908,52.5836484280128,0.01,66,4025,1,100
57,"Aptychotrema_timorensis","Aptychotrema timorensis",14.0943386112918,47.4566845280622,0.01,66,4025,1,100
58,"Aptychotrema_rostrata","Aptychotrema rostrata",14.0045157384614,47.9655191089405,0.01,66,4025,1,100
59,"Rhinobatos_holcorhynchus","Rhinobatos holcorhynchus",13.9658085940696,52.7227500494023,0.01,66,4025,1,100
60,"Hemipristis_elongata","Hemipristis elongata",13.8875459077871,46.2305228991628,0.01,66,4025,1,100
61,"Neoharriotta_pinnata","Neoharriotta pinnata",13.8269933045139,44.015173369824,0.01,66,4025,1,100
62,"Neoharriotta_pumila","Neoharriotta pumila",13.8087284963837,46.8259645168994,0.01,66,4025,1,100
63,"Pristis_pectinata","Pristis pectinata",13.7078757187059,49.6423894745142,0.01,66,4025,1,100
64,"Aetobatus_flagellum","Aetobatus flagellum",13.4640041184978,49.6226103326887,0.01,66,4025,1,100
65,"Harriotta_raleighana","Harriotta raleighana",13.4373956397742,55.5309940288537,0.01,66,4025,1,100
66,"Harriotta_haeckeli","Harriotta haeckeli",13.2026981852561,55.6623384624845,0.01,66,4025,1,100
67,"Cruriraja_hulleyi","Cruriraja hulleyi",13.183174579224,58.2091262510865,0.01,66,4025,1,100
68,"Aetomylaeus_vespertilio","Aetomylaeus vespertilio",12.9923787442454,54.8131962157345,0.01,66,4025,1,100
69,"Schroederichthys_maculatus","Schroederichthys maculatus",12.4748285907475,50.823562073588,0.01,66,4025,1,100
70,"Gollum_suluensis","Gollum suluensis",12.2404109221679,46.8953240687872,0.01,66,4025,1,100
71,"Pseudotriakis_microdon","Pseudotriakis microdon",12.1853406606202,44.7443754054429,0.01,66,4025,1,100
72,"Deania_quadrispinosa","Deania quadrispinosa",12.0269380112942,55.456579102764,0.01,66,4025,1,100
73,"Ginglymostoma_cirratum","Ginglymostoma cirratum",12.0253422325119,53.7659351771567,0.01,66,4025,1,100
74,"Gollum_attenuatus","Gollum attenuatus",11.9642009103611,48.4159848659872,0.01,66,4025,1,100
75,"Stegostoma_fasciatum","Stegostoma fasciatum",11.9356792666293,54.9129308395015,0.01,66,4025,1,100
76,"Nebrius_ferrugineus","Nebrius ferrugineus",11.8263230641593,51.7280560051652,0.01,66,4025,1,100
77,"Schroederichthys_saurisqualus","Schroederichthys saurisqualus",11.756782503516,49.5010446905399,0.01,66,4025,1,100
78,"Dasyatis_microps","Dasyatis microps",11.7023295822981,49.5707799062778,0.01,66,4025,1,100
79,"Rhincodon_typus","Rhincodon typus",11.6699046588725,51.1879913303489,0.01,66,4025,1,100
80,"Schroederichthys_chilensis","Schroederichthys chilensis",11.6493184602989,50.465669001821,0.01,66,4025,1,100
81,"Acroteriobatus_leucospilus","Acroteriobatus leucospilus",11.6379572807318,48.5249482193204,0.01,66,4025,1,100
82,"Rhinochimaera_pacifica","Rhinochimaera pacifica",11.5996742951225,49.0103772395071,0.01,66,4025,1,100
83,"Heterodontus_ramalheira","Heterodontus ramalheira",11.5704177814597,52.2327992972499,0.01,66,4025,1,100
84,"Deania_profundorum","Deania profundorum",11.5525483819473,54.5639219157178,0.01,66,4025,1,100
85,"Mollisquama_parini","Mollisquama parini",11.4830551658097,48.5896742190306,0.01,66,4025,1,100
86,"Chimaera_phantasma","Chimaera phantasma",11.4505044203566,48.0038489257573,0.01,66,4025,1,100
87,"Heterodontus_omanensis","Heterodontus omanensis",11.4178689008654,58.5073615504081,0.01,66,4025,1,100
88,"Pristiophorus_japonicus","Pristiophorus japonicus",11.3796022710154,54.3200311969261,0.01,66,4025,1,100
89,"Galeocerdo_cuvier","Galeocerdo cuvier",11.3073726591424,52.5758107430084,0.01,66,4025,1,100
90,"Planonasus_parini","Planonasus parini",11.2320937779731,42.8039967855459,0.01,66,4025,1,100
91,"Squaliolus_laticaudus","Squaliolus laticaudus",11.2317144278317,44.0143445926794,0.01,66,4025,1,100
92,"Pseudocarcharias_kamoharai","Pseudocarcharias kamoharai",11.195601056215,51.1200423797012,0.01,66,4025,1,100
93,"Heterodontus_japonicus","Heterodontus japonicus",11.1064709873602,57.252261230489,0.01,66,4025,1,100
94,"Sinobatis_caerulea","Sinobatis caerulea",11.0084586637786,46.5117434044566,0.01,66,4025,1,100
95,"Sinobatis_melanosoma","Sinobatis melanosoma",10.9131563091538,54.2423043077501,0.01,66,4025,1,100
96,"Lamna_nasus","Lamna nasus",10.807984498237,49.0729108201215,0.01,66,4025,1,100
97,"Rhinochimaera_africana","Rhinochimaera africana",10.6519308558609,50.8953480903186,0.01,66,4025,1,100
98,"Atelomycterus_marmoratus","Atelomycterus marmoratus",10.6316797215985,48.2059202563257,0.01,66,4025,1,100
99,"Carcharodon_carcharias","Carcharodon carcharias",10.465189867711,49.4067540899511,0.01,66,4025,1,100
100,"Odontaspis_ferox","Odontaspis ferox",10.4108712477429,55.6673259399286,0.01,66,4025,1,100
101,"Rhinochimaera_atlantica","Rhinochimaera atlantica",10.3981235093778,51.4648427352504,0.01,66,4025,1,100
102,"Aulohalaelurus_labiosus","Aulohalaelurus labiosus",10.3446184050968,45.8577395905659,0.01,66,4025,1,100
103,"Odontaspis_noronhai","Odontaspis noronhai",10.3298193887927,54.4123740503927,0.01,66,4025,1,100
104,"Atelomycterus_baliensis","Atelomycterus baliensis",10.1307392383867,47.7230610308381,0.01,66,4025,1,100
105,"Lamna_ditropis","Lamna ditropis",10.1307003188054,45.3504500758196,0.01,66,4025,1,100
106,"Aulohalaelurus_kanakorum","Aulohalaelurus kanakorum",10.0767441029232,44.6449535587076,0.01,66,4025,1,100
107,"Megachasma_pelagios","Megachasma pelagios",10.0390870761204,49.7093354350581,0.01,66,4025,1,100
108,"Cirrhigaleus_asper","Cirrhigaleus asper",9.88950123707757,58.0703950510221,0.01,66,4025,1,100
109,"Sinobatis_borneensis","Sinobatis borneensis",9.73004280903783,51.5679673043935,0.01,66,4025,1,100
110,"Heterodontus_galeatus","Heterodontus galeatus",9.702296856976,52.6937306130917,0.01,66,4025,1,100
111,"Gymnura_afuerae","Gymnura afuerae",9.69336932957048,54.4371481251937,0.01,66,4025,1,100
112,"Isurus_paucus","Isurus paucus",9.50356342478523,48.547093840683,0.01,66,4025,1,100
113,"Parascyllium_sparsimaculatum","Parascyllium sparsimaculatum",9.37527646500907,59.0757234780754,0.01,66,4025,1,100
114,"Narcine_leoparda","Narcine leoparda",9.37068382598792,51.2244788967412,0.01,66,4025,1,100
115,"Proscyllium_habereri","Proscyllium habereri",9.35787316066964,48.8565083417947,0.01,66,4025,1,100
116,"Heterodontus_quoyi","Heterodontus quoyi",9.35273072418297,55.3686709013423,0.01,66,4025,1,100
117,"Heterodontus_portusjacksoni","Heterodontus portusjacksoni",9.274158191077,52.2414895441119,0.01,66,4025,1,100
118,"Apristurus_saldanha","Apristurus saldanha",9.22862847256679,48.5173916390138,0.01,66,4025,1,100
119,"Deania_calcea","Deania calcea",9.20345596839681,48.3367147714706,0.01,66,4025,1,100
120,"Proscyllium_magnificum","Proscyllium magnificum",9.0973519871092,50.0777332138981,0.01,66,4025,1,100
121,"Proscyllium_venustum","Proscyllium venustum",9.07737353777723,49.022138452653,0.01,66,4025,1,100
122,"Heterodontus_zebra","Heterodontus zebra",9.0537664393973,53.7227180544845,0.01,66,4025,1,100
123,"Somniosus_rostratus","Somniosus rostratus",9.03226630548588,53.2693590041732,0.01,66,4025,1,100
124,"Isistius_brasiliensis","Isistius brasiliensis",9.02862513335695,46.342490251916,0.01,66,4025,1,100
125,"Deania_hystricosa","Deania hystricosa",9.02750830166564,48.1653272050924,0.01,66,4025,1,100
126,"Isistius_labialis","Isistius labialis",9.0073105115448,46.674897762095,0.01,66,4025,1,100
127,"Centroselachus_crepidater","Centroselachus crepidater",8.96760778046434,44.7620689346516,0.01,66,4025,1,100
128,"Isistius_plutodus","Isistius plutodus",8.8388039896715,46.383362199822,0.01,66,4025,1,100
129,"Rhinobatos_lentiginosus","Rhinobatos lentiginosus",8.81373974183373,45.8883356460134,0.01,66,4025,1,100
130,"Somniosus_microcephalus","Somniosus microcephalus",8.78292145640408,52.570516404595,0.01,66,4025,1,100
131,"Isurus_oxyrinchus","Isurus oxyrinchus",8.74596519999387,45.549744478549,0.01,66,4025,1,100
132,"Somniosus_antarcticus","Somniosus antarcticus",8.66914692375748,54.5993982219308,0.01,66,4025,1,100
133,"Sinobatis_bulbicauda","Sinobatis bulbicauda",8.592842565798,49.562451269845,0.01,66,4025,1,100
134,"Sinobatis_filicauda","Sinobatis filicauda",8.55359305338047,50.4485984937931,0.01,66,4025,1,100
135,"Heteroscymnoides_marleyi","Heteroscymnoides marleyi",8.51311506131892,47.4302930397204,0.01,66,4025,1,100
136,"Somniosus_pacificus","Somniosus pacificus",8.46447764644067,54.1874242241958,0.01,66,4025,1,100
137,"Urolophus_mitosis","Urolophus mitosis",8.41149925995752,52.9363016735876,0.01,66,4025,1,100
138,"Somniosus_longus","Somniosus longus",8.37336185953637,52.5895776415483,0.01,66,4025,1,100
139,"Galeorhinus_galeus","Galeorhinus galeus",8.36569958067703,46.0343399917922,0.01,66,4025,1,100
140,"Pristiophorus_nudipinnis","Pristiophorus nudipinnis",8.31284706001427,56.981936632855,0.01,66,4025,1,100
141,"Triakis_semifasciata","Triakis semifasciata",8.30131107061784,55.3796669478212,0.01,66,4025,1,100
142,"Glaucostegus_halavi","Glaucostegus halavi",8.23643786347932,53.0557000140762,0.01,66,4025,1,100
143,"Centrophorus_squamosus","Centrophorus squamosus",8.22825875229324,55.7806166902963,0.01,66,4025,1,100
144,"Benthobatis_marcida","Benthobatis marcida",8.21583948934943,54.3037893374075,0.01,66,4025,1,100
145,"Cirrhoscyllium_japonicum","Cirrhoscyllium japonicum",8.21444807753658,56.4439064463281,0.01,66,4025,1,100
146,"Parascyllium_collare","Parascyllium collare",8.16893004947751,60.9801664107621,0.01,66,4025,1,100
147,"Gymnura_micrura","Gymnura micrura",8.16061154157989,49.8845760108414,0.01,66,4025,1,100
148,"Squaliolus_aliae","Squaliolus aliae",8.1597943893177,45.8230327168107,0.01,66,4025,1,100
149,"Cirrhigaleus_australis","Cirrhigaleus australis",8.12067132386513,55.2787948200931,0.01,66,4025,1,100
150,"Cirrhigaleus_barbifer","Cirrhigaleus barbifer",7.93027324440439,57.6866462906871,0.01,66,4025,1,100
151,"Hydrolagus_deani","Hydrolagus deani",7.92468724783556,56.895151395817,0.01,66,4025,1,100
152,"Gymnura_japonica","Gymnura japonica",7.92421410176941,48.2749479319494,0.01,66,4025,1,100
153,"Pristiophorus_schroederi","Pristiophorus schroederi",7.90496831316945,55.5225427645888,0.01,66,4025,1,100
154,"Chimaera_obscura","Chimaera obscura",7.89815503392736,53.333741273468,0.01,66,4025,1,100
155,"Pristiophorus_nancyae","Pristiophorus nancyae",7.86532435123381,57.9092101303974,0.01,66,4025,1,100
156,"Pristiophorus_delicatus","Pristiophorus delicatus",7.82301511816064,57.4962759471815,0.01,66,4025,1,100
157,"Hydrolagus_africanus","Hydrolagus africanus",7.76801600699602,56.8676978185177,0.01,66,4025,1,100
158,"Aetomylaeus_maculatus","Aetomylaeus maculatus",7.66236967130992,58.3482381233799,0.01,66,4025,1,100
159,"Cirrhoscyllium_formosanum","Cirrhoscyllium formosanum",7.65466764130787,54.890048095113,0.01,66,4025,1,100
160,"Rhinobatos_irvinei","Rhinobatos irvinei",7.60807317094687,42.9703600213724,0.01,66,4025,1,100
161,"Rhynchobatus_djiddensis","Rhynchobatus djiddensis",7.60638480039747,52.7803355185431,0.01,66,4025,1,100
162,"Euprotomicrus_bispinatus","Euprotomicrus bispinatus",7.60407692341245,49.0128975701171,0.01,66,4025,1,100
163,"Pristiophorus_cirratus","Pristiophorus cirratus",7.56889156533019,53.549460129301,0.01,66,4025,1,100
164,"Narcine_westraliensis","Narcine westraliensis",7.56826437789678,50.8910825652237,0.01,66,4025,1,100
165,"Rhynchobatus_australiae","Rhynchobatus australiae",7.56032190509327,52.5143611799154,0.01,66,4025,1,100
166,"Narcine_tasmaniensis","Narcine tasmaniensis",7.53006715903101,51.7793892129946,0.01,66,4025,1,100
167,"Rhynchobatus_luebberti","Rhynchobatus luebberti",7.50400551602585,49.3172173787438,0.01,66,4025,1,100
168,"Gymnura_australis","Gymnura australis",7.44651014465469,49.137813411193,0.01,66,4025,1,100
169,"Hydrolagus_mitsukurii","Hydrolagus mitsukurii",7.42806833208655,56.3047011809382,0.01,66,4025,1,100
170,"Cirrhoscyllium_expolitum","Cirrhoscyllium expolitum",7.38594411038308,52.6451258590242,0.01,66,4025,1,100
171,"Gogolia_filewoodi","Gogolia filewoodi",7.38419760332465,51.9430006664368,0.01,66,4025,1,100
172,"Atelomycterus_fasciatus","Atelomycterus fasciatus",7.37866264653263,49.5710518377089,0.01,66,4025,1,100
173,"Trygonoptera_personata","Trygonoptera personata",7.3282434208761,54.6167448549727,0.01,66,4025,1,100
174,"Parascyllium_variolatum","Parascyllium variolatum",7.28443423347391,58.8726744148326,0.01,66,4025,1,100
175,"Hydrolagus_colliei","Hydrolagus colliei",7.26424738069708,52.8250302659434,0.01,66,4025,1,100
176,"Hydrolagus_eidolon","Hydrolagus eidolon",7.25274774831678,50.946511122721,0.01,66,4025,1,100
177,"Chimaera_owstoni","Chimaera owstoni",7.19693824030226,55.6921579518907,0.01,66,4025,1,100
178,"Diplobatis_guamachensis","Diplobatis guamachensis",7.1793297673259,50.6784928310859,0.01,66,4025,1,100
179,"Atelomycterus_macleayi","Atelomycterus macleayi",7.17038538489748,48.6472289176404,0.01,66,4025,1,100
180,"Hydrolagus_homonycteris","Hydrolagus homonycteris",7.16959992609586,51.4428084485158,0.01,66,4025,1,100
181,"Euprotomicroides_zantedeschia","Euprotomicroides zantedeschia",7.10138231077034,47.082367369771,0.01,66,4025,1,100
182,"Eridacnis_barbouri","Eridacnis barbouri",7.09799555164328,48.4049467265511,0.01,66,4025,1,100
183,"Orectolobus_ornatus","Orectolobus ornatus",7.04125584164591,51.8293839051157,0.01,66,4025,1,100
184,"Narcine_lasti","Narcine lasti",7.02378294886816,50.569678264865,0.01,66,4025,1,100
185,"Glaucostegus_cemiculus","Glaucostegus cemiculus",7.01815382925081,48.7191284145035,0.01,66,4025,1,100
186,"Glaucostegus_granulatus","Glaucostegus granulatus",6.99541988665529,48.0622985607292,0.01,66,4025,1,100
187,"Hydrolagus_lemures","Hydrolagus lemures",6.98673997103511,54.6410512883135,0.01,66,4025,1,100
188,"Rhynchobatus_palpebratus","Rhynchobatus palpebratus",6.97830763957992,49.4961738679262,0.01,66,4025,1,100
189,"Orectolobus_maculatus","Orectolobus maculatus",6.97579862816385,54.4303194599843,0.01,66,4025,1,100
190,"Parascyllium_ferrugineum","Parascyllium ferrugineum",6.96496756209686,56.1469913533851,0.01,66,4025,1,100
191,"Urolophus_circularis","Urolophus circularis",6.95682464582087,53.4022708524601,0.01,66,4025,1,100
192,"Pentanchus_profundicolus","Pentanchus profundicolus",6.94451207619646,50.5805894787366,0.01,66,4025,1,100
193,"Atelomycterus_marnkalha","Atelomycterus marnkalha",6.93070563687092,47.3228176840866,0.01,66,4025,1,100
194,"Hydrolagus_ogilbyi","Hydrolagus ogilbyi",6.91633035758012,53.496235308017,0.01,66,4025,1,100
195,"Trygonoptera_galba","Trygonoptera galba",6.90556065140785,50.1161065585308,0.01,66,4025,1,100
196,"Hydrolagus_barbouri","Hydrolagus barbouri",6.89862981054626,52.5677585780965,0.01,66,4025,1,100
197,"Rhinobatos_planiceps","Rhinobatos planiceps",6.88672878636744,49.7658185198258,0.01,66,4025,1,100
198,"Orectolobus_parvimaculatus","Orectolobus parvimaculatus",6.88440906259066,51.8640509025656,0.01,66,4025,1,100
199,"Rhinobatos_sainsburyi","Rhinobatos sainsburyi",6.84349169742993,52.261338524415,0.01,66,4025,1,100
200,"Orectolobus_japonicus","Orectolobus japonicus",6.81438213012563,54.5787160366761,0.01,66,4025,1,100
201,"Rhynchobatus_laevis","Rhynchobatus laevis",6.79747858828306,49.053189202203,0.01,66,4025,1,100
202,"Aetomylaeus_nichofii","Aetomylaeus nichofii",6.78588173791654,53.3307663351986,0.01,66,4025,1,100
203,"Rhynchobatus_springeri","Rhynchobatus springeri",6.75868202764643,48.9534022994244,0.01,66,4025,1,100
204,"Acroteriobatus_zanzibarensis","Acroteriobatus zanzibarensis",6.74074030032632,54.2289395279374,0.01,66,4025,1,100
205,"Acroteriobatus_ocellatus","Acroteriobatus ocellatus",6.73380220006206,55.440873625736,0.01,66,4025,1,100
206,"Rhinobatos_percellens","Rhinobatos percellens",6.73369566853522,53.0202020210087,0.01,66,4025,1,100
207,"Discopyge_tschudii","Discopyge tschudii",6.71674328014788,57.8574501488268,0.01,66,4025,1,100
208,"Chimaera_argiloba","Chimaera argiloba",6.71540953435199,53.452982798755,0.01,66,4025,1,100
209,"Discopyge_castelloi","Discopyge castelloi",6.70934498896965,57.7462363551669,0.01,66,4025,1,100
210,"Poroderma_africanum","Poroderma africanum",6.69641805357201,53.090408580155,0.01,66,4025,1,100
211,"Ctenacis_fehlmanni","Ctenacis fehlmanni",6.6954877072101,46.0646525092455,0.01,66,4025,1,100
212,"Parascyllium_elongatum","Parascyllium elongatum",6.67940551757006,54.9612969571471,0.01,66,4025,1,100
213,"Eridacnis_sinuans","Eridacnis sinuans",6.67706238783496,47.5154361552951,0.01,66,4025,1,100
214,"Trygonoptera_testacea","Trygonoptera testacea",6.66383123322783,49.9485699505478,0.01,66,4025,1,100
215,"Trygonoptera_ovalis","Trygonoptera ovalis",6.65378840448393,50.8720375606056,0.01,66,4025,1,100
216,"Cephalurus_cephalus","Cephalurus cephalus",6.64275995501298,49.8515972719501,0.01,66,4025,1,100
217,"Eridacnis_radcliffei","Eridacnis radcliffei",6.59871072468352,47.3771627634638,0.01,66,4025,1,100
218,"Acroteriobatus_annulatus","Acroteriobatus annulatus",6.56879326346232,49.9019945891527,0.01,66,4025,1,100
219,"Orectolobus_halei","Orectolobus halei",6.54796578155639,53.907711740141,0.01,66,4025,1,100
220,"Poroderma_pantherinum","Poroderma pantherinum",6.50789264068159,51.4999109032101,0.01,66,4025,1,100
221,"Iago_garricki","Iago garricki",6.50587954489435,50.3143049248676,0.01,66,4025,1,100
222,"Pteromylaeus_asperrimus","Pteromylaeus asperrimus",6.49722491491624,56.495930005193,0.01,66,4025,1,100
223,"Centrophorus_westraliensis","Centrophorus westraliensis",6.423706665022,56.5235482098675,0.01,66,4025,1,100
224,"Rhinobatos_glaucostigma","Rhinobatos glaucostigma",6.41337723945911,55.9243390749006,0.01,66,4025,1,100
225,"Cruriraja_parcomaculata","Cruriraja parcomaculata",6.38920996884696,51.2168846213575,0.01,66,4025,1,100
226,"Orectolobus_hutchinsi","Orectolobus hutchinsi",6.37999361164514,48.3425008827675,0.01,66,4025,1,100
227,"Chiloscyllium_punctatum","Chiloscyllium punctatum",6.34554632329545,55.1451904952616,0.01,66,4025,1,100
228,"Hemiscyllium_ocellatum","Hemiscyllium ocellatum",6.34117677293154,50.7508669408906,0.01,66,4025,1,100
229,"Centrophorus_tessellatus","Centrophorus tessellatus",6.31966877749732,51.4140900997009,0.01,66,4025,1,100
230,"Orectolobus_floridus","Orectolobus floridus",6.30382178227719,50.8557791733296,0.01,66,4025,1,100
231,"Gymnura_hirundo","Gymnura hirundo",6.27815295596663,43.4819475251866,0.01,66,4025,1,100
232,"Aculeola_nigra","Aculeola nigra",6.19332395122958,56.2091447450059,0.01,66,4025,1,100
233,"Taeniura_lymma","Taeniura lymma",6.1829205169833,47.7680182772475,0.01,66,4025,1,100
234,"Glaucostegus_typus","Glaucostegus typus",6.17928599293928,50.5858296475184,0.01,66,4025,1,100
235,"Iago_omanensis","Iago omanensis",6.1700797268968,43.15534738708,0.01,66,4025,1,100
236,"Rhinobatos_horkelii","Rhinobatos horkelii",6.15496394088109,49.9510536804286,0.01,66,4025,1,100
237,"Orectolobus_wardi","Orectolobus wardi",6.1547215629295,53.9206031253499,0.01,66,4025,1,100
238,"Orectolobus_reticulatus","Orectolobus reticulatus",6.12394823049673,49.3349377690698,0.01,66,4025,1,100
239,"Orectolobus_leptolineatus","Orectolobus leptolineatus",6.10586534853272,53.1999385786353,0.01,66,4025,1,100
240,"Gymnura_poecilura","Gymnura poecilura",6.0985596915253,44.3206611626193,0.01,66,4025,1,100
241,"Chimaera_bahamaensis","Chimaera bahamaensis",6.02507648950267,59.4086914332087,0.01,66,4025,1,100
242,"Centrophorus_granulosus","Centrophorus granulosus",6.01880316060609,49.7681592803962,0.01,66,4025,1,100
243,"Chiloscyllium_indicum","Chiloscyllium indicum",6.01857930070736,55.8074630567742,0.01,66,4025,1,100
244,"Narcine_prodorsalis","Narcine prodorsalis",6.0028336150557,49.280289302018,0.01,66,4025,1,100
245,"Rhinobatos_albomaculatus","Rhinobatos albomaculatus",5.96478702333176,50.7432745015727,0.01,66,4025,1,100
246,"Heteronarce_garmani","Heteronarce garmani",5.93328490421719,54.7349406693498,0.01,66,4025,1,100
247,"Hypogaleus_hyugaensis","Hypogaleus hyugaensis",5.91378964413637,47.39103897455,0.01,66,4025,1,100
248,"Glaucostegus_thouin","Glaucostegus thouin",5.90953047845467,49.886957113659,0.01,66,4025,1,100
249,"Gymnura_crooki","Gymnura crooki",5.87942726183837,47.8648893906313,0.01,66,4025,1,100
250,"Narcine_bicolor","Narcine bicolor",5.87686110860223,49.4591900991002,0.01,66,4025,1,100
251,"Benthobatis_moresbyi","Benthobatis moresbyi",5.87065609325819,52.4961149464552,0.01,66,4025,1,100
252,"Pteromylaeus_bovinus","Pteromylaeus bovinus",5.86143380331708,54.5222325974952,0.01,66,4025,1,100
253,"Glaucostegus_spinosus","Glaucostegus spinosus",5.85797740939325,50.3664927946678,0.01,66,4025,1,100
254,"Chiloscyllium_burmensis","Chiloscyllium burmensis",5.82338431653556,57.8483359653948,0.01,66,4025,1,100
255,"Narcine_entemedor","Narcine entemedor",5.80704521845979,49.5802871183618,0.01,66,4025,1,100
256,"Acroteriobatus_salalah","Acroteriobatus salalah",5.80569296226766,52.0382115071367,0.01,66,4025,1,100
257,"Glaucostegus_obtusus","Glaucostegus obtusus",5.78058847713061,50.0360594218912,0.01,66,4025,1,100
258,"Neotrygon_ningalooensis","Neotrygon ningalooensis",5.76022455486572,48.5808603010532,0.01,66,4025,1,100
259,"Apristurus_canutus","Apristurus canutus",5.7468497455318,51.69913428939,0.01,66,4025,1,100
260,"Holohalaelurus_grennian","Holohalaelurus grennian",5.73616909059708,49.3131648979918,0.01,66,4025,1,100
261,"Glaucostegus_microphthalmus","Glaucostegus microphthalmus",5.73117555683337,47.3028572100181,0.01,66,4025,1,100
262,"Sutorectus_tentaculatus","Sutorectus tentaculatus",5.71949557273755,45.8175842823192,0.01,66,4025,1,100
263,"Furgaleus_macki","Furgaleus macki",5.68608212489111,48.6412535695556,0.01,66,4025,1,100
264,"Chiloscyllium_arabicum","Chiloscyllium arabicum",5.68469686746437,56.2735972949587,0.01,66,4025,1,100
265,"Rhinobatos_productus","Rhinobatos productus",5.68463363174097,52.1801266461597,0.01,66,4025,1,100
266,"Hydrolagus_pallidus","Hydrolagus pallidus",5.67458038634308,57.87114018764,0.01,66,4025,1,100
267,"Hemitriakis_indroyonoi","Hemitriakis indroyonoi",5.67095674304899,48.6174096595377,0.01,66,4025,1,100
268,"Chimaera_cubana","Chimaera cubana",5.6709305788876,59.5120988881899,0.01,66,4025,1,100
269,"Urolophus_bucculentus","Urolophus bucculentus",5.66268256425155,54.9611839894517,0.01,66,4025,1,100
270,"Makararaja_chindwinensis","Makararaja chindwinensis",5.60750086047349,46.6870485865844,0.01,66,4025,1,100
271,"Squatina_caillieti","Squatina caillieti",5.60456813560441,57.7629039136357,0.01,66,4025,1,100
272,"Zameus_ichiharai","Zameus ichiharai",5.59330008230045,45.1758887571383,0.01,66,4025,1,100
273,"Squatina_squatina","Squatina squatina",5.59048642728876,58.1166274793859,0.01,66,4025,1,100
274,"Hydrolagus_matallanasi","Hydrolagus matallanasi",5.57837659674902,55.5990891720243,0.01,66,4025,1,100
275,"Rhinobatos_nudidorsalis","Rhinobatos nudidorsalis",5.5736679025624,51.0875873200766,0.01,66,4025,1,100
276,"Gymnura_natalensis","Gymnura natalensis",5.56024830331528,51.0054660222006,0.01,66,4025,1,100
277,"Chiloscyllium_plagiosum","Chiloscyllium plagiosum",5.54790160374416,52.0761709723427,0.01,66,4025,1,100
278,"Holohalaelurus_melanostigma","Holohalaelurus melanostigma",5.52558127198626,50.7027908410576,0.01,66,4025,1,100
279,"Centrophorus_harrissoni","Centrophorus harrissoni",5.49803911933881,52.428525085627,0.01,66,4025,1,100
280,"Centrophorus_moluccensis","Centrophorus moluccensis",5.49642909016503,52.9396063612848,0.01,66,4025,1,100
281,"Gymnura_crebripunctata","Gymnura crebripunctata",5.44829235811841,49.9173986451386,0.01,66,4025,1,100
282,"Hydrolagus_alberti","Hydrolagus alberti",5.43666926243784,59.5686582377616,0.01,66,4025,1,100
283,"Galeus_murinus","Galeus murinus",5.43585569117148,53.7344841477297,0.01,66,4025,1,100
284,"Centrophorus_lusitanicus","Centrophorus lusitanicus",5.42033341199707,51.7476004712743,0.01,66,4025,1,100
285,"Chiloscyllium_hasseltii","Chiloscyllium hasseltii",5.36863372804712,55.7041008147386,0.01,66,4025,1,100
286,"Gymnura_bimaculata","Gymnura bimaculata",5.36085148171778,46.5650960137261,0.01,66,4025,1,100
287,"Centrophorus_seychellorum","Centrophorus seychellorum",5.35550536198609,52.6051822312752,0.01,66,4025,1,100
288,"Trygonoptera_mucosa","Trygonoptera mucosa",5.35379734513463,49.9782983661874,0.01,66,4025,1,100
289,"Chiloscyllium_griseum","Chiloscyllium griseum",5.35108231745467,54.9314882144672,0.01,66,4025,1,100
290,"Gymnura_zonura","Gymnura zonura",5.3390030079324,46.681480192146,0.01,66,4025,1,100
291,"Gymnura_marmorata","Gymnura marmorata",5.31178503797333,49.3326883961675,0.01,66,4025,1,100
292,"Chimaera_jordani","Chimaera jordani",5.29312672963918,58.3530217654101,0.01,66,4025,1,100
293,"Zameus_squamulosus","Zameus squamulosus",5.25519156882165,42.77118343404,0.01,66,4025,1,100
294,"Trygonoptera_imitata","Trygonoptera imitata",5.23622799944119,49.0561613878257,0.01,66,4025,1,100
295,"Triakis_scyllium","Triakis scyllium",5.21675028308016,49.8967490930862,0.01,66,4025,1,100
296,"Acroteriobatus_variegatus","Acroteriobatus variegatus",5.19648850809231,50.4067107848291,0.01,66,4025,1,100
297,"Galeus_antillensis","Galeus antillensis",5.1848290503442,53.9885861619323,0.01,66,4025,1,100
298,"Urolophus_flavomosaicus","Urolophus flavomosaicus",5.17091703969464,53.2951933043476,0.01,66,4025,1,100
299,"Rhinobatos_annandalei","Rhinobatos annandalei",5.16621344845166,50.1789405281139,0.01,66,4025,1,100
300,"Rhinobatos_leucorhynchus","Rhinobatos leucorhynchus",5.15708117156128,48.9741974404953,0.01,66,4025,1,100
301,"Rhinobatos_prahli","Rhinobatos prahli",5.1564484275666,48.8459274818351,0.01,66,4025,1,100
302,"Centrophorus_isodon","Centrophorus isodon",5.12848737117404,51.6713960720621,0.01,66,4025,1,100
303,"Himantura_pacifica","Himantura pacifica",5.11634354216901,50.6698058340849,0.01,66,4025,1,100
304,"Squatina_aculeata","Squatina aculeata",5.10460750732816,56.0127963522828,0.01,66,4025,1,100
305,"Pastinachus_stellurostris","Pastinachus stellurostris",5.07362031310129,51.3224634712112,0.01,66,4025,1,100
306,"Heteronarce_bentuviai","Heteronarce bentuviai",5.06336172439593,52.1707551778003,0.01,66,4025,1,100
307,"Hydrolagus_alphus","Hydrolagus alphus",5.0592208665398,49.6804481089957,0.01,66,4025,1,100
308,"Diplobatis_ommata","Diplobatis ommata",5.04002793921533,51.4718218147909,0.01,66,4025,1,100
309,"Rhinobatos_rhinobatos","Rhinobatos rhinobatos",5.00224155146597,48.5293904335963,0.01,66,4025,1,100
310,"Heteronarce_prabhui","Heteronarce prabhui",4.99496541987062,51.0542871846433,0.01,66,4025,1,100
311,"Acroteriobatus_blochii","Acroteriobatus blochii",4.97286951820813,49.0857333608468,0.01,66,4025,1,100
312,"Benthobatis_yangi","Benthobatis yangi",4.96621363167886,52.3068289950048,0.01,66,4025,1,100
313,"Squatina_argentina","Squatina argentina",4.96473787526128,51.8304533694025,0.01,66,4025,1,100
314,"Hemiscyllium_trispeculare","Hemiscyllium trispeculare",4.95592499410622,51.9558115493041,0.01,66,4025,1,100
315,"Triakis_acutipinna","Triakis acutipinna",4.95515502292521,50.6509367645876,0.01,66,4025,1,100
316,"Hemigaleus_australiensis","Hemigaleus australiensis",4.95427672110993,49.6709711375638,0.01,66,4025,1,100
317,"Cruriraja_poeyi","Cruriraja poeyi",4.94068700560618,53.1716879182654,0.01,66,4025,1,100
318,"Hemiscyllium_henryi","Hemiscyllium henryi",4.9199157110965,53.592187340981,0.01,66,4025,1,100
319,"Benthobatis_kreffti","Benthobatis kreffti",4.91174027460592,51.4444369219878,0.01,66,4025,1,100
320,"Hemigaleus_microstoma","Hemigaleus microstoma",4.90399325079674,47.6759669438183,0.01,66,4025,1,100
321,"Heteronarce_mollis","Heteronarce mollis",4.86101784595391,50.849604532213,0.01,66,4025,1,100
322,"Diplobatis_colombiensis","Diplobatis colombiensis",4.84100331123874,51.8727887588906,0.01,66,4025,1,100
323,"Squalus_notocaudatus","Squalus notocaudatus",4.82921623566761,55.7444130556787,0.01,66,4025,1,100
324,"Squatina_japonica","Squatina japonica",4.82872010965982,50.6682231456515,0.01,66,4025,1,100
325,"Urobatis_halleri","Urobatis halleri",4.82869251564208,53.9843591581814,0.01,66,4025,1,100
326,"Triakis_maculata","Triakis maculata",4.82478420799228,49.5135304063169,0.01,66,4025,1,100
327,"Pastinachus_solocirostris","Pastinachus solocirostris",4.80343260631046,51.2863943523522,0.01,66,4025,1,100
328,"Gymnura_tentaculata","Gymnura tentaculata",4.79553603818762,48.442138300817,0.01,66,4025,1,100
329,"Rhinobatos_hynnicephalus","Rhinobatos hynnicephalus",4.78120048589611,51.7230787845387,0.01,66,4025,1,100
330,"Gymnura_altavela","Gymnura altavela",4.75463055056237,48.3194218379412,0.01,66,4025,1,100
331,"Squalus_suckleyi","Squalus suckleyi",4.7281828670992,54.3082520050583,0.01,66,4025,1,100
332,"Galeus_sauteri","Galeus sauteri",4.71229865630952,51.0932609062773,0.01,66,4025,1,100
333,"Neotrygon_kuhlii","Neotrygon kuhlii",4.7109208679278,43.8676267440153,0.01,66,4025,1,100
334,"Diplobatis_pictus","Diplobatis pictus",4.69454495033388,51.7435020075965,0.01,66,4025,1,100
335,"Squatina_tergocellata","Squatina tergocellata",4.69065295799825,56.801354170428,0.01,66,4025,1,100
336,"Squatina_pseudocellata","Squatina pseudocellata",4.68985062616798,57.1863649149754,0.01,66,4025,1,100
337,"Scymnodalatias_albicauda","Scymnodalatias albicauda",4.68299662765657,56.3548634684897,0.01,66,4025,1,100
338,"Hemiscyllium_galei","Hemiscyllium galei",4.67968666080967,53.311275449894,0.01,66,4025,1,100
339,"Rhinobatos_lionotus","Rhinobatos lionotus",4.6615734261197,48.758504955157,0.01,66,4025,1,100
340,"Chaenogaleus_macrostoma","Chaenogaleus macrostoma",4.65877029571737,50.3996337027846,0.01,66,4025,1,100
341,"Squatina_armata","Squatina armata",4.65752979006575,57.6586289662285,0.01,66,4025,1,100
342,"Cruriraja_rugosa","Cruriraja rugosa",4.64799828773904,53.7318879323846,0.01,66,4025,1,100
343,"Squatina_occulta","Squatina occulta",4.63067870048804,60.8867936379325,0.01,66,4025,1,100
344,"Rhinobatos_punctifer","Rhinobatos punctifer",4.61960425518068,48.9493627290744,0.01,66,4025,1,100
345,"Squatina_albipunctata","Squatina albipunctata",4.59682784110654,56.5635769170908,0.01,66,4025,1,100
346,"Holohalaelurus_regani","Holohalaelurus regani",4.58645659074651,47.5668903564544,0.01,66,4025,1,100
347,"Holohalaelurus_punctatus","Holohalaelurus punctatus",4.55546315314191,47.5314388154206,0.01,66,4025,1,100
348,"Centroscyllium_ornatum","Centroscyllium ornatum",4.53687204692719,57.939641841205,0.01,66,4025,1,100
349,"Rhinobatos_formosensis","Rhinobatos formosensis",4.51725491335776,49.9289863823039,0.01,66,4025,1,100
350,"Squatina_oculata","Squatina oculata",4.51626582516867,55.9899450082153,0.01,66,4025,1,100
351,"Squalus_acanthias","Squalus acanthias",4.49782028792269,49.8328712657876,0.01,66,4025,1,100
352,"Holohalaelurus_favus","Holohalaelurus favus",4.49586202191603,46.9812220894879,0.01,66,4025,1,100
353,"Squatina_australis","Squatina australis",4.49407566098433,53.7821377044256,0.01,66,4025,1,100
354,"Etmopterus_brachyurus","Etmopterus brachyurus",4.47855104145627,53.4478379446327,0.01,66,4025,1,100
355,"Cruriraja_durbanensis","Cruriraja durbanensis",4.47228188831374,50.8850501410451,0.01,66,4025,1,100
356,"Scymnodalatias_sherwoodi","Scymnodalatias sherwoodi",4.3658516876167,53.1869664720057,0.01,66,4025,1,100
357,"Oxynotus_japonicus","Oxynotus japonicus",4.35976860879981,57.5878548840211,0.01,66,4025,1,100
358,"Oxynotus_centrina","Oxynotus centrina",4.3597138682509,57.5878548840211,0.01,66,4025,1,100
359,"Rhinobatos_schlegelii","Rhinobatos schlegelii",4.34764057044051,48.4650962658419,0.01,66,4025,1,100
360,"Cruriraja_atlantis","Cruriraja atlantis",4.34437282353714,50.0133613786261,0.01,66,4025,1,100
361,"Pastinachus_gracilicaudus","Pastinachus gracilicaudus",4.33010276448313,49.2455754015089,0.01,66,4025,1,100
362,"Scymnodalatias_garricki","Scymnodalatias garricki",4.3279286127938,49.2812294810212,0.01,66,4025,1,100
363,"Centroscymnus_coelolepis","Centroscymnus coelolepis",4.32223076417646,50.6646352339168,0.01,66,4025,1,100
364,"Hemiscyllium_hallstromi","Hemiscyllium hallstromi",4.29477738419166,52.3971509348445,0.01,66,4025,1,100
365,"Squalus_griffini","Squalus griffini",4.28077962701922,48.7418777708796,0.01,66,4025,1,100
366,"Squatina_nebulosa","Squatina nebulosa",4.27225771200167,56.1267920940495,0.01,66,4025,1,100
367,"Squatina_africana","Squatina africana",4.26795927220656,51.135080042436,0.01,66,4025,1,100
368,"Squalus_altipinnis","Squalus altipinnis",4.25949535392731,50.3933655565361,0.01,66,4025,1,100
369,"Haploblepharus_edwardsii","Haploblepharus edwardsii",4.25837378039954,51.2597629504632,0.01,66,4025,1,100
370,"Centroscymnus_owstonii","Centroscymnus owstonii",4.23369848056598,56.0571845029785,0.01,66,4025,1,100
371,"Squatina_guggenheim","Squatina guggenheim",4.23147660197076,56.4972199446972,0.01,66,4025,1,100
372,"Centroscyllium_ritteri","Centroscyllium ritteri",4.20257964000575,55.7066326740452,0.01,66,4025,1,100
373,"Hemiscyllium_michaeli","Hemiscyllium michaeli",4.18505047243967,51.2361503034546,0.01,66,4025,1,100
374,"Squatina_californica","Squatina californica",4.18435263128883,57.0743136158509,0.01,66,4025,1,100
375,"Hemiscyllium_strahani","Hemiscyllium strahani",4.17377841834659,51.2535471532545,0.01,66,4025,1,100
376,"Squatina_dumeril","Squatina dumeril",4.1695339368833,55.9529933427621,0.01,66,4025,1,100
377,"Squatina_formosa","Squatina formosa",4.14429649371124,55.5389273137243,0.01,66,4025,1,100
378,"Etmopterus_viator","Etmopterus viator",4.12885954766695,52.950288843291,0.01,66,4025,1,100
379,"Oxynotus_caribbaeus","Oxynotus caribbaeus",4.12810281028352,55.6739806545002,0.01,66,4025,1,100
380,"Centroscyllium_fabricii","Centroscyllium fabricii",4.12452006552268,55.5217242968027,0.01,66,4025,1,100
381,"Scymnodalatias_oligodon","Scymnodalatias oligodon",4.1092857765456,49.1307197586976,0.01,66,4025,1,100
382,"Cruriraja_andamanica","Cruriraja andamanica",4.08615630342438,52.998301156773,0.01,66,4025,1,100
383,"Hemiscyllium_freycineti","Hemiscyllium freycineti",4.08336544724828,50.7031925488667,0.01,66,4025,1,100
384,"Etmopterus_joungi","Etmopterus joungi",4.07546937013433,54.9872978740361,0.01,66,4025,1,100
385,"Etmopterus_lucifer","Etmopterus lucifer",4.07521458746078,53.9330891194688,0.01,66,4025,1,100
386,"Proscymnodon_plunketi","Proscymnodon plunketi",4.0623282627541,54.7323282029682,0.01,66,4025,1,100
387,"Centroscyllium_granulatum","Centroscyllium granulatum",4.05631848611384,56.970756223498,0.01,66,4025,1,100
388,"Etmopterus_sheikoi","Etmopterus sheikoi",4.05180593720845,55.9724684306149,0.01,66,4025,1,100
389,"Figaro_boardmani","Figaro boardmani",4.04718808837781,51.191135063551,0.01,66,4025,1,100
390,"Bythaelurus_canescens","Bythaelurus canescens",4.03927279654931,48.5220270826502,0.01,66,4025,1,100
391,"Myliobatis_californicus","Myliobatis californicus",4.03667986942085,54.5126324322816,0.01,66,4025,1,100
392,"Etmopterus_molleri","Etmopterus molleri",4.03411022625071,53.9037635017694,0.01,66,4025,1,100
393,"Centroscyllium_kamoharai","Centroscyllium kamoharai",4.01659014207549,55.8950239294125,0.01,66,4025,1,100
394,"Himantura_schmardae","Himantura schmardae",3.99654685919992,50.3771994467364,0.01,66,4025,1,100
395,"Urolophus_gigas","Urolophus gigas",3.9872621463532,48.8788101381613,0.01,66,4025,1,100
396,"Haploblepharus_pictus","Haploblepharus pictus",3.98294174408178,48.8712085971473,0.01,66,4025,1,100
397,"Centroscyllium_nigrum","Centroscyllium nigrum",3.98114322091516,55.4759569200827,0.01,66,4025,1,100
398,"Proscymnodon_macracanthus","Proscymnodon macracanthus",3.97626467922155,54.349362535804,0.01,66,4025,1,100
399,"Dasyatis_sabina","Dasyatis sabina",3.89286193705389,50.3038684873528,0.01,66,4025,1,100
400,"Myliobatis_australis","Myliobatis australis",3.89223975381867,56.7829799857783,0.01,66,4025,1,100
401,"Myliobatis_goodei","Myliobatis goodei",3.89077149787471,56.8104123899579,0.01,66,4025,1,100
402,"Centroscyllium_excelsum","Centroscyllium excelsum",3.8883397415829,55.9560429816161,0.01,66,4025,1,100
403,"Figaro_striatus","Figaro striatus",3.87451080858566,52.1924996160865,0.01,66,4025,1,100
404,"Haploblepharus_kistnasamyi","Haploblepharus kistnasamyi",3.86779405287845,49.1801947680778,0.01,66,4025,1,100
405,"Scymnodon_ringens","Scymnodon ringens",3.86308758861858,51.7784392847393,0.01,66,4025,1,100
406,"Squatina_tergocellatoides","Squatina tergocellatoides",3.86127009833448,51.2362695480747,0.01,66,4025,1,100
407,"Haploblepharus_fuscus","Haploblepharus fuscus",3.84078332064705,46.3019376729587,0.01,66,4025,1,100
408,"Paragaleus_tengi","Paragaleus tengi",3.84073317346205,50.332479098015,0.01,66,4025,1,100
409,"Etmopterus_dislineatus","Etmopterus dislineatus",3.80077373822774,52.6152673840069,0.01,66,4025,1,100
410,"Bythaelurus_alcockii","Bythaelurus alcockii",3.79993766146315,47.3851929096106,0.01,66,4025,1,100
411,"Urobatis_concentricus","Urobatis concentricus",3.79993501154594,50.2063143889998,0.01,66,4025,1,100
412,"Pastinachus_sephen","Pastinachus sephen",3.78413219228742,50.8223757208136,0.01,66,4025,1,100
413,"Typhlonarke_tarakea","Typhlonarke tarakea",3.76570050194167,55.9147633247578,0.01,66,4025,1,100
414,"Squatina_legnota","Squatina legnota",3.75614884223897,50.7095123031775,0.01,66,4025,1,100
415,"Urobatis_maculatus","Urobatis maculatus",3.74410315566383,50.8493787273601,0.01,66,4025,1,100
416,"Bythaelurus_giddingsi","Bythaelurus giddingsi",3.72888054177542,48.1169247245766,0.01,66,4025,1,100
417,"Myliobatis_longirostris","Myliobatis longirostris",3.72387389576511,54.6601396172934,0.01,66,4025,1,100
418,"Neotrygon_picta","Neotrygon picta",3.72194158145234,47.4271478326579,0.01,66,4025,1,100
419,"Anacanthobatis_longirostris","Anacanthobatis longirostris",3.72044652232303,51.4493762055733,0.01,66,4025,1,100
420,"Myliobatis_freminvillei","Myliobatis freminvillei",3.71404648065837,53.7574316060025,0.01,66,4025,1,100
421,"Neotrygon_annotata","Neotrygon annotata",3.71098543160641,48.1546347335199,0.01,66,4025,1,100
422,"Hemitriakis_falcata","Hemitriakis falcata",3.70534397684674,48.0752595066582,0.01,66,4025,1,100
423,"Hydrolagus_macrophthalmus","Hydrolagus macrophthalmus",3.6992143867301,54.9009972944431,0.01,66,4025,1,100
424,"Galeus_eastmani","Galeus eastmani",3.6868893703889,50.0438096221964,0.01,66,4025,1,100
425,"Typhlonarke_aysoni","Typhlonarke aysoni",3.67313373233633,54.0483746430195,0.01,66,4025,1,100
426,"Hydrolagus_marmoratus","Hydrolagus marmoratus",3.67307981154334,55.0466046726887,0.01,66,4025,1,100
427,"Pastinachus_atrus","Pastinachus atrus",3.66198535767265,49.4440132089004,0.01,66,4025,1,100
428,"Oxynotus_paradoxus","Oxynotus paradoxus",3.65578855938373,49.8719471138446,0.01,66,4025,1,100
429,"Oxynotus_bruniensis","Oxynotus bruniensis",3.64697984447219,51.8856115273872,0.01,66,4025,1,100
430,"Hydrolagus_purpurescens","Hydrolagus purpurescens",3.64550892444256,54.3942320900207,0.01,66,4025,1,100
431,"Squalus_megalops","Squalus megalops",3.63492526261062,60.4331265916816,0.01,66,4025,1,100
432,"Scyliorhinus_stellaris","Scyliorhinus stellaris",3.61879068505354,53.2010346446146,0.01,66,4025,1,100
433,"Scyliorhinus_capensis","Scyliorhinus capensis",3.59553398672782,50.2717450431773,0.01,66,4025,1,100
434,"Hemitriakis_complicofasciata","Hemitriakis complicofasciata",3.58958483159978,46.9713557476038,0.01,66,4025,1,100
435,"Hydrolagus_lusitanicus","Hydrolagus lusitanicus",3.53524424985855,51.4449139421716,0.01,66,4025,1,100
436,"Halaelurus_maculosus","Halaelurus maculosus",3.5342519047595,47.5261048518968,0.01,66,4025,1,100
437,"Squalus_melanurus","Squalus melanurus",3.53181845882183,65.2948143440897,0.01,66,4025,1,100
438,"Hydrolagus_melanophasma","Hydrolagus melanophasma",3.51302852504775,52.3467689090771,0.01,66,4025,1,100
439,"Neotrygon_leylandi","Neotrygon leylandi",3.51251111988467,46.3962010826382,0.01,66,4025,1,100
440,"Myliobatis_chilensis","Myliobatis chilensis",3.50228552845188,53.1308149732144,0.01,66,4025,1,100
441,"Cruriraja_cadenati","Cruriraja cadenati",3.4999353871714,53.9137131443954,0.01,66,4025,1,100
442,"Dasyatis_sinensis","Dasyatis sinensis",3.49538158213094,49.7665231309935,0.01,66,4025,1,100
443,"Eusphyra_blochii","Eusphyra blochii",3.49427849413428,54.4031058904735,0.01,66,4025,1,100
444,"Hemitriakis_leucoperiptera","Hemitriakis leucoperiptera",3.47396872494199,48.8297673394174,0.01,66,4025,1,100
445,"Temera_hardwickii","Temera hardwickii",3.45709710188405,56.6320392400564,0.01,66,4025,1,100
446,"Halaelurus_sellus","Halaelurus sellus",3.4551688126122,46.6481532289646,0.01,66,4025,1,100
447,"Halaelurus_buergeri","Halaelurus buergeri",3.4551688126122,46.6481532289646,0.01,66,4025,1,100
448,"Hydrolagus_affinis","Hydrolagus affinis",3.45164463384876,55.5510590715677,0.01,66,4025,1,100
449,"Bythaelurus_incanus","Bythaelurus incanus",3.43715503367159,50.3897089575236,0.01,66,4025,1,100
450,"Bythaelurus_dawsoni","Bythaelurus dawsoni",3.42587877675537,49.9464625668769,0.01,66,4025,1,100
451,"Scyliorhinus_cervigoni","Scyliorhinus cervigoni",3.41938690428109,52.4009832358607,0.01,66,4025,1,100
452,"Hydrolagus_mirabilis","Hydrolagus mirabilis",3.41247903506125,54.8327194732015,0.01,66,4025,1,100
453,"Hemitriakis_abdita","Hemitriakis abdita",3.39636374038818,47.8098379441185,0.01,66,4025,1,100
454,"Halaelurus_lineatus","Halaelurus lineatus",3.38697138945586,46.8572452821894,0.01,66,4025,1,100
455,"Narcine_brevilabiata","Narcine brevilabiata",3.3844256975769,50.1859732822589,0.01,66,4025,1,100
456,"Hydrolagus_trolli","Hydrolagus trolli",3.37222801674042,54.5639779850886,0.01,66,4025,1,100
457,"Scyliorhinus_retifer","Scyliorhinus retifer",3.37175138237144,50.4299727476659,0.01,66,4025,1,100
458,"Squalus_albifrons","Squalus albifrons",3.36448051632957,63.0050457764974,0.01,66,4025,1,100
459,"Crassinarke_dormitor","Crassinarke dormitor",3.35314526410167,55.7438309582363,0.01,66,4025,1,100
460,"Chimaera_fulva","Chimaera fulva",3.35197002018877,49.2445327400498,0.01,66,4025,1,100
461,"Narcine_ornata","Narcine ornata",3.33211915732842,53.5348600326683,0.01,66,4025,1,100
462,"Hemitriakis_japanica","Hemitriakis japanica",3.3288469365423,47.1634623804074,0.01,66,4025,1,100
463,"Paragaleus_randalli","Paragaleus randalli",3.3287313950183,50.0679632370115,0.01,66,4025,1,100
464,"Bythaelurus_lutarius","Bythaelurus lutarius",3.32858357014041,48.593947310125,0.01,66,4025,1,100
465,"Paragaleus_leucolomatus","Paragaleus leucolomatus",3.32294793072384,50.3176391701132,0.01,66,4025,1,100
466,"Hydrolagus_novaezealandiae","Hydrolagus novaezealandiae",3.32230749759096,52.0290594064341,0.01,66,4025,1,100
467,"Halaelurus_natalensis","Halaelurus natalensis",3.31351895630465,46.1689793146136,0.01,66,4025,1,100
468,"Scyliorhinus_canicula","Scyliorhinus canicula",3.3026082151985,49.0265691848521,0.01,66,4025,1,100
469,"Okamejei_jensenae","Okamejei jensenae",3.30045874184475,54.0013748327421,0.01,66,4025,1,100
470,"Paragaleus_pectoralis","Paragaleus pectoralis",3.28732495089898,51.0702014043324,0.01,66,4025,1,100
471,"Myliobatis_tobijei","Myliobatis tobijei",3.27107234956632,54.8609592321943,0.01,66,4025,1,100
472,"Halaelurus_quagga","Halaelurus quagga",3.26318535749918,45.0682834164716,0.01,66,4025,1,100
473,"Myliobatis_peruvianus","Myliobatis peruvianus",3.22946304488628,51.6282053114042,0.01,66,4025,1,100
474,"Chimaera_panthera","Chimaera panthera",3.22170108996766,50.6123275434897,0.01,66,4025,1,100
475,"Myliobatis_ridens","Myliobatis ridens",3.22096244746525,54.9237317859234,0.01,66,4025,1,100
476,"Squalus_brevirostris","Squalus brevirostris",3.22049888489795,62.011323801376,0.01,66,4025,1,100
477,"Narcine_nelsoni","Narcine nelsoni",3.21495648486205,50.8979107972494,0.01,66,4025,1,100
478,"Chimaera_lignaria","Chimaera lignaria",3.20671854914984,50.8353162710712,0.01,66,4025,1,100
479,"Myliobatis_rhombus","Myliobatis rhombus",3.20310122669841,55.180355329281,0.01,66,4025,1,100
480,"Electrolux_addisoni","Electrolux addisoni",3.20138134818167,52.7589178562365,0.01,66,4025,1,100
481,"Scyliorhinus_haeckelii","Scyliorhinus haeckelii",3.19181696787816,52.7861030543456,0.01,66,4025,1,100
482,"Chimaera_notafricana","Chimaera notafricana",3.19012407615596,50.6361825951446,0.01,66,4025,1,100
483,"Halaelurus_boesemani","Halaelurus boesemani",3.18465737760932,45.805132425774,0.01,66,4025,1,100
484,"Narcine_bancroftii","Narcine bancroftii",3.18163007051976,56.785763895718,0.01,66,4025,1,100
485,"Scyliorhinus_torrei","Scyliorhinus torrei",3.17531297834352,54.1666610918553,0.01,66,4025,1,100
486,"Myliobatis_hamlyni","Myliobatis hamlyni",3.17067998029251,55.0581352394976,0.01,66,4025,1,100
487,"Asymbolus_funebris","Asymbolus funebris",3.16994167365397,46.8254581332663,0.01,66,4025,1,100
488,"Narcine_nigra","Narcine nigra",3.16077663348267,57.8146554707357,0.01,66,4025,1,100
489,"Narcine_rierai","Narcine rierai",3.16009394322189,48.049017072006,0.01,66,4025,1,100
490,"Narke_capensis","Narke capensis",3.15524383202855,53.4849831398707,0.01,66,4025,1,100
491,"Myliobatis_tenuicaudatus","Myliobatis tenuicaudatus",3.15437745077106,52.2122504062061,0.01,66,4025,1,100
492,"Narke_japonica","Narke japonica",3.14978762033226,53.0323254942806,0.01,66,4025,1,100
493,"Narke_dipterygia","Narke dipterygia",3.14613449411168,53.4371397314282,0.01,66,4025,1,100
494,"Chimaera_macrospina","Chimaera macrospina",3.13552297155407,47.187392175427,0.01,66,4025,1,100
495,"Narcine_maculata","Narcine maculata",3.12934832855329,49.1926966420151,0.01,66,4025,1,100
496,"Narcine_lingula","Narcine lingula",3.12589274908602,55.1875762902458,0.01,66,4025,1,100
497,"Narcine_timlei","Narcine timlei",3.12446582536567,55.4228922787676,0.01,66,4025,1,100
498,"Chimaera_opalescens","Chimaera opalescens",3.12234707620146,45.8079383644592,0.01,66,4025,1,100
499,"Chimaera_monstrosa","Chimaera monstrosa",3.11627911237228,46.9791113413492,0.01,66,4025,1,100
500,"Bythaelurus_hispidus","Bythaelurus hispidus",3.11590413385831,49.165209346239,0.01,66,4025,1,100
501,"Bythaelurus_immaculatus","Bythaelurus immaculatus",3.10100500924448,46.5948214623244,0.01,66,4025,1,100
502,"Narcine_firma","Narcine firma",3.08291629162966,48.280530934913,0.01,66,4025,1,100
503,"Narcine_insolita","Narcine insolita",3.0740604427318,55.8776728673015,0.01,66,4025,1,100
504,"Myliobatis_aquila","Myliobatis aquila",3.04523740345939,51.3920581397099,0.01,66,4025,1,100
505,"Urobatis_marmoratus","Urobatis marmoratus",3.04125370517709,52.3284599731137,0.01,66,4025,1,100
506,"Narcine_atzi","Narcine atzi",3.03759922924125,47.8988134280341,0.01,66,4025,1,100
507,"Hydrolagus_bemisi","Hydrolagus bemisi",3.03399413180418,46.7204883107921,0.01,66,4025,1,100
508,"Bythaelurus_clevai","Bythaelurus clevai",3.01085571713014,46.579641762548,0.01,66,4025,1,100
509,"Narcine_brunnea","Narcine brunnea",3.0048009949597,54.9375402518706,0.01,66,4025,1,100
510,"Dasyatis_margaritella","Dasyatis margaritella",2.98991381444688,53.3573058108341,0.01,66,4025,1,100
511,"Asymbolus_galacticus","Asymbolus galacticus",2.97161016622801,50.2006058286717,0.01,66,4025,1,100
512,"Dasyatis_margarita","Dasyatis margarita",2.95358344405664,54.6690238896791,0.01,66,4025,1,100
513,"Parmaturus_lanatus","Parmaturus lanatus",2.88902807154487,49.1754514256936,0.01,66,4025,1,100
514,"Narcine_brasiliensis","Narcine brasiliensis",2.88158198232977,48.4183356168732,0.01,66,4025,1,100
515,"Asymbolus_pallidus","Asymbolus pallidus",2.86442965364741,48.1029823251991,0.01,66,4025,1,100
516,"Mobula_hypostoma","Mobula hypostoma",2.86076788266455,53.5250656156171,0.01,66,4025,1,100
517,"Rostroraja_alba","Rostroraja alba",2.8356452927824,53.4113653307538,0.01,66,4025,1,100
518,"Hydrolagus_mccoskeri","Hydrolagus mccoskeri",2.83513827979711,45.2023291984875,0.01,66,4025,1,100
519,"Dasyatis_dipterura","Dasyatis dipterura",2.81043923159599,49.4122311035726,0.01,66,4025,1,100
520,"Breviraja_nigriventralis","Breviraja nigriventralis",2.80845860480395,50.482769826694,0.01,66,4025,1,100
521,"Dasyatis_say","Dasyatis say",2.79751418553274,45.819021980903,0.01,66,4025,1,100
522,"Narcine_vermiculatus","Narcine vermiculatus",2.7952808119533,46.842202063214,0.01,66,4025,1,100
523,"Torpedo_bauchotae","Torpedo bauchotae",2.7862778327074,56.6897457298348,0.01,66,4025,1,100
524,"Urobatis_jamaicensis","Urobatis jamaicensis",2.78394696503019,50.6554057960807,0.01,66,4025,1,100
525,"Sphyrna_zygaena","Sphyrna zygaena",2.76958134016526,54.3166959125698,0.01,66,4025,1,100
526,"Anacanthobatis_ori","Anacanthobatis ori",2.75129493084024,51.4798535038361,0.01,66,4025,1,100
527,"Dasyatis_gigantea","Dasyatis gigantea",2.74411876930404,51.734217021818,0.01,66,4025,1,100
528,"Breviraja_claramaculata","Breviraja claramaculata",2.72811900550836,54.2691750131095,0.01,66,4025,1,100
529,"Dasyatis_acutirostra","Dasyatis acutirostra",2.71912561046732,45.8200137163911,0.01,66,4025,1,100
530,"Urobatis_tumbesensis","Urobatis tumbesensis",2.71574614006653,49.3284736579306,0.01,66,4025,1,100
531,"Narcine_oculifera","Narcine oculifera",2.71381305182297,44.9975942178777,0.01,66,4025,1,100
532,"Torpedo_mackayana","Torpedo mackayana",2.71253201916904,58.6855778965393,0.01,66,4025,1,100
533,"Apristurus_exsanguis","Apristurus exsanguis",2.6872131137574,46.0976187543251,0.01,66,4025,1,100
534,"Dasyatis_marianae","Dasyatis marianae",2.68608893325525,52.0029654803783,0.01,66,4025,1,100
535,"Sphyrna_lewini","Sphyrna lewini",2.66550243720663,57.9134180444742,0.01,66,4025,1,100
536,"Mobula_mobular","Mobula mobular",2.66023071629594,52.2557989616664,0.01,66,4025,1,100
537,"Dasyatis_colarensis","Dasyatis colarensis",2.65982721818751,47.630692935128,0.01,66,4025,1,100
538,"Dasyatis_americana","Dasyatis americana",2.64539829698754,52.9515679120078,0.01,66,4025,1,100
539,"Mobula_diabolus","Mobula diabolus",2.64297559257293,49.231829378912,0.01,66,4025,1,100
540,"Squalus_chloroculus","Squalus chloroculus",2.62889460376473,60.7636394100664,0.01,66,4025,1,100
541,"Squalus_montalbani","Squalus montalbani",2.6228001463598,60.4345387102003,0.01,66,4025,1,100
542,"Dasyatis_longa","Dasyatis longa",2.61817759594834,50.3258854139823,0.01,66,4025,1,100
543,"Anacanthobatis_americanus","Anacanthobatis americanus",2.61589958015099,52.0343607417778,0.01,66,4025,1,100
544,"Apristurus_macrorhynchus","Apristurus macrorhynchus",2.61384782051303,50.0049609686263,0.01,66,4025,1,100
545,"Squalus_japonicus","Squalus japonicus",2.61294747575009,59.0274453760898,0.01,66,4025,1,100
546,"Dasyatis_zugei","Dasyatis zugei",2.60722339802681,46.1639845888003,0.01,66,4025,1,100
547,"Anacanthobatis_folirostris","Anacanthobatis folirostris",2.60682851283328,51.7762880650931,0.01,66,4025,1,100
548,"Torpedo_peruana","Torpedo peruana",2.60290389304402,55.169834737171,0.01,66,4025,1,100
549,"Torpedo_suessii","Torpedo suessii",2.60096575210017,56.1542988764159,0.01,66,4025,1,100
550,"Mobula_munkiana","Mobula munkiana",2.59264072160384,53.415798313905,0.01,66,4025,1,100
551,"Raja_velezi","Raja velezi",2.59031205827996,54.4320008574367,0.01,66,4025,1,100
552,"Sphyrna_mokarran","Sphyrna mokarran",2.5829909670296,54.2246344546735,0.01,66,4025,1,100
553,"Squalus_formosus","Squalus formosus",2.57979268926581,57.5280919257762,0.01,66,4025,1,100
554,"Anacanthobatis_nanhaiensis","Anacanthobatis nanhaiensis",2.57871672710471,54.637412765876,0.01,66,4025,1,100
555,"Squalus_mitsukurii","Squalus mitsukurii",2.57645638612796,60.0218272018516,0.01,66,4025,1,100
556,"Anacanthobatis_stenosoma","Anacanthobatis stenosoma",2.57142890522682,52.5466318445776,0.01,66,4025,1,100
557,"Raja_eglanteria","Raja eglanteria",2.55787046824861,54.5999966599078,0.01,66,4025,1,100
558,"Squalus_blainville","Squalus blainville",2.55526942507437,58.5275768007775,0.01,66,4025,1,100
559,"Breviraja_spinosa","Breviraja spinosa",2.55205004658842,51.3229799294023,0.01,66,4025,1,100
560,"Squalus_crassispinus","Squalus crassispinus",2.54820393749098,58.6414168772182,0.01,66,4025,1,100
561,"Anacanthobatis_marmoratus","Anacanthobatis marmoratus",2.54138798404273,52.9353517850665,0.01,66,4025,1,100
562,"Dasyatis_geijskesi","Dasyatis geijskesi",2.53912337695662,49.0129663752984,0.01,66,4025,1,100
563,"Squalus_bucephalus","Squalus bucephalus",2.52660823454766,53.1343899716325,0.01,66,4025,1,100
564,"Squalus_raoulensis","Squalus raoulensis",2.52095647819281,59.2648074004666,0.01,66,4025,1,100
565,"Torpedo_marmorata","Torpedo marmorata",2.51873041494584,60.0510356062423,0.01,66,4025,1,100
566,"Mustelus_mangalorensis","Mustelus mangalorensis",2.51793035788143,58.6611009187078,0.01,66,4025,1,100
567,"Squalus_lalannei","Squalus lalannei",2.51587747974818,57.8083320154474,0.01,66,4025,1,100
568,"Squalus_nasutus","Squalus nasutus",2.51006271314633,58.978051247488,0.01,66,4025,1,100
569,"Squalus_grahami","Squalus grahami",2.50180389062338,59.9969258967272,0.01,66,4025,1,100
570,"Torpedo_tokionis","Torpedo tokionis",2.49441226430876,55.6728178543147,0.01,66,4025,1,100
571,"Apristurus_spongiceps","Apristurus spongiceps",2.49384328438694,50.1809069391334,0.01,66,4025,1,100
572,"Dasyatis_guttata","Dasyatis guttata",2.48980891917977,49.6255436839813,0.01,66,4025,1,100
573,"Squalus_edmundsi","Squalus edmundsi",2.48681309564799,57.0332099969523,0.01,66,4025,1,100
574,"Torpedo_panthera","Torpedo panthera",2.47728750236228,54.6854360217318,0.01,66,4025,1,100
575,"Breviraja_colesi","Breviraja colesi",2.46518685128418,51.9605420245519,0.01,66,4025,1,100
576,"Manta_alfredi","Manta alfredi",2.46304763723649,53.3850873463949,0.01,66,4025,1,100
577,"Dasyatis_hypostigma","Dasyatis hypostigma",2.4593923735059,48.9362096792099,0.01,66,4025,1,100
578,"Gurgesiella_atlantica","Gurgesiella atlantica",2.43951722639405,50.7074928245149,0.01,66,4025,1,100
579,"Manta_birostris","Manta birostris",2.42784700850268,55.0730901561353,0.01,66,4025,1,100
580,"Rhinoptera_bonasus","Rhinoptera bonasus",2.42442596961701,52.0074758471787,0.01,66,4025,1,100
581,"Anacanthobatis_donghaiensis","Anacanthobatis donghaiensis",2.4217981123126,51.8197633198617,0.01,66,4025,1,100
582,"Irolita_waitii","Irolita waitii",2.41906182152789,53.2320368065785,0.01,66,4025,1,100
583,"Apristurus_stenseni","Apristurus stenseni",2.41567707622893,54.8643075499546,0.01,66,4025,1,100
584,"Squalus_rancureli","Squalus rancureli",2.41271837591191,55.8316263322964,0.01,66,4025,1,100
585,"Apristurus_internatus","Apristurus internatus",2.40744530148966,50.7203196640199,0.01,66,4025,1,100
586,"Mobula_tarapacana","Mobula tarapacana",2.39677863412053,55.901762881234,0.01,66,4025,1,100
587,"Torpedo_alexandrinsis","Torpedo alexandrinsis",2.39611222835358,57.1947930074358,0.01,66,4025,1,100
588,"Apristurus_micropterygeus","Apristurus micropterygeus",2.37734459424357,49.5055270055535,0.01,66,4025,1,100
589,"Apristurus_japonicus","Apristurus japonicus",2.37071472901247,50.25105957245,0.01,66,4025,1,100
590,"Torpedo_fairchildi","Torpedo fairchildi",2.36607968342376,56.7196246230485,0.01,66,4025,1,100
591,"Apristurus_herklotsi","Apristurus herklotsi",2.36485828905398,49.7336159623607,0.01,66,4025,1,100
592,"Squalus_cubensis","Squalus cubensis",2.3633986382272,56.1546000974996,0.01,66,4025,1,100
593,"Urolophus_neocaledoniensis","Urolophus neocaledoniensis",2.3525491803982,54.8040453813578,0.01,66,4025,1,100
594,"Rhinoptera_steindachneri","Rhinoptera steindachneri",2.35005052094427,51.5622925458104,0.01,66,4025,1,100
595,"Gurgesiella_dorsalifera","Gurgesiella dorsalifera",2.34830104219882,52.0820054555651,0.01,66,4025,1,100
596,"Torpedo_torpedo","Torpedo torpedo",2.3468880173395,55.5924423503831,0.01,66,4025,1,100
597,"Asymbolus_rubiginosus","Asymbolus rubiginosus",2.34310623964638,47.8290128472952,0.01,66,4025,1,100
598,"Torpedo_tremens","Torpedo tremens",2.33999906109861,55.4904239108843,0.01,66,4025,1,100
599,"Asymbolus_analis","Asymbolus analis",2.33920533955759,48.1836536712592,0.01,66,4025,1,100
600,"Torpedo_fuscomaculata","Torpedo fuscomaculata",2.3385168420986,55.8889230270583,0.01,66,4025,1,100
601,"Torpedo_sinuspersici","Torpedo sinuspersici",2.3372867463092,55.8619067746095,0.01,66,4025,1,100
602,"Torpedo_andersoni","Torpedo andersoni",2.33639227897738,57.7162840235643,0.01,66,4025,1,100
603,"Torpedo_zugmayeri","Torpedo zugmayeri",2.31630339011042,56.6993982459071,0.01,66,4025,1,100
604,"Scyliorhinus_torazame","Scyliorhinus torazame",2.31345648044437,49.2174423134273,0.01,66,4025,1,100
605,"Squalus_hemipinnis","Squalus hemipinnis",2.3125641221029,54.4298008134149,0.01,66,4025,1,100
606,"Urolophus_aurantiacus","Urolophus aurantiacus",2.30911101689422,48.0071102803458,0.01,66,4025,1,100
607,"Urolophus_orarius","Urolophus orarius",2.30494935852763,54.7717945940831,0.01,66,4025,1,100
608,"Urolophus_kaianus","Urolophus kaianus",2.29853491185541,53.5829955412193,0.01,66,4025,1,100
609,"Mustelus_minicanis","Mustelus minicanis",2.29611747338371,50.2059287775678,0.01,66,4025,1,100
610,"Asymbolus_submaculatus","Asymbolus submaculatus",2.29571008912305,47.3298899362074,0.01,66,4025,1,100
611,"Rhinoptera_javanica","Rhinoptera javanica",2.28960047657029,55.5198056661057,0.01,66,4025,1,100
612,"Apristurus_brunneus","Apristurus brunneus",2.28712353235231,50.3678217841896,0.01,66,4025,1,100
613,"Apristurus_nasutus","Apristurus nasutus",2.28532483868749,54.7061132579668,0.01,66,4025,1,100
614,"Apristurus_laurussonii","Apristurus laurussonii",2.28218507096605,51.1558796779501,0.01,66,4025,1,100
615,"Urolophus_lobatus","Urolophus lobatus",2.28113677742422,51.1815587186465,0.01,66,4025,1,100
616,"Cephaloscyllium_maculatum","Cephaloscyllium maculatum",2.28069821097691,50.956775374866,0.01,66,4025,1,100
617,"Urolophus_expansus","Urolophus expansus",2.27872165777151,53.8722594277643,0.01,66,4025,1,100
618,"Sphyrna_corona","Sphyrna corona",2.27645380973735,54.8408930743651,0.01,66,4025,1,100
619,"Asymbolus_parvus","Asymbolus parvus",2.27644822633201,47.3655799870035,0.01,66,4025,1,100
620,"Asymbolus_occiduus","Asymbolus occiduus",2.27632020885912,47.3690753335019,0.01,66,4025,1,100
621,"Urolophus_kapalensis","Urolophus kapalensis",2.27629515116909,51.0992510723093,0.01,66,4025,1,100
622,"Mobula_kuhlii","Mobula kuhlii",2.27553702466899,52.1170452178396,0.01,66,4025,1,100
623,"Apristurus_sibogae","Apristurus sibogae",2.27397839888062,50.1900833187446,0.01,66,4025,1,100
624,"Urolophus_viridis","Urolophus viridis",2.27197020585285,53.8062326135607,0.01,66,4025,1,100
625,"Galeus_nipponensis","Galeus nipponensis",2.26424333552322,51.2749855912235,0.01,66,4025,1,100
626,"Scyliorhinus_hesperius","Scyliorhinus hesperius",2.24837528521399,51.2758401048712,0.01,66,4025,1,100
627,"Rhinoptera_marginata","Rhinoptera marginata",2.24752885819356,54.7884909806482,0.01,66,4025,1,100
628,"Etmopterus_hillianus","Etmopterus hillianus",2.24700467357897,55.2612617289489,0.01,66,4025,1,100
629,"Torpedo_polleni","Torpedo polleni",2.24405421326841,55.7129303991577,0.01,66,4025,1,100
630,"Dactylobatus_armatus","Dactylobatus armatus",2.24345990807033,51.6633178168197,0.01,66,4025,1,100
631,"Rhinoptera_sewelli","Rhinoptera sewelli",2.24265584278532,54.4126699643921,0.01,66,4025,1,100
632,"Rhinoptera_peli","Rhinoptera peli",2.24233785666717,53.5343074280664,0.01,66,4025,1,100
633,"Rhinoptera_hainanensis","Rhinoptera hainanensis",2.23927156431571,52.2957014993666,0.01,66,4025,1,100
634,"Apristurus_longicephalus","Apristurus longicephalus",2.23798678232751,53.0396701292791,0.01,66,4025,1,100
635,"Dasyatis_izuensis","Dasyatis izuensis",2.22968515263816,50.1688347913874,0.01,66,4025,1,100
636,"Torpedo_californica","Torpedo californica",2.21609950675393,55.3239769782968,0.01,66,4025,1,100
637,"Mobula_japanica","Mobula japanica",2.21567445185223,54.3967003250339,0.01,66,4025,1,100
638,"Galeus_mincaronei","Galeus mincaronei",2.20940809489072,52.9956260105719,0.01,66,4025,1,100
639,"Asymbolus_vincenti","Asymbolus vincenti",2.20816118508683,46.873011053213,0.01,66,4025,1,100
640,"Rhinoptera_jayakari","Rhinoptera jayakari",2.2039588632929,46.1865832009118,0.01,66,4025,1,100
641,"Torpedo_nobiliana","Torpedo nobiliana",2.20074429297386,54.9448932994061,0.01,66,4025,1,100
642,"Rhinoptera_adspersa","Rhinoptera adspersa",2.19558083793039,52.8416484459536,0.01,66,4025,1,100
643,"Mobula_thurstoni","Mobula thurstoni",2.19252378951608,51.5812057248524,0.01,66,4025,1,100
644,"Scyliorhinus_besnardi","Scyliorhinus besnardi",2.18475887576023,47.224382748545,0.01,66,4025,1,100
645,"Apristurus_riveri","Apristurus riveri",2.18408552187874,54.6832643284587,0.01,66,4025,1,100
646,"Torpedo_microdiscus","Torpedo microdiscus",2.18350608593773,53.2805514549066,0.01,66,4025,1,100
647,"Cephaloscyllium_signourum","Cephaloscyllium signourum",2.18293635086319,50.9033880490635,0.01,66,4025,1,100
648,"Torpedo_adenensis","Torpedo adenensis",2.18247495661551,55.154812604349,0.01,66,4025,1,100
649,"Rhinoptera_brasiliensis","Rhinoptera brasiliensis",2.18061981926624,52.7849011353868,0.01,66,4025,1,100
650,"Torpedo_macneilli","Torpedo macneilli",2.17397722909199,52.9618649071151,0.01,66,4025,1,100
651,"Torpedo_puelcha","Torpedo puelcha",2.17300261509424,54.1292597657737,0.01,66,4025,1,100
652,"Cephaloscyllium_stevensi","Cephaloscyllium stevensi",2.17229223448338,50.7746458556905,0.01,66,4025,1,100
653,"Torpedo_formosa","Torpedo formosa",2.17072544768059,54.5264187462661,0.01,66,4025,1,100
654,"Etmopterus_evansi","Etmopterus evansi",2.16834709506808,53.1561435187031,0.01,66,4025,1,100
655,"Urolophus_paucimaculatus","Urolophus paucimaculatus",2.16488023052987,51.7142307614254,0.01,66,4025,1,100
656,"Urolophus_cruciatus","Urolophus cruciatus",2.1636591522232,51.5227470322377,0.01,66,4025,1,100
657,"Urotrygon_rogersi","Urotrygon rogersi",2.16279937403365,52.1464166266543,0.01,66,4025,1,100
658,"Apristurus_sinensis","Apristurus sinensis",2.15819647159699,49.9900149722412,0.01,66,4025,1,100
659,"Cephaloscyllium_ventriosum","Cephaloscyllium ventriosum",2.1498621825754,50.2216285919594,0.01,66,4025,1,100
660,"Mustelus_punctulatus","Mustelus punctulatus",2.14608688787439,50.5936003716741,0.01,66,4025,1,100
661,"Etmopterus_burgessi","Etmopterus burgessi",2.14453654709481,55.7891750574944,0.01,66,4025,1,100
662,"Fenestraja_ishiyamai","Fenestraja ishiyamai",2.14008153181153,55.2332909482751,0.01,66,4025,1,100
663,"Torpedo_semipelagica","Torpedo semipelagica",2.1387421907715,50.5061741305962,0.01,66,4025,1,100
664,"Rhinoptera_neglecta","Rhinoptera neglecta",2.13573759184277,52.292555984535,0.01,66,4025,1,100
665,"Urotrygon_reticulata","Urotrygon reticulata",2.13511479400706,54.2166502250506,0.01,66,4025,1,100
666,"Parmaturus_macmillani","Parmaturus macmillani",2.13509323293964,49.6695249522992,0.01,66,4025,1,100
667,"Apristurus_melanoasper","Apristurus melanoasper",2.13467721104424,49.4805479340492,0.01,66,4025,1,100
668,"Mobula_rochebrunei","Mobula rochebrunei",2.1309254229988,50.3418834867124,0.01,66,4025,1,100
669,"Urolophus_sufflavus","Urolophus sufflavus",2.12900418764368,50.9310516736682,0.01,66,4025,1,100
670,"Parmaturus_xaniurus","Parmaturus xaniurus",2.12877934650368,50.0098547571866,0.01,66,4025,1,100
671,"Dasyatis_laevigata","Dasyatis laevigata",2.12236698296404,46.6370765612541,0.01,66,4025,1,100
672,"Galeus_schultzi","Galeus schultzi",2.12125930151571,51.2013103858565,0.01,66,4025,1,100
673,"Etmopterus_sculptus","Etmopterus sculptus",2.1205432205041,53.7075660443435,0.01,66,4025,1,100
674,"Etmopterus_splendidus","Etmopterus splendidus",2.11790128171123,55.2999776925596,0.01,66,4025,1,100
675,"Mustelus_sinusmexicanus","Mustelus sinusmexicanus",2.11134294843062,49.7387004691863,0.01,66,4025,1,100
676,"Gurgesiella_furvescens","Gurgesiella furvescens",2.11118155239976,46.9099353468713,0.01,66,4025,1,100
677,"Etmopterus_polli","Etmopterus polli",2.10928820523483,52.8201574671584,0.01,66,4025,1,100
678,"Apristurus_gibbosus","Apristurus gibbosus",2.10420945007431,52.4309308874995,0.01,66,4025,1,100
679,"Urotrygon_serrula","Urotrygon serrula",2.09243453961616,50.7272597703152,0.01,66,4025,1,100
680,"Dasyatis_pastinaca","Dasyatis pastinaca",2.09050519518859,52.9898159475627,0.01,66,4025,1,100
681,"Fenestraja_atripinna","Fenestraja atripinna",2.08838939921749,51.4580320405399,0.01,66,4025,1,100
682,"Apristurus_platyrhynchus","Apristurus platyrhynchus",2.08728933926934,50.1513174376335,0.01,66,4025,1,100
683,"Sphyrna_tiburo","Sphyrna tiburo",2.08523960136268,56.6229003237254,0.01,66,4025,1,100
684,"Parmaturus_albimarginatus","Parmaturus albimarginatus",2.08235451587043,48.2264490742456,0.01,66,4025,1,100
685,"Urotrygon_microphthalmum","Urotrygon microphthalmum",2.07669389711245,51.1020797339625,0.01,66,4025,1,100
686,"Parmaturus_melanobranchus","Parmaturus melanobranchus",2.07547497938258,49.3389433138193,0.01,66,4025,1,100
687,"Etmopterus_decacuspidatus","Etmopterus decacuspidatus",2.07276380535727,52.9113657356846,0.01,66,4025,1,100
688,"Etmopterus_robinsi","Etmopterus robinsi",2.07074589872881,50.4562621834812,0.01,66,4025,1,100
689,"Etmopterus_fusus","Etmopterus fusus",2.06937102329398,54.5993402747244,0.01,66,4025,1,100
690,"Urotrygon_aspidura","Urotrygon aspidura",2.06379904579579,49.776178964235,0.01,66,4025,1,100
691,"Parmaturus_sp.","Parmaturus sp.",2.06227870085534,48.6168809570878,0.01,66,4025,1,100
692,"Fenestraja_maceachrani","Fenestraja maceachrani",2.06104002124013,55.3572475854639,0.01,66,4025,1,100
693,"Dactylobatus_clarkii","Dactylobatus clarkii",2.05849165926201,47.1259669876127,0.01,66,4025,1,100
694,"Mobula_eregoodootenkee","Mobula eregoodootenkee",2.05815599237948,50.1501779944113,0.01,66,4025,1,100
695,"Scyliorhinus_comoroensis","Scyliorhinus comoroensis",2.05789735134261,49.6511924865822,0.01,66,4025,1,100
696,"Dasyatis_chrysonota","Dasyatis chrysonota",2.05670493091347,52.683971272699,0.01,66,4025,1,100
697,"Mustelus_whitneyi","Mustelus whitneyi",2.05563102743744,53.7419862197313,0.01,66,4025,1,100
698,"Taeniurops_meyeni","Taeniurops meyeni",2.05468598564824,47.552292299318,0.01,66,4025,1,100
699,"Etmopterus_gracilispinis","Etmopterus gracilispinis",2.04512680195484,52.4903253651,0.01,66,4025,1,100
700,"Fenestraja_sibogae","Fenestraja sibogae",2.04434182352718,49.9741623749951,0.01,66,4025,1,100
701,"Sphyrna_media","Sphyrna media",2.04152423777812,56.2453884195503,0.01,66,4025,1,100
702,"Etmopterus_schultzi","Etmopterus schultzi",2.04122493725382,51.9551039159733,0.01,66,4025,1,100
703,"Urolophus_papilio","Urolophus papilio",2.0392787126403,50.2773192546762,0.01,66,4025,1,100
704,"Parmaturus_pilosus","Parmaturus pilosus",2.03442353019113,48.6850557089679,0.01,66,4025,1,100
705,"Irolita_westraliensis","Irolita westraliensis",2.0291042576338,53.8011998535089,0.01,66,4025,1,100
706,"Etmopterus_schmidti","Etmopterus schmidti",2.02900014153463,52.0516459737531,0.01,66,4025,1,100
707,"Fenestraja_plutonia","Fenestraja plutonia",2.02612984787158,50.6116738999962,0.01,66,4025,1,100
708,"Etmopterus_pusillus","Etmopterus pusillus",2.0260145785466,51.3001402380711,0.01,66,4025,1,100
709,"Himantura_lobistoma","Himantura lobistoma",2.02499731370552,51.5570385199105,0.01,66,4025,1,100
710,"Etmopterus_virens","Etmopterus virens",2.02107975688304,50.1923457928936,0.01,66,4025,1,100
711,"Apristurus_investigatoris","Apristurus investigatoris",2.01947215167758,52.2465116373455,0.01,66,4025,1,100
712,"Parmaturus_albipenis","Parmaturus albipenis",2.01862493771707,48.685394975326,0.01,66,4025,1,100
713,"Cephaloscyllium_cooki","Cephaloscyllium cooki",2.0174937498354,51.0074488137959,0.01,66,4025,1,100
714,"Cephaloscyllium_sufflans","Cephaloscyllium sufflans",2.01700570405085,46.9455728608031,0.01,66,4025,1,100
715,"Etmopterus_caudistigmus","Etmopterus caudistigmus",2.0151588307184,50.3613444585255,0.01,66,4025,1,100
716,"Etmopterus_sentosus","Etmopterus sentosus",1.9968857434847,51.1875301688106,0.01,66,4025,1,100
717,"Etmopterus_compagnoi","Etmopterus compagnoi",1.99425703145349,51.9459923074377,0.01,66,4025,1,100
718,"Parmaturus_bigus","Parmaturus bigus",1.99235357795997,47.8145889629213,0.01,66,4025,1,100
719,"Scylliogaleus_quecketti","Scylliogaleus quecketti",1.98877088676966,50.8261111058529,0.01,66,4025,1,100
720,"Heliotrygon_gomesi","Heliotrygon gomesi",1.98812392797357,48.9311193617558,0.01,66,4025,1,100
721,"Sphyrna_tudes","Sphyrna tudes",1.98690373698932,54.4182900835136,0.01,66,4025,1,100
722,"Parmaturus_campechiensis","Parmaturus campechiensis",1.98328965244119,48.4071874156533,0.01,66,4025,1,100
723,"Urolophus_westraliensis","Urolophus westraliensis",1.98293861249535,48.1603933106246,0.01,66,4025,1,100
724,"Fenestraja_sinusmexicanus","Fenestraja sinusmexicanus",1.97699013624449,55.4770026301839,0.01,66,4025,1,100
725,"Dasyatis_marmorata","Dasyatis marmorata",1.97599452755597,50.8673875978172,0.01,66,4025,1,100
726,"Fenestraja_mamillidens","Fenestraja mamillidens",1.96812632645778,54.7395776054858,0.01,66,4025,1,100
727,"Dasyatis_rudis","Dasyatis rudis",1.96695523548714,50.0994075088773,0.01,66,4025,1,100
728,"Galeus_priapus","Galeus priapus",1.95760650506529,50.2240758308688,0.01,66,4025,1,100
729,"Urolophus_javanicus","Urolophus javanicus",1.95724098711806,50.5733672124337,0.01,66,4025,1,100
730,"Galeus_springeri","Galeus springeri",1.95651815912903,49.1067149985875,0.01,66,4025,1,100
731,"Apristurus_australis","Apristurus australis",1.9562387550061,52.1153621234876,0.01,66,4025,1,100
732,"Cephaloscyllium_silasi","Cephaloscyllium silasi",1.95589166735028,47.9070918762869,0.01,66,4025,1,100
733,"Etmopterus_bigelowi","Etmopterus bigelowi",1.94818591854941,50.3857120946247,0.01,66,4025,1,100
734,"Heliotrygon_rosai","Heliotrygon rosai",1.94542783897949,48.8329330228632,0.01,66,4025,1,100
735,"Loxodon_macrorhinus","Loxodon macrorhinus",1.94398397458775,51.1964852264749,0.01,66,4025,1,100
736,"Galeus_gracilis","Galeus gracilis",1.94145717185988,50.495047097353,0.01,66,4025,1,100
737,"Taeniurops_grabata","Taeniurops grabata",1.93493209817426,46.061339021612,0.01,66,4025,1,100
738,"Cephaloscyllium_speccum","Cephaloscyllium speccum",1.92710420544623,49.403099778503,0.01,66,4025,1,100
739,"Etmopterus_unicolor","Etmopterus unicolor",1.92385735147475,55.8182687443483,0.01,66,4025,1,100
740,"Galeus_arae","Galeus arae",1.91836538704594,48.2188604884292,0.01,66,4025,1,100
741,"Urolophus_piperatus","Urolophus piperatus",1.91085784792386,50.3251838589446,0.01,66,4025,1,100
742,"Dasyatis_centroura","Dasyatis centroura",1.91045678392309,53.1485365162578,0.01,66,4025,1,100
743,"Galeus_longirostris","Galeus longirostris",1.91041130954889,48.4436223902036,0.01,66,4025,1,100
744,"Urolophus_armatus","Urolophus armatus",1.90727508463337,47.9581593370034,0.01,66,4025,1,100
745,"Etmopterus_pseudosqualiolus","Etmopterus pseudosqualiolus",1.90589808368967,50.0068533643073,0.01,66,4025,1,100
746,"Pteroplatytrygon_violacea","Pteroplatytrygon violacea",1.90240148109193,49.3280435104874,0.01,66,4025,1,100
747,"Scyliorhinus_meadi","Scyliorhinus meadi",1.90204398265745,46.5105176995345,0.01,66,4025,1,100
748,"Galeus_piperatus","Galeus piperatus",1.89689206638104,47.8629569214944,0.01,66,4025,1,100
749,"Dasyatis_multispinosa","Dasyatis multispinosa",1.89685993060958,51.0435785633425,0.01,66,4025,1,100
750,"Etmopterus_pycnolepis","Etmopterus pycnolepis",1.89569267742998,50.6954238774447,0.01,66,4025,1,100
751,"Urolophus_deforgesi","Urolophus deforgesi",1.8882785676998,49.7377962445065,0.01,66,4025,1,100
752,"Etmopterus_carteri","Etmopterus carteri",1.883600763576,50.015900401008,0.01,66,4025,1,100
753,"Apristurus_parvipinnis","Apristurus parvipinnis",1.87305730343595,55.9728693760834,0.01,66,4025,1,100
754,"Urotrygon_venezuelae","Urotrygon venezuelae",1.87302998067966,51.8393727105136,0.01,66,4025,1,100
755,"Apristurus_macrostomus","Apristurus macrostomus",1.87224101232003,48.7657810874786,0.01,66,4025,1,100
756,"Urotrygon_peruanus","Urotrygon peruanus",1.86884229626673,46.9672789907969,0.01,66,4025,1,100
757,"Urogymnus_ukpam","Urogymnus ukpam",1.86611937449202,51.1779879950783,0.01,66,4025,1,100
758,"Galeus_cadenati","Galeus cadenati",1.86087848025785,48.9473849058908,0.01,66,4025,1,100
759,"Triakis_megalopterus","Triakis megalopterus",1.85904916033535,52.5358126452153,0.01,66,4025,1,100
760,"Neoraja_stehmanni","Neoraja stehmanni",1.85867015182321,49.6689387874521,0.01,66,4025,1,100
761,"Apristurus_profundorum","Apristurus profundorum",1.85834186948157,53.1101498064522,0.01,66,4025,1,100
762,"Etmopterus_litvinovi","Etmopterus litvinovi",1.85656447295734,53.0028608247596,0.01,66,4025,1,100
763,"Urotrygon_munda","Urotrygon munda",1.8560764758455,49.0078126689202,0.01,66,4025,1,100
764,"Dasyatis_ushiei","Dasyatis ushiei",1.85345297964276,50.5557606261008,0.01,66,4025,1,100
765,"Galeus_melastomus","Galeus melastomus",1.85209959714836,46.9298959108552,0.01,66,4025,1,100
766,"Scyliorhinus_boa","Scyliorhinus boa",1.85200325039462,45.5103813518913,0.01,66,4025,1,100
767,"Urotrygon_chilensis","Urotrygon chilensis",1.8517717413948,47.4511949654533,0.01,66,4025,1,100
768,"Dasyatis_thetidis","Dasyatis thetidis",1.84963106452859,51.7161362813678,0.01,66,4025,1,100
769,"Etmopterus_perryi","Etmopterus perryi",1.84641165165446,49.0799306082088,0.01,66,4025,1,100
770,"Galeus_atlanticus","Galeus atlanticus",1.84469282739191,48.8736142224842,0.01,66,4025,1,100
771,"Etmopterus_princeps","Etmopterus princeps",1.84318573896821,54.2193520993937,0.01,66,4025,1,100
772,"Mustelus_griseus","Mustelus griseus",1.83899795941061,53.4332827475763,0.01,66,4025,1,100
773,"Urotrygon_caudispinosus","Urotrygon caudispinosus",1.83544124992572,48.8812308466951,0.01,66,4025,1,100
774,"Dasyatis_brevicaudata","Dasyatis brevicaudata",1.83304627116356,51.3933118743345,0.01,66,4025,1,100
775,"Urotrygon_cimar","Urotrygon cimar",1.82820062617181,49.4028186224781,0.01,66,4025,1,100
776,"Malacoraja_senta","Malacoraja senta",1.82726187335702,49.7415267562433,0.01,66,4025,1,100
777,"Fenestraja_cubensis","Fenestraja cubensis",1.81796520407988,50.7290077263439,0.01,66,4025,1,100
778,"Scyliorhinus_garmani","Scyliorhinus garmani",1.8176503945128,44.4603037698995,0.01,66,4025,1,100
779,"Apristurus_aphyodes","Apristurus aphyodes",1.81504978831104,55.5698735062083,0.01,66,4025,1,100
780,"Etmopterus_granulosus","Etmopterus granulosus",1.81412072960128,52.9022235827083,0.01,66,4025,1,100
781,"Cephaloscyllium_fasciatum","Cephaloscyllium fasciatum",1.80915965300377,42.6883433276736,0.01,66,4025,1,100
782,"Urotrygon_simulatrix","Urotrygon simulatrix",1.80777331480427,48.5668452427674,0.01,66,4025,1,100
783,"Galeus_polli","Galeus polli",1.80764215573423,46.5701538407065,0.01,66,4025,1,100
784,"Malacoraja_obscura","Malacoraja obscura",1.80535522700313,46.4562461313893,0.01,66,4025,1,100
785,"Apristurus_pinguis","Apristurus pinguis",1.80348711997828,50.8896120000728,0.01,66,4025,1,100
786,"Etmopterus_dianthus","Etmopterus dianthus",1.80310081353894,51.4570198396114,0.01,66,4025,1,100
787,"Etmopterus_villosus","Etmopterus villosus",1.80270692008143,51.9875652730307,0.01,66,4025,1,100
788,"Etmopterus_spinax","Etmopterus spinax",1.79585765488155,51.8368814386333,0.01,66,4025,1,100
789,"Dasyatis_matsubarai","Dasyatis matsubarai",1.79583819509722,50.2225241403254,0.01,66,4025,1,100
790,"Etmopterus_bullisi","Etmopterus bullisi",1.78747531548727,51.4565532723534,0.01,66,4025,1,100
791,"Scyliorhinus_tokubee","Scyliorhinus tokubee",1.78707767632401,45.575096172062,0.01,66,4025,1,100
792,"Apristurus_fedorovi","Apristurus fedorovi",1.77914549050848,55.9432180113555,0.01,66,4025,1,100
793,"Urogymnus_asperrimus","Urogymnus asperrimus",1.77877803504808,46.6940471249356,0.01,66,4025,1,100
794,"Apristurus_kampae","Apristurus kampae",1.76841716251455,52.6671414330994,0.01,66,4025,1,100
795,"Apristurus_indicus","Apristurus indicus",1.76490620129666,55.0374867391405,0.01,66,4025,1,100
796,"Cephaloscyllium_hiscosellum","Cephaloscyllium hiscosellum",1.76179825307936,48.4842391551131,0.01,66,4025,1,100
797,"Rhizoprionodon_acutus","Rhizoprionodon acutus",1.76006182339637,55.3075327596084,0.01,66,4025,1,100
798,"Cephaloscyllium_zebrum","Cephaloscyllium zebrum",1.75808763258035,47.0167429509203,0.01,66,4025,1,100
799,"Urotrygon_nana","Urotrygon nana",1.75155218360772,48.5170591075298,0.01,66,4025,1,100
800,"Apristurus_manis","Apristurus manis",1.74335301093632,53.4081038119216,0.01,66,4025,1,100
801,"Neoraja_africana","Neoraja africana",1.74317153933157,50.5008622031725,0.01,66,4025,1,100
802,"Apristurus_microps","Apristurus microps",1.74259390836695,53.2392884427949,0.01,66,4025,1,100
803,"Neoraja_carolinensis","Neoraja carolinensis",1.74004671956714,50.3999184118729,0.01,66,4025,1,100
804,"Neoraja_iberica","Neoraja iberica",1.73882352220707,50.0599583930972,0.01,66,4025,1,100
805,"Cephaloscyllium_isabellum","Cephaloscyllium isabellum",1.72895870989328,47.4501602368056,0.01,66,4025,1,100
806,"Paratrygon_aiereba","Paratrygon aiereba",1.72823132091763,53.9070327484271,0.01,66,4025,1,100
807,"Malacoraja_kreffti","Malacoraja kreffti",1.72471107027296,47.2005031694388,0.01,66,4025,1,100
808,"Cephaloscyllium_pictum","Cephaloscyllium pictum",1.72439488227764,42.6516122987625,0.01,66,4025,1,100
809,"Cephaloscyllium_albipinnum","Cephaloscyllium albipinnum",1.72435866331017,47.8706782466582,0.01,66,4025,1,100
810,"Dasyatis_parvonigra","Dasyatis parvonigra",1.71204284184457,48.7293422753676,0.01,66,4025,1,100
811,"Cephaloscyllium_pardelotum","Cephaloscyllium pardelotum",1.70613373021037,45.4163023073106,0.01,66,4025,1,100
812,"Scoliodon_laticaudus","Scoliodon laticaudus",1.7012638875225,52.5175797415857,0.01,66,4025,1,100
813,"Malacoraja_spinacidermis","Malacoraja spinacidermis",1.69672828656991,46.3826003749536,0.01,66,4025,1,100
814,"Scoliodon_macrorhynchos","Scoliodon macrorhynchos",1.69392862198695,52.248717585707,0.01,66,4025,1,100
815,"Cephaloscyllium_umbratile","Cephaloscyllium umbratile",1.69352804735115,46.9603620563602,0.01,66,4025,1,100
816,"Himantura_granulata","Himantura granulata",1.68549674779111,47.58157649247,0.01,66,4025,1,100
817,"Rhizoprionodon_longurio","Rhizoprionodon longurio",1.68371839038239,55.1550838162316,0.01,66,4025,1,100
818,"Cephaloscyllium_laticeps","Cephaloscyllium laticeps",1.67328448256128,46.5861263455877,0.01,66,4025,1,100
819,"Apristurus_ampliceps","Apristurus ampliceps",1.67055683364535,51.9954373560646,0.01,66,4025,1,100
820,"Cephaloscyllium_variegatum","Cephaloscyllium variegatum",1.66560679977346,45.1342044355858,0.01,66,4025,1,100
821,"Dasyatis_laosensis","Dasyatis laosensis",1.66141755476016,48.8899975327826,0.01,66,4025,1,100
822,"Neoraja_caerulea","Neoraja caerulea",1.65683219832782,48.8248095698618,0.01,66,4025,1,100
823,"Dasyatis_bennetti","Dasyatis bennetti",1.65397966755811,48.8119274066524,0.01,66,4025,1,100
824,"Dasyatis_navarrae","Dasyatis navarrae",1.64962820495026,48.7568760159578,0.01,66,4025,1,100
825,"Himantura_polylepis","Himantura polylepis",1.64882747040713,47.0282041895382,0.01,66,4025,1,100
826,"Dasyatis_akajei","Dasyatis akajei",1.64640136683926,49.4603143156047,0.01,66,4025,1,100
827,"Rhizoprionodon_taylori","Rhizoprionodon taylori",1.64527161937922,53.3291326565439,0.01,66,4025,1,100
828,"Rhizoprionodon_lalandii","Rhizoprionodon lalandii",1.64454706432982,53.5306967448052,0.01,66,4025,1,100
829,"Himantura_jenkinsii","Himantura jenkinsii",1.64314392088491,49.6807206303452,0.01,66,4025,1,100
830,"Apristurus_bucephalus","Apristurus bucephalus",1.63628774676388,50.123361184262,0.01,66,4025,1,100
831,"Dasyatis_garouaensis","Dasyatis garouaensis",1.63373155562863,49.5668658962283,0.01,66,4025,1,100
832,"Apristurus_albisoma","Apristurus albisoma",1.63101329720316,49.0612529303739,0.01,66,4025,1,100
833,"Dasyatis_tortonesei","Dasyatis tortonesei",1.62854017398289,49.2821538711149,0.01,66,4025,1,100
834,"Himantura_uarnacoides","Himantura uarnacoides",1.62642959582925,46.8128756689527,0.01,66,4025,1,100
835,"Mustelus_dorsalis","Mustelus dorsalis",1.62591209590069,52.4660081780625,0.01,66,4025,1,100
836,"Dasyatis_hastata","Dasyatis hastata",1.6241470529045,48.2272261046982,0.01,66,4025,1,100
837,"Mustelus_stevensi","Mustelus stevensi",1.62110082676793,53.4070838021121,0.01,66,4025,1,100
838,"Mustelus_albipinnis","Mustelus albipinnis",1.61392593175693,51.3272033020228,0.01,66,4025,1,100
839,"Mustelus_mento","Mustelus mento",1.60888564954642,51.2321096183814,0.01,66,4025,1,100
840,"Mustelus_schmitti","Mustelus schmitti",1.60835591815304,52.2276015549568,0.01,66,4025,1,100
841,"Cephaloscyllium_sarawakensis","Cephaloscyllium sarawakensis",1.6063764497322,46.2376251669033,0.01,66,4025,1,100
842,"Dasyatis_fluviorum","Dasyatis fluviorum",1.60467746585465,48.9028723368748,0.01,66,4025,1,100
843,"Himantura_randalli","Himantura randalli",1.60433281310759,48.707063350751,0.01,66,4025,1,100
844,"Himantura_signifer","Himantura signifer",1.59552444959613,53.5062752698709,0.01,66,4025,1,100
845,"Rhizoprionodon_oligolinx","Rhizoprionodon oligolinx",1.57943428975083,53.9834342115117,0.01,66,4025,1,100
846,"Mustelus_lenticulatus","Mustelus lenticulatus",1.57903031255571,52.6249354180399,0.01,66,4025,1,100
847,"Mustelus_canis","Mustelus canis",1.57370038813971,54.1122795894675,0.01,66,4025,1,100
848,"Rhizoprionodon_terraenovae","Rhizoprionodon terraenovae",1.57308206158572,50.9549794206457,0.01,66,4025,1,100
849,"Mustelus_henlei","Mustelus henlei",1.56248701363901,52.5867622982873,0.01,66,4025,1,100
850,"Mustelus_manazo","Mustelus manazo",1.55684600362334,51.6204709284063,0.01,66,4025,1,100
851,"Mustelus_walkeri","Mustelus walkeri",1.55219316774393,52.3147872692291,0.01,66,4025,1,100
852,"Himantura_oxyrhyncha","Himantura oxyrhyncha",1.5452240242489,51.7551718069083,0.01,66,4025,1,100
853,"Himantura_dalyensis","Himantura dalyensis",1.53723240638955,53.3164481789119,0.01,66,4025,1,100
854,"Mustelus_ravidus","Mustelus ravidus",1.53702993147473,51.7727740867174,0.01,66,4025,1,100
855,"Mustelus_widodoi","Mustelus widodoi",1.53681416105757,51.5664182299084,0.01,66,4025,1,100
856,"Mustelus_antarcticus","Mustelus antarcticus",1.53581816596439,50.4765872139017,0.01,66,4025,1,100
857,"Mustelus_higmani","Mustelus higmani",1.53506917985376,50.3189457492346,0.01,66,4025,1,100
858,"Mustelus_californicus","Mustelus californicus",1.53337550661664,49.6019183241758,0.01,66,4025,1,100
859,"Rhizoprionodon_porosus","Rhizoprionodon porosus",1.52806633167498,50.1934849410958,0.01,66,4025,1,100
860,"Mustelus_asterias","Mustelus asterias",1.52590960537532,49.5111081812881,0.01,66,4025,1,100
861,"Mustelus_mustelus","Mustelus mustelus",1.51742815282933,51.1554414515216,0.01,66,4025,1,100
862,"Himantura_leoparda","Himantura leoparda",1.51524973020416,51.7428354359198,0.01,66,4025,1,100
863,"Himantura_imbricata","Himantura imbricata",1.50580214867875,52.809249580521,0.01,66,4025,1,100
864,"Dasyatis_lata","Dasyatis lata",1.49866847294101,52.5708083212864,0.01,66,4025,1,100
865,"Mustelus_palumbes","Mustelus palumbes",1.4890678459417,49.6752147258606,0.01,66,4025,1,100
866,"Mustelus_mosis","Mustelus mosis",1.48343326232543,51.2371488665118,0.01,66,4025,1,100
867,"Mustelus_fasciatus","Mustelus fasciatus",1.4678347734083,49.6375034150617,0.01,66,4025,1,100
868,"Himantura_gerrardi","Himantura gerrardi",1.46728691547306,52.5678873193195,0.01,66,4025,1,100
869,"Himantura_walga","Himantura walga",1.46381970103103,51.7129145220352,0.01,66,4025,1,100
870,"Potamotrygon_hystrix","Potamotrygon hystrix",1.45830709875317,57.487522365489,0.01,66,4025,1,100
871,"Himantura_undulata","Himantura undulata",1.44272474220376,50.7217426977718,0.01,66,4025,1,100
872,"Mustelus_lunulatus","Mustelus lunulatus",1.44270273708857,48.3052338513778,0.01,66,4025,1,100
873,"Potamotrygon_brachyura","Potamotrygon brachyura",1.44264882273039,57.0384525076943,0.01,66,4025,1,100
874,"Himantura_uarnak","Himantura uarnak",1.44248737797927,50.114946842067,0.01,66,4025,1,100
875,"Potamotrygon_schuemacheri","Potamotrygon schuemacheri",1.43623306019873,55.3823664497529,0.01,66,4025,1,100
876,"Potamotrygon_constellata","Potamotrygon constellata",1.4082286992287,51.3176572647699,0.01,66,4025,1,100
877,"Potamotrygon_magdalenae","Potamotrygon magdalenae",1.40487778184121,52.4019458562233,0.01,66,4025,1,100
878,"Potamotrygon_tigrina","Potamotrygon tigrina",1.40240667733923,55.8664074272925,0.01,66,4025,1,100
879,"Mustelus_norrisi","Mustelus norrisi",1.3946242974601,48.8885403236393,0.01,66,4025,1,100
880,"Potamotrygon_tatianae","Potamotrygon tatianae",1.3917350965525,50.8132534939205,0.01,66,4025,1,100
881,"Himantura_toshi","Himantura toshi",1.39069167979507,50.9061266468696,0.01,66,4025,1,100
882,"Potamotrygon_signata","Potamotrygon signata",1.38452492253348,54.7854520352405,0.01,66,4025,1,100
883,"Himantura_pastinacoides","Himantura pastinacoides",1.38394459404983,50.4678005980387,0.01,66,4025,1,100
884,"Himantura_marginata","Himantura marginata",1.38324457678077,48.867024481077,0.01,66,4025,1,100
885,"Potamotrygon_marinae","Potamotrygon marinae",1.37446562629744,53.7403935231464,0.01,66,4025,1,100
886,"Potamotrygon_humerosa","Potamotrygon humerosa",1.36819482865117,53.4923898928137,0.01,66,4025,1,100
887,"Himantura_astra","Himantura astra",1.36528652603431,50.6437314500815,0.01,66,4025,1,100
888,"Potamotrygon_leopoldi","Potamotrygon leopoldi",1.36517000904337,55.2491232992873,0.01,66,4025,1,100
889,"Himantura_hortlei","Himantura hortlei",1.3615360361361,46.4399978090031,0.01,66,4025,1,100
890,"Potamotrygon_falkneri","Potamotrygon falkneri",1.36098157793994,53.33291426284,0.01,66,4025,1,100
891,"Potamotrygon_boesemani","Potamotrygon boesemani",1.35874002507985,53.5138449748085,0.01,66,4025,1,100
892,"Leucoraja_circularis","Leucoraja circularis",1.34232706598209,55.5121035477767,0.01,66,4025,1,100
893,"Potamotrygon_ocellata","Potamotrygon ocellata",1.33606736809775,53.2157608197519,0.01,66,4025,1,100
894,"Potamotrygon_dumerilii","Potamotrygon dumerilii",1.33495861939996,53.1360725376199,0.01,66,4025,1,100
895,"Plesiotrygon_nana","Plesiotrygon nana",1.32638117703006,53.3675751231073,0.01,66,4025,1,100
896,"Potamotrygon_yepezi","Potamotrygon yepezi",1.32402278641677,52.4026466274352,0.01,66,4025,1,100
897,"Potamotrygon_schroederi","Potamotrygon schroederi",1.32103558748395,54.2407560829546,0.01,66,4025,1,100
898,"Potamotrygon_scobina","Potamotrygon scobina",1.31617542142145,52.4055155870678,0.01,66,4025,1,100
899,"Potamotrygon_motoro","Potamotrygon motoro",1.31018542801345,51.6545498402493,0.01,66,4025,1,100
900,"Himantura_fai","Himantura fai",1.30728640894355,46.8209141568054,0.01,66,4025,1,100
901,"Himantura_kittipongi","Himantura kittipongi",1.30359326093859,46.1094380352402,0.01,66,4025,1,100
902,"Plesiotrygon_iwamae","Plesiotrygon iwamae",1.29851335503267,53.2378230025508,0.01,66,4025,1,100
903,"Potamotrygon_castexi","Potamotrygon castexi",1.29072117307147,51.8772951286013,0.01,66,4025,1,100
904,"Potamotrygon_orbignyi","Potamotrygon orbignyi",1.28401018744066,53.3281674935484,0.01,66,4025,1,100
905,"Potamotrygon_henlei","Potamotrygon henlei",1.28157800982945,50.5593732995144,0.01,66,4025,1,100
906,"Negaprion_acutidens","Negaprion acutidens",1.18748073002988,52.7684933658752,0.01,66,4025,1,100
907,"Lamiopsis_tephrodes","Lamiopsis tephrodes",1.09358198734353,50.742178454659,0.01,66,4025,1,100
908,"Brochiraja_microspinifera","Brochiraja microspinifera",1.09344072979803,50.0427985684451,0.01,66,4025,1,100
909,"Negaprion_brevirostris","Negaprion brevirostris",1.08932313329521,50.1983510410739,0.01,66,4025,1,100
910,"Leucoraja_melitensis","Leucoraja melitensis",1.0733147100243,56.9200040013729,0.01,66,4025,1,100
911,"Brochiraja_vittacauda","Brochiraja vittacauda",1.07267914455342,53.2512108635947,0.01,66,4025,1,100
912,"Leucoraja_naevus","Leucoraja naevus",1.07168100591163,56.5039353688246,0.01,66,4025,1,100
913,"Brochiraja_heuresa","Brochiraja heuresa",1.06118277634596,54.4654083819265,0.01,66,4025,1,100
914,"Brochiraja_asperula","Brochiraja asperula",1.05644400844356,48.6865224972887,0.01,66,4025,1,100
915,"Carcharhinus_signatus","Carcharhinus signatus",1.05139209186556,51.7584932988254,0.01,66,4025,1,100
916,"Carcharhinus_cautus","Carcharhinus cautus",1.04858841390911,51.6090703484323,0.01,66,4025,1,100
917,"Pavoraja_umbrosa","Pavoraja umbrosa",1.04350547349337,51.7372094757846,0.01,66,4025,1,100
918,"Pavoraja_alleni","Pavoraja alleni",1.04319903863243,51.7494381458852,0.01,66,4025,1,100
919,"Brochiraja_spinifera","Brochiraja spinifera",1.04267068430406,49.0513897233528,0.01,66,4025,1,100
920,"Brochiraja_aenigma","Brochiraja aenigma",1.04247929408133,53.445682667254,0.01,66,4025,1,100
921,"Leucoraja_fullonica","Leucoraja fullonica",1.04220841972198,53.8304677626429,0.01,66,4025,1,100
922,"Leucoraja_wallacei","Leucoraja wallacei",1.03723152389155,54.7535724486861,0.01,66,4025,1,100
923,"Carcharhinus_melanopterus","Carcharhinus melanopterus",1.03157152398506,52.3612845065554,0.01,66,4025,1,100
924,"Glyphis_fowlerae","Glyphis fowlerae",1.02976820185995,50.3826468333869,0.01,66,4025,1,100
925,"Lamiopsis_temminckii","Lamiopsis temminckii",1.02529282855892,50.6011295110521,0.01,66,4025,1,100
926,"Glyphis_gangeticus","Glyphis gangeticus",1.02222998817172,50.2311590243013,0.01,66,4025,1,100
927,"Glyphis_sp.1","Glyphis sp.1",1.00851133006553,49.0017248961323,0.01,66,4025,1,100
928,"Carcharhinus_fitzroyensis","Carcharhinus fitzroyensis",1.00839582956151,50.1913649558682,0.01,66,4025,1,100
929,"Pavoraja_arenaria","Pavoraja arenaria",1.00020378268504,49.1991072565527,0.01,66,4025,1,100
930,"Carcharhinus_tilstoni","Carcharhinus tilstoni",0.997551715573185,50.5756683411762,0.01,66,4025,1,100
931,"Pavoraja_mosaica","Pavoraja mosaica",0.997316967471516,47.653097164906,0.01,66,4025,1,100
932,"Glyphis_glyphis","Glyphis glyphis",0.992847354931667,50.3692961255543,0.01,66,4025,1,100
933,"Carcharhinus_amblyrhynchoides","Carcharhinus amblyrhynchoides",0.988676819179492,50.4113294246973,0.01,66,4025,1,100
934,"Pavoraja_nitida","Pavoraja nitida",0.988036253053306,49.7232588371754,0.01,66,4025,1,100
935,"Carcharhinus_amblyrhynchos","Carcharhinus amblyrhynchos",0.971331406405114,51.3375653488727,0.01,66,4025,1,100
936,"Pavoraja_pseudonitida","Pavoraja pseudonitida",0.969666238331098,46.1056252010246,0.01,66,4025,1,100
937,"Carcharhinus_limbatus","Carcharhinus limbatus",0.96526851923998,49.0606712493728,0.01,66,4025,1,100
938,"Brochiraja_albilabiata","Brochiraja albilabiata",0.962463468405962,46.859298176175,0.01,66,4025,1,100
939,"Brochiraja_leviveneta","Brochiraja leviveneta",0.961765123103733,46.868180645661,0.01,66,4025,1,100
940,"Carcharhinus_leiodon","Carcharhinus leiodon",0.958282836188247,49.0800338710645,0.01,66,4025,1,100
941,"Carcharhinus_perezii","Carcharhinus perezii",0.94186957252289,51.767285408114,0.01,66,4025,1,100
942,"Carcharhinus_wheeleri","Carcharhinus wheeleri",0.941528561806368,52.0554228379868,0.01,66,4025,1,100
943,"Glyphis_siamensis","Glyphis siamensis",0.940451231666333,48.4909305505132,0.01,66,4025,1,100
944,"Leucoraja_compagnoi","Leucoraja compagnoi",0.939124260329319,52.8390024828167,0.01,66,4025,1,100
945,"Leucoraja_erinacea","Leucoraja erinacea",0.938381755833447,53.6077331824868,0.01,66,4025,1,100
946,"Carcharhinus_porosus","Carcharhinus porosus",0.935305896916325,53.042068094391,0.01,66,4025,1,100
947,"Leucoraja_virginica","Leucoraja virginica",0.933948324342521,54.0692329805106,0.01,66,4025,1,100
948,"Carcharhinus_brachyurus","Carcharhinus brachyurus",0.931209424273371,51.1221617315648,0.01,66,4025,1,100
949,"Carcharhinus_albimarginatus","Carcharhinus albimarginatus",0.927795029814855,52.1947366272267,0.01,66,4025,1,100
950,"Carcharhinus_tjutjot","Carcharhinus tjutjot",0.921627036256598,53.1259167054007,0.01,66,4025,1,100
951,"Carcharhinus_longimanus","Carcharhinus longimanus",0.921124885218861,54.6972667016162,0.01,66,4025,1,100
952,"Carcharhinus_falciformis","Carcharhinus falciformis",0.91910956004237,50.7233878847973,0.01,66,4025,1,100
953,"Carcharhinus_borneensis","Carcharhinus borneensis",0.918773210186067,51.7736432425381,0.01,66,4025,1,100
954,"Glyphis_garricki","Glyphis garricki",0.917736287502072,46.9353395034207,0.01,66,4025,1,100
955,"Prionace_glauca","Prionace glauca",0.916175552750312,51.4947990984355,0.01,66,4025,1,100
956,"Carcharhinus_macloti","Carcharhinus macloti",0.913685058316801,50.974645725804,0.01,66,4025,1,100
957,"Carcharhinus_plumbeus","Carcharhinus plumbeus",0.9136196935378,51.8559875949395,0.01,66,4025,1,100
958,"Carcharhinus_galapagensis","Carcharhinus galapagensis",0.912411403493543,53.2949759369238,0.01,66,4025,1,100
959,"Nasolamia_velox","Nasolamia velox",0.910823982580506,50.3964811540509,0.01,66,4025,1,100
960,"Carcharhinus_obscurus","Carcharhinus obscurus",0.910288904823858,52.9630330311212,0.01,66,4025,1,100
961,"Isogomphodon_oxyrhynchus","Isogomphodon oxyrhynchus",0.90460765596667,53.6641358726069,0.01,66,4025,1,100
962,"Carcharhinus_dussumieri","Carcharhinus dussumieri",0.90415627935701,50.126891818858,0.01,66,4025,1,100
963,"Carcharhinus_amboinensis","Carcharhinus amboinensis",0.90307836069947,51.313293229674,0.01,66,4025,1,100
964,"Carcharhinus_brevipinna","Carcharhinus brevipinna",0.902051774598207,48.4610346271157,0.01,66,4025,1,100
965,"Carcharhinus_coatesi","Carcharhinus coatesi",0.901526788463713,51.6027781568114,0.01,66,4025,1,100
966,"Carcharhinus_sealei","Carcharhinus sealei",0.901211261714805,49.8038530356999,0.01,66,4025,1,100
967,"Carcharhinus_acronotus","Carcharhinus acronotus",0.901167065899433,50.0852113305647,0.01,66,4025,1,100
968,"Carcharhinus_isodon","Carcharhinus isodon",0.899316157288604,49.1029387203444,0.01,66,4025,1,100
969,"Leucoraja_yucatanensis","Leucoraja yucatanensis",0.899279718688129,53.5582037115258,0.01,66,4025,1,100
970,"Leucoraja_lentiginosa","Leucoraja lentiginosa",0.899153514318801,52.9643905430197,0.01,66,4025,1,100
971,"Leucoraja_leucosticta","Leucoraja leucosticta",0.898778751962232,53.5516911440891,0.01,66,4025,1,100
972,"Leucoraja_ocellata","Leucoraja ocellata",0.891906205047567,52.2670677837873,0.01,66,4025,1,100
973,"Carcharhinus_altimus","Carcharhinus altimus",0.88808075382689,50.4600759430044,0.01,66,4025,1,100
974,"Carcharhinus_hemiodon","Carcharhinus hemiodon",0.883171672699213,51.4993527064007,0.01,66,4025,1,100
975,"Notoraja_alisae","Notoraja alisae",0.880066145445763,47.7641120185039,0.01,66,4025,1,100
976,"Carcharhinus_cerdale","Carcharhinus cerdale",0.878246853162942,51.6666038426853,0.01,66,4025,1,100
977,"Carcharhinus_leucas","Carcharhinus leucas",0.872987536263157,48.9040509293397,0.01,66,4025,1,100
978,"Triaenodon_obesus","Triaenodon obesus",0.872358325102195,48.7936490121856,0.01,66,4025,1,100
979,"Carcharhinus_sorrah","Carcharhinus sorrah",0.869661902981385,48.6041289684971,0.01,66,4025,1,100
980,"Leucoraja_garmani","Leucoraja garmani",0.86518394503945,53.145909315263,0.01,66,4025,1,100
981,"Notoraja_longiventralis","Notoraja longiventralis",0.864092413189599,49.5324556872481,0.01,66,4025,1,100
982,"Rajella_fyllae","Rajella fyllae",0.863846912450217,53.7116883124736,0.01,66,4025,1,100
983,"Rajella_bathyphila","Rajella bathyphila",0.862635939373432,53.3819280569566,0.01,66,4025,1,100
984,"Notoraja_sticta","Notoraja sticta",0.862585907443845,47.9506306950812,0.01,66,4025,1,100
985,"Notoraja_inusitata","Notoraja inusitata",0.862536814815738,48.519395900625,0.01,66,4025,1,100
986,"Notoraja_fijiensis","Notoraja fijiensis",0.861738089255583,48.464028299412,0.01,66,4025,1,100
987,"Rajella_nigerrima","Rajella nigerrima",0.861408963788798,54.4368838208416,0.01,66,4025,1,100
988,"Sympterygia_brevicaudata","Sympterygia brevicaudata",0.858598296338076,50.1755829509119,0.01,66,4025,1,100
989,"Okamejei_pita","Okamejei pita",0.852092769895132,60.2185196689976,0.01,66,4025,1,100
990,"Notoraja_lira","Notoraja lira",0.846604803037273,46.9583481544191,0.01,66,4025,1,100
991,"Raja_rondeleti","Raja rondeleti",0.846340542949969,56.9298675666504,0.01,66,4025,1,100
992,"Okamejei_arafurensis","Okamejei arafurensis",0.844935309537798,58.263589830263,0.01,66,4025,1,100
993,"Leucoraja_caribbaea","Leucoraja caribbaea",0.843346138827115,50.3416553404104,0.01,66,4025,1,100
994,"Okamejei_acutispina","Okamejei acutispina",0.841858525218981,56.9644729397761,0.01,66,4025,1,100
995,"Raja_microocellata","Raja microocellata",0.841654000144198,54.6782874796314,0.01,66,4025,1,100
996,"Raja_ackleyi","Raja ackleyi",0.84124924673261,55.4375900058517,0.01,66,4025,1,100
997,"Notoraja_tobitukai","Notoraja tobitukai",0.840649836196158,46.334458518123,0.01,66,4025,1,100
998,"Insentiraja_subtilispinosa","Insentiraja subtilispinosa",0.838949066455213,46.2473714656862,0.01,66,4025,1,100
999,"Psammobatis_lentiginosa","Psammobatis lentiginosa",0.837807706997882,47.7655590910678,0.01,66,4025,1,100
1000,"Raja_miraletus","Raja miraletus",0.837118497449566,50.2284468824715,0.01,66,4025,1,100
1001,"Pseudoraja_fischeri","Pseudoraja fischeri",0.835788878965613,51.1715408424193,0.01,66,4025,1,100
1002,"Raja_montagui","Raja montagui",0.835218388226383,54.6168695184822,0.01,66,4025,1,100
1003,"Notoraja_ochroderma","Notoraja ochroderma",0.83434339845151,48.1241730978121,0.01,66,4025,1,100
1004,"Amblyraja_robertsi","Amblyraja robertsi",0.831281063900282,53.3812327154375,0.01,66,4025,1,100
1005,"Okamejei_hollandi","Okamejei hollandi",0.830524552611395,56.7421527636352,0.01,66,4025,1,100
1006,"Rioraja_agassizii","Rioraja agassizii",0.829587587262327,50.1560831368919,0.01,66,4025,1,100
1007,"Okamejei_porosa","Okamejei porosa",0.827980976146694,59.3401824700328,0.01,66,4025,1,100
1008,"Raja_macrorynchus","Raja macrorynchus",0.826419534905315,55.7189602835545,0.01,66,4025,1,100
1009,"Insentiraja_laxipella","Insentiraja laxipella",0.823665067498883,45.6148968769457,0.01,66,4025,1,100
1010,"Arhynchobatis_asperrimus","Arhynchobatis asperrimus",0.819596168473563,46.4058363914165,0.01,66,4025,1,100
1011,"Amblyraja_doellojuradoi","Amblyraja doellojuradoi",0.817136361973521,53.0186869599055,0.01,66,4025,1,100
1012,"Psammobatis_normani","Psammobatis normani",0.81681349734738,47.7555186174711,0.01,66,4025,1,100
1013,"Rajella_eisenhardti","Rajella eisenhardti",0.816621220065704,49.6774186596446,0.01,66,4025,1,100
1014,"Amblyraja_georgiana","Amblyraja georgiana",0.815667086869948,53.5385221431203,0.01,66,4025,1,100
1015,"Rajella_challengeri","Rajella challengeri",0.815203804381177,50.7720063831316,0.01,66,4025,1,100
1016,"Amblyraja_taaf","Amblyraja taaf",0.814081228225741,52.9395953988612,0.01,66,4025,1,100
1017,"Sympterygia_bonapartii","Sympterygia bonapartii",0.812870955325932,48.8241942548846,0.01,66,4025,1,100
1018,"Raja_brachyura","Raja brachyura",0.811640357846818,55.8457453460866,0.01,66,4025,1,100
1019,"Rajella_dissimilis","Rajella dissimilis",0.811222564085101,50.6504830533191,0.01,66,4025,1,100
1020,"Notoraja_hirticauda","Notoraja hirticauda",0.810979881522285,47.2893550223181,0.01,66,4025,1,100
1021,"Atlantoraja_castelnaui","Atlantoraja castelnaui",0.806255259404852,48.6091799912414,0.01,66,4025,1,100
1022,"Raja_chinensis","Raja chinensis",0.805285512479769,54.4144369037803,0.01,66,4025,1,100
1023,"Okamejei_philipi","Okamejei philipi",0.803824216956606,59.6657020994653,0.01,66,4025,1,100
1024,"Rajella_leopardus","Rajella leopardus",0.803207984798184,50.2684716569453,0.01,66,4025,1,100
1025,"Okamejei_boesemani","Okamejei boesemani",0.802477686927122,59.8480873295415,0.01,66,4025,1,100
1026,"Rajella_ravidula","Rajella ravidula",0.800945643409266,49.4845022385854,0.01,66,4025,1,100
1027,"Amblyraja_jenseni","Amblyraja jenseni",0.800121976780714,52.3829054877109,0.01,66,4025,1,100
1028,"Amblyraja_badia","Amblyraja badia",0.800121976780714,52.3829054877109,0.01,66,4025,1,100
1029,"Notoraja_sapphira","Notoraja sapphira",0.799564031655156,46.8512557077272,0.01,66,4025,1,100
1030,"Raja_herwigi","Raja herwigi",0.796713191045457,48.8876941997815,0.01,66,4025,1,100
1031,"Psammobatis_rudis","Psammobatis rudis",0.792378369848953,45.2895382281207,0.01,66,4025,1,100
1032,"Amblyraja_reversa","Amblyraja reversa",0.791598128498953,52.5725358369484,0.01,66,4025,1,100
1033,"Notoraja_azurea","Notoraja azurea",0.788631273055222,45.2280215702963,0.01,66,4025,1,100
1034,"Amblyraja_hyperborea","Amblyraja hyperborea",0.788257072278077,52.0730408720563,0.01,66,4025,1,100
1035,"Raja_cervigoni","Raja cervigoni",0.787023938739743,47.6945928198317,0.01,66,4025,1,100
1036,"Rajella_barnardi","Rajella barnardi",0.786253539191452,47.1992641940875,0.01,66,4025,1,100
1037,"Beringraja_pulchra","Beringraja pulchra",0.785804902007789,57.0402838761073,0.01,66,4025,1,100
1038,"Raja_undulata","Raja undulata",0.78489154784417,48.3404494617219,0.01,66,4025,1,100
1039,"Amblyraja_radiata","Amblyraja radiata",0.783303003713041,50.4813091380952,0.01,66,4025,1,100
1040,"Amblyraja_frerichsi","Amblyraja frerichsi",0.78311637530432,49.8249749457643,0.01,66,4025,1,100
1041,"Rajella_lintea","Rajella lintea",0.780807156802582,50.2086189634496,0.01,66,4025,1,100
1042,"Atlantoraja_platana","Atlantoraja platana",0.779633172824594,48.3390307615608,0.01,66,4025,1,100
1043,"Raja_equatorialis","Raja equatorialis",0.77780071445392,48.4246589188074,0.01,66,4025,1,100
1044,"Rajella_purpuriventralis","Rajella purpuriventralis",0.774906265266895,48.4305345598767,0.01,66,4025,1,100
1045,"Leucoraja_pristispina","Leucoraja pristispina",0.774350756121789,46.5336867993375,0.01,66,4025,1,100
1046,"Sympterygia_acuta","Sympterygia acuta",0.774200909583436,48.4195308520974,0.01,66,4025,1,100
1047,"Raja_asterias","Raja asterias",0.773726444874094,50.9562972706921,0.01,66,4025,1,100
1048,"Okamejei_leptoura","Okamejei leptoura",0.772003804532653,56.8127261504932,0.01,66,4025,1,100
1049,"Okamejei_heemstrai","Okamejei heemstrai",0.771930255338169,56.2073666735525,0.01,66,4025,1,100
1050,"Raja_rouxi","Raja rouxi",0.771780369960071,47.0837877196437,0.01,66,4025,1,100
1051,"Okamejei_kenojei","Okamejei kenojei",0.766588049257159,58.645537351867,0.01,66,4025,1,100
1052,"Sympterygia_lima","Sympterygia lima",0.766097860670189,47.1147795380451,0.01,66,4025,1,100
1053,"Rajella_caudaspinosa","Rajella caudaspinosa",0.764228952291714,47.1682465497452,0.01,66,4025,1,100
1054,"Rajella_alia","Rajella alia",0.763607817504166,47.9185127140032,0.01,66,4025,1,100
1055,"Okamejei_powelli","Okamejei powelli",0.761099148623124,53.5899718303209,0.01,66,4025,1,100
1056,"Rajella_sadowskii","Rajella sadowskii",0.75974071825892,47.7831642404196,0.01,66,4025,1,100
1057,"Okamejei_cairae","Okamejei cairae",0.759690346477892,57.187898435641,0.01,66,4025,1,100
1058,"Beringraja_binoculata","Beringraja binoculata",0.756750107598448,54.2644772281279,0.01,66,4025,1,100
1059,"Psammobatis_extenta","Psammobatis extenta",0.75278578605731,46.8070493026979,0.01,66,4025,1,100
1060,"Rajella_annandalei","Rajella annandalei",0.752325291619271,49.1362373196859,0.01,66,4025,1,100
1061,"Rajella_bigelowi","Rajella bigelowi",0.751301127302673,48.9723957054785,0.01,66,4025,1,100
1062,"Atlantoraja_cyclophora","Atlantoraja cyclophora",0.745193518214535,48.3813944060966,0.01,66,4025,1,100
1063,"Rajella_fuliginea","Rajella fuliginea",0.74375562353393,46.9375762056895,0.01,66,4025,1,100
1064,"Psammobatis_scobina","Psammobatis scobina",0.742285155951408,47.4788454842737,0.01,66,4025,1,100
1065,"Psammobatis_bergi","Psammobatis bergi",0.742285155951408,47.4788454842737,0.01,66,4025,1,100
1066,"Raja_texana","Raja texana",0.738245362272583,45.3608413983978,0.01,66,4025,1,100
1067,"Okamejei_meerdervoortii","Okamejei meerdervoortii",0.737393847055684,55.7105534477627,0.01,66,4025,1,100
1068,"Raja_atriventralis","Raja atriventralis",0.734532427465195,51.7688013097641,0.01,66,4025,1,100
1069,"Raja_rhina","Raja rhina",0.731089258732081,57.8300072798997,0.01,66,4025,1,100
1070,"Okamejei_schmidti","Okamejei schmidti",0.728625051565668,56.1994663016901,0.01,66,4025,1,100
1071,"Raja_stellulata","Raja stellulata",0.723189877136642,55.8643346401855,0.01,66,4025,1,100
1072,"Raja_bahamensis","Raja bahamensis",0.72056569998768,49.5797114070365,0.01,66,4025,1,100
1073,"Okamejei_mengae","Okamejei mengae",0.71990697608609,55.1893209243852,0.01,66,4025,1,100
1074,"Rajella_kukujevi","Rajella kukujevi",0.71860638406669,45.3281448213121,0.01,66,4025,1,100
1075,"Psammobatis_parvacauda","Psammobatis parvacauda",0.717420613272152,46.2617794966548,0.01,66,4025,1,100
1076,"Raja_clavata","Raja clavata",0.716571568175127,51.0952293064283,0.01,66,4025,1,100
1077,"Raja_africana","Raja africana",0.707323302902788,49.1574346695222,0.01,66,4025,1,100
1078,"Raja_straeleni","Raja straeleni",0.706784654708621,50.2707124688993,0.01,66,4025,1,100
1079,"Raja_cortezensis","Raja cortezensis",0.706784654708621,50.2707124688993,0.01,66,4025,1,100
1080,"Psammobatis_rutrum","Psammobatis rutrum",0.70520117521002,43.6956408671853,0.01,66,4025,1,100
1081,"Raja_inornata","Raja inornata",0.703208534220164,54.2850267711406,0.01,66,4025,1,100
1082,"Raja_polystigma","Raja polystigma",0.69260682255369,49.0043931645941,0.01,66,4025,1,100
1083,"Raja_radula","Raja radula",0.686775349922164,48.4556865654904,0.01,66,4025,1,100
1084,"Bathyraja_notoroensis","Bathyraja notoroensis",0.676732151903923,49.013026612266,0.01,66,4025,1,100
1085,"Hongeo_koreana","Hongeo koreana",0.66426721980892,53.0947768158534,0.01,66,4025,1,100
1086,"Dipturus_queenslandicus","Dipturus queenslandicus",0.659975011356495,57.4470570216943,0.01,66,4025,1,100
1087,"Dipturus_oculus","Dipturus oculus",0.658958630883005,55.6116329343794,0.01,66,4025,1,100
1088,"Dipturus_acrobelus","Dipturus acrobelus",0.65431595886139,58.3743928321867,0.01,66,4025,1,100
1089,"Bathyraja_simoterus","Bathyraja simoterus",0.650078758089797,47.3676850205383,0.01,66,4025,1,100
1090,"Dipturus_springeri","Dipturus springeri",0.647193001812081,56.5304835319193,0.01,66,4025,1,100
1091,"Dipturus_polyommata","Dipturus polyommata",0.645619775071715,57.6217663167134,0.01,66,4025,1,100
1092,"Bathyraja_tzinovskii","Bathyraja tzinovskii",0.643915601491279,47.7990324654684,0.01,66,4025,1,100
1093,"Dipturus_innominatus","Dipturus innominatus",0.642511927080304,59.9084023725948,0.01,66,4025,1,100
1094,"Bathyraja_irrasa","Bathyraja irrasa",0.639068056737039,52.8332506850502,0.01,66,4025,1,100
1095,"Spiniraja_whitleyi","Spiniraja whitleyi",0.637680843032404,56.8421377339032,0.01,66,4025,1,100
1096,"Rhinoraja_murrayi","Rhinoraja murrayi",0.635172521248644,52.4623546377306,0.01,66,4025,1,100
1097,"Bathyraja_papilionifera","Bathyraja papilionifera",0.634719056083842,52.8096682420989,0.01,66,4025,1,100
1098,"Bathyraja_andriashevi","Bathyraja andriashevi",0.634161165301548,47.7849954034248,0.01,66,4025,1,100
1099,"Bathyraja_parmifera","Bathyraja parmifera",0.632762337309427,51.8442319960591,0.01,66,4025,1,100
1100,"Dipturus_apricus","Dipturus apricus",0.632607145770788,55.626866152251,0.01,66,4025,1,100
1101,"Raja_maderensis","Raja maderensis",0.631374341318674,45.4169406838258,0.01,66,4025,1,100
1102,"Dipturus_batis","Dipturus batis",0.630942192373085,55.4449739826423,0.01,66,4025,1,100
1103,"Rhinoraja_odai","Rhinoraja odai",0.623939598496544,51.1394776393624,0.01,66,4025,1,100
1104,"Bathyraja_scaphiops","Bathyraja scaphiops",0.622509468769492,50.6996784593408,0.01,66,4025,1,100
1105,"Dipturus_stenorhynchus","Dipturus stenorhynchus",0.621339523426609,56.8036160324848,0.01,66,4025,1,100
1106,"Bathyraja_panthera","Bathyraja panthera",0.619837611338165,49.7098673885616,0.01,66,4025,1,100
1107,"Dipturus_endeavouri","Dipturus endeavouri",0.618441742474504,55.6409974255923,0.01,66,4025,1,100
1108,"Bathyraja_richardsoni","Bathyraja richardsoni",0.617172656672882,47.4720109950539,0.01,66,4025,1,100
1109,"Dipturus_grahami","Dipturus grahami",0.616881306108909,56.4385691408604,0.01,66,4025,1,100
1110,"Dipturus_gigas","Dipturus gigas",0.615879966459349,56.3427326999846,0.01,66,4025,1,100
1111,"Dipturus_gudgeri","Dipturus gudgeri",0.615568031312054,56.7203708191738,0.01,66,4025,1,100
1112,"Dipturus_campbelli","Dipturus campbelli",0.613219984533284,53.773234664739,0.01,66,4025,1,100
1113,"Dipturus_confusus","Dipturus confusus",0.611689058819963,56.7609573552847,0.01,66,4025,1,100
1114,"Bathyraja_trachouros","Bathyraja trachouros",0.61044836915541,48.2238854945541,0.01,66,4025,1,100
1115,"Dipturus_macrocauda","Dipturus macrocauda",0.609999826216486,56.9657420023353,0.01,66,4025,1,100
1116,"Dipturus_tengu","Dipturus tengu",0.609999826216486,56.9657420023353,0.01,66,4025,1,100
1117,"Rhinoraja_magellanica","Rhinoraja magellanica",0.609456416105573,48.9832262159716,0.01,66,4025,1,100
1118,"Bathyraja_meridionalis","Bathyraja meridionalis",0.609410815501272,50.0300711043338,0.01,66,4025,1,100
1119,"Dipturus_intermedia","Dipturus intermedia",0.607861523407518,52.9264882253296,0.01,66,4025,1,100
1120,"Dipturus_nidarosiensis","Dipturus nidarosiensis",0.606461661861419,54.0935054080082,0.01,66,4025,1,100
1121,"Bathyraja_leucomelanos","Bathyraja leucomelanos",0.605698384577376,47.5204361364699,0.01,66,4025,1,100
1122,"Bathyraja_smirnovi","Bathyraja smirnovi",0.60237027577144,49.4370326935856,0.01,66,4025,1,100
1123,"Bathyraja_shuntovi","Bathyraja shuntovi",0.602095262901849,48.6370381077079,0.01,66,4025,1,100
1124,"Dipturus_johannisdavesi","Dipturus johannisdavesi",0.601649704569878,55.8134621528891,0.01,66,4025,1,100
1125,"Dipturus_kwangtungensis","Dipturus kwangtungensis",0.600632685843276,48.2791313440602,0.01,66,4025,1,100
1126,"Bathyraja_brachyurops","Bathyraja brachyurops",0.59858951547441,48.6242744439955,0.01,66,4025,1,100
1127,"Dentiraja_lemprieri","Dentiraja lemprieri",0.598387808291668,53.9217268890979,0.01,66,4025,1,100
1128,"Rhinoraja_taranetzi","Rhinoraja taranetzi",0.598290861600451,49.3061180592164,0.01,66,4025,1,100
1129,"Dipturus_laevis","Dipturus laevis",0.598204071908126,52.1632570312487,0.01,66,4025,1,100
1130,"Dipturus_melanospilus","Dipturus melanospilus",0.596813194232983,53.3151565693474,0.01,66,4025,1,100
1131,"Bathyraja_diplotaenia","Bathyraja diplotaenia",0.596713042701613,48.4063569587533,0.01,66,4025,1,100
1132,"Dipturus_garricki","Dipturus garricki",0.59654809889513,52.338728526653,0.01,66,4025,1,100
1133,"Bathyraja_schroederi","Bathyraja schroederi",0.596058755281572,48.988832187356,0.01,66,4025,1,100
1134,"Bathyraja_minispinosa","Bathyraja minispinosa",0.59534937857324,50.6162052709221,0.01,66,4025,1,100
1135,"Rhinoraja_albomaculata","Rhinoraja albomaculata",0.595251058801717,50.2094101375951,0.01,66,4025,1,100
1136,"Dentiraja_flindersi","Dentiraja flindersi",0.593371903319224,53.9402318636362,0.01,66,4025,1,100
1137,"Dipturus_ecuadoriensis","Dipturus ecuadoriensis",0.592337049123764,53.4311038913622,0.01,66,4025,1,100
1138,"Bathyraja_matsubarai","Bathyraja matsubarai",0.591730751199987,48.113293355528,0.01,66,4025,1,100
1139,"Rhinoraja_macloviana","Rhinoraja macloviana",0.591726448507524,49.8889332821784,0.01,66,4025,1,100
1140,"Dipturus_bullisi","Dipturus bullisi",0.591188710313948,52.3350868594347,0.01,66,4025,1,100
1141,"Bathyraja_pallida","Bathyraja pallida",0.590791746658577,49.5195401003862,0.01,66,4025,1,100
1142,"Dipturus_australis","Dipturus australis",0.588827954893453,54.1284358593845,0.01,66,4025,1,100
1143,"Bathyraja_tunae","Bathyraja tunae",0.588689062386018,49.484692403271,0.01,66,4025,1,100
1144,"Bathyraja_griseocauda","Bathyraja griseocauda",0.588415681736144,46.565845852038,0.01,66,4025,1,100
1145,"Dipturus_mennii","Dipturus mennii",0.585372948908193,54.9421492989351,0.01,66,4025,1,100
1146,"Bathyraja_peruana","Bathyraja peruana",0.584238211552812,49.3238722540444,0.01,66,4025,1,100
1147,"Dipturus_canutus","Dipturus canutus",0.584170095248829,53.6127522004386,0.01,66,4025,1,100
1148,"Dipturus_lanceorostratus","Dipturus lanceorostratus",0.584070284445443,54.1052059766676,0.01,66,4025,1,100
1149,"Bathyraja_trachura","Bathyraja trachura",0.584028428699597,48.4688286680181,0.01,66,4025,1,100
1150,"Dipturus_oxyrinchus","Dipturus oxyrinchus",0.582689156882587,51.9214384829229,0.01,66,4025,1,100
1151,"Bathyraja_ishiharai","Bathyraja ishiharai",0.581799568134425,47.0901279070789,0.01,66,4025,1,100
1152,"Dipturus_cerva","Dipturus cerva",0.581529646459924,54.2585084253163,0.01,66,4025,1,100
1153,"Bathyraja_spinosissima","Bathyraja spinosissima",0.580088562410264,46.1682070031048,0.01,66,4025,1,100
1154,"Dipturus_trachydermus","Dipturus trachydermus",0.579659073194264,50.7260526260534,0.01,66,4025,1,100
1155,"Dipturus_leptocaudus","Dipturus leptocaudus",0.579659073194264,50.7260526260534,0.01,66,4025,1,100
1156,"Bathyraja_mariposa","Bathyraja mariposa",0.57785475779252,46.7557312918846,0.01,66,4025,1,100
1157,"Bathyraja_aguja","Bathyraja aguja",0.576474571423284,46.63227598392,0.01,66,4025,1,100
1158,"Bathyraja_smithii","Bathyraja smithii",0.575345912898057,45.4120309382205,0.01,66,4025,1,100
1159,"Bathyraja_violacea","Bathyraja violacea",0.574614803512936,46.2564549676639,0.01,66,4025,1,100
1160,"Dipturus_olseni","Dipturus olseni",0.572737484444968,51.2836244740822,0.01,66,4025,1,100
1161,"Dipturus_flavirostris","Dipturus flavirostris",0.571923691986768,51.1846154594144,0.01,66,4025,1,100
1162,"Bathyraja_kincaidii","Bathyraja kincaidii",0.571892420461298,46.1151004630596,0.01,66,4025,1,100
1163,"Bathyraja_maculata","Bathyraja maculata",0.571565245245248,46.7662007791434,0.01,66,4025,1,100
1164,"Bathyraja_lindbergi","Bathyraja lindbergi",0.570462846982161,46.3186787641421,0.01,66,4025,1,100
1165,"Dipturus_crosnieri","Dipturus crosnieri",0.570202875856313,53.6535891375252,0.01,66,4025,1,100
1166,"Dipturus_pullopunctata","Dipturus pullopunctata",0.569640535909679,52.9201964151046,0.01,66,4025,1,100
1167,"Bathyraja_abyssicola","Bathyraja abyssicola",0.567799190623941,46.8227151461827,0.01,66,4025,1,100
1168,"Dipturus_doutrei","Dipturus doutrei",0.566567696390877,48.3520792090123,0.01,66,4025,1,100
1169,"Bathyraja_hesperafricana","Bathyraja hesperafricana",0.566420065106395,46.242549602888,0.01,66,4025,1,100
1170,"Bathyraja_aleutica","Bathyraja aleutica",0.563063017478632,46.9429707735707,0.01,66,4025,1,100
1171,"Zearaja_chilensis","Zearaja chilensis",0.561287152841384,50.9994465701862,0.01,66,4025,1,100
1172,"Dipturus_oregoni","Dipturus oregoni",0.559648431935274,50.627370039789,0.01,66,4025,1,100
1173,"Zearaja_argentinensis","Zearaja argentinensis",0.556095811507977,48.9302956720724,0.01,66,4025,1,100
1174,"Dipturus_wengi","Dipturus wengi",0.554712766942932,51.176215562573,0.01,66,4025,1,100
1175,"Dipturus_teevani","Dipturus teevani",0.553315263275556,52.0308427930176,0.01,66,4025,1,100
1176,"Bathyraja_microtrachys","Bathyraja microtrachys",0.553041858053816,44.6551359172952,0.01,66,4025,1,100
1177,"Bathyraja_longicauda","Bathyraja longicauda",0.552958038555728,46.8659782001631,0.01,66,4025,1,100
1178,"Dipturus_healdi","Dipturus healdi",0.551102265369767,51.2010497898486,0.01,66,4025,1,100
1179,"Dipturus_falloargus","Dipturus falloargus",0.549296649576083,51.0595226397282,0.01,66,4025,1,100
1180,"Bathyraja_spinicauda","Bathyraja spinicauda",0.549289799710362,44.5909658210517,0.01,66,4025,1,100
1181,"Bathyraja_isotrachys","Bathyraja isotrachys",0.548448181890042,45.0374374950926,0.01,66,4025,1,100
1182,"Bathyraja_bergi","Bathyraja bergi",0.546623322931784,44.6497650803323,0.01,66,4025,1,100
1183,"Zearaja_nasuta","Zearaja nasuta",0.545769453217257,48.9146389057719,0.01,66,4025,1,100
1184,"Bathyraja_eatonii","Bathyraja eatonii",0.545483530852596,44.2006630964558,0.01,66,4025,1,100
1185,"Bathyraja_fedorovi","Bathyraja fedorovi",0.543697936750235,46.2052732884965,0.01,66,4025,1,100
1186,"Zearaja_maugeana","Zearaja maugeana",0.54266911452943,48.7805320417105,0.01,66,4025,1,100
1187,"Bathyraja_cousseauae","Bathyraja cousseauae",0.53933843411143,46.165940891453,0.01,66,4025,1,100
1188,"Dipturus_wuhanlingi","Dipturus wuhanlingi",0.538453015838456,49.9797204844616,0.01,66,4025,1,100
1189,"Rhinoraja_longicauda","Rhinoraja longicauda",0.531545179891175,43.115002019261,0.01,66,4025,1,100
1190,"Rhinoraja_multispinis","Rhinoraja multispinis",0.528369181368745,42.7999572766905,0.01,66,4025,1,100
1191,"Rhinoraja_kujiensis","Rhinoraja kujiensis",0.525651631044745,43.8537201318115,0.01,66,4025,1,100
1192,"Bathyraja_maccaini","Bathyraja maccaini",0.520478658720685,43.5356786480906,0.01,66,4025,1,100
