"Rank_EH","species_tree","species","EvoHeritage","Ancestral_EvoHeritage","rho","min_age","max_age","lambda","repeats"
1,"Zanobatus_schoenleinii","Zanobatus schoenleinii",11.231925695106,24.095025968749,0.01,145,4025,1,100
2,"Platyrhinoidis_triseriata","Platyrhinoidis triseriata",10.8162474362767,19.7944374376953,0.01,145,4025,1,100
3,"Heterodontus_francisci","Heterodontus francisci",9.88174609613658,27.4065902424345,0.01,145,4025,1,100
4,"Chlamydoselachus_anguineus","Chlamydoselachus anguineus",7.73883212837806,27.8153780565523,0.01,145,4025,1,100
5,"Chlamydoselachus_africana","Chlamydoselachus africana",7.73883212837806,27.8153780565523,0.01,145,4025,1,100
6,"Platyrhina_hyugaensis","Platyrhina hyugaensis",7.13170679287804,25.3012336739802,0.01,145,4025,1,100
7,"Heterodontus_mexicanus","Heterodontus mexicanus",6.90291288069968,22.1880425010183,0.01,145,4025,1,100
8,"Callorhinchus_callorynchus","Callorhinchus callorynchus",6.88498867293541,24.6422340787219,0.01,145,4025,1,100
9,"Notorynchus_cepedianus","Notorynchus cepedianus",6.24267693891554,19.5890485281887,0.01,145,4025,1,100
10,"Brachaelurus_colcloughi","Brachaelurus colcloughi",5.95823801731953,19.2388933105253,0.01,145,4025,1,100
11,"Trygonorrhina_dumerilii","Trygonorrhina dumerilii",5.94584258891617,25.035043173427,0.01,145,4025,1,100
12,"Callorhinchus_milii","Callorhinchus milii",5.83765633563927,21.1800330094147,0.01,145,4025,1,100
13,"Platyrhina_sinensis","Platyrhina sinensis",5.61314281330714,21.333423998667,0.01,145,4025,1,100
14,"Trygonorrhina_melaleuca","Trygonorrhina melaleuca",5.55570813535748,24.0993538101485,0.01,145,4025,1,100
15,"Hypnos_monopterygius","Hypnos monopterygius",5.5082025949691,23.7758414309142,0.01,145,4025,1,100
16,"Brachaelurus_waddi","Brachaelurus waddi",5.4015834057728,19.5089964532691,0.01,145,4025,1,100
17,"Callorhinchus_capensis","Callorhinchus capensis",5.37794458335223,21.8200604495027,0.01,145,4025,1,100
18,"Zapteryx_brevirostris","Zapteryx brevirostris",5.22166256334549,21.2322943588357,0.01,145,4025,1,100
19,"Trygonorrhina_fasciata","Trygonorrhina fasciata",5.0892965069445,24.0615084728838,0.01,145,4025,1,100
20,"Pseudoginglymostoma_brevicaudatum","Pseudoginglymostoma brevicaudatum",5.0558169922886,25.8010122125705,0.01,145,4025,1,100
21,"Platyrhina_tangi","Platyrhina tangi",4.99772722429849,22.2157107792044,0.01,145,4025,1,100
22,"Heptranchias_perlo","Heptranchias perlo",4.81098881986209,22.8699375590286,0.01,145,4025,1,100
23,"Hexanchus_vitulus","Hexanchus vitulus",4.44215512416816,21.751514066141,0.01,145,4025,1,100
24,"Alopias_superciliosus","Alopias superciliosus",4.21627187864933,26.5667944500147,0.01,145,4025,1,100
25,"Hexanchus_nakamurai","Hexanchus nakamurai",4.15978219618663,22.1653217181836,0.01,145,4025,1,100
26,"Hexanchus_griseus","Hexanchus griseus",4.10603057090222,21.7448566846511,0.01,145,4025,1,100
27,"Eucrossorhinus_dasypogon","Eucrossorhinus dasypogon",4.09191819016592,23.5271483666709,0.01,145,4025,1,100
28,"Zapteryx_xyster","Zapteryx xyster",3.9701303328337,20.5138285892028,0.01,145,4025,1,100
29,"Carcharias_taurus","Carcharias taurus",3.89900095410674,25.8525048443749,0.01,145,4025,1,100
30,"Aptychotrema_vincentiana","Aptychotrema vincentiana",3.82252177281587,23.2363844735091,0.01,145,4025,1,100
31,"Mitsukurina_owstoni","Mitsukurina owstoni",3.75008434456861,19.6025547140002,0.01,145,4025,1,100
32,"Neoharriotta_pumila","Neoharriotta pumila",3.67673430328423,27.6801586201867,0.01,145,4025,1,100
33,"Echinorhinus_cookei","Echinorhinus cookei",3.67528844592647,19.1120031714937,0.01,145,4025,1,100
34,"Neoharriotta_carri","Neoharriotta carri",3.63084682226389,27.3857833836898,0.01,145,4025,1,100
35,"Rhinochimaera_pacifica","Rhinochimaera pacifica",3.61273493717252,22.2152278224812,0.01,145,4025,1,100
36,"Rhincodon_typus","Rhincodon typus",3.59343832647041,24.3989952175545,0.01,145,4025,1,100
37,"Nebrius_ferrugineus","Nebrius ferrugineus",3.59343832647041,24.3989952175545,0.01,145,4025,1,100
38,"Heterodontus_ramalheira","Heterodontus ramalheira",3.5580634374958,23.5785669297208,0.01,145,4025,1,100
39,"Neoharriotta_pinnata","Neoharriotta pinnata",3.51310302138362,28.3580412659939,0.01,145,4025,1,100
40,"Zapteryx_exasperata","Zapteryx exasperata",3.45313544767582,20.3243426815245,0.01,145,4025,1,100
41,"Rhinochimaera_atlantica","Rhinochimaera atlantica",3.42177891589439,26.8519431537407,0.01,145,4025,1,100
42,"Aptychotrema_rostrata","Aptychotrema rostrata",3.41519856720576,23.5822936138977,0.01,145,4025,1,100
43,"Cetorhinus_maximus","Cetorhinus maximus",3.36860738010478,26.0508116914888,0.01,145,4025,1,100
44,"Rhinochimaera_africana","Rhinochimaera africana",3.32333327563705,23.8962114107977,0.01,145,4025,1,100
45,"Heterodontus_portusjacksoni","Heterodontus portusjacksoni",3.24428747302574,24.6957712889031,0.01,145,4025,1,100
46,"Heterodontus_galeatus","Heterodontus galeatus",3.12516981586081,27.1406373779738,0.01,145,4025,1,100
47,"Aptychotrema_timorensis","Aptychotrema timorensis",3.11225613357887,23.1262110807837,0.01,145,4025,1,100
48,"Alopias_pelagicus","Alopias pelagicus",3.10290023960803,22.5406484186503,0.01,145,4025,1,100
49,"Schroederichthys_tenuis","Schroederichthys tenuis",2.94563525081359,23.4278761264996,0.01,145,4025,1,100
50,"Harriotta_haeckeli","Harriotta haeckeli",2.86934600350928,22.7195822889238,0.01,145,4025,1,100
51,"Heterodontus_quoyi","Heterodontus quoyi",2.83354760611611,23.6805486093811,0.01,145,4025,1,100
52,"Heterodontus_zebra","Heterodontus zebra",2.75986267338714,23.0631000130643,0.01,145,4025,1,100
53,"Parascyllium_sparsimaculatum","Parascyllium sparsimaculatum",2.67079805794407,24.9987065762637,0.01,145,4025,1,100
54,"Parascyllium_collare","Parascyllium collare",2.64835508137372,24.8874272719064,0.01,145,4025,1,100
55,"Cirrhoscyllium_japonicum","Cirrhoscyllium japonicum",2.64753848375388,25.0450156524982,0.01,145,4025,1,100
56,"Schroederichthys_bivius","Schroederichthys bivius",2.62519178069606,22.9578185109201,0.01,145,4025,1,100
57,"Isurus_paucus","Isurus paucus",2.62238823912184,29.0571364161563,0.01,145,4025,1,100
58,"Harriotta_raleighana","Harriotta raleighana",2.60275479482134,20.3967311933244,0.01,145,4025,1,100
59,"Anoxypristis_cuspidata","Anoxypristis cuspidata",2.5849294181462,21.1240487841823,0.01,145,4025,1,100
60,"Pseudocarcharias_kamoharai","Pseudocarcharias kamoharai",2.57229583996497,26.803478885779,0.01,145,4025,1,100
61,"Parascyllium_elongatum","Parascyllium elongatum",2.55011972636235,25.7508488647501,0.01,145,4025,1,100
62,"Pristis_zijsron","Pristis zijsron",2.5495802982487,21.5928904324377,0.01,145,4025,1,100
63,"Hydrolagus_deani","Hydrolagus deani",2.52417099447963,24.6878686998998,0.01,145,4025,1,100
64,"Parascyllium_ferrugineum","Parascyllium ferrugineum",2.51756441323501,24.5054852691186,0.01,145,4025,1,100
65,"Ginglymostoma_cirratum","Ginglymostoma cirratum",2.50343063352252,24.7242148328716,0.01,145,4025,1,100
66,"Carcharodon_carcharias","Carcharodon carcharias",2.49081260003151,25.037273095201,0.01,145,4025,1,100
67,"Lamna_ditropis","Lamna ditropis",2.48239590918383,23.8258425866144,0.01,145,4025,1,100
68,"Lamna_nasus","Lamna nasus",2.46048676603627,24.4028125459013,0.01,145,4025,1,100
69,"Echinorhinus_brucus","Echinorhinus brucus",2.43840165879828,18.2051725262971,0.01,145,4025,1,100
70,"Centrophorus_zeehaani","Centrophorus zeehaani",2.42720542757744,26.8204847321158,0.01,145,4025,1,100
71,"Alopias_vulpinus","Alopias vulpinus",2.41287925911214,25.5971906365475,0.01,145,4025,1,100
72,"Pristis_clavata","Pristis clavata",2.40927504878832,24.0067916003363,0.01,145,4025,1,100
73,"Pliotrema_warreni","Pliotrema warreni",2.4080006929852,20.562698771256,0.01,145,4025,1,100
74,"Rhinobatos_penggali","Rhinobatos penggali",2.39646993654373,20.2838630581277,0.01,145,4025,1,100
75,"Parascyllium_variolatum","Parascyllium variolatum",2.38188565714785,25.4798035556086,0.01,145,4025,1,100
76,"Stegostoma_fasciatum","Stegostoma fasciatum",2.36856828631032,24.1702480718031,0.01,145,4025,1,100
77,"Cirrhoscyllium_formosanum","Cirrhoscyllium formosanum",2.35325179833335,23.7078577673712,0.01,145,4025,1,100
78,"Isurus_oxyrinchus","Isurus oxyrinchus",2.33251229500806,23.1393047037784,0.01,145,4025,1,100
79,"Rhina_ancylostoma","Rhina ancylostoma",2.33076513119926,19.8671835533488,0.01,145,4025,1,100
80,"Hemiscyllium_ocellatum","Hemiscyllium ocellatum",2.29058003337419,22.1668840630223,0.01,145,4025,1,100
81,"Megachasma_pelagios","Megachasma pelagios",2.24015963900048,25.7293265166899,0.01,145,4025,1,100
82,"Cirrhoscyllium_expolitum","Cirrhoscyllium expolitum",2.19244317034306,22.3705795603281,0.01,145,4025,1,100
83,"Glaucostegus_halavi","Glaucostegus halavi",2.15101476512458,21.3581303316782,0.01,145,4025,1,100
84,"Chimaera_obscura","Chimaera obscura",2.12354097022629,22.3925379739782,0.01,145,4025,1,100
85,"Heterodontus_omanensis","Heterodontus omanensis",2.11009530642011,18.7043522925683,0.01,145,4025,1,100
86,"Pristis_pristis","Pristis pristis",2.10687157704074,25.3197441645548,0.01,145,4025,1,100
87,"Hydrolagus_melanophasma","Hydrolagus melanophasma",2.10634444447509,24.2801738779121,0.01,145,4025,1,100
88,"Odontaspis_ferox","Odontaspis ferox",2.10224505463439,24.8180824053036,0.01,145,4025,1,100
89,"Heterodontus_japonicus","Heterodontus japonicus",2.08920963175148,19.2159607340016,0.01,145,4025,1,100
90,"Centrophorus_atromarginatus","Centrophorus atromarginatus",2.0791011587104,25.9357204787164,0.01,145,4025,1,100
91,"Hydrolagus_colliei","Hydrolagus colliei",2.07744570769376,24.5559239237077,0.01,145,4025,1,100
92,"Hydrolagus_homonycteris","Hydrolagus homonycteris",2.0686354928541,24.3470882556775,0.01,145,4025,1,100
93,"Somniosus_rostratus","Somniosus rostratus",2.04417781786921,20.3763911960803,0.01,145,4025,1,100
94,"Schroederichthys_maculatus","Schroederichthys maculatus",2.03064612605799,21.3704530945096,0.01,145,4025,1,100
95,"Hydrolagus_africanus","Hydrolagus africanus",2.02250442877283,27.5234132990235,0.01,145,4025,1,100
96,"Pristiophorus_japonicus","Pristiophorus japonicus",2.02146622668498,21.3977225125589,0.01,145,4025,1,100
97,"Odontaspis_noronhai","Odontaspis noronhai",2.00097560725684,23.9997534656562,0.01,145,4025,1,100
98,"Orectolobus_ornatus","Orectolobus ornatus",1.97381051103118,22.7988004245578,0.01,145,4025,1,100
99,"Chiloscyllium_punctatum","Chiloscyllium punctatum",1.97325642813993,22.791828637554,0.01,145,4025,1,100
100,"Orectolobus_parvimaculatus","Orectolobus parvimaculatus",1.96693518705749,23.789719369139,0.01,145,4025,1,100
101,"Somniosus_longus","Somniosus longus",1.96208530195123,22.4028338344798,0.01,145,4025,1,100
102,"Schroederichthys_chilensis","Schroederichthys chilensis",1.96109376217332,21.1208828810382,0.01,145,4025,1,100
103,"Pristis_pectinata","Pristis pectinata",1.92970139992132,21.5257312668329,0.01,145,4025,1,100
104,"Atelomycterus_baliensis","Atelomycterus baliensis",1.92546480728991,26.5355224803133,0.01,145,4025,1,100
105,"Atelomycterus_marmoratus","Atelomycterus marmoratus",1.91081486764753,25.8946189282338,0.01,145,4025,1,100
106,"Pristiophorus_cirratus","Pristiophorus cirratus",1.89848380465315,23.3557898214786,0.01,145,4025,1,100
107,"Pristiophorus_nudipinnis","Pristiophorus nudipinnis",1.89137779165352,19.7017395115957,0.01,145,4025,1,100
108,"Centrophorus_squamosus","Centrophorus squamosus",1.86922724240626,25.7846186167017,0.01,145,4025,1,100
109,"Hydrolagus_eidolon","Hydrolagus eidolon",1.85827032393711,23.8832133562196,0.01,145,4025,1,100
110,"Deania_hystricosa","Deania hystricosa",1.8344519567107,24.0122588220898,0.01,145,4025,1,100
111,"Pristiophorus_schroederi","Pristiophorus schroederi",1.83129110198267,19.5766575738075,0.01,145,4025,1,100
112,"Schroederichthys_saurisqualus","Schroederichthys saurisqualus",1.81758538042913,20.5804145815311,0.01,145,4025,1,100
113,"Sinobatis_borneensis","Sinobatis borneensis",1.81484176721943,23.8232983486336,0.01,145,4025,1,100
114,"Glaucostegus_cemiculus","Glaucostegus cemiculus",1.78200818640272,19.6785761466813,0.01,145,4025,1,100
115,"Hydrolagus_mitsukurii","Hydrolagus mitsukurii",1.78083742957343,25.1140450712796,0.01,145,4025,1,100
116,"Hemiscyllium_trispeculare","Hemiscyllium trispeculare",1.77895621852027,26.0111489283245,0.01,145,4025,1,100
117,"Glaucostegus_granulatus","Glaucostegus granulatus",1.76873473940373,20.1285534949212,0.01,145,4025,1,100
118,"Chimaera_phantasma","Chimaera phantasma",1.74976485669941,25.8918979616136,0.01,145,4025,1,100
119,"Pristiophorus_delicatus","Pristiophorus delicatus",1.73574289642256,23.0249900583222,0.01,145,4025,1,100
120,"Somniosus_microcephalus","Somniosus microcephalus",1.73463057020726,25.8139577927734,0.01,145,4025,1,100
121,"Hemiscyllium_galei","Hemiscyllium galei",1.73378110854063,24.5771983213045,0.01,145,4025,1,100
122,"Atelomycterus_macleayi","Atelomycterus macleayi",1.72881530950589,23.7550343134289,0.01,145,4025,1,100
123,"Hydrolagus_ogilbyi","Hydrolagus ogilbyi",1.72387877409539,28.3908922772463,0.01,145,4025,1,100
124,"Hydrolagus_barbouri","Hydrolagus barbouri",1.72287132465779,23.9369800373488,0.01,145,4025,1,100
125,"Somniosus_pacificus","Somniosus pacificus",1.7165229878911,24.517792401274,0.01,145,4025,1,100
126,"Deania_calcea","Deania calcea",1.71152449273188,22.5929626182952,0.01,145,4025,1,100
127,"Chimaera_argiloba","Chimaera argiloba",1.71113763025199,23.6399897601831,0.01,145,4025,1,100
128,"Pristiophorus_nancyae","Pristiophorus nancyae",1.69570355711053,23.0762115183194,0.01,145,4025,1,100
129,"Hydrolagus_lemures","Hydrolagus lemures",1.69314276897288,27.5880760548848,0.01,145,4025,1,100
130,"Orectolobus_halei","Orectolobus halei",1.68701538035523,24.0945049012428,0.01,145,4025,1,100
131,"Atelomycterus_marnkalha","Atelomycterus marnkalha",1.6851767886187,23.9863298672513,0.01,145,4025,1,100
132,"Hemiscyllium_henryi","Hemiscyllium henryi",1.68331990451459,24.6978844593221,0.01,145,4025,1,100
133,"Atelomycterus_fasciatus","Atelomycterus fasciatus",1.68184482448008,22.9496103327093,0.01,145,4025,1,100
134,"Somniosus_antarcticus","Somniosus antarcticus",1.6705901070263,24.444943625899,0.01,145,4025,1,100
135,"Orectolobus_leptolineatus","Orectolobus leptolineatus",1.65368523959039,21.824035406123,0.01,145,4025,1,100
136,"Aulohalaelurus_labiosus","Aulohalaelurus labiosus",1.63740252539049,22.6347432527162,0.01,145,4025,1,100
137,"Chiloscyllium_indicum","Chiloscyllium indicum",1.6296849709616,22.1306309935111,0.01,145,4025,1,100
138,"Acroteriobatus_annulatus","Acroteriobatus annulatus",1.62927650323099,24.52825754871,0.01,145,4025,1,100
139,"Orectolobus_hutchinsi","Orectolobus hutchinsi",1.61760605305427,21.9271649424747,0.01,145,4025,1,100
140,"Chimaera_owstoni","Chimaera owstoni",1.61179865634744,26.9101934090776,0.01,145,4025,1,100
141,"Orectolobus_japonicus","Orectolobus japonicus",1.60948159960189,21.4272877610137,0.01,145,4025,1,100
142,"Orectolobus_wardi","Orectolobus wardi",1.605017122976,21.6385906233447,0.01,145,4025,1,100
143,"Orectolobus_maculatus","Orectolobus maculatus",1.60271151682472,20.6874408093162,0.01,145,4025,1,100
144,"Chiloscyllium_burmensis","Chiloscyllium burmensis",1.6020249613192,23.766440495047,0.01,145,4025,1,100
145,"Hemiscyllium_michaeli","Hemiscyllium michaeli",1.60073351952191,24.2500377365419,0.01,145,4025,1,100
146,"Sutorectus_tentaculatus","Sutorectus tentaculatus",1.59132789255863,21.9754350000153,0.01,145,4025,1,100
147,"Rhinobatos_jimbaranensis","Rhinobatos jimbaranensis",1.5895618929795,19.1472818359158,0.01,145,4025,1,100
148,"Aulohalaelurus_kanakorum","Aulohalaelurus kanakorum",1.58930795063195,22.1692535804357,0.01,145,4025,1,100
149,"Deania_profundorum","Deania profundorum",1.567167442252,20.2122345375516,0.01,145,4025,1,100
150,"Chiloscyllium_plagiosum","Chiloscyllium plagiosum",1.56367310271527,22.4512324377662,0.01,145,4025,1,100
151,"Orectolobus_reticulatus","Orectolobus reticulatus",1.55958120231891,22.0752587530932,0.01,145,4025,1,100
152,"Rhinobatos_holcorhynchus","Rhinobatos holcorhynchus",1.55532319603989,18.7760837853158,0.01,145,4025,1,100
153,"Centroselachus_crepidater","Centroselachus crepidater",1.55484589205502,19.8533949702775,0.01,145,4025,1,100
154,"Hemiscyllium_freycineti","Hemiscyllium freycineti",1.5534600057307,23.5708725953374,0.01,145,4025,1,100
155,"Squatina_japonica","Squatina japonica",1.54939138777691,22.9973731820016,0.01,145,4025,1,100
156,"Hemiscyllium_strahani","Hemiscyllium strahani",1.54235343335252,22.5500932566038,0.01,145,4025,1,100
157,"Hydrolagus_alberti","Hydrolagus alberti",1.52855441658311,23.394375124734,0.01,145,4025,1,100
158,"Squatina_caillieti","Squatina caillieti",1.52495522677983,26.0582234163746,0.01,145,4025,1,100
159,"Orectolobus_floridus","Orectolobus floridus",1.4994307932436,21.714311579817,0.01,145,4025,1,100
160,"Acroteriobatus_leucospilus","Acroteriobatus leucospilus",1.49842204817514,18.6227437137317,0.01,145,4025,1,100
161,"Hemiscyllium_hallstromi","Hemiscyllium hallstromi",1.4922772266415,23.1900304416575,0.01,145,4025,1,100
162,"Hydrolagus_marmoratus","Hydrolagus marmoratus",1.49004364542934,28.5091822967284,0.01,145,4025,1,100
163,"Deania_quadrispinosa","Deania quadrispinosa",1.48776966454549,22.1665837764499,0.01,145,4025,1,100
164,"Chiloscyllium_hasseltii","Chiloscyllium hasseltii",1.46188938045798,22.2849813991869,0.01,145,4025,1,100
165,"Chiloscyllium_griseum","Chiloscyllium griseum",1.45986247983018,21.7030981247151,0.01,145,4025,1,100
166,"Hydrolagus_matallanasi","Hydrolagus matallanasi",1.45677609301682,22.0075548621138,0.01,145,4025,1,100
167,"Chiloscyllium_arabicum","Chiloscyllium arabicum",1.45013555812726,22.1930045947932,0.01,145,4025,1,100
168,"Hydrolagus_trolli","Hydrolagus trolli",1.44652110344593,29.5335693831708,0.01,145,4025,1,100
169,"Chimaera_jordani","Chimaera jordani",1.44151127735983,23.0931323299086,0.01,145,4025,1,100
170,"Centrophorus_moluccensis","Centrophorus moluccensis",1.43316916390019,23.1445857102436,0.01,145,4025,1,100
171,"Centrophorus_westraliensis","Centrophorus westraliensis",1.42247534790267,22.2376650905552,0.01,145,4025,1,100
172,"Rhinobatos_productus","Rhinobatos productus",1.41673940715911,22.3579046571092,0.01,145,4025,1,100
173,"Centrophorus_lusitanicus","Centrophorus lusitanicus",1.41560113686786,24.4201256880992,0.01,145,4025,1,100
174,"Rhinobatos_leucorhynchus","Rhinobatos leucorhynchus",1.41477457080919,23.4645417150827,0.01,145,4025,1,100
175,"Zameus_ichiharai","Zameus ichiharai",1.40600590198446,25.6018852446926,0.01,145,4025,1,100
176,"Hydrolagus_mirabilis","Hydrolagus mirabilis",1.40451310442384,28.6468510693334,0.01,145,4025,1,100
177,"Rhinobatos_nudidorsalis","Rhinobatos nudidorsalis",1.40370879749125,23.2927755488801,0.01,145,4025,1,100
178,"Centrophorus_tessellatus","Centrophorus tessellatus",1.39347142322143,22.2272142203455,0.01,145,4025,1,100
179,"Chimaera_bahamaensis","Chimaera bahamaensis",1.38611162426358,24.1552403013577,0.01,145,4025,1,100
180,"Narcine_tasmaniensis","Narcine tasmaniensis",1.37846698079522,29.3500304757363,0.01,145,4025,1,100
181,"Rhynchobatus_djiddensis","Rhynchobatus djiddensis",1.37776362415922,26.3917375658111,0.01,145,4025,1,100
182,"Hydrolagus_affinis","Hydrolagus affinis",1.37605301661283,27.8440348469719,0.01,145,4025,1,100
183,"Squatina_armata","Squatina armata",1.37105241456539,21.5735139779654,0.01,145,4025,1,100
184,"Dalatias_licha","Dalatias licha",1.36877940521987,27.9522450939594,0.01,145,4025,1,100
185,"Mollisquama_parini","Mollisquama parini",1.36752830367193,27.776822905363,0.01,145,4025,1,100
186,"Acroteriobatus_blochii","Acroteriobatus blochii",1.36105033073949,23.8373046642153,0.01,145,4025,1,100
187,"Rhinobatos_percellens","Rhinobatos percellens",1.35138333967725,21.9244208546272,0.01,145,4025,1,100
188,"Narcine_prodorsalis","Narcine prodorsalis",1.34583053614516,28.3956785988607,0.01,145,4025,1,100
189,"Rhinobatos_glaucostigma","Rhinobatos glaucostigma",1.33834673702818,21.5648136326529,0.01,145,4025,1,100
190,"Zameus_squamulosus","Zameus squamulosus",1.33582149983379,22.8004796387302,0.01,145,4025,1,100
191,"Rhinobatos_albomaculatus","Rhinobatos albomaculatus",1.3357016020891,21.3429552841036,0.01,145,4025,1,100
192,"Rhinobatos_lionotus","Rhinobatos lionotus",1.33332439705995,22.3375624494965,0.01,145,4025,1,100
193,"Centrophorus_granulosus","Centrophorus granulosus",1.32943116987922,22.6090767297422,0.01,145,4025,1,100
194,"Hydrolagus_macrophthalmus","Hydrolagus macrophthalmus",1.32407681257967,24.3867876795112,0.01,145,4025,1,100
195,"Benthobatis_moresbyi","Benthobatis moresbyi",1.32246686677312,28.0747304061572,0.01,145,4025,1,100
196,"Hydrolagus_alphus","Hydrolagus alphus",1.32179341671168,22.5486882959753,0.01,145,4025,1,100
197,"Rhinobatos_planiceps","Rhinobatos planiceps",1.31975577153539,20.4258443600336,0.01,145,4025,1,100
198,"Hydrolagus_purpurescens","Hydrolagus purpurescens",1.31942834304513,24.3448366337733,0.01,145,4025,1,100
199,"Hydrolagus_lusitanicus","Hydrolagus lusitanicus",1.31690111202944,25.4841807826974,0.01,145,4025,1,100
200,"Acroteriobatus_salalah","Acroteriobatus salalah",1.31626001247841,18.8293456139319,0.01,145,4025,1,100
201,"Rhinobatos_sainsburyi","Rhinobatos sainsburyi",1.3053126579457,20.9163665876575,0.01,145,4025,1,100
202,"Centrophorus_harrissoni","Centrophorus harrissoni",1.30372954404272,23.3482361018948,0.01,145,4025,1,100
203,"Squaliolus_laticaudus","Squaliolus laticaudus",1.29471825388249,24.3075245707238,0.01,145,4025,1,100
204,"Cephalurus_cephalus","Cephalurus cephalus",1.29192027862025,21.9311774011528,0.01,145,4025,1,100
205,"Centrophorus_seychellorum","Centrophorus seychellorum",1.29082328353789,22.7214264305741,0.01,145,4025,1,100
206,"Chimaera_cubana","Chimaera cubana",1.28838971214657,22.0848133965173,0.01,145,4025,1,100
207,"Benthobatis_marcida","Benthobatis marcida",1.28726818971176,27.9419525109293,0.01,145,4025,1,100
208,"Rhinobatos_rhinobatos","Rhinobatos rhinobatos",1.28598844514433,22.879825669181,0.01,145,4025,1,100
209,"Rhynchobatus_australiae","Rhynchobatus australiae",1.28518919507824,25.4000715016078,0.01,145,4025,1,100
210,"Chimaera_fulva","Chimaera fulva",1.28442457260914,24.8482491826281,0.01,145,4025,1,100
211,"Benthobatis_kreffti","Benthobatis kreffti",1.27981685424191,28.2575571037824,0.01,145,4025,1,100
212,"Centrophorus_isodon","Centrophorus isodon",1.27938824057731,24.2385559973666,0.01,145,4025,1,100
213,"Hexatrygon_bickelli","Hexatrygon bickelli",1.27557093263155,23.9392359494067,0.01,145,4025,1,100
214,"Squatina_pseudocellata","Squatina pseudocellata",1.26987720646151,25.0927707041185,0.01,145,4025,1,100
215,"Rhynchobatus_luebberti","Rhynchobatus luebberti",1.26601055899668,25.5513983390537,0.01,145,4025,1,100
216,"Benthobatis_yangi","Benthobatis yangi",1.26574759166963,27.6756114454187,0.01,145,4025,1,100
217,"Rhinobatos_prahli","Rhinobatos prahli",1.25976980826628,22.3005183236802,0.01,145,4025,1,100
218,"Squatina_aculeata","Squatina aculeata",1.25956934427842,23.6309720444374,0.01,145,4025,1,100
219,"Chimaera_panthera","Chimaera panthera",1.25443399206698,24.288656556303,0.01,145,4025,1,100
220,"Squatina_australis","Squatina australis",1.25379765363513,22.2999411122119,0.01,145,4025,1,100
221,"Narcine_lasti","Narcine lasti",1.2499900038333,29.7125368293171,0.01,145,4025,1,100
222,"Planonasus_parini","Planonasus parini",1.24982713463817,20.5401111506544,0.01,145,4025,1,100
223,"Chimaera_opalescens","Chimaera opalescens",1.24645536176976,23.4128343171976,0.01,145,4025,1,100
224,"Squatina_albipunctata","Squatina albipunctata",1.24356416077103,24.2076647064965,0.01,145,4025,1,100
225,"Rhinobatos_annandalei","Rhinobatos annandalei",1.23969213682062,24.2754035396349,0.01,145,4025,1,100
226,"Acroteriobatus_variegatus","Acroteriobatus variegatus",1.23969213682062,24.2754035396349,0.01,145,4025,1,100
227,"Acroteriobatus_ocellatus","Acroteriobatus ocellatus",1.23329660674407,17.3607172161348,0.01,145,4025,1,100
228,"Rhynchobatus_springeri","Rhynchobatus springeri",1.22744832698852,20.4252213352595,0.01,145,4025,1,100
229,"Squatina_occulta","Squatina occulta",1.22540562887915,22.1445208503572,0.01,145,4025,1,100
230,"Pseudotriakis_microdon","Pseudotriakis microdon",1.22534619805376,20.6334533472035,0.01,145,4025,1,100
231,"Rhynchobatus_laevis","Rhynchobatus laevis",1.22088960432271,20.375209182815,0.01,145,4025,1,100
232,"Rhinobatos_lentiginosus","Rhinobatos lentiginosus",1.21215388241379,17.3343798465849,0.01,145,4025,1,100
233,"Squatina_africana","Squatina africana",1.20947127749556,23.899597526457,0.01,145,4025,1,100
234,"Hydrolagus_mccoskeri","Hydrolagus mccoskeri",1.20751290855285,23.5386874544113,0.01,145,4025,1,100
235,"Narcine_leoparda","Narcine leoparda",1.20278488997127,26.1930409330553,0.01,145,4025,1,100
236,"Hydrolagus_pallidus","Hydrolagus pallidus",1.19895662041721,21.4606974318393,0.01,145,4025,1,100
237,"Squatina_argentina","Squatina argentina",1.19360980259544,21.0210103814156,0.01,145,4025,1,100
238,"Squatina_oculata","Squatina oculata",1.19282122615462,22.7053082350123,0.01,145,4025,1,100
239,"Isistius_plutodus","Isistius plutodus",1.18404686622181,26.8199175432755,0.01,145,4025,1,100
240,"Squatina_tergocellata","Squatina tergocellata",1.18284793325295,22.5853292592772,0.01,145,4025,1,100
241,"Acroteriobatus_zanzibarensis","Acroteriobatus zanzibarensis",1.18284503313271,18.9326666482325,0.01,145,4025,1,100
242,"Glaucostegus_typus","Glaucostegus typus",1.18009267161168,22.7210647709842,0.01,145,4025,1,100
243,"Squatina_tergocellatoides","Squatina tergocellatoides",1.17215440324778,22.2261741997438,0.01,145,4025,1,100
244,"Isistius_brasiliensis","Isistius brasiliensis",1.1693253351373,25.8788258151989,0.01,145,4025,1,100
245,"Squatina_guggenheim","Squatina guggenheim",1.16769732234495,21.9788811007658,0.01,145,4025,1,100
246,"Squatina_formosa","Squatina formosa",1.15987630031552,23.8879316875231,0.01,145,4025,1,100
247,"Poroderma_pantherinum","Poroderma pantherinum",1.15406079710926,21.8819573561105,0.01,145,4025,1,100
248,"Glaucostegus_thouin","Glaucostegus thouin",1.15332217194456,22.1824427548904,0.01,145,4025,1,100
249,"Poroderma_africanum","Poroderma africanum",1.15244978879208,22.8138788747071,0.01,145,4025,1,100
250,"Rhinobatos_horkelii","Rhinobatos horkelii",1.14772761786815,18.0237546757865,0.01,145,4025,1,100
251,"Trigonognathus_kabeyai","Trigonognathus kabeyai",1.1398716687174,24.5330945192224,0.01,145,4025,1,100
252,"Rhynchobatus_palpebratus","Rhynchobatus palpebratus",1.13746934014667,22.0262596320033,0.01,145,4025,1,100
253,"Isistius_labialis","Isistius labialis",1.13693000358281,25.1655738904277,0.01,145,4025,1,100
254,"Rhinobatos_irvinei","Rhinobatos irvinei",1.13585087446201,16.5744123363461,0.01,145,4025,1,100
255,"Glaucostegus_microphthalmus","Glaucostegus microphthalmus",1.13581476178208,21.4284644585522,0.01,145,4025,1,100
256,"Glaucostegus_obtusus","Glaucostegus obtusus",1.13321530142558,21.7628019918979,0.01,145,4025,1,100
257,"Squaliolus_aliae","Squaliolus aliae",1.12542170363333,27.2205969202164,0.01,145,4025,1,100
258,"Squatina_californica","Squatina californica",1.1213686457569,21.1522578448978,0.01,145,4025,1,100
259,"Squatina_dumeril","Squatina dumeril",1.11306096120916,20.5238639868149,0.01,145,4025,1,100
260,"Glaucostegus_spinosus","Glaucostegus spinosus",1.10811772471592,21.4571599587316,0.01,145,4025,1,100
261,"Heteroscymnoides_marleyi","Heteroscymnoides marleyi",1.10399007222033,26.0797118704817,0.01,145,4025,1,100
262,"Squatina_nebulosa","Squatina nebulosa",1.09405730590369,23.836710227526,0.01,145,4025,1,100
263,"Squatina_squatina","Squatina squatina",1.07380517376689,19.9701710688792,0.01,145,4025,1,100
264,"Narcine_bicolor","Narcine bicolor",1.0652808235222,26.7716069778923,0.01,145,4025,1,100
265,"Chimaera_monstrosa","Chimaera monstrosa",1.05936954670051,22.226734686782,0.01,145,4025,1,100
266,"Hydrolagus_novaezealandiae","Hydrolagus novaezealandiae",1.04214662531721,21.6275820541316,0.01,145,4025,1,100
267,"Rhinobatos_schlegelii","Rhinobatos schlegelii",1.04129013207371,23.1040746227173,0.01,145,4025,1,100
268,"Rhinobatos_punctifer","Rhinobatos punctifer",1.03576498120216,21.4102348009687,0.01,145,4025,1,100
269,"Chimaera_macrospina","Chimaera macrospina",1.03121063776386,21.3819674186826,0.01,145,4025,1,100
270,"Centroscymnus_coelolepis","Centroscymnus coelolepis",1.01854269715264,23.389734971854,0.01,145,4025,1,100
271,"Oxynotus_caribbaeus","Oxynotus caribbaeus",1.00953998978615,27.6024267491528,0.01,145,4025,1,100
272,"Squatina_legnota","Squatina legnota",1.00809062483831,20.7132476453886,0.01,145,4025,1,100
273,"Rhinobatos_formosensis","Rhinobatos formosensis",1.00493295646296,22.3153796909399,0.01,145,4025,1,100
274,"Rhinobatos_hynnicephalus","Rhinobatos hynnicephalus",1.00205109174162,22.9049333739955,0.01,145,4025,1,100
275,"Euprotomicroides_zantedeschia","Euprotomicroides zantedeschia",0.990204788438171,25.842555865563,0.01,145,4025,1,100
276,"Scymnodon_ringens","Scymnodon ringens",0.989923731937119,27.7049458674679,0.01,145,4025,1,100
277,"Narcine_entemedor","Narcine entemedor",0.986556341016453,26.5499650081261,0.01,145,4025,1,100
278,"Sinobatis_bulbicauda","Sinobatis bulbicauda",0.982230528112904,23.8131030561907,0.01,145,4025,1,100
279,"Discopyge_castelloi","Discopyge castelloi",0.978940511374772,25.681391498347,0.01,145,4025,1,100
280,"Discopyge_tschudii","Discopyge tschudii",0.978940511374772,25.681391498347,0.01,145,4025,1,100
281,"Heteronarce_garmani","Heteronarce garmani",0.977027961997444,27.6504014961695,0.01,145,4025,1,100
282,"Cruriraja_parcomaculata","Cruriraja parcomaculata",0.97188148566819,20.5388545334167,0.01,145,4025,1,100
283,"Chimaera_lignaria","Chimaera lignaria",0.966180913697299,20.9454468906647,0.01,145,4025,1,100
284,"Chimaera_notafricana","Chimaera notafricana",0.966180913697299,20.9454468906647,0.01,145,4025,1,100
285,"Euprotomicrus_bispinatus","Euprotomicrus bispinatus",0.965741067939093,26.9104201562701,0.01,145,4025,1,100
286,"Sinobatis_filicauda","Sinobatis filicauda",0.964928569320695,22.2853096068055,0.01,145,4025,1,100
287,"Scymnodalatias_sherwoodi","Scymnodalatias sherwoodi",0.954441731383457,23.5915546474965,0.01,145,4025,1,100
288,"Scymnodalatias_albicauda","Scymnodalatias albicauda",0.953357474658565,22.7066203181763,0.01,145,4025,1,100
289,"Proscyllium_habereri","Proscyllium habereri",0.952058864381777,24.9364623635038,0.01,145,4025,1,100
290,"Scymnodalatias_garricki","Scymnodalatias garricki",0.946559663671639,22.3797478987184,0.01,145,4025,1,100
291,"Torpedo_tokionis","Torpedo tokionis",0.941687376000165,31.591568296294,0.01,145,4025,1,100
292,"Oxynotus_paradoxus","Oxynotus paradoxus",0.934307016576777,24.3067876973912,0.01,145,4025,1,100
293,"Torpedo_suessii","Torpedo suessii",0.918342267357178,29.1515500295144,0.01,145,4025,1,100
294,"Torpedo_bauchotae","Torpedo bauchotae",0.916489451058097,29.6018947411939,0.01,145,4025,1,100
295,"Proscymnodon_macracanthus","Proscymnodon macracanthus",0.909435926274639,25.8783536998573,0.01,145,4025,1,100
296,"Cirrhigaleus_australis","Cirrhigaleus australis",0.90662429824594,29.674052743609,0.01,145,4025,1,100
297,"Narcine_westraliensis","Narcine westraliensis",0.900374429836917,23.3909042061353,0.01,145,4025,1,100
298,"Oxynotus_bruniensis","Oxynotus bruniensis",0.897349211311418,25.8150757624471,0.01,145,4025,1,100
299,"Proscymnodon_plunketi","Proscymnodon plunketi",0.895465663480813,24.7745096554771,0.01,145,4025,1,100
300,"Scyliorhinus_haeckelii","Scyliorhinus haeckelii",0.884979922582884,24.226851713547,0.01,145,4025,1,100
301,"Scyliorhinus_capensis","Scyliorhinus capensis",0.862503446184894,24.8465364752177,0.01,145,4025,1,100
302,"Oxynotus_japonicus","Oxynotus japonicus",0.861478321495411,24.7404572203266,0.01,145,4025,1,100
303,"Scymnodalatias_oligodon","Scymnodalatias oligodon",0.857468774362147,20.9489099171067,0.01,145,4025,1,100
304,"Scyliorhinus_torrei","Scyliorhinus torrei",0.857195425103338,24.7574388948041,0.01,145,4025,1,100
305,"Oxynotus_centrina","Oxynotus centrina",0.853593549991588,23.9919908211857,0.01,145,4025,1,100
306,"Cirrhigaleus_asper","Cirrhigaleus asper",0.851511683020032,21.1602469725417,0.01,145,4025,1,100
307,"Diplobatis_guamachensis","Diplobatis guamachensis",0.850206567855274,26.2374272153986,0.01,145,4025,1,100
308,"Hydrolagus_bemisi","Hydrolagus bemisi",0.839741222367104,17.7502501542695,0.01,145,4025,1,100
309,"Gollum_attenuatus","Gollum attenuatus",0.836250604083855,20.5537001864236,0.01,145,4025,1,100
310,"Centroscymnus_owstonii","Centroscymnus owstonii",0.835859031072402,21.8376342427789,0.01,145,4025,1,100
311,"Cirrhigaleus_barbifer","Cirrhigaleus barbifer",0.829447979926448,27.5476946090583,0.01,145,4025,1,100
312,"Cephaloscyllium_maculatum","Cephaloscyllium maculatum",0.813527355364516,30.0372929392386,0.01,145,4025,1,100
313,"Proscyllium_magnificum","Proscyllium magnificum",0.805240925673277,24.7526856237909,0.01,145,4025,1,100
314,"Proscyllium_venustum","Proscyllium venustum",0.804312778556725,23.4132570602023,0.01,145,4025,1,100
315,"Scyliorhinus_canicula","Scyliorhinus canicula",0.79651711641692,25.1245252804209,0.01,145,4025,1,100
316,"Etmopterus_joungi","Etmopterus joungi",0.786947171956072,28.8409740845965,0.01,145,4025,1,100
317,"Etmopterus_dislineatus","Etmopterus dislineatus",0.777946779082909,29.3021927185112,0.01,145,4025,1,100
318,"Heteronarce_bentuviai","Heteronarce bentuviai",0.770621591240951,23.6142830064714,0.01,145,4025,1,100
319,"Heteronarce_mollis","Heteronarce mollis",0.770621591240951,23.6142830064714,0.01,145,4025,1,100
320,"Narcine_brasiliensis","Narcine brasiliensis",0.763505188964427,27.2272128245147,0.01,145,4025,1,100
321,"Eridacnis_barbouri","Eridacnis barbouri",0.761941123623463,24.1661301800787,0.01,145,4025,1,100
322,"Heteronarce_prabhui","Heteronarce prabhui",0.760770803229394,24.7572267329454,0.01,145,4025,1,100
323,"Squalus_megalops","Squalus megalops",0.758746871231587,27.4590251426775,0.01,145,4025,1,100
324,"Torpedo_semipelagica","Torpedo semipelagica",0.758156113293749,26.6380848614396,0.01,145,4025,1,100
325,"Gollum_suluensis","Gollum suluensis",0.756507241207921,18.7298216458781,0.01,145,4025,1,100
326,"Narcine_ornata","Narcine ornata",0.753806631453048,23.8692209534352,0.01,145,4025,1,100
327,"Ctenacis_fehlmanni","Ctenacis fehlmanni",0.753693626322716,23.0845692803695,0.01,145,4025,1,100
328,"Torpedo_torpedo","Torpedo torpedo",0.753064553684919,29.5332112777828,0.01,145,4025,1,100
329,"Eridacnis_radcliffei","Eridacnis radcliffei",0.752707217361896,24.0195552217847,0.01,145,4025,1,100
330,"Eridacnis_sinuans","Eridacnis sinuans",0.751687848227943,23.5814273312617,0.01,145,4025,1,100
331,"Scyliorhinus_comoroensis","Scyliorhinus comoroensis",0.75097379852164,24.9531097504204,0.01,145,4025,1,100
332,"Cephaloscyllium_pardelotum","Cephaloscyllium pardelotum",0.746003776424981,29.6252138342439,0.01,145,4025,1,100
333,"Narcine_maculata","Narcine maculata",0.74428220338421,26.4233672428824,0.01,145,4025,1,100
334,"Crassinarke_dormitor","Crassinarke dormitor",0.74221315972236,22.9452811806817,0.01,145,4025,1,100
335,"Squalus_acanthias","Squalus acanthias",0.740193115888774,23.7771717430122,0.01,145,4025,1,100
336,"Squalus_griffini","Squalus griffini",0.73906723580477,22.5739464606283,0.01,145,4025,1,100
337,"Typhlonarke_tarakea","Typhlonarke tarakea",0.738741771688318,22.4972019406197,0.01,145,4025,1,100
338,"Narcine_nelsoni","Narcine nelsoni",0.738206469384829,26.4102369194056,0.01,145,4025,1,100
339,"Cephaloscyllium_speccum","Cephaloscyllium speccum",0.737509562704938,27.9227194954596,0.01,145,4025,1,100
340,"Narcine_vermiculatus","Narcine vermiculatus",0.737134017541191,28.4847939996609,0.01,145,4025,1,100
341,"Temera_hardwickii","Temera hardwickii",0.737076447640387,21.9334333787645,0.01,145,4025,1,100
342,"Centroscyllium_ritteri","Centroscyllium ritteri",0.735213203281961,22.7648085838599,0.01,145,4025,1,100
343,"Centroscyllium_ornatum","Centroscyllium ornatum",0.731592430803823,23.2348424890673,0.01,145,4025,1,100
344,"Squalus_notocaudatus","Squalus notocaudatus",0.729394462956801,23.4545177077622,0.01,145,4025,1,100
345,"Narcine_firma","Narcine firma",0.729227522240617,26.2172426007748,0.01,145,4025,1,100
346,"Scyliorhinus_stellaris","Scyliorhinus stellaris",0.727730096977023,22.543000033902,0.01,145,4025,1,100
347,"Typhlonarke_aysoni","Typhlonarke aysoni",0.726347646502326,22.4471897881752,0.01,145,4025,1,100
348,"Scyliorhinus_tokubee","Scyliorhinus tokubee",0.725743475945028,27.1413018720502,0.01,145,4025,1,100
349,"Cephaloscyllium_sarawakensis","Cephaloscyllium sarawakensis",0.724909176004118,31.0013414645032,0.01,145,4025,1,100
350,"Cephaloscyllium_cooki","Cephaloscyllium cooki",0.721413434112569,26.6999614048767,0.01,145,4025,1,100
351,"Narke_capensis","Narke capensis",0.719693837782555,22.0410906112316,0.01,145,4025,1,100
352,"Narcine_brevilabiata","Narcine brevilabiata",0.718939159798181,24.8795859350459,0.01,145,4025,1,100
353,"Aculeola_nigra","Aculeola nigra",0.718863622073628,22.0638887954101,0.01,145,4025,1,100
354,"Torpedo_marmorata","Torpedo marmorata",0.716860505415551,28.783052065577,0.01,145,4025,1,100
355,"Electrolux_addisoni","Electrolux addisoni",0.714894184918873,21.7996410354047,0.01,145,4025,1,100
356,"Torpedo_panthera","Torpedo panthera",0.713075378865257,27.3254227412911,0.01,145,4025,1,100
357,"Etmopterus_lucifer","Etmopterus lucifer",0.711952758744721,28.207622954199,0.01,145,4025,1,100
358,"Narke_dipterygia","Narke dipterygia",0.711298768674107,21.3247735124386,0.01,145,4025,1,100
359,"Etmopterus_hillianus","Etmopterus hillianus",0.710763759099554,27.1346294395188,0.01,145,4025,1,100
360,"Squalus_suckleyi","Squalus suckleyi",0.706912275415545,23.5822523951332,0.01,145,4025,1,100
361,"Scyliorhinus_hesperius","Scyliorhinus hesperius",0.706023744240406,23.7997851299835,0.01,145,4025,1,100
362,"Centroscyllium_kamoharai","Centroscyllium kamoharai",0.701673977675779,23.1737173580241,0.01,145,4025,1,100
363,"Centroscyllium_nigrum","Centroscyllium nigrum",0.701673977675779,23.1737173580241,0.01,145,4025,1,100
364,"Narke_japonica","Narke japonica",0.700751518192028,20.8981468847576,0.01,145,4025,1,100
365,"Cephaloscyllium_variegatum","Cephaloscyllium variegatum",0.700394491438675,28.1460847478816,0.01,145,4025,1,100
366,"Torpedo_microdiscus","Torpedo microdiscus",0.699527678165395,26.7464619385834,0.01,145,4025,1,100
367,"Torpedo_peruana","Torpedo peruana",0.697322070294652,26.6970288832083,0.01,145,4025,1,100
368,"Scyliorhinus_besnardi","Scyliorhinus besnardi",0.696776948790587,24.1835524933994,0.01,145,4025,1,100
369,"Scyliorhinus_torazame","Scyliorhinus torazame",0.696156276183341,24.1047239971774,0.01,145,4025,1,100
370,"Diplobatis_colombiensis","Diplobatis colombiensis",0.695482681146579,26.0474726123226,0.01,145,4025,1,100
371,"Etmopterus_molleri","Etmopterus molleri",0.6922074674257,26.2133599819606,0.01,145,4025,1,100
372,"Torpedo_zugmayeri","Torpedo zugmayeri",0.690183064249982,27.7106479422849,0.01,145,4025,1,100
373,"Torpedo_fuscomaculata","Torpedo fuscomaculata",0.689035352646765,27.6227247015748,0.01,145,4025,1,100
374,"Cephaloscyllium_laticeps","Cephaloscyllium laticeps",0.682755030774225,27.9442429096382,0.01,145,4025,1,100
375,"Cephaloscyllium_silasi","Cephaloscyllium silasi",0.682509237062689,26.2597012007214,0.01,145,4025,1,100
376,"Narcine_rierai","Narcine rierai",0.681818332335128,24.8795859350459,0.01,145,4025,1,100
377,"Scyliorhinus_garmani","Scyliorhinus garmani",0.681170766971229,25.3645753616444,0.01,145,4025,1,100
378,"Cephaloscyllium_isabellum","Cephaloscyllium isabellum",0.680651639464687,28.6767699283083,0.01,145,4025,1,100
379,"Torpedo_tremens","Torpedo tremens",0.67958528637894,26.0383568644379,0.01,145,4025,1,100
380,"Diplobatis_pictus","Diplobatis pictus",0.679118740581994,26.6351848883949,0.01,145,4025,1,100
381,"Cephaloscyllium_zebrum","Cephaloscyllium zebrum",0.679096437904125,28.2829785503293,0.01,145,4025,1,100
382,"Cephaloscyllium_umbratile","Cephaloscyllium umbratile",0.676859275095046,28.6674661484737,0.01,145,4025,1,100
383,"Squalus_altipinnis","Squalus altipinnis",0.672689859055749,20.4637864813112,0.01,145,4025,1,100
384,"Cephaloscyllium_albipinnum","Cephaloscyllium albipinnum",0.672082566952236,27.4081501996829,0.01,145,4025,1,100
385,"Scyliorhinus_boa","Scyliorhinus boa",0.671561787524498,22.8601088485396,0.01,145,4025,1,100
386,"Scyliorhinus_meadi","Scyliorhinus meadi",0.670507600497828,23.4833052406586,0.01,145,4025,1,100
387,"Scyliorhinus_cervigoni","Scyliorhinus cervigoni",0.670109659673064,22.393674903653,0.01,145,4025,1,100
388,"Etmopterus_caudistigmus","Etmopterus caudistigmus",0.66972206252988,27.3118362021221,0.01,145,4025,1,100
389,"Torpedo_andersoni","Torpedo andersoni",0.666373276861296,25.7648364323576,0.01,145,4025,1,100
390,"Torpedo_californica","Torpedo californica",0.665644090273137,25.7175947736581,0.01,145,4025,1,100
391,"Cephaloscyllium_hiscosellum","Cephaloscyllium hiscosellum",0.662118065794119,28.2555862937628,0.01,145,4025,1,100
392,"Etmopterus_decacuspidatus","Etmopterus decacuspidatus",0.660669440638064,27.195084461568,0.01,145,4025,1,100
393,"Torpedo_mackayana","Torpedo mackayana",0.656882270839543,23.827945523447,0.01,145,4025,1,100
394,"Centroscyllium_granulatum","Centroscyllium granulatum",0.655498555230637,22.2230297725643,0.01,145,4025,1,100
395,"Etmopterus_viator","Etmopterus viator",0.652137447751978,24.6552003319462,0.01,145,4025,1,100
396,"Scyliorhinus_retifer","Scyliorhinus retifer",0.651854647161909,21.9857738849866,0.01,145,4025,1,100
397,"Diplobatis_ommata","Diplobatis ommata",0.649693592748897,26.3000454541493,0.01,145,4025,1,100
398,"Torpedo_nobiliana","Torpedo nobiliana",0.641589193172252,24.8507361954043,0.01,145,4025,1,100
399,"Centroscyllium_excelsum","Centroscyllium excelsum",0.641352980740369,22.0154796093157,0.01,145,4025,1,100
400,"Squalus_japonicus","Squalus japonicus",0.640912046109717,24.9406956379176,0.01,145,4025,1,100
401,"Torpedo_sinuspersici","Torpedo sinuspersici",0.639619263456675,25.4261330453867,0.01,145,4025,1,100
402,"Etmopterus_sheikoi","Etmopterus sheikoi",0.63941524316721,24.9035224721406,0.01,145,4025,1,100
403,"Narcine_bancroftii","Narcine bancroftii",0.639244362537926,22.7583114332617,0.01,145,4025,1,100
404,"Cephaloscyllium_pictum","Cephaloscyllium pictum",0.636934745510518,23.5552192266071,0.01,145,4025,1,100
405,"Etmopterus_brachyurus","Etmopterus brachyurus",0.630844579204015,25.1284989321551,0.01,145,4025,1,100
406,"Squalus_brevirostris","Squalus brevirostris",0.62937101755529,22.6338943171477,0.01,145,4025,1,100
407,"Centroscyllium_fabricii","Centroscyllium fabricii",0.628878779732986,21.2853772688989,0.01,145,4025,1,100
408,"Torpedo_alexandrinsis","Torpedo alexandrinsis",0.628266000286599,24.8772660641678,0.01,145,4025,1,100
409,"Squalus_nasutus","Squalus nasutus",0.624784972470108,24.96883124584,0.01,145,4025,1,100
410,"Squalus_melanurus","Squalus melanurus",0.624439852732965,22.9274348592975,0.01,145,4025,1,100
411,"Squalus_crassispinus","Squalus crassispinus",0.624360702150028,25.4764659606424,0.01,145,4025,1,100
412,"Etmopterus_evansi","Etmopterus evansi",0.623592973278759,25.8576707271904,0.01,145,4025,1,100
413,"Torpedo_fairchildi","Torpedo fairchildi",0.621400292023425,22.4697609463425,0.01,145,4025,1,100
414,"Torpedo_puelcha","Torpedo puelcha",0.620185952795996,24.169345329221,0.01,145,4025,1,100
415,"Etmopterus_sculptus","Etmopterus sculptus",0.619037326988343,25.8757075118154,0.01,145,4025,1,100
416,"Etmopterus_schmidti","Etmopterus schmidti",0.617759369043014,24.9451039036627,0.01,145,4025,1,100
417,"Squalus_rancureli","Squalus rancureli",0.61577056893533,22.9953626210239,0.01,145,4025,1,100
418,"Cephaloscyllium_sufflans","Cephaloscyllium sufflans",0.61531855620744,24.1523256805951,0.01,145,4025,1,100
419,"Narcine_timlei","Narcine timlei",0.613772196794664,22.0081522210558,0.01,145,4025,1,100
420,"Etmopterus_compagnoi","Etmopterus compagnoi",0.612763779774478,28.2089483245727,0.01,145,4025,1,100
421,"Squalus_hemipinnis","Squalus hemipinnis",0.611253701377176,24.9338499953649,0.01,145,4025,1,100
422,"Cephaloscyllium_fasciatum","Cephaloscyllium fasciatum",0.609511702290668,22.7842647681805,0.01,145,4025,1,100
423,"Squalus_raoulensis","Squalus raoulensis",0.608963168706775,24.1239096215721,0.01,145,4025,1,100
424,"Squalus_bucephalus","Squalus bucephalus",0.607809917341951,23.2463543091463,0.01,145,4025,1,100
425,"Narcine_atzi","Narcine atzi",0.607319032755342,23.2038045187773,0.01,145,4025,1,100
426,"Squalus_albifrons","Squalus albifrons",0.605680249998199,21.7816465338458,0.01,145,4025,1,100
427,"Torpedo_polleni","Torpedo polleni",0.605101011709959,22.8576830267775,0.01,145,4025,1,100
428,"Squalus_cubensis","Squalus cubensis",0.601797356989411,23.0158532363974,0.01,145,4025,1,100
429,"Torpedo_macneilli","Torpedo macneilli",0.601134513699212,23.909139559816,0.01,145,4025,1,100
430,"Squalus_mitsukurii","Squalus mitsukurii",0.60047784642221,21.8973626448729,0.01,145,4025,1,100
431,"Sinobatis_melanosoma","Sinobatis melanosoma",0.59951002455944,17.8455680179651,0.01,145,4025,1,100
432,"Squalus_lalannei","Squalus lalannei",0.599086812660523,25.1220081432563,0.01,145,4025,1,100
433,"Squalus_chloroculus","Squalus chloroculus",0.59664165538267,21.2880438888396,0.01,145,4025,1,100
434,"Etmopterus_schultzi","Etmopterus schultzi",0.594673360970987,25.3849684803443,0.01,145,4025,1,100
435,"Narcine_lingula","Narcine lingula",0.59437674931811,22.2340108549205,0.01,145,4025,1,100
436,"Squalus_edmundsi","Squalus edmundsi",0.594335554273467,24.3722555187766,0.01,145,4025,1,100
437,"Squalus_montalbani","Squalus montalbani",0.593435564270003,20.6596500307567,0.01,145,4025,1,100
438,"Squalus_formosus","Squalus formosus",0.592093248086883,25.2737954980856,0.01,145,4025,1,100
439,"Etmopterus_robinsi","Etmopterus robinsi",0.591784887549039,22.8126103581753,0.01,145,4025,1,100
440,"Etmopterus_bigelowi","Etmopterus bigelowi",0.586925963822771,25.5353116510668,0.01,145,4025,1,100
441,"Squalus_grahami","Squalus grahami",0.586578568176185,21.8522042234738,0.01,145,4025,1,100
442,"Narcine_brunnea","Narcine brunnea",0.584793510783528,21.1728402618849,0.01,145,4025,1,100
443,"Narcine_oculifera","Narcine oculifera",0.580186819296027,22.0488338030664,0.01,145,4025,1,100
444,"Etmopterus_sentosus","Etmopterus sentosus",0.579398360812991,24.1014025757972,0.01,145,4025,1,100
445,"Narcine_insolita","Narcine insolita",0.579133583522243,21.5520408916678,0.01,145,4025,1,100
446,"Squalus_blainville","Squalus blainville",0.575550001888389,23.9225141458769,0.01,145,4025,1,100
447,"Etmopterus_virens","Etmopterus virens",0.572940548629442,24.2716521207148,0.01,145,4025,1,100
448,"Etmopterus_granulosus","Etmopterus granulosus",0.569183185090722,26.5717717722139,0.01,145,4025,1,100
449,"Cephaloscyllium_signourum","Cephaloscyllium signourum",0.567397052608264,24.2814795944662,0.01,145,4025,1,100
450,"Cephaloscyllium_stevensi","Cephaloscyllium stevensi",0.567397052608264,24.2814795944662,0.01,145,4025,1,100
451,"Etmopterus_splendidus","Etmopterus splendidus",0.566117718024967,25.0716614380707,0.01,145,4025,1,100
452,"Etmopterus_dianthus","Etmopterus dianthus",0.565926899592199,25.3687339569077,0.01,145,4025,1,100
453,"Torpedo_formosa","Torpedo formosa",0.565815831303853,24.4580365637474,0.01,145,4025,1,100
454,"Gymnura_bimaculata","Gymnura bimaculata",0.562119868479707,29.6727136674606,0.01,145,4025,1,100
455,"Etmopterus_burgessi","Etmopterus burgessi",0.562020564070036,24.4758631425442,0.01,145,4025,1,100
456,"Cephaloscyllium_ventriosum","Cephaloscyllium ventriosum",0.557730750547314,24.9832515085181,0.01,145,4025,1,100
457,"Etmopterus_unicolor","Etmopterus unicolor",0.556531753580257,25.7149283920117,0.01,145,4025,1,100
458,"Torpedo_adenensis","Torpedo adenensis",0.553129823726447,24.0140262985382,0.01,145,4025,1,100
459,"Etmopterus_fusus","Etmopterus fusus",0.551897061659927,25.7198710964067,0.01,145,4025,1,100
460,"Gymnura_zonura","Gymnura zonura",0.545956059639353,28.3471133829218,0.01,145,4025,1,100
461,"Etmopterus_polli","Etmopterus polli",0.545658150818002,22.2018604644659,0.01,145,4025,1,100
462,"Etmopterus_princeps","Etmopterus princeps",0.543476163623695,25.3149840560482,0.01,145,4025,1,100
463,"Etmopterus_pycnolepis","Etmopterus pycnolepis",0.541116469417528,23.8451141107175,0.01,145,4025,1,100
464,"Etmopterus_carteri","Etmopterus carteri",0.540808532494761,24.2098500258829,0.01,145,4025,1,100
465,"Etmopterus_bullisi","Etmopterus bullisi",0.539756348518726,24.9367139567067,0.01,145,4025,1,100
466,"Etmopterus_villosus","Etmopterus villosus",0.539756348518726,24.9367139567067,0.01,145,4025,1,100
467,"Etmopterus_spinax","Etmopterus spinax",0.539756348518726,24.9367139567067,0.01,145,4025,1,100
468,"Etmopterus_litvinovi","Etmopterus litvinovi",0.539308583717486,24.4433513126483,0.01,145,4025,1,100
469,"Cruriraja_hulleyi","Cruriraja hulleyi",0.532285408663917,20.3816951411642,0.01,145,4025,1,100
470,"Narcine_nigra","Narcine nigra",0.526353768845692,19.3698265789454,0.01,145,4025,1,100
471,"Aetobatus_flagellum","Aetobatus flagellum",0.52161677910883,27.1310620121546,0.01,145,4025,1,100
472,"Trygonoptera_galba","Trygonoptera galba",0.514062690547254,25.2976742970048,0.01,145,4025,1,100
473,"Plesiobatis_daviesi","Plesiobatis daviesi",0.504208863407163,26.5943677051202,0.01,145,4025,1,100
474,"Etmopterus_pusillus","Etmopterus pusillus",0.497058425378316,21.5489983522487,0.01,145,4025,1,100
475,"Gymnura_australis","Gymnura australis",0.496807226242019,26.4434496425037,0.01,145,4025,1,100
476,"Aetomylaeus_vespertilio","Aetomylaeus vespertilio",0.48965394634554,25.0918484522383,0.01,145,4025,1,100
477,"Gymnura_crooki","Gymnura crooki",0.483959702657767,24.2485421866802,0.01,145,4025,1,100
478,"Pteromylaeus_asperrimus","Pteromylaeus asperrimus",0.481764315328472,25.0500829878396,0.01,145,4025,1,100
479,"Gymnura_altavela","Gymnura altavela",0.481415181590798,31.1351427593358,0.01,145,4025,1,100
480,"Etmopterus_pseudosqualiolus","Etmopterus pseudosqualiolus",0.479668558609083,20.5898552414153,0.01,145,4025,1,100
481,"Gymnura_natalensis","Gymnura natalensis",0.478060599103051,30.6774500527042,0.01,145,4025,1,100
482,"Etmopterus_gracilispinis","Etmopterus gracilispinis",0.477540652516575,21.0645694012993,0.01,145,4025,1,100
483,"Aetomylaeus_nichofii","Aetomylaeus nichofii",0.471846798387244,24.8325787802602,0.01,145,4025,1,100
484,"Gymnura_tentaculata","Gymnura tentaculata",0.471647591673773,29.87835504317,0.01,145,4025,1,100
485,"Aetomylaeus_maculatus","Aetomylaeus maculatus",0.471217390806827,25.8089840356899,0.01,145,4025,1,100
486,"Gymnura_japonica","Gymnura japonica",0.469617111566028,23.753555902063,0.01,145,4025,1,100
487,"Trygonoptera_ovalis","Trygonoptera ovalis",0.461101302027186,23.6269197751791,0.01,145,4025,1,100
488,"Etmopterus_perryi","Etmopterus perryi",0.460835405741161,20.1546680589368,0.01,145,4025,1,100
489,"Mobula_munkiana","Mobula munkiana",0.45807131801718,28.7069879596006,0.01,145,4025,1,100
490,"Mobula_eregoodootenkee","Mobula eregoodootenkee",0.45589273665258,29.7557131780088,0.01,145,4025,1,100
491,"Holohalaelurus_melanostigma","Holohalaelurus melanostigma",0.455468626903997,23.1358455890187,0.01,145,4025,1,100
492,"Myliobatis_australis","Myliobatis australis",0.45495346563668,26.477664791991,0.01,145,4025,1,100
493,"Holohalaelurus_grennian","Holohalaelurus grennian",0.45276367093238,22.8443963700242,0.01,145,4025,1,100
494,"Mobula_hypostoma","Mobula hypostoma",0.449453040373641,28.9538074385794,0.01,145,4025,1,100
495,"Mobula_tarapacana","Mobula tarapacana",0.44942482855206,28.4382797697965,0.01,145,4025,1,100
496,"Rhinoptera_hainanensis","Rhinoptera hainanensis",0.448042535439277,30.8905505250988,0.01,145,4025,1,100
497,"Rhinoptera_jayakari","Rhinoptera jayakari",0.447932597720958,29.8753295664704,0.01,145,4025,1,100
498,"Myliobatis_goodei","Myliobatis goodei",0.445923947254433,26.3512515346395,0.01,145,4025,1,100
499,"Mobula_mobular","Mobula mobular",0.445550573407976,29.407517342065,0.01,145,4025,1,100
500,"Holohalaelurus_favus","Holohalaelurus favus",0.439045907573229,22.0490673710493,0.01,145,4025,1,100
501,"Holohalaelurus_regani","Holohalaelurus regani",0.438584594230544,21.8518662493881,0.01,145,4025,1,100
502,"Sinobatis_caerulea","Sinobatis caerulea",0.435867109413861,21.1333371736765,0.01,145,4025,1,100
503,"Pteromylaeus_bovinus","Pteromylaeus bovinus",0.433999191612792,24.4142774432347,0.01,145,4025,1,100
504,"Gymnura_hirundo","Gymnura hirundo",0.433931084760273,29.722057571227,0.01,145,4025,1,100
505,"Holohalaelurus_punctatus","Holohalaelurus punctatus",0.433063999724529,22.2411036549693,0.01,145,4025,1,100
506,"Mobula_japanica","Mobula japanica",0.42860520668073,27.9981273181826,0.01,145,4025,1,100
507,"Mobula_kuhlii","Mobula kuhlii",0.419578454699724,28.2614358251779,0.01,145,4025,1,100
508,"Rhinoptera_bonasus","Rhinoptera bonasus",0.418063684008255,26.8310380339232,0.01,145,4025,1,100
509,"Pentanchus_profundicolus","Pentanchus profundicolus",0.415060393671167,22.0929559402704,0.01,145,4025,1,100
510,"Mobula_diabolus","Mobula diabolus",0.411275426209771,29.6387315061648,0.01,145,4025,1,100
511,"Rhinoptera_sewelli","Rhinoptera sewelli",0.411050889314312,29.1203743353343,0.01,145,4025,1,100
512,"Rhinoptera_marginata","Rhinoptera marginata",0.411050889314312,29.1203743353343,0.01,145,4025,1,100
513,"Myliobatis_aquila","Myliobatis aquila",0.411028214896765,23.3900594108384,0.01,145,4025,1,100
514,"Myliobatis_californicus","Myliobatis californicus",0.409581935485255,22.7989369237174,0.01,145,4025,1,100
515,"Mobula_rochebrunei","Mobula rochebrunei",0.409300326078278,27.8761981627654,0.01,145,4025,1,100
516,"Rhinoptera_steindachneri","Rhinoptera steindachneri",0.408463333211689,29.0375019509092,0.01,145,4025,1,100
517,"Urobatis_jamaicensis","Urobatis jamaicensis",0.406996931975257,23.0117574769643,0.01,145,4025,1,100
518,"Gymnura_micrura","Gymnura micrura",0.406367093299161,26.5212841357822,0.01,145,4025,1,100
519,"Rhinoptera_neglecta","Rhinoptera neglecta",0.403447612111811,28.820436811181,0.01,145,4025,1,100
520,"Myliobatis_longirostris","Myliobatis longirostris",0.402946781977979,23.2368648017861,0.01,145,4025,1,100
521,"Rhinoptera_adspersa","Rhinoptera adspersa",0.401176555932127,28.9542683465247,0.01,145,4025,1,100
522,"Bythaelurus_hispidus","Bythaelurus hispidus",0.399269833039991,26.5180440245123,0.01,145,4025,1,100
523,"Irolita_westraliensis","Irolita westraliensis",0.399010598453836,26.8780917884235,0.01,145,4025,1,100
524,"Manta_birostris","Manta birostris",0.39821375115246,26.2421412420082,0.01,145,4025,1,100
525,"Rhinoptera_javanica","Rhinoptera javanica",0.397925335048626,30.1155829756116,0.01,145,4025,1,100
526,"Trygonoptera_imitata","Trygonoptera imitata",0.395848381488879,23.2449294916258,0.01,145,4025,1,100
527,"Aetobatus_narinari","Aetobatus narinari",0.395026730039921,25.5190242216396,0.01,145,4025,1,100
528,"Gymnura_afuerae","Gymnura afuerae",0.394666401290726,25.447221837655,0.01,145,4025,1,100
529,"Bythaelurus_clevai","Bythaelurus clevai",0.391618504924152,26.7572643677013,0.01,145,4025,1,100
530,"Brochiraja_microspinifera","Brochiraja microspinifera",0.391176205505224,25.4886540643659,0.01,145,4025,1,100
531,"Urolophus_westraliensis","Urolophus westraliensis",0.390267862784039,26.4350815243235,0.01,145,4025,1,100
532,"Myliobatis_peruvianus","Myliobatis peruvianus",0.388158176886577,23.0706220328953,0.01,145,4025,1,100
533,"Cruriraja_atlantis","Cruriraja atlantis",0.386036085004308,18.8809429576537,0.01,145,4025,1,100
534,"Cruriraja_durbanensis","Cruriraja durbanensis",0.385974557028394,19.3902074407821,0.01,145,4025,1,100
535,"Bythaelurus_canescens","Bythaelurus canescens",0.385363476588686,28.3540100208118,0.01,145,4025,1,100
536,"Dasyatis_microps","Dasyatis microps",0.385322219398802,29.9065357613508,0.01,145,4025,1,100
537,"Gymnura_crebripunctata","Gymnura crebripunctata",0.38392848476591,26.3857694372913,0.01,145,4025,1,100
538,"Mobula_thurstoni","Mobula thurstoni",0.383913910553601,26.8241078940387,0.01,145,4025,1,100
539,"Urolophus_circularis","Urolophus circularis",0.383173464258496,26.3924360323349,0.01,145,4025,1,100
540,"Urolophus_viridis","Urolophus viridis",0.381003523503947,25.0920284333257,0.01,145,4025,1,100
541,"Myliobatis_chilensis","Myliobatis chilensis",0.380391128637698,22.9768196062943,0.01,145,4025,1,100
542,"Bythaelurus_immaculatus","Bythaelurus immaculatus",0.38023714683901,25.6274715278469,0.01,145,4025,1,100
543,"Cruriraja_poeyi","Cruriraja poeyi",0.379841283312863,20.0193947578454,0.01,145,4025,1,100
544,"Fenestraja_plutonia","Fenestraja plutonia",0.379321471698,24.4271828223558,0.01,145,4025,1,100
545,"Urolophus_neocaledoniensis","Urolophus neocaledoniensis",0.377578638175932,24.7664544049387,0.01,145,4025,1,100
546,"Rhinoptera_brasiliensis","Rhinoptera brasiliensis",0.377527265851469,28.9089995377228,0.01,145,4025,1,100
547,"Trygonoptera_mucosa","Trygonoptera mucosa",0.377262577995001,22.1344016365123,0.01,145,4025,1,100
548,"Myliobatis_rhombus","Myliobatis rhombus",0.377234863639832,23.6360067269907,0.01,145,4025,1,100
549,"Urolophus_orarius","Urolophus orarius",0.37578728247617,23.7647798990309,0.01,145,4025,1,100
550,"Gymnura_poecilura","Gymnura poecilura",0.37572298710972,28.4691535225688,0.01,145,4025,1,100
551,"Halaelurus_lineatus","Halaelurus lineatus",0.375342190993444,21.2870881143215,0.01,145,4025,1,100
552,"Manta_alfredi","Manta alfredi",0.375321946570866,25.3207933349431,0.01,145,4025,1,100
553,"Irolita_waitii","Irolita waitii",0.374720212561468,23.7033755146987,0.01,145,4025,1,100
554,"Urolophus_papilio","Urolophus papilio",0.372144458916986,24.5864933802732,0.01,145,4025,1,100
555,"Cruriraja_rugosa","Cruriraja rugosa",0.371377896815848,18.8817364166342,0.01,145,4025,1,100
556,"Figaro_boardmani","Figaro boardmani",0.367287188704184,27.0866212380832,0.01,145,4025,1,100
557,"Fenestraja_atripinna","Fenestraja atripinna",0.366828267893308,23.0328328398429,0.01,145,4025,1,100
558,"Asymbolus_rubiginosus","Asymbolus rubiginosus",0.366800170041016,26.3546500463521,0.01,145,4025,1,100
559,"Rhinoptera_peli","Rhinoptera peli",0.366563239116455,26.4503294127572,0.01,145,4025,1,100
560,"Gymnura_marmorata","Gymnura marmorata",0.366478112511874,26.0625102975269,0.01,145,4025,1,100
561,"Myliobatis_tobijei","Myliobatis tobijei",0.36642646907038,23.159926570421,0.01,145,4025,1,100
562,"Cruriraja_cadenati","Cruriraja cadenati",0.365598198397272,19.2677527253332,0.01,145,4025,1,100
563,"Asymbolus_submaculatus","Asymbolus submaculatus",0.365545820372556,26.2154172331531,0.01,145,4025,1,100
564,"Urolophus_armatus","Urolophus armatus",0.365173828141466,25.2105806438155,0.01,145,4025,1,100
565,"Pastinachus_stellurostris","Pastinachus stellurostris",0.364820895748081,27.447843802818,0.01,145,4025,1,100
566,"Urolophus_kaianus","Urolophus kaianus",0.363819960020539,23.3531945388812,0.01,145,4025,1,100
567,"Haploblepharus_fuscus","Haploblepharus fuscus",0.36154581101991,21.504921393251,0.01,145,4025,1,100
568,"Apristurus_profundorum","Apristurus profundorum",0.360579312922824,29.0949718009169,0.01,145,4025,1,100
569,"Urolophus_aurantiacus","Urolophus aurantiacus",0.360540819724019,24.3436567044405,0.01,145,4025,1,100
570,"Figaro_striatus","Figaro striatus",0.36050945620926,26.1243975343876,0.01,145,4025,1,100
571,"Cruriraja_andamanica","Cruriraja andamanica",0.357004316813102,17.7542733678658,0.01,145,4025,1,100
572,"Dasyatis_margarita","Dasyatis margarita",0.355271908481301,28.1932505251914,0.01,145,4025,1,100
573,"Myliobatis_hamlyni","Myliobatis hamlyni",0.355053349528373,23.4926582759844,0.01,145,4025,1,100
574,"Brochiraja_aenigma","Brochiraja aenigma",0.354066351981718,20.6527008743837,0.01,145,4025,1,100
575,"Apristurus_pinguis","Apristurus pinguis",0.35382437166642,28.791762694558,0.01,145,4025,1,100
576,"Urolophus_expansus","Urolophus expansus",0.353763200601418,22.6199395861139,0.01,145,4025,1,100
577,"Myliobatis_freminvillei","Myliobatis freminvillei",0.352744747562386,21.6061319173324,0.01,145,4025,1,100
578,"Breviraja_claramaculata","Breviraja claramaculata",0.352608353454596,20.6511139564227,0.01,145,4025,1,100
579,"Urolophus_javanicus","Urolophus javanicus",0.35148903814187,25.6542423024289,0.01,145,4025,1,100
580,"Urolophus_gigas","Urolophus gigas",0.350956581908001,23.9217858362688,0.01,145,4025,1,100
581,"Breviraja_colesi","Breviraja colesi",0.350864153078356,20.1553701062317,0.01,145,4025,1,100
582,"Apristurus_platyrhynchus","Apristurus platyrhynchus",0.349803017104978,26.1221196664004,0.01,145,4025,1,100
583,"Asymbolus_funebris","Asymbolus funebris",0.349698775651446,25.2523873504594,0.01,145,4025,1,100
584,"Apristurus_microps","Apristurus microps",0.349223814373231,29.1391594082855,0.01,145,4025,1,100
585,"Myliobatis_tenuicaudatus","Myliobatis tenuicaudatus",0.349097860783418,21.9731430631927,0.01,145,4025,1,100
586,"Asymbolus_analis","Asymbolus analis",0.348978476995313,25.1791223564038,0.01,145,4025,1,100
587,"Myliobatis_ridens","Myliobatis ridens",0.347051849694038,21.7506974190041,0.01,145,4025,1,100
588,"Pteroplatytrygon_violacea","Pteroplatytrygon violacea",0.346577912077311,26.8951500186908,0.01,145,4025,1,100
589,"Apristurus_macrostomus","Apristurus macrostomus",0.34648607091724,28.788016896245,0.01,145,4025,1,100
590,"Apristurus_manis","Apristurus manis",0.346289239145172,28.9777577707423,0.01,145,4025,1,100
591,"Dasyatis_zugei","Dasyatis zugei",0.346232390164089,27.1473572459583,0.01,145,4025,1,100
592,"Urobatis_marmoratus","Urobatis marmoratus",0.345979139614077,20.5753047639647,0.01,145,4025,1,100
593,"Fenestraja_cubensis","Fenestraja cubensis",0.345940447690886,21.2897031069485,0.01,145,4025,1,100
594,"Dasyatis_margaritella","Dasyatis margaritella",0.345936146188414,29.0500961612023,0.01,145,4025,1,100
595,"Urolophus_bucculentus","Urolophus bucculentus",0.34587409561264,25.8307802277992,0.01,145,4025,1,100
596,"Pastinachus_atrus","Pastinachus atrus",0.345589075215952,25.4223231257382,0.01,145,4025,1,100
597,"Urolophus_flavomosaicus","Urolophus flavomosaicus",0.344347092949524,25.4541657525626,0.01,145,4025,1,100
598,"Dasyatis_thetidis","Dasyatis thetidis",0.343323408985159,28.0254826510769,0.01,145,4025,1,100
599,"Apristurus_sinensis","Apristurus sinensis",0.34314569046912,25.9400911034853,0.01,145,4025,1,100
600,"Apristurus_australis","Apristurus australis",0.342882514305305,26.9775986589706,0.01,145,4025,1,100
601,"Urotrygon_serrula","Urotrygon serrula",0.342881734319884,27.0698073617601,0.01,145,4025,1,100
602,"Fenestraja_sinusmexicanus","Fenestraja sinusmexicanus",0.34278224247348,21.1562596400762,0.01,145,4025,1,100
603,"Anacanthobatis_donghaiensis","Anacanthobatis donghaiensis",0.342495137042758,20.6383867824659,0.01,145,4025,1,100
604,"Urolophus_deforgesi","Urolophus deforgesi",0.342325819568163,25.1669323730974,0.01,145,4025,1,100
605,"Apristurus_fedorovi","Apristurus fedorovi",0.340874243456559,28.1927442064588,0.01,145,4025,1,100
606,"Trygonoptera_testacea","Trygonoptera testacea",0.3405821096503,19.9939177477255,0.01,145,4025,1,100
607,"Apristurus_indicus","Apristurus indicus",0.340548679534857,27.8993486902711,0.01,145,4025,1,100
608,"Pastinachus_solocirostris","Pastinachus solocirostris",0.340193784188435,25.6471291976351,0.01,145,4025,1,100
609,"Pastinachus_sephen","Pastinachus sephen",0.339985750971911,24.6968316181727,0.01,145,4025,1,100
610,"Apristurus_gibbosus","Apristurus gibbosus",0.339689048792116,26.1127582390589,0.01,145,4025,1,100
611,"Trygonoptera_personata","Trygonoptera personata",0.339100086069629,20.3496639998168,0.01,145,4025,1,100
612,"Urobatis_concentricus","Urobatis concentricus",0.338970707036053,25.7620837365446,0.01,145,4025,1,100
613,"Himantura_schmardae","Himantura schmardae",0.338506481823171,26.3072513940394,0.01,145,4025,1,100
614,"Apristurus_albisoma","Apristurus albisoma",0.338453781320089,27.8513724151628,0.01,145,4025,1,100
615,"Urobatis_maculatus","Urobatis maculatus",0.33809937298885,25.661824596231,0.01,145,4025,1,100
616,"Galeus_sauteri","Galeus sauteri",0.337713896132382,26.4968030317943,0.01,145,4025,1,100
617,"Apristurus_melanoasper","Apristurus melanoasper",0.335703312796628,25.9800439839542,0.01,145,4025,1,100
618,"Apristurus_bucephalus","Apristurus bucephalus",0.335238513608719,27.7805576220426,0.01,145,4025,1,100
619,"Halaelurus_boesemani","Halaelurus boesemani",0.334783976429966,19.6704508750318,0.01,145,4025,1,100
620,"Apristurus_ampliceps","Apristurus ampliceps",0.33476371185961,28.5285042297612,0.01,145,4025,1,100
621,"Halaelurus_natalensis","Halaelurus natalensis",0.334645302441536,20.0332182023107,0.01,145,4025,1,100
622,"Parmaturus_pilosus","Parmaturus pilosus",0.334203276997748,26.4597201841747,0.01,145,4025,1,100
623,"Urolophus_kapalensis","Urolophus kapalensis",0.333792577092116,24.3209311310456,0.01,145,4025,1,100
624,"Urolophus_lobatus","Urolophus lobatus",0.333792577092116,24.3209311310456,0.01,145,4025,1,100
625,"Apristurus_saldanha","Apristurus saldanha",0.333653097548284,25.0169377851747,0.01,145,4025,1,100
626,"Apristurus_nasutus","Apristurus nasutus",0.333377684739581,26.9457654004111,0.01,145,4025,1,100
627,"Urotrygon_microphthalmum","Urotrygon microphthalmum",0.333341956666546,26.239753374962,0.01,145,4025,1,100
628,"Dasyatis_izuensis","Dasyatis izuensis",0.332236388350322,26.1484006651564,0.01,145,4025,1,100
629,"Urolophus_mitosis","Urolophus mitosis",0.332013316619273,21.1357756521777,0.01,145,4025,1,100
630,"Urotrygon_munda","Urotrygon munda",0.331576099527238,26.788910627332,0.01,145,4025,1,100
631,"Makararaja_chindwinensis","Makararaja chindwinensis",0.331392663878826,24.1300848097226,0.01,145,4025,1,100
632,"Dasyatis_centroura","Dasyatis centroura",0.330650537717523,27.4689292940148,0.01,145,4025,1,100
633,"Pastinachus_gracilicaudus","Pastinachus gracilicaudus",0.33057131905074,23.9945672357693,0.01,145,4025,1,100
634,"Galeus_springeri","Galeus springeri",0.330529436295278,26.7987505976019,0.01,145,4025,1,100
635,"Dasyatis_dipterura","Dasyatis dipterura",0.329037681764339,26.872736465491,0.01,145,4025,1,100
636,"Urotrygon_aspidura","Urotrygon aspidura",0.328968823452942,23.3457700967107,0.01,145,4025,1,100
637,"Dasyatis_ushiei","Dasyatis ushiei",0.328941733075852,27.0391441748819,0.01,145,4025,1,100
638,"Urotrygon_rogersi","Urotrygon rogersi",0.328545325683772,26.1342751731924,0.01,145,4025,1,100
639,"Apristurus_stenseni","Apristurus stenseni",0.328335373833824,26.9130655367468,0.01,145,4025,1,100
640,"Galeus_longirostris","Galeus longirostris",0.327932557073196,26.1667742982353,0.01,145,4025,1,100
641,"Urolophus_piperatus","Urolophus piperatus",0.327681649195551,23.6872424035516,0.01,145,4025,1,100
642,"Himantura_pacifica","Himantura pacifica",0.326934037160695,25.9132747638908,0.01,145,4025,1,100
643,"Bythaelurus_dawsoni","Bythaelurus dawsoni",0.32688590315337,25.3112882091885,0.01,145,4025,1,100
644,"Galeus_mincaronei","Galeus mincaronei",0.326487777710169,25.3215670199389,0.01,145,4025,1,100
645,"Bythaelurus_lutarius","Bythaelurus lutarius",0.326454451198904,25.4686970986819,0.01,145,4025,1,100
646,"Apristurus_kampae","Apristurus kampae",0.326378156223534,26.1234231914571,0.01,145,4025,1,100
647,"Parmaturus_bigus","Parmaturus bigus",0.326339573400152,26.0113599376823,0.01,145,4025,1,100
648,"Apristurus_micropterygeus","Apristurus micropterygeus",0.325751925689658,23.7868047471974,0.01,145,4025,1,100
649,"Urotrygon_caudispinosus","Urotrygon caudispinosus",0.325570512578238,25.7918534301694,0.01,145,4025,1,100
650,"Bythaelurus_incanus","Bythaelurus incanus",0.3250843352992,25.2402288999024,0.01,145,4025,1,100
651,"Apristurus_riveri","Apristurus riveri",0.324596065163082,26.039108947547,0.01,145,4025,1,100
652,"Neotrygon_kuhlii","Neotrygon kuhlii",0.324513500616913,26.345382178793,0.01,145,4025,1,100
653,"Galeus_schultzi","Galeus schultzi",0.324149566218375,24.9149191163494,0.01,145,4025,1,100
654,"Apristurus_longicephalus","Apristurus longicephalus",0.324100538884572,26.7971703808209,0.01,145,4025,1,100
655,"Asymbolus_occiduus","Asymbolus occiduus",0.323879251871982,22.902364864587,0.01,145,4025,1,100
656,"Apristurus_spongiceps","Apristurus spongiceps",0.323666440810684,24.5317611189306,0.01,145,4025,1,100
657,"Urotrygon_reticulata","Urotrygon reticulata",0.323589851314997,24.7621649063419,0.01,145,4025,1,100
658,"Parmaturus_campechiensis","Parmaturus campechiensis",0.323571658306223,25.3789461497742,0.01,145,4025,1,100
659,"Anacanthobatis_americanus","Anacanthobatis americanus",0.323040327811121,19.2440367999529,0.01,145,4025,1,100
660,"Apristurus_brunneus","Apristurus brunneus",0.322754382915914,24.9795960225725,0.01,145,4025,1,100
661,"Bythaelurus_giddingsi","Bythaelurus giddingsi",0.322088526436531,24.8531492867063,0.01,145,4025,1,100
662,"Anacanthobatis_nanhaiensis","Anacanthobatis nanhaiensis",0.321999506073988,18.1063784587417,0.01,145,4025,1,100
663,"Urotrygon_nana","Urotrygon nana",0.321696163281458,25.1170088031663,0.01,145,4025,1,100
664,"Haploblepharus_edwardsii","Haploblepharus edwardsii",0.321546109941077,19.0940992079805,0.01,145,4025,1,100
665,"Asymbolus_parvus","Asymbolus parvus",0.321226795413741,22.7731334702148,0.01,145,4025,1,100
666,"Galeus_melastomus","Galeus melastomus",0.320834551600138,25.2514281271464,0.01,145,4025,1,100
667,"Urotrygon_peruanus","Urotrygon peruanus",0.320480468094578,23.3897748769615,0.01,145,4025,1,100
668,"Asymbolus_vincenti","Asymbolus vincenti",0.320376052436553,22.6056099369273,0.01,145,4025,1,100
669,"Apristurus_aphyodes","Apristurus aphyodes",0.32029745648419,26.1506479187683,0.01,145,4025,1,100
670,"Galeus_atlanticus","Galeus atlanticus",0.320198173976128,25.7671162267798,0.01,145,4025,1,100
671,"Apristurus_parvipinnis","Apristurus parvipinnis",0.319947673113173,25.989246281225,0.01,145,4025,1,100
672,"Urotrygon_chilensis","Urotrygon chilensis",0.319766083322148,23.5816644171378,0.01,145,4025,1,100
673,"Galeus_gracilis","Galeus gracilis",0.319521562583483,26.9106109130936,0.01,145,4025,1,100
674,"Haploblepharus_kistnasamyi","Haploblepharus kistnasamyi",0.319386046561559,18.9794270288835,0.01,145,4025,1,100
675,"Dasyatis_rudis","Dasyatis rudis",0.319274730812846,25.9283718934944,0.01,145,4025,1,100
676,"Urotrygon_simulatrix","Urotrygon simulatrix",0.318687271321447,25.1551600468222,0.01,145,4025,1,100
677,"Asymbolus_pallidus","Asymbolus pallidus",0.318557254197386,23.5539654754307,0.01,145,4025,1,100
678,"Galeus_arae","Galeus arae",0.318526868155092,25.0814202041177,0.01,145,4025,1,100
679,"Dasyatis_sinensis","Dasyatis sinensis",0.318362188813644,26.1146370093401,0.01,145,4025,1,100
680,"Galeus_antillensis","Galeus antillensis",0.31825604612072,24.5210961782995,0.01,145,4025,1,100
681,"Apristurus_internatus","Apristurus internatus",0.317912774846865,24.9319249260403,0.01,145,4025,1,100
682,"Galeus_piperatus","Galeus piperatus",0.31712601236789,24.8349208229945,0.01,145,4025,1,100
683,"Apristurus_exsanguis","Apristurus exsanguis",0.317031326642607,24.6639928366559,0.01,145,4025,1,100
684,"Potamotrygon_henlei","Potamotrygon henlei",0.316917034409618,26.8090971665091,0.01,145,4025,1,100
685,"Bythaelurus_alcockii","Bythaelurus alcockii",0.316897629680077,25.3818482958,0.01,145,4025,1,100
686,"Galeus_nipponensis","Galeus nipponensis",0.316371109001441,24.4036407340849,0.01,145,4025,1,100
687,"Urotrygon_cimar","Urotrygon cimar",0.315742925572019,24.5978393359038,0.01,145,4025,1,100
688,"Galeus_polli","Galeus polli",0.315735201089587,25.813881935879,0.01,145,4025,1,100
689,"Apristurus_laurussonii","Apristurus laurussonii",0.315603366636217,24.828836196007,0.01,145,4025,1,100
690,"Galeus_cadenati","Galeus cadenati",0.315090783687411,26.1123380666696,0.01,145,4025,1,100
691,"Anacanthobatis_stenosoma","Anacanthobatis stenosoma",0.315005396653245,16.9908491249497,0.01,145,4025,1,100
692,"Haploblepharus_pictus","Haploblepharus pictus",0.314148344281634,18.8669689130432,0.01,145,4025,1,100
693,"Triakis_semifasciata","Triakis semifasciata",0.314125055421593,22.75289022053,0.01,145,4025,1,100
694,"Anacanthobatis_marmoratus","Anacanthobatis marmoratus",0.313312067925356,18.7347723168245,0.01,145,4025,1,100
695,"Fenestraja_sibogae","Fenestraja sibogae",0.312852521796642,23.408653856099,0.01,145,4025,1,100
696,"Parmaturus_albimarginatus","Parmaturus albimarginatus",0.312531305961573,25.5212209012537,0.01,145,4025,1,100
697,"Notoraja_azurea","Notoraja azurea",0.312479328138841,24.2167587973019,0.01,145,4025,1,100
698,"Potamotrygon_schuemacheri","Potamotrygon schuemacheri",0.312382820654811,26.3290426604247,0.01,145,4025,1,100
699,"Dasyatis_say","Dasyatis say",0.312208920752809,27.1133185463876,0.01,145,4025,1,100
700,"Urobatis_halleri","Urobatis halleri",0.312058852087264,24.9127835655694,0.01,145,4025,1,100
701,"Himantura_kittipongi","Himantura kittipongi",0.311516845132428,25.9971779794111,0.01,145,4025,1,100
702,"Potamotrygon_humerosa","Potamotrygon humerosa",0.311471258664544,26.7154760026244,0.01,145,4025,1,100
703,"Dasyatis_laevigata","Dasyatis laevigata",0.311344089644378,26.4336453108859,0.01,145,4025,1,100
704,"Apristurus_investigatoris","Apristurus investigatoris",0.311177545555428,24.9142627248472,0.01,145,4025,1,100
705,"Dasyatis_guttata","Dasyatis guttata",0.311055992985654,26.2277058819764,0.01,145,4025,1,100
706,"Dasyatis_hypostigma","Dasyatis hypostigma",0.311055992985654,26.2277058819764,0.01,145,4025,1,100
707,"Dasyatis_colarensis","Dasyatis colarensis",0.310750889808021,25.3031170132095,0.01,145,4025,1,100
708,"Halaelurus_buergeri","Halaelurus buergeri",0.309653780121937,20.1106105561305,0.01,145,4025,1,100
709,"Neotrygon_ningalooensis","Neotrygon ningalooensis",0.309385886886959,23.0873945943239,0.01,145,4025,1,100
710,"Parmaturus_xaniurus","Parmaturus xaniurus",0.308852571072829,24.7090018473535,0.01,145,4025,1,100
711,"Halaelurus_sellus","Halaelurus sellus",0.308759034469064,19.9629775234063,0.01,145,4025,1,100
712,"Insentiraja_laxipella","Insentiraja laxipella",0.308584408686563,22.4601084314703,0.01,145,4025,1,100
713,"Notoraja_hirticauda","Notoraja hirticauda",0.306928729033448,23.1982298310452,0.01,145,4025,1,100
714,"Notoraja_inusitata","Notoraja inusitata",0.306866609552606,22.9599710811362,0.01,145,4025,1,100
715,"Potamotrygon_brachyura","Potamotrygon brachyura",0.306368756497204,25.5888904950864,0.01,145,4025,1,100
716,"Parmaturus_sp.","Parmaturus sp.",0.306255546548195,25.0728781340362,0.01,145,4025,1,100
717,"Potamotrygon_castexi","Potamotrygon castexi",0.306198421441954,26.7490948354616,0.01,145,4025,1,100
718,"Galeus_eastmani","Galeus eastmani",0.305498384927099,23.4366606958924,0.01,145,4025,1,100
719,"Apristurus_herklotsi","Apristurus herklotsi",0.305305837433153,23.5566089829533,0.01,145,4025,1,100
720,"Galeus_priapus","Galeus priapus",0.305221288600386,25.4746774614583,0.01,145,4025,1,100
721,"Dasyatis_acutirostra","Dasyatis acutirostra",0.304955435588591,25.6514950476669,0.01,145,4025,1,100
722,"Notoraja_longiventralis","Notoraja longiventralis",0.304679370245144,22.1940149567062,0.01,145,4025,1,100
723,"Parmaturus_melanobranchus","Parmaturus melanobranchus",0.304535046539658,24.6941721692072,0.01,145,4025,1,100
724,"Parmaturus_macmillani","Parmaturus macmillani",0.304370764143316,24.4625024662303,0.01,145,4025,1,100
725,"Apristurus_sibogae","Apristurus sibogae",0.303321947441557,23.4864703249175,0.01,145,4025,1,100
726,"Brochiraja_vittacauda","Brochiraja vittacauda",0.302760970038182,21.1721606499549,0.01,145,4025,1,100
727,"Himantura_fai","Himantura fai",0.302364178879743,25.6862934598756,0.01,145,4025,1,100
728,"Neotrygon_annotata","Neotrygon annotata",0.301824984590692,25.2300721834481,0.01,145,4025,1,100
729,"Hemitriakis_indroyonoi","Hemitriakis indroyonoi",0.301820396892942,23.0068840005526,0.01,145,4025,1,100
730,"Brochiraja_heuresa","Brochiraja heuresa",0.301228758218951,20.2625657662097,0.01,145,4025,1,100
731,"Insentiraja_subtilispinosa","Insentiraja subtilispinosa",0.300789110709096,23.3316732979174,0.01,145,4025,1,100
732,"Parmaturus_albipenis","Parmaturus albipenis",0.300040417020272,24.0899906954643,0.01,145,4025,1,100
733,"Potamotrygon_dumerilii","Potamotrygon dumerilii",0.299778116495752,25.7164801592813,0.01,145,4025,1,100
734,"Taeniurops_grabata","Taeniurops grabata",0.299721684379403,25.2002380335936,0.01,145,4025,1,100
735,"Potamotrygon_constellata","Potamotrygon constellata",0.299587527491305,24.8483668000565,0.01,145,4025,1,100
736,"Apristurus_japonicus","Apristurus japonicus",0.299337320817939,22.8755324894526,0.01,145,4025,1,100
737,"Halaelurus_quagga","Halaelurus quagga",0.299248999955575,18.2464427694893,0.01,145,4025,1,100
738,"Potamotrygon_orbignyi","Potamotrygon orbignyi",0.298975721589526,26.2388147094658,0.01,145,4025,1,100
739,"Potamotrygon_motoro","Potamotrygon motoro",0.298399766005306,25.5731317082749,0.01,145,4025,1,100
740,"Potamotrygon_falkneri","Potamotrygon falkneri",0.296582334349969,24.2481173416381,0.01,145,4025,1,100
741,"Himantura_marginata","Himantura marginata",0.294682228328675,26.6051297632797,0.01,145,4025,1,100
742,"Potamotrygon_scobina","Potamotrygon scobina",0.294029718718536,25.2191578780466,0.01,145,4025,1,100
743,"Urolophus_cruciatus","Urolophus cruciatus",0.293765822129187,21.8097622211442,0.01,145,4025,1,100
744,"Parmaturus_lanatus","Parmaturus lanatus",0.293651794850328,24.0857987032543,0.01,145,4025,1,100
745,"Dasyatis_geijskesi","Dasyatis geijskesi",0.293588904018565,25.1371555480105,0.01,145,4025,1,100
746,"Dasyatis_chrysonota","Dasyatis chrysonota",0.293374842229314,23.1892202003119,0.01,145,4025,1,100
747,"Neotrygon_picta","Neotrygon picta",0.293169642881201,24.6996729434239,0.01,145,4025,1,100
748,"Urotrygon_venezuelae","Urotrygon venezuelae",0.292504639625944,23.504615457156,0.01,145,4025,1,100
749,"Urolophus_sufflavus","Urolophus sufflavus",0.292380806969748,21.2244576737541,0.01,145,4025,1,100
750,"Notoraja_sticta","Notoraja sticta",0.29218831564048,22.3274584235784,0.01,145,4025,1,100
751,"Anacanthobatis_longirostris","Anacanthobatis longirostris",0.292148123044344,18.1157802922041,0.01,145,4025,1,100
752,"Taeniurops_meyeni","Taeniurops meyeni",0.292132850449294,25.6897216670491,0.01,145,4025,1,100
753,"Galeus_murinus","Galeus murinus",0.292095923682316,23.2857410907406,0.01,145,4025,1,100
754,"Dasyatis_sabina","Dasyatis sabina",0.29033524989756,25.0064836685335,0.01,145,4025,1,100
755,"Asymbolus_galacticus","Asymbolus galacticus",0.290172857612158,21.9701548309345,0.01,145,4025,1,100
756,"Hemipristis_elongata","Hemipristis elongata",0.290159482259199,24.638368471277,0.01,145,4025,1,100
757,"Potamotrygon_marinae","Potamotrygon marinae",0.289920542168642,23.7398633103816,0.01,145,4025,1,100
758,"Dasyatis_marmorata","Dasyatis marmorata",0.288921643435877,25.6197988404246,0.01,145,4025,1,100
759,"Urolophus_paucimaculatus","Urolophus paucimaculatus",0.288602795833818,21.0980444164026,0.01,145,4025,1,100
760,"Potamotrygon_schroederi","Potamotrygon schroederi",0.288434395777677,24.8426189755805,0.01,145,4025,1,100
761,"Potamotrygon_tatianae","Potamotrygon tatianae",0.287928782233154,24.0110593362924,0.01,145,4025,1,100
762,"Himantura_uarnak","Himantura uarnak",0.287072512894607,25.9397316274116,0.01,145,4025,1,100
763,"Halaelurus_maculosus","Halaelurus maculosus",0.287065993589794,17.5998681487783,0.01,145,4025,1,100
764,"Anacanthobatis_ori","Anacanthobatis ori",0.286893059480353,19.6198578162091,0.01,145,4025,1,100
765,"Hemitriakis_falcata","Hemitriakis falcata",0.28663780183581,20.7300899688014,0.01,145,4025,1,100
766,"Urobatis_tumbesensis","Urobatis tumbesensis",0.286453850210047,21.0138638760816,0.01,145,4025,1,100
767,"Himantura_hortlei","Himantura hortlei",0.284197918687524,23.7053794025115,0.01,145,4025,1,100
768,"Potamotrygon_tigrina","Potamotrygon tigrina",0.28400542721525,24.4681964796677,0.01,145,4025,1,100
769,"Hemitriakis_leucoperiptera","Hemitriakis leucoperiptera",0.283598710717878,20.5475427537927,0.01,145,4025,1,100
770,"Heliotrygon_rosai","Heliotrygon rosai",0.283544305339752,23.7418132944578,0.01,145,4025,1,100
771,"Urogymnus_asperrimus","Urogymnus asperrimus",0.283416827323846,23.811285170916,0.01,145,4025,1,100
772,"Brochiraja_albilabiata","Brochiraja albilabiata",0.282537516796774,19.6476925410642,0.01,145,4025,1,100
773,"Hypogaleus_hyugaensis","Hypogaleus hyugaensis",0.282173775071713,20.0861312327412,0.01,145,4025,1,100
774,"Himantura_undulata","Himantura undulata",0.282154504179032,25.9122455436544,0.01,145,4025,1,100
775,"Hemitriakis_complicofasciata","Hemitriakis complicofasciata",0.281469037318541,20.2607221829354,0.01,145,4025,1,100
776,"Notoraja_fijiensis","Notoraja fijiensis",0.280765105142706,20.7988715152128,0.01,145,4025,1,100
777,"Hemitriakis_japanica","Hemitriakis japanica",0.280157813328141,20.2145805674949,0.01,145,4025,1,100
778,"Dasyatis_brevicaudata","Dasyatis brevicaudata",0.279644581277194,22.7040377038814,0.01,145,4025,1,100
779,"Hemitriakis_abdita","Hemitriakis abdita",0.279565517819036,20.1892098240632,0.01,145,4025,1,100
780,"Himantura_pastinacoides","Himantura pastinacoides",0.279415880835842,25.807387243576,0.01,145,4025,1,100
781,"Breviraja_spinosa","Breviraja spinosa",0.279008432094066,20.1418494732944,0.01,145,4025,1,100
782,"Himantura_oxyrhyncha","Himantura oxyrhyncha",0.278755144721437,25.4081530918519,0.01,145,4025,1,100
783,"Furgaleus_macki","Furgaleus macki",0.278622413617878,18.963402777333,0.01,145,4025,1,100
784,"Heliotrygon_gomesi","Heliotrygon gomesi",0.278377861391197,23.7467252868307,0.01,145,4025,1,100
785,"Plesiotrygon_iwamae","Plesiotrygon iwamae",0.278332568481848,23.8604417423701,0.01,145,4025,1,100
786,"Himantura_jenkinsii","Himantura jenkinsii",0.278042283173546,24.308017200656,0.01,145,4025,1,100
787,"Potamotrygon_boesemani","Potamotrygon boesemani",0.276666083217378,24.3405748206042,0.01,145,4025,1,100
788,"Plesiotrygon_nana","Plesiotrygon nana",0.276226531705661,24.2808043256022,0.01,145,4025,1,100
789,"Potamotrygon_yepezi","Potamotrygon yepezi",0.275954906911505,24.022767459317,0.01,145,4025,1,100
790,"Himantura_uarnacoides","Himantura uarnacoides",0.275610084093065,24.9453981460763,0.01,145,4025,1,100
791,"Potamotrygon_signata","Potamotrygon signata",0.274956525458796,23.7141769030092,0.01,145,4025,1,100
792,"Potamotrygon_ocellata","Potamotrygon ocellata",0.274909804646768,23.2605420658904,0.01,145,4025,1,100
793,"Himantura_lobistoma","Himantura lobistoma",0.274086390704195,23.9086747276118,0.01,145,4025,1,100
794,"Pavoraja_arenaria","Pavoraja arenaria",0.274007673779014,23.0647863641729,0.01,145,4025,1,100
795,"Brochiraja_leviveneta","Brochiraja leviveneta",0.273996130063681,19.2718715248081,0.01,145,4025,1,100
796,"Paratrygon_aiereba","Paratrygon aiereba",0.27362497389407,21.9606150395939,0.01,145,4025,1,100
797,"Dasyatis_matsubarai","Dasyatis matsubarai",0.272490235570701,21.9722763578819,0.01,145,4025,1,100
798,"Himantura_toshi","Himantura toshi",0.272233528239926,25.422600976813,0.01,145,4025,1,100
799,"Neotrygon_leylandi","Neotrygon leylandi",0.27145636896275,23.2576648559573,0.01,145,4025,1,100
800,"Leptocharias_smithii","Leptocharias smithii",0.271251683084167,18.8613894880018,0.01,145,4025,1,100
801,"Potamotrygon_magdalenae","Potamotrygon magdalenae",0.271129302295023,22.1535375011116,0.01,145,4025,1,100
802,"Potamotrygon_leopoldi","Potamotrygon leopoldi",0.270526676431899,23.2168546217745,0.01,145,4025,1,100
803,"Notoraja_sapphira","Notoraja sapphira",0.269079979106549,22.3131443316606,0.01,145,4025,1,100
804,"Dasyatis_garouaensis","Dasyatis garouaensis",0.268557293093622,24.153898158796,0.01,145,4025,1,100
805,"Apristurus_macrorhynchus","Apristurus macrorhynchus",0.268134967424669,20.5593149439857,0.01,145,4025,1,100
806,"Himantura_astra","Himantura astra",0.267239990569413,24.9752908480228,0.01,145,4025,1,100
807,"Fenestraja_maceachrani","Fenestraja maceachrani",0.267238849381095,20.3910969746267,0.01,145,4025,1,100
808,"Rhizoprionodon_terraenovae","Rhizoprionodon terraenovae",0.267212469153592,26.3288822565153,0.01,145,4025,1,100
809,"Dasyatis_pastinaca","Dasyatis pastinaca",0.266595806441062,23.6053463347185,0.01,145,4025,1,100
810,"Dasyatis_tortonesei","Dasyatis tortonesei",0.266585339357626,24.0027386908262,0.01,145,4025,1,100
811,"Raja_cervigoni","Raja cervigoni",0.265985622887498,24.1983259059093,0.01,145,4025,1,100
812,"Dasyatis_fluviorum","Dasyatis fluviorum",0.265803899475681,23.9527265383817,0.01,145,4025,1,100
813,"Mustelus_schmitti","Mustelus schmitti",0.265061719491106,24.2039695753977,0.01,145,4025,1,100
814,"Galeorhinus_galeus","Galeorhinus galeus",0.264990267009955,20.9581012459736,0.01,145,4025,1,100
815,"Himantura_randalli","Himantura randalli",0.264699156733522,22.65023690617,0.01,145,4025,1,100
816,"Urogymnus_ukpam","Urogymnus ukpam",0.264697066927846,22.8367277276066,0.01,145,4025,1,100
817,"Pavoraja_nitida","Pavoraja nitida",0.264639061978632,23.5740508473013,0.01,145,4025,1,100
818,"Apristurus_canutus","Apristurus canutus",0.264512714392751,20.0817654885664,0.01,145,4025,1,100
819,"Raja_texana","Raja texana",0.263446291696578,23.8225048896531,0.01,145,4025,1,100
820,"Sphyrna_zygaena","Sphyrna zygaena",0.263083597490823,24.013629769165,0.01,145,4025,1,100
821,"Notoraja_alisae","Notoraja alisae",0.263025111461028,21.1890066233867,0.01,145,4025,1,100
822,"Dasyatis_multispinosa","Dasyatis multispinosa",0.262413400918637,21.7019505684527,0.01,145,4025,1,100
823,"Rhizoprionodon_longurio","Rhizoprionodon longurio",0.262373122287226,25.3225131677599,0.01,145,4025,1,100
824,"Rhizoprionodon_porosus","Rhizoprionodon porosus",0.261557191904229,25.8171958706595,0.01,145,4025,1,100
825,"Dasyatis_longa","Dasyatis longa",0.260977855377551,22.4595140502914,0.01,145,4025,1,100
826,"Carcharhinus_signatus","Carcharhinus signatus",0.260790238398354,24.8351746302854,0.01,145,4025,1,100
827,"Loxodon_macrorhinus","Loxodon macrorhinus",0.260159373534776,23.6716979239634,0.01,145,4025,1,100
828,"Scoliodon_laticaudus","Scoliodon laticaudus",0.25828801117277,24.0862064107406,0.01,145,4025,1,100
829,"Sphyrna_tiburo","Sphyrna tiburo",0.258166534394102,25.2549266720497,0.01,145,4025,1,100
830,"Brochiraja_asperula","Brochiraja asperula",0.257953804427649,18.1055849997612,0.01,145,4025,1,100
831,"Raja_herwigi","Raja herwigi",0.257490401363339,22.8039759233964,0.01,145,4025,1,100
832,"Raja_undulata","Raja undulata",0.257490401363339,22.8039759233964,0.01,145,4025,1,100
833,"Gurgesiella_atlantica","Gurgesiella atlantica",0.256616049432344,20.1426429322748,0.01,145,4025,1,100
834,"Scoliodon_macrorhynchos","Scoliodon macrorhynchos",0.255555719902201,23.5445050915309,0.01,145,4025,1,100
835,"Notoraja_ochroderma","Notoraja ochroderma",0.255489412567785,21.322450090259,0.01,145,4025,1,100
836,"Mustelus_sinusmexicanus","Mustelus sinusmexicanus",0.254829874490169,19.5623016455347,0.01,145,4025,1,100
837,"Himantura_leoparda","Himantura leoparda",0.253813201792633,21.572763496813,0.01,145,4025,1,100
838,"Paragaleus_randalli","Paragaleus randalli",0.253078632398764,22.5573284134218,0.01,145,4025,1,100
839,"Pavoraja_alleni","Pavoraja alleni",0.252583168129253,21.3089294573216,0.01,145,4025,1,100
840,"Sphyrna_corona","Sphyrna corona",0.252529126022355,24.1223581955142,0.01,145,4025,1,100
841,"Dasyatis_americana","Dasyatis americana",0.251739192004589,22.0541483847268,0.01,145,4025,1,100
842,"Himantura_walga","Himantura walga",0.251529589193066,23.1115369328015,0.01,145,4025,1,100
843,"Neoraja_caerulea","Neoraja caerulea",0.251168476089767,26.4364060300142,0.01,145,4025,1,100
844,"Carcharhinus_acronotus","Carcharhinus acronotus",0.250952505922993,25.122196194839,0.01,145,4025,1,100
845,"Gogolia_filewoodi","Gogolia filewoodi",0.25061276385015,19.6216313657846,0.01,145,4025,1,100
846,"Dasyatis_gigantea","Dasyatis gigantea",0.250084802703034,22.0606472646005,0.01,145,4025,1,100
847,"Paragaleus_pectoralis","Paragaleus pectoralis",0.250038795764786,22.3345990559446,0.01,145,4025,1,100
848,"Raja_equatorialis","Raja equatorialis",0.249889438928587,22.294711440268,0.01,145,4025,1,100
849,"Rostroraja_alba","Rostroraja alba",0.249844139008243,22.7835853385106,0.01,145,4025,1,100
850,"Pavoraja_umbrosa","Pavoraja umbrosa",0.249576599999204,20.9331084410655,0.01,145,4025,1,100
851,"Mustelus_widodoi","Mustelus widodoi",0.249567908820998,21.9295781816682,0.01,145,4025,1,100
852,"Prionace_glauca","Prionace glauca",0.249425272176051,23.7529472729632,0.01,145,4025,1,100
853,"Sphyrna_tudes","Sphyrna tudes",0.249146520152854,23.8570330313927,0.01,145,4025,1,100
854,"Himantura_gerrardi","Himantura gerrardi",0.24914100274458,22.5498367479418,0.01,145,4025,1,100
855,"Dasyatis_marianae","Dasyatis marianae",0.248698773662937,21.2886701200866,0.01,145,4025,1,100
856,"Nasolamia_velox","Nasolamia velox",0.248630471846345,24.536213699772,0.01,145,4025,1,100
857,"Fenestraja_mamillidens","Fenestraja mamillidens",0.248289018112072,20.3767828827089,0.01,145,4025,1,100
858,"Taeniura_lymma","Taeniura lymma",0.248187470256465,21.2545061144542,0.01,145,4025,1,100
859,"Carcharhinus_leucas","Carcharhinus leucas",0.2481850818474,24.0058547639634,0.01,145,4025,1,100
860,"Sphyrna_mokarran","Sphyrna mokarran",0.247958926502456,24.233250529411,0.01,145,4025,1,100
861,"Sphyrna_lewini","Sphyrna lewini",0.247770646930497,23.0390421241313,0.01,145,4025,1,100
862,"Mustelus_lenticulatus","Mustelus lenticulatus",0.247561184329162,21.9857476779048,0.01,145,4025,1,100
863,"Raja_miraletus","Raja miraletus",0.247537972535613,21.7989675900769,0.01,145,4025,1,100
864,"Dasyatis_laosensis","Dasyatis laosensis",0.247491869632574,23.4243106835045,0.01,145,4025,1,100
865,"Glyphis_glyphis","Glyphis glyphis",0.247478987670159,25.0328290246242,0.01,145,4025,1,100
866,"Triakis_scyllium","Triakis scyllium",0.247430131144385,20.1403294346663,0.01,145,4025,1,100
867,"Neoraja_stehmanni","Neoraja stehmanni",0.247330641297718,25.8182074643742,0.01,145,4025,1,100
868,"Mustelus_ravidus","Mustelus ravidus",0.247258969997896,21.6866422099132,0.01,145,4025,1,100
869,"Glyphis_siamensis","Glyphis siamensis",0.246736840448189,24.3244175636463,0.01,145,4025,1,100
870,"Dasyatis_parvonigra","Dasyatis parvonigra",0.246684622468809,22.4993792196151,0.01,145,4025,1,100
871,"Raja_velezi","Raja velezi",0.245895445579103,20.5041498566131,0.01,145,4025,1,100
872,"Brochiraja_spinifera","Brochiraja spinifera",0.245726386239041,17.353942967249,0.01,145,4025,1,100
873,"Okamejei_heemstrai","Okamejei heemstrai",0.245580729590076,28.1119570381895,0.01,145,4025,1,100
874,"Carcharhinus_altimus","Carcharhinus altimus",0.244770227145548,23.8554477834407,0.01,145,4025,1,100
875,"Malacoraja_spinacidermis","Malacoraja spinacidermis",0.244750056929201,22.0421385984412,0.01,145,4025,1,100
876,"Carcharhinus_albimarginatus","Carcharhinus albimarginatus",0.244332125396698,23.2163884698527,0.01,145,4025,1,100
877,"Mustelus_californicus","Mustelus californicus",0.244263899344453,22.0220291825745,0.01,145,4025,1,100
878,"Raja_eglanteria","Raja eglanteria",0.242864109370005,19.9948853734847,0.01,145,4025,1,100
879,"Triakis_maculata","Triakis maculata",0.242787528905983,19.6730465290775,0.01,145,4025,1,100
880,"Himantura_signifer","Himantura signifer",0.242678519810774,21.548495355321,0.01,145,4025,1,100
881,"Notoraja_tobitukai","Notoraja tobitukai",0.242579706320957,22.1797008647884,0.01,145,4025,1,100
882,"Okamejei_pita","Okamejei pita",0.241854428890352,28.4599433295905,0.01,145,4025,1,100
883,"Carcharhinus_amblyrhynchos","Carcharhinus amblyrhynchos",0.241487637010898,22.8779438754343,0.01,145,4025,1,100
884,"Mustelus_mosis","Mustelus mosis",0.241326630306671,22.0836223371939,0.01,145,4025,1,100
885,"Sphyrna_media","Sphyrna media",0.241189167091178,23.513364854841,0.01,145,4025,1,100
886,"Dasyatis_akajei","Dasyatis akajei",0.241150148414241,22.2922396816071,0.01,145,4025,1,100
887,"Raja_asterias","Raja asterias",0.241124082490972,24.0615570985425,0.01,145,4025,1,100
888,"Paragaleus_leucolomatus","Paragaleus leucolomatus",0.240856338452973,21.3776731776065,0.01,145,4025,1,100
889,"Mustelus_antarcticus","Mustelus antarcticus",0.240443398430566,21.6758356965704,0.01,145,4025,1,100
890,"Mustelus_norrisi","Mustelus norrisi",0.240200694020018,21.888576655366,0.01,145,4025,1,100
891,"Dasyatis_bennetti","Dasyatis bennetti",0.240051292974743,22.2068065772471,0.01,145,4025,1,100
892,"Carcharhinus_falciformis","Carcharhinus falciformis",0.239910535419617,23.1649799014481,0.01,145,4025,1,100
893,"Lamiopsis_tephrodes","Lamiopsis tephrodes",0.239892505841731,22.4971783570771,0.01,145,4025,1,100
894,"Carcharhinus_isodon","Carcharhinus isodon",0.239876429244904,22.9944798974157,0.01,145,4025,1,100
895,"Neoraja_carolinensis","Neoraja carolinensis",0.239487758041274,24.5749403811458,0.01,145,4025,1,100
896,"Dasyatis_navarrae","Dasyatis navarrae",0.23946291471069,22.1567944248026,0.01,145,4025,1,100
897,"Raja_rouxi","Raja rouxi",0.239290769762931,21.1570530990567,0.01,145,4025,1,100
898,"Triakis_acutipinna","Triakis acutipinna",0.238927059075568,19.3441213582468,0.01,145,4025,1,100
899,"Rhizoprionodon_lalandii","Rhizoprionodon lalandii",0.238756749313496,22.7651857105596,0.01,145,4025,1,100
900,"Negaprion_brevirostris","Negaprion brevirostris",0.23845016254811,23.9240573908553,0.01,145,4025,1,100
901,"Galeocerdo_cuvier","Galeocerdo cuvier",0.237516412529879,20.286444610881,0.01,145,4025,1,100
902,"Carcharhinus_borneensis","Carcharhinus borneensis",0.2372878433036,23.934374451416,0.01,145,4025,1,100
903,"Carcharhinus_hemiodon","Carcharhinus hemiodon",0.237210138303587,23.5834060937839,0.01,145,4025,1,100
904,"Dasyatis_hastata","Dasyatis hastata",0.23706391696766,22.6235003238959,0.01,145,4025,1,100
905,"Carcharhinus_porosus","Carcharhinus porosus",0.236743190846446,24.0484202288861,0.01,145,4025,1,100
906,"Mustelus_asterias","Mustelus asterias",0.236581368815823,21.3676972028473,0.01,145,4025,1,100
907,"Notoraja_lira","Notoraja lira",0.23647110456626,21.1611718985316,0.01,145,4025,1,100
908,"Carcharhinus_macloti","Carcharhinus macloti",0.236463705992094,24.2634717598328,0.01,145,4025,1,100
909,"Mustelus_dorsalis","Mustelus dorsalis",0.236125537990875,21.1543006318914,0.01,145,4025,1,100
910,"Himantura_imbricata","Himantura imbricata",0.236090337268101,21.812136504732,0.01,145,4025,1,100
911,"Mustelus_mangalorensis","Mustelus mangalorensis",0.236082959944189,21.7225397874379,0.01,145,4025,1,100
912,"Carcharhinus_wheeleri","Carcharhinus wheeleri",0.235809085358928,22.8795472080497,0.01,145,4025,1,100
913,"Chaenogaleus_macrostoma","Chaenogaleus macrostoma",0.235441946982844,19.1760081536422,0.01,145,4025,1,100
914,"Glyphis_garricki","Glyphis garricki",0.235397920758283,23.3456724373752,0.01,145,4025,1,100
915,"Okamejei_porosa","Okamejei porosa",0.235212280174438,28.2352052126188,0.01,145,4025,1,100
916,"Carcharhinus_plumbeus","Carcharhinus plumbeus",0.2343420666403,22.885305353966,0.01,145,4025,1,100
917,"Dasyatis_lata","Dasyatis lata",0.234258261074601,21.6857232473805,0.01,145,4025,1,100
918,"Triakis_megalopterus","Triakis megalopterus",0.233686255740848,20.6527787195059,0.01,145,4025,1,100
919,"Carcharhinus_dussumieri","Carcharhinus dussumieri",0.233544958733513,23.2484065092282,0.01,145,4025,1,100
920,"Himantura_dalyensis","Himantura dalyensis",0.233311353436989,22.1653357134314,0.01,145,4025,1,100
921,"Eusphyra_blochii","Eusphyra blochii",0.232891369106121,21.6219050754585,0.01,145,4025,1,100
922,"Paragaleus_tengi","Paragaleus tengi",0.232804383575124,20.7023194588059,0.01,145,4025,1,100
923,"Carcharhinus_sealei","Carcharhinus sealei",0.23262802953751,23.3146930576532,0.01,145,4025,1,100
924,"Mustelus_griseus","Mustelus griseus",0.231694892024613,21.2214182476215,0.01,145,4025,1,100
925,"Carcharhinus_longimanus","Carcharhinus longimanus",0.231480687306155,23.27687885066,0.01,145,4025,1,100
926,"Carcharhinus_amboinensis","Carcharhinus amboinensis",0.231433853885931,22.7365994150727,0.01,145,4025,1,100
927,"Mustelus_palumbes","Mustelus palumbes",0.231198843145394,21.0073110318786,0.01,145,4025,1,100
928,"Isogomphodon_oxyrhynchus","Isogomphodon oxyrhynchus",0.231186723135897,23.2631102458409,0.01,145,4025,1,100
929,"Negaprion_acutidens","Negaprion acutidens",0.231160670090401,23.4487291799827,0.01,145,4025,1,100
930,"Mustelus_stevensi","Mustelus stevensi",0.231085590022215,20.6852722557544,0.01,145,4025,1,100
931,"Rhizoprionodon_oligolinx","Rhizoprionodon oligolinx",0.230956911039198,21.8735998415648,0.01,145,4025,1,100
932,"Himantura_polylepis","Himantura polylepis",0.230590570389484,21.8219146139226,0.01,145,4025,1,100
933,"Okamejei_leptoura","Okamejei leptoura",0.230501038058204,24.9323285060093,0.01,145,4025,1,100
934,"Himantura_granulata","Himantura granulata",0.230209185661102,22.0922161083847,0.01,145,4025,1,100
935,"Okamejei_powelli","Okamejei powelli",0.229846758612096,25.1898136062914,0.01,145,4025,1,100
936,"Mustelus_fasciatus","Mustelus fasciatus",0.229284438345276,21.7852121778416,0.01,145,4025,1,100
937,"Mustelus_mento","Mustelus mento",0.228609222891189,20.5713891225986,0.01,145,4025,1,100
938,"Pavoraja_pseudonitida","Pavoraja pseudonitida",0.22820682483599,20.5470921323665,0.01,145,4025,1,100
939,"Potamotrygon_hystrix","Potamotrygon hystrix",0.227311265623367,18.3139651167094,0.01,145,4025,1,100
940,"Okamejei_cairae","Okamejei cairae",0.227222603199854,28.0841223133343,0.01,145,4025,1,100
941,"Carcharhinus_limbatus","Carcharhinus limbatus",0.227181342456467,22.6930435003851,0.01,145,4025,1,100
942,"Gurgesiella_furvescens","Gurgesiella furvescens",0.226470970248084,19.7811360079365,0.01,145,4025,1,100
943,"Neoraja_iberica","Neoraja iberica",0.226421329642435,24.9229266725468,0.01,145,4025,1,100
944,"Pavoraja_mosaica","Pavoraja mosaica",0.226348365702854,20.4136486654942,0.01,145,4025,1,100
945,"Hemigaleus_microstoma","Hemigaleus microstoma",0.226181165022936,18.6046467773519,0.01,145,4025,1,100
946,"Dactylobatus_armatus","Dactylobatus armatus",0.225964771405701,25.3089429812458,0.01,145,4025,1,100
947,"Mustelus_lunulatus","Mustelus lunulatus",0.225884483907173,20.4081046705488,0.01,145,4025,1,100
948,"Raja_chinensis","Raja chinensis",0.225592023427854,21.7719263242022,0.01,145,4025,1,100
949,"Dactylobatus_clarkii","Dactylobatus clarkii",0.22521971937309,22.781846915977,0.01,145,4025,1,100
950,"Mustelus_albipinnis","Mustelus albipinnis",0.224504881273437,20.1772567087513,0.01,145,4025,1,100
951,"Okamejei_jensenae","Okamejei jensenae",0.224495523723351,19.510130274717,0.01,145,4025,1,100
952,"Mustelus_manazo","Mustelus manazo",0.224297234335166,20.2342890225986,0.01,145,4025,1,100
953,"Iago_omanensis","Iago omanensis",0.224288173284915,17.0160688683211,0.01,145,4025,1,100
954,"Carcharhinus_tilstoni","Carcharhinus tilstoni",0.224187492534324,22.7126463192731,0.01,145,4025,1,100
955,"Raja_rondeleti","Raja rondeleti",0.223711338508161,22.2811908073306,0.01,145,4025,1,100
956,"Neoraja_africana","Neoraja africana",0.223574200731404,24.5471056562907,0.01,145,4025,1,100
957,"Lamiopsis_temminckii","Lamiopsis temminckii",0.223176726082587,22.7528165721895,0.01,145,4025,1,100
958,"Carcharhinus_amblyrhynchoides","Carcharhinus amblyrhynchoides",0.222831515029623,22.6037785520472,0.01,145,4025,1,100
959,"Mustelus_mustelus","Mustelus mustelus",0.222051499006513,20.9954166822155,0.01,145,4025,1,100
960,"Glyphis_fowlerae","Glyphis fowlerae",0.221960958143988,22.6428816604556,0.01,145,4025,1,100
961,"Mustelus_minicanis","Mustelus minicanis",0.221378204749363,19.0003800391449,0.01,145,4025,1,100
962,"Carcharhinus_perezii","Carcharhinus perezii",0.221014450193804,22.2138437678598,0.01,145,4025,1,100
963,"Scylliogaleus_quecketti","Scylliogaleus quecketti",0.220631088045715,20.3349862105117,0.01,145,4025,1,100
964,"Okamejei_philipi","Okamejei philipi",0.220451535022968,27.3079708964614,0.01,145,4025,1,100
965,"Glyphis_sp.1","Glyphis sp.1",0.220299956607449,21.6724665502789,0.01,145,4025,1,100
966,"Carcharhinus_fitzroyensis","Carcharhinus fitzroyensis",0.220071674546269,21.9780626181063,0.01,145,4025,1,100
967,"Carcharhinus_coatesi","Carcharhinus coatesi",0.219852259241359,22.1843631361377,0.01,145,4025,1,100
968,"Carcharhinus_sorrah","Carcharhinus sorrah",0.219060399435334,21.4998197577757,0.01,145,4025,1,100
969,"Triaenodon_obesus","Triaenodon obesus",0.218977354680106,21.4998197577757,0.01,145,4025,1,100
970,"Okamejei_schmidti","Okamejei schmidti",0.218346457973934,26.9456705131426,0.01,145,4025,1,100
971,"Rhizoprionodon_acutus","Rhizoprionodon acutus",0.218047254039139,19.778082521375,0.01,145,4025,1,100
972,"Mustelus_punctulatus","Mustelus punctulatus",0.217555745993219,18.7037655182278,0.01,145,4025,1,100
973,"Okamejei_arafurensis","Okamejei arafurensis",0.21692255699008,24.9229266725468,0.01,145,4025,1,100
974,"Iago_garricki","Iago garricki",0.216756169480263,17.9320696122507,0.01,145,4025,1,100
975,"Fenestraja_ishiyamai","Fenestraja ishiyamai",0.216722499110529,20.634267982991,0.01,145,4025,1,100
976,"Okamejei_boesemani","Okamejei boesemani",0.216670878042978,26.1838331881875,0.01,145,4025,1,100
977,"Carcharhinus_brachyurus","Carcharhinus brachyurus",0.216126797886957,21.2196009367011,0.01,145,4025,1,100
978,"Breviraja_nigriventralis","Breviraja nigriventralis",0.216038024890699,18.238235007653,0.01,145,4025,1,100
979,"Carcharhinus_melanopterus","Carcharhinus melanopterus",0.21480606774133,20.9998936256211,0.01,145,4025,1,100
980,"Mustelus_canis","Mustelus canis",0.214640449566735,20.5253735382479,0.01,145,4025,1,100
981,"Mustelus_whitneyi","Mustelus whitneyi",0.214518372465443,19.337062919381,0.01,145,4025,1,100
982,"Raja_ackleyi","Raja ackleyi",0.214363863170902,21.3961053079461,0.01,145,4025,1,100
983,"Hemigaleus_australiensis","Hemigaleus australiensis",0.213614382342022,18.0083294174382,0.01,145,4025,1,100
984,"Carcharhinus_tjutjot","Carcharhinus tjutjot",0.213347051429202,21.205569430368,0.01,145,4025,1,100
985,"Okamejei_mengae","Okamejei mengae",0.212946317463147,24.7996784981175,0.01,145,4025,1,100
986,"Malacoraja_kreffti","Malacoraja kreffti",0.212889372335553,20.3944223151211,0.01,145,4025,1,100
987,"Glyphis_gangeticus","Glyphis gangeticus",0.212700742550308,21.8546168327608,0.01,145,4025,1,100
988,"Carcharhinus_leiodon","Carcharhinus leiodon",0.212333804015466,21.8932664338577,0.01,145,4025,1,100
989,"Mustelus_walkeri","Mustelus walkeri",0.21210814287824,18.6694644323834,0.01,145,4025,1,100
990,"Leucoraja_circularis","Leucoraja circularis",0.211249633730582,24.3039346479264,0.01,145,4025,1,100
991,"Carcharhinus_cautus","Carcharhinus cautus",0.211138370587096,20.8543328209317,0.01,145,4025,1,100
992,"Gurgesiella_dorsalifera","Gurgesiella dorsalifera",0.210831599167338,19.0049845910635,0.01,145,4025,1,100
993,"Okamejei_meerdervoortii","Okamejei meerdervoortii",0.210476817183284,25.4280723562003,0.01,145,4025,1,100
994,"Rhizoprionodon_taylori","Rhizoprionodon taylori",0.21024593357556,19.529851215451,0.01,145,4025,1,100
995,"Dipturus_grahami","Dipturus grahami",0.209682608589855,26.8510505225488,0.01,145,4025,1,100
996,"Malacoraja_obscura","Malacoraja obscura",0.208760510601966,18.9865516996708,0.01,145,4025,1,100
997,"Mustelus_higmani","Mustelus higmani",0.208759291296399,20.2317634619725,0.01,145,4025,1,100
998,"Psammobatis_scobina","Psammobatis scobina",0.208525514444105,23.6796595893184,0.01,145,4025,1,100
999,"Psammobatis_bergi","Psammobatis bergi",0.208525514444105,23.6796595893184,0.01,145,4025,1,100
1000,"Malacoraja_senta","Malacoraja senta",0.208368596451995,18.9865516996708,0.01,145,4025,1,100
1001,"Okamejei_hollandi","Okamejei hollandi",0.206542307605364,24.3993480975006,0.01,145,4025,1,100
1002,"Carcharhinus_brevipinna","Carcharhinus brevipinna",0.206490355161229,20.3359680150453,0.01,145,4025,1,100
1003,"Carcharhinus_galapagensis","Carcharhinus galapagensis",0.206264546837018,21.0023590392485,0.01,145,4025,1,100
1004,"Raja_inornata","Raja inornata",0.206122511016637,24.1610893475917,0.01,145,4025,1,100
1005,"Leucoraja_naevus","Leucoraja naevus",0.20607189293251,23.4078603971185,0.01,145,4025,1,100
1006,"Raja_microocellata","Raja microocellata",0.205660990614934,20.0017553254332,0.01,145,4025,1,100
1007,"Carcharhinus_cerdale","Carcharhinus cerdale",0.205570869670985,20.7603371574321,0.01,145,4025,1,100
1008,"Carcharhinus_obscurus","Carcharhinus obscurus",0.205411114411263,20.9172612956685,0.01,145,4025,1,100
1009,"Beringraja_binoculata","Beringraja binoculata",0.20504110904667,22.9238987573313,0.01,145,4025,1,100
1010,"Amblyraja_radiata","Amblyraja radiata",0.204829483600911,24.8030038386119,0.01,145,4025,1,100
1011,"Okamejei_kenojei","Okamejei kenojei",0.204417866702114,25.5377998976924,0.01,145,4025,1,100
1012,"Leucoraja_wallacei","Leucoraja wallacei",0.203610225505703,22.9129100059079,0.01,145,4025,1,100
1013,"Amblyraja_robertsi","Amblyraja robertsi",0.203105347902553,24.4271828223558,0.01,145,4025,1,100
1014,"Dipturus_gigas","Dipturus gigas",0.202410122293438,26.0892131975937,0.01,145,4025,1,100
1015,"Dipturus_stenorhynchus","Dipturus stenorhynchus",0.202302343109279,26.3417860394204,0.01,145,4025,1,100
1016,"Sympterygia_acuta","Sympterygia acuta",0.201351262717218,23.9322324311452,0.01,145,4025,1,100
1017,"Sympterygia_lima","Sympterygia lima",0.201328168916967,23.9322324311452,0.01,145,4025,1,100
1018,"Mustelus_henlei","Mustelus henlei",0.200762152262363,19.2556119107293,0.01,145,4025,1,100
1019,"Bathyraja_trachura","Bathyraja trachura",0.199326579141749,24.3317693727815,0.01,145,4025,1,100
1020,"Dipturus_bullisi","Dipturus bullisi",0.198106327048492,26.4744360473122,0.01,145,4025,1,100
1021,"Psammobatis_rudis","Psammobatis rudis",0.197633484744654,22.5420012481072,0.01,145,4025,1,100
1022,"Dipturus_springeri","Dipturus springeri",0.197447975540774,25.3089429812458,0.01,145,4025,1,100
1023,"Leucoraja_melitensis","Leucoraja melitensis",0.197023603511695,21.7752516646967,0.01,145,4025,1,100
1024,"Rajella_bigelowi","Rajella bigelowi",0.19698716302209,22.8073012638908,0.01,145,4025,1,100
1025,"Zearaja_chilensis","Zearaja chilensis",0.196751627304258,25.5656346225475,0.01,145,4025,1,100
1026,"Okamejei_acutispina","Okamejei acutispina",0.196370341315293,22.5378824486323,0.01,145,4025,1,100
1027,"Dipturus_endeavouri","Dipturus endeavouri",0.196228756526485,25.0740095718313,0.01,145,4025,1,100
1028,"Dipturus_garricki","Dipturus garricki",0.194674168606735,26.34099258044,0.01,145,4025,1,100
1029,"Bathyraja_richardsoni","Bathyraja richardsoni",0.193883470370992,23.9179183392274,0.01,145,4025,1,100
1030,"Dipturus_pullopunctata","Dipturus pullopunctata",0.193205284756241,24.8181113895101,0.01,145,4025,1,100
1031,"Amblyraja_frerichsi","Amblyraja frerichsi",0.193176773257111,23.0185187479251,0.01,145,4025,1,100
1032,"Dipturus_melanospilus","Dipturus melanospilus",0.192934507414297,24.4271828223558,0.01,145,4025,1,100
1033,"Leucoraja_fullonica","Leucoraja fullonica",0.192229792869272,22.1510726809528,0.01,145,4025,1,100
1034,"Dipturus_olseni","Dipturus olseni",0.19156893207581,24.3088469063817,0.01,145,4025,1,100
1035,"Dipturus_gudgeri","Dipturus gudgeri",0.191122869032173,24.7034715895628,0.01,145,4025,1,100
1036,"Dipturus_oculus","Dipturus oculus",0.190911428021358,24.1950005654148,0.01,145,4025,1,100
1037,"Rajella_challengeri","Rajella challengeri",0.190517690958864,23.1797969396525,0.01,145,4025,1,100
1038,"Rajella_kukujevi","Rajella kukujevi",0.190228543375721,23.1519622147973,0.01,145,4025,1,100
1039,"Dipturus_queenslandicus","Dipturus queenslandicus",0.190188320491779,24.4238574818613,0.01,145,4025,1,100
1040,"Hongeo_koreana","Hongeo koreana",0.19014080629158,23.3030451140819,0.01,145,4025,1,100
1041,"Amblyraja_doellojuradoi","Amblyraja doellojuradoi",0.190072392802011,23.0185187479251,0.01,145,4025,1,100
1042,"Amblyraja_taaf","Amblyraja taaf",0.189971603419484,21.8951744986316,0.01,145,4025,1,100
1043,"Rhinoraja_albomaculata","Rhinoraja albomaculata",0.189348765408155,23.4500092138915,0.01,145,4025,1,100
1044,"Psammobatis_extenta","Psammobatis extenta",0.18913172006569,21.2803012734861,0.01,145,4025,1,100
1045,"Rajella_alia","Rajella alia",0.189113697503832,22.7761411985412,0.01,145,4025,1,100
1046,"Rajella_sadowskii","Rajella sadowskii",0.189113697503832,22.7761411985412,0.01,145,4025,1,100
1047,"Dipturus_flavirostris","Dipturus flavirostris",0.188970643896584,23.7995824232534,0.01,145,4025,1,100
1048,"Raja_montagui","Raja montagui",0.188517217341722,19.3868821002877,0.01,145,4025,1,100
1049,"Anacanthobatis_folirostris","Anacanthobatis folirostris",0.188112194985991,16.4553368349271,0.01,145,4025,1,100
1050,"Amblyraja_reversa","Amblyraja reversa",0.188088761478992,22.2709955148877,0.01,145,4025,1,100
1051,"Dipturus_confusus","Dipturus confusus",0.187862226354089,24.450898747736,0.01,145,4025,1,100
1052,"Bathyraja_leucomelanos","Bathyraja leucomelanos",0.187422131519007,21.2803012734861,0.01,145,4025,1,100
1053,"Raja_brachyura","Raja brachyura",0.186748363738517,21.2626618410738,0.01,145,4025,1,100
1054,"Rajella_annandalei","Rajella annandalei",0.186541654659749,22.2668767154128,0.01,145,4025,1,100
1055,"Raja_stellulata","Raja stellulata",0.18625692881586,21.6426016568049,0.01,145,4025,1,100
1056,"Bathyraja_shuntovi","Bathyraja shuntovi",0.18600769350638,24.2253671717839,0.01,145,4025,1,100
1057,"Dipturus_crosnieri","Dipturus crosnieri",0.185311377552746,24.560626289228,0.01,145,4025,1,100
1058,"Amblyraja_jenseni","Amblyraja jenseni",0.185183839212846,23.0185187479251,0.01,145,4025,1,100
1059,"Amblyraja_badia","Amblyraja badia",0.185183839212846,23.0185187479251,0.01,145,4025,1,100
1060,"Rhinoraja_macloviana","Rhinoraja macloviana",0.184842000070736,22.9407447307631,0.01,145,4025,1,100
1061,"Bathyraja_schroederi","Bathyraja schroederi",0.184285754746996,22.9407447307631,0.01,145,4025,1,100
1062,"Amblyraja_georgiana","Amblyraja georgiana",0.184089989687994,20.8909596242926,0.01,145,4025,1,100
1063,"Bathyraja_abyssicola","Bathyraja abyssicola",0.183876583850741,22.8039759233963,0.01,145,4025,1,100
1064,"Bathyraja_griseocauda","Bathyraja griseocauda",0.18382682294873,23.0741881976353,0.01,145,4025,1,100
1065,"Bathyraja_trachouros","Bathyraja trachouros",0.183820096901942,20.7710367903577,0.01,145,4025,1,100
1066,"Psammobatis_normani","Psammobatis normani",0.183814543118627,20.7853508822755,0.01,145,4025,1,100
1067,"Raja_rhina","Raja rhina",0.183488703607795,22.018422673061,0.01,145,4025,1,100
1068,"Rhinoraja_longicauda","Rhinoraja longicauda",0.183345119795035,22.5514030815696,0.01,145,4025,1,100
1069,"Rajella_ravidula","Rajella ravidula",0.183263772052449,22.2709955148877,0.01,145,4025,1,100
1070,"Zearaja_nasuta","Zearaja nasuta",0.183247276430715,23.0328328398429,0.01,145,4025,1,100
1071,"Arhynchobatis_asperrimus","Arhynchobatis asperrimus",0.183121631142073,20.0227200983399,0.01,145,4025,1,100
1072,"Dentiraja_flindersi","Dentiraja flindersi",0.182989038755079,23.6890614227809,0.01,145,4025,1,100
1073,"Sympterygia_brevicaudata","Sympterygia brevicaudata",0.182947213280806,22.0286179655039,0.01,145,4025,1,100
1074,"Bathyraja_hesperafricana","Bathyraja hesperafricana",0.182092911612086,23.5556179559086,0.01,145,4025,1,100
1075,"Dipturus_kwangtungensis","Dipturus kwangtungensis",0.181980014724198,21.3859100155032,0.01,145,4025,1,100
1076,"Spiniraja_whitleyi","Spiniraja whitleyi",0.181641739255545,22.9280175568062,0.01,145,4025,1,100
1077,"Dipturus_polyommata","Dipturus polyommata",0.181641739255545,22.9280175568062,0.01,145,4025,1,100
1078,"Dipturus_canutus","Dipturus canutus",0.181323257378615,23.3124469475443,0.01,145,4025,1,100
1079,"Raja_straeleni","Raja straeleni",0.1811334782674,21.5463947482502,0.01,145,4025,1,100
1080,"Raja_cortezensis","Raja cortezensis",0.1811334782674,21.5463947482502,0.01,145,4025,1,100
1081,"Rajella_nigerrima","Rajella nigerrima",0.181057061652489,22.8993893729706,0.01,145,4025,1,100
1082,"Dipturus_trachydermus","Dipturus trachydermus",0.180771793234268,23.2895244811445,0.01,145,4025,1,100
1083,"Dipturus_leptocaudus","Dipturus leptocaudus",0.180771793234268,23.2895244811445,0.01,145,4025,1,100
1084,"Bathyraja_pallida","Bathyraja pallida",0.18072737358604,23.5826592217833,0.01,145,4025,1,100
1085,"Psammobatis_lentiginosa","Psammobatis lentiginosa",0.180291217890747,20.2760863991471,0.01,145,4025,1,100
1086,"Bathyraja_spinosissima","Bathyraja spinosissima",0.18018671132226,20.7567226984399,0.01,145,4025,1,100
1087,"Amblyraja_hyperborea","Amblyraja hyperborea",0.179609554718029,22.0143038735861,0.01,145,4025,1,100
1088,"Zearaja_maugeana","Zearaja maugeana",0.179216056640224,23.8089842567158,0.01,145,4025,1,100
1089,"Bathyraja_papilionifera","Bathyraja papilionifera",0.179006828116191,22.9407447307631,0.01,145,4025,1,100
1090,"Dipturus_johannisdavesi","Dipturus johannisdavesi",0.17886223778034,23.9416342646076,0.01,145,4025,1,100
1091,"Dipturus_nidarosiensis","Dipturus nidarosiensis",0.178781316986334,23.5420973229713,0.01,145,4025,1,100
1092,"Bathyraja_meridionalis","Bathyraja meridionalis",0.178185976756856,22.6840530894614,0.01,145,4025,1,100
1093,"Rhinoraja_murrayi","Rhinoraja murrayi",0.177362235666627,22.6840530894614,0.01,145,4025,1,100
1094,"Rajella_lintea","Rajella lintea",0.177262152953567,21.6376893983495,0.01,145,4025,1,100
1095,"Leucoraja_pristispina","Leucoraja pristispina",0.176769577431194,21.3851165565228,0.01,145,4025,1,100
1096,"Rajella_eisenhardti","Rajella eisenhardti",0.176035224891179,23.2710915897518,0.01,145,4025,1,100
1097,"Rajella_caudaspinosa","Rajella caudaspinosa",0.175983785061833,23.1519622147973,0.01,145,4025,1,100
1098,"Bathyraja_smithii","Bathyraja smithii",0.175787596135492,20.5184639485309,0.01,145,4025,1,100
1099,"Bathyraja_bergi","Bathyraja bergi",0.175739426318202,21.2946153654039,0.01,145,4025,1,100
1100,"Leucoraja_caribbaea","Leucoraja caribbaea",0.175636955921246,21.5050393904577,0.01,145,4025,1,100
1101,"Bathyraja_irrasa","Bathyraja irrasa",0.175470269205577,22.4314802476347,0.01,145,4025,1,100
1102,"Rhinoraja_multispinis","Rhinoraja multispinis",0.175431668351575,21.5463947482502,0.01,145,4025,1,100
1103,"Raja_macrorynchus","Raja macrorynchus",0.175421497074277,17.9782180258569,0.01,145,4025,1,100
1104,"Dipturus_innominatus","Dipturus innominatus",0.175381342857891,22.9231052983508,0.01,145,4025,1,100
1105,"Dipturus_lanceorostratus","Dipturus lanceorostratus",0.175355354136013,24.3182487398442,0.01,145,4025,1,100
1106,"Dentiraja_lemprieri","Dentiraja lemprieri",0.175084038308639,22.5514030815696,0.01,145,4025,1,100
1107,"Rhinoraja_odai","Rhinoraja odai",0.17507575104105,22.5649237145069,0.01,145,4025,1,100
1108,"Bathyraja_smirnovi","Bathyraja smirnovi",0.17507575104105,22.5649237145069,0.01,145,4025,1,100
1109,"Bathyraja_parmifera","Bathyraja parmifera",0.174995452661766,22.6983671813792,0.01,145,4025,1,100
1110,"Beringraja_pulchra","Beringraja pulchra",0.174895627989365,19.7340749327082,0.01,145,4025,1,100
1111,"Sympterygia_bonapartii","Sympterygia bonapartii",0.173944936466843,19.6190643572286,0.01,145,4025,1,100
1112,"Raja_clavata","Raja clavata",0.173812733436317,21.1562596400762,0.01,145,4025,1,100
1113,"Rajella_fuliginea","Rajella fuliginea",0.17244281909353,21.248347749156,0.01,145,4025,1,100
1114,"Bathyraja_simoterus","Bathyraja simoterus",0.171827668215406,20.8893727063317,0.01,145,4025,1,100
1115,"Dipturus_macrocauda","Dipturus macrocauda",0.171115715612767,23.6755407898435,0.01,145,4025,1,100
1116,"Dipturus_tengu","Dipturus tengu",0.171115715612767,23.6755407898435,0.01,145,4025,1,100
1117,"Leucoraja_garmani","Leucoraja garmani",0.170946085578233,20.7616349568952,0.01,145,4025,1,100
1118,"Raja_maderensis","Raja maderensis",0.170822381156455,20.1377306738195,0.01,145,4025,1,100
1119,"Rajella_bathyphila","Rajella bathyphila",0.17022661713908,20.3952157741015,0.01,145,4025,1,100
1120,"Rajella_purpuriventralis","Rajella purpuriventralis",0.170124892722614,21.9999897816683,0.01,145,4025,1,100
1121,"Pseudoraja_fischeri","Pseudoraja fischeri",0.169871312804062,19.8994719239105,0.01,145,4025,1,100
1122,"Dipturus_healdi","Dipturus healdi",0.168625416795611,22.5370889896518,0.01,145,4025,1,100
1123,"Dipturus_wengi","Dipturus wengi",0.16855110169629,22.790455290459,0.01,145,4025,1,100
1124,"Bathyraja_notoroensis","Bathyraja notoroensis",0.168419908864766,20.246664756331,0.01,145,4025,1,100
1125,"Dipturus_oregoni","Dipturus oregoni",0.168172418933281,21.2667806405487,0.01,145,4025,1,100
1126,"Bathyraja_tzinovskii","Bathyraja tzinovskii",0.167911576841051,20.2609788482488,0.01,145,4025,1,100
1127,"Dipturus_falloargus","Dipturus falloargus",0.167571441630091,22.5378824486323,0.01,145,4025,1,100
1128,"Dipturus_wuhanlingi","Dipturus wuhanlingi",0.167571441630091,22.5378824486323,0.01,145,4025,1,100
1129,"Bathyraja_lindbergi","Bathyraja lindbergi",0.166579498061446,22.0421385984412,0.01,145,4025,1,100
1130,"Bathyraja_brachyurops","Bathyraja brachyurops",0.166346068884983,20.9078055977244,0.01,145,4025,1,100
1131,"Bathyraja_diplotaenia","Bathyraja diplotaenia",0.166346068884983,20.9078055977244,0.01,145,4025,1,100
1132,"Dipturus_doutrei","Dipturus doutrei",0.166301822578834,21.5226788228699,0.01,145,4025,1,100
1133,"Bathyraja_spinicauda","Bathyraja spinicauda",0.166195444323026,20.0193947578454,0.01,145,4025,1,100
1134,"Bathyraja_tunae","Bathyraja tunae",0.166068668204104,21.0371302651218,0.01,145,4025,1,100
1135,"Raja_radula","Raja radula",0.165036675149235,19.3902074407821,0.01,145,4025,1,100
1136,"Bathyraja_eatonii","Bathyraja eatonii",0.164726824357975,19.8859512909732,0.01,145,4025,1,100
1137,"Dipturus_mennii","Dipturus mennii",0.164417047341138,23.4323697814792,0.01,145,4025,1,100
1138,"Bathyraja_peruana","Bathyraja peruana",0.164242825415858,21.1562596400762,0.01,145,4025,1,100
1139,"Bathyraja_isotrachys","Bathyraja isotrachys",0.162582168411615,20.1385241327999,0.01,145,4025,1,100
1140,"Raja_africana","Raja africana",0.16173487449094,21.022816173204,0.01,145,4025,1,100
1141,"Dipturus_cerva","Dipturus cerva",0.161559239820504,21.7854469571396,0.01,145,4025,1,100
1142,"Dipturus_batis","Dipturus batis",0.161524941659677,21.5234722818504,0.01,145,4025,1,100
1143,"Bathyraja_ishiharai","Bathyraja ishiharai",0.161337149381439,20.398541114596,0.01,145,4025,1,100
1144,"Leucoraja_lentiginosa","Leucoraja lentiginosa",0.161331164372831,19.6055437242913,0.01,145,4025,1,100
1145,"Bathyraja_maculata","Bathyraja maculata",0.160931405448319,21.0236096321844,0.01,145,4025,1,100
1146,"Raja_bahamensis","Raja bahamensis",0.160638569173555,19.0135929655455,0.01,145,4025,1,100
1147,"Bathyraja_panthera","Bathyraja panthera",0.160550041781476,19.8892766314676,0.01,145,4025,1,100
1148,"Rhinoraja_magellanica","Rhinoraja magellanica",0.160550041781476,19.8892766314676,0.01,145,4025,1,100
1149,"Bathyraja_minispinosa","Bathyraja minispinosa",0.160088789668346,19.7619096575633,0.01,145,4025,1,100
1150,"Bathyraja_kincaidii","Bathyraja kincaidii",0.159996546968307,20.0329153907828,0.01,145,4025,1,100
1151,"Bathyraja_violacea","Bathyraja violacea",0.159996546968307,20.0329153907828,0.01,145,4025,1,100
1152,"Bathyraja_mariposa","Bathyraja mariposa",0.159996546968307,20.0329153907828,0.01,145,4025,1,100
1153,"Bathyraja_aguja","Bathyraja aguja",0.159996546968307,20.0329153907828,0.01,145,4025,1,100
1154,"Raja_polystigma","Raja polystigma",0.159777913454882,19.3902074407821,0.01,145,4025,1,100
1155,"Raja_atriventralis","Raja atriventralis",0.159404093643662,19.5093368157366,0.01,145,4025,1,100
1156,"Rhinoraja_taranetzi","Rhinoraja taranetzi",0.159359658148109,20.0329153907828,0.01,145,4025,1,100
1157,"Bathyraja_maccaini","Bathyraja maccaini",0.159198705749342,20.4087364070389,0.01,145,4025,1,100
1158,"Rhinoraja_kujiensis","Rhinoraja kujiensis",0.159198705749342,20.4087364070389,0.01,145,4025,1,100
1159,"Dipturus_teevani","Dipturus teevani",0.158230195967699,21.904576332094,0.01,145,4025,1,100
1160,"Bathyraja_microtrachys","Bathyraja microtrachys",0.157776117863185,19.510130274717,0.01,145,4025,1,100
1161,"Bathyraja_andriashevi","Bathyraja andriashevi",0.157690834783072,19.2526451744349,0.01,145,4025,1,100
1162,"Dipturus_campbelli","Dipturus campbelli",0.15717729941453,20.7988715152128,0.01,145,4025,1,100
1163,"Leucoraja_compagnoi","Leucoraja compagnoi",0.156880350545307,20.3571857568035,0.01,145,4025,1,100
1164,"Rajella_fyllae","Rajella fyllae",0.156517394484103,20.752603898965,0.01,145,4025,1,100
1165,"Dipturus_intermedia","Dipturus intermedia",0.15512154227864,21.1333371736765,0.01,145,4025,1,100
1166,"Dipturus_acrobelus","Dipturus acrobelus",0.154313379430329,21.5234722818504,0.01,145,4025,1,100
1167,"Dipturus_oxyrinchus","Dipturus oxyrinchus",0.153630344485945,20.5049433155936,0.01,145,4025,1,100
1168,"Leucoraja_erinacea","Leucoraja erinacea",0.153492982486929,17.2197060413963,0.01,145,4025,1,100
1169,"Psammobatis_rutrum","Psammobatis rutrum",0.153486760113053,18.8572270322735,0.01,145,4025,1,100
1170,"Bathyraja_scaphiops","Bathyraja scaphiops",0.153402522721594,18.8707476652108,0.01,145,4025,1,100
1171,"Leucoraja_ocellata","Leucoraja ocellata",0.153342780248222,19.362372715927,0.01,145,4025,1,100
1172,"Bathyraja_aleutica","Bathyraja aleutica",0.153135396052481,18.3716784745253,0.01,145,4025,1,100
1173,"Bathyraja_fedorovi","Bathyraja fedorovi",0.153093027464228,18.8809429576537,0.01,145,4025,1,100
1174,"Bathyraja_matsubarai","Bathyraja matsubarai",0.152913272285725,19.5236509076544,0.01,145,4025,1,100
1175,"Dipturus_apricus","Dipturus apricus",0.152861076717267,20.5184639485309,0.01,145,4025,1,100
1176,"Bathyraja_longicauda","Bathyraja longicauda",0.152107553606369,20.018601298865,0.01,145,4025,1,100
1177,"Dipturus_australis","Dipturus australis",0.151841200006487,20.6477886159283,0.01,145,4025,1,100
1178,"Dipturus_laevis","Dipturus laevis",0.150881447287943,19.780342548956,0.01,145,4025,1,100
1179,"Rajella_leopardus","Rajella leopardus",0.150565406127728,20.6056397991554,0.01,145,4025,1,100
1180,"Zearaja_argentinensis","Zearaja argentinensis",0.150129698919747,20.7432020655025,0.01,145,4025,1,100
1181,"Psammobatis_parvacauda","Psammobatis parvacauda",0.148231360166781,17.582006424715,0.01,145,4025,1,100
1182,"Leucoraja_virginica","Leucoraja virginica",0.146934656410187,18.3438437496702,0.01,145,4025,1,100
1183,"Atlantoraja_cyclophora","Atlantoraja cyclophora",0.146115463667062,17.9815433663514,0.01,145,4025,1,100
1184,"Rajella_barnardi","Rajella barnardi",0.145826513538469,19.2391245414976,0.01,145,4025,1,100
1185,"Rioraja_agassizii","Rioraja agassizii",0.145391612261778,17.6065158090757,0.01,145,4025,1,100
1186,"Rajella_dissimilis","Rajella dissimilis",0.145209014244829,21.1149042822838,0.01,145,4025,1,100
1187,"Leucoraja_yucatanensis","Leucoraja yucatanensis",0.143810904351415,17.7154498915873,0.01,145,4025,1,100
1188,"Leucoraja_leucosticta","Leucoraja leucosticta",0.143810904351415,17.7154498915873,0.01,145,4025,1,100
1189,"Bathyraja_cousseauae","Bathyraja cousseauae",0.143297467231934,18.2525490995708,0.01,145,4025,1,100
1190,"Atlantoraja_castelnaui","Atlantoraja castelnaui",0.142668968592053,18.8674223247164,0.01,145,4025,1,100
1191,"Dipturus_ecuadoriensis","Dipturus ecuadoriensis",0.14239974247349,19.4991415232937,0.01,145,4025,1,100
1192,"Atlantoraja_platana","Atlantoraja platana",0.125973849527127,16.6007140167758,0.01,145,4025,1,100
