"Rank_EH","species_tree","species","EvoHeritage","Ancestral_EvoHeritage","rho","min_age","max_age","lambda","repeats"
1,"Zanobatus_schoenleinii","Zanobatus schoenleinii",88.3373492053707,103.24231043412,0.01,0,4025,1,100
2,"Platyrhinoidis_triseriata","Platyrhinoidis triseriata",86.0882753775993,97.773045106145,0.01,0,4025,1,100
3,"Mitsukurina_owstoni","Mitsukurina owstoni",81.9381804783703,103.605578420608,0.01,0,4025,1,100
4,"Hypnos_monopterygius","Hypnos monopterygius",79.8975849930137,99.5817215697599,0.01,0,4025,1,100
5,"Hexatrygon_bickelli","Hexatrygon bickelli",77.4443167802238,104.87103628118,0.01,0,4025,1,100
6,"Brachaelurus_waddi","Brachaelurus waddi",75.968119208115,101.751944859515,0.01,0,4025,1,100
7,"Anoxypristis_cuspidata","Anoxypristis cuspidata",75.9666816654408,100.729082494104,0.01,0,4025,1,100
8,"Heterodontus_francisci","Heterodontus francisci",75.853956391848,96.8981380566094,0.01,0,4025,1,100
9,"Zapteryx_brevirostris","Zapteryx brevirostris",74.7214437790442,102.366310567079,0.01,0,4025,1,100
10,"Brachaelurus_colcloughi","Brachaelurus colcloughi",74.2770806728851,101.24088651098,0.01,0,4025,1,100
11,"Heterodontus_mexicanus","Heterodontus mexicanus",74.1771658850687,105.143505811839,0.01,0,4025,1,100
12,"Notorynchus_cepedianus","Notorynchus cepedianus",73.8148252004901,104.492529111133,0.01,0,4025,1,100
13,"Rhina_ancylostoma","Rhina ancylostoma",73.2420497988189,98.0726703326033,0.01,0,4025,1,100
14,"Carcharias_taurus","Carcharias taurus",73.1204018461554,105.629690878244,0.01,0,4025,1,100
15,"Pseudoginglymostoma_brevicaudatum","Pseudoginglymostoma brevicaudatum",72.7168712536865,101.710784507913,0.01,0,4025,1,100
16,"Plesiobatis_daviesi","Plesiobatis daviesi",71.5302715745735,100.326377300016,0.01,0,4025,1,100
17,"Pristis_pristis","Pristis pristis",71.4723132147287,104.255403949922,0.01,0,4025,1,100
18,"Alopias_superciliosus","Alopias superciliosus",71.1998245757383,97.5570383158255,0.01,0,4025,1,100
19,"Dalatias_licha","Dalatias licha",70.6463589467758,100.614934651865,0.01,0,4025,1,100
20,"Cetorhinus_maximus","Cetorhinus maximus",69.6695893493582,102.558195426417,0.01,0,4025,1,100
21,"Trygonorrhina_melaleuca","Trygonorrhina melaleuca",68.3623113979055,95.3553782833914,0.01,0,4025,1,100
22,"Trigonognathus_kabeyai","Trigonognathus kabeyai",67.9165905504409,102.576495183237,0.01,0,4025,1,100
23,"Alopias_vulpinus","Alopias vulpinus",67.3450667004608,98.4340338242859,0.01,0,4025,1,100
24,"Eucrossorhinus_dasypogon","Eucrossorhinus dasypogon",67.3229699462031,96.6127017348876,0.01,0,4025,1,100
25,"Leptocharias_smithii","Leptocharias smithii",66.7882810337066,93.7517607163874,0.01,0,4025,1,100
26,"Pseudotriakis_microdon","Pseudotriakis microdon",66.5558529522891,103.374391826709,0.01,0,4025,1,100
27,"Pliotrema_warreni","Pliotrema warreni",66.4266105303699,95.9831511807791,0.01,0,4025,1,100
28,"Alopias_pelagicus","Alopias pelagicus",66.1031777010132,97.241663852996,0.01,0,4025,1,100
29,"Pristis_clavata","Pristis clavata",65.771373211046,98.9274141302665,0.01,0,4025,1,100
30,"Rhinobatos_penggali","Rhinobatos penggali",65.4404213465185,95.1245693423862,0.01,0,4025,1,100
31,"Hemipristis_elongata","Hemipristis elongata",62.4888766248434,101.070413400434,0.01,0,4025,1,100
32,"Heptranchias_perlo","Heptranchias perlo",62.3515466352924,112.607933921031,0.01,0,4025,1,100
33,"Aetobatus_narinari","Aetobatus narinari",61.8684901373977,99.7902967925539,0.01,0,4025,1,100
34,"Pristis_zijsron","Pristis zijsron",61.8045785932074,97.1272249691154,0.01,0,4025,1,100
35,"Pristis_pectinata","Pristis pectinata",61.6866140790449,94.7614505368905,0.01,0,4025,1,100
36,"Planonasus_parini","Planonasus parini",61.0612129873333,105.410384521342,0.01,0,4025,1,100
37,"Aetomylaeus_vespertilio","Aetomylaeus vespertilio",61.0589411511163,97.6294727205702,0.01,0,4025,1,100
38,"Cruriraja_hulleyi","Cruriraja hulleyi",60.7228452274263,99.5318874532942,0.01,0,4025,1,100
39,"Dasyatis_microps","Dasyatis microps",60.7081664266195,93.9198675308693,0.01,0,4025,1,100
40,"Squaliolus_laticaudus","Squaliolus laticaudus",60.3869965954525,105.428678047546,0.01,0,4025,1,100
41,"Sinobatis_melanosoma","Sinobatis melanosoma",59.830576686121,102.161176136474,0.01,0,4025,1,100
42,"Centrophorus_atromarginatus","Centrophorus atromarginatus",59.6647400724066,98.4592113398294,0.01,0,4025,1,100
43,"Galeocerdo_cuvier","Galeocerdo cuvier",59.6510309565959,95.6288304861236,0.01,0,4025,1,100
44,"Pristiophorus_japonicus","Pristiophorus japonicus",59.1246133808816,95.933599005005,0.01,0,4025,1,100
45,"Aetobatus_flagellum","Aetobatus flagellum",58.4166469881749,95.5555604747589,0.01,0,4025,1,100
46,"Apristurus_saldanha","Apristurus saldanha",57.9688438882812,100.450879521038,0.01,0,4025,1,100
47,"Aptychotrema_vincentiana","Aptychotrema vincentiana",57.8227449356213,101.36953073749,0.01,0,4025,1,100
48,"Trygonorrhina_dumerilii","Trygonorrhina dumerilii",57.4169427760301,94.2552339878618,0.01,0,4025,1,100
49,"Mollisquama_parini","Mollisquama parini",57.1784961042936,98.1858386387509,0.01,0,4025,1,100
50,"Echinorhinus_brucus","Echinorhinus brucus",56.9605186673679,103.359724541713,0.01,0,4025,1,100
51,"Platyrhina_hyugaensis","Platyrhina hyugaensis",56.8003027563313,96.3665895731101,0.01,0,4025,1,100
52,"Chimaera_phantasma","Chimaera phantasma",56.7145471330448,102.065029513204,0.01,0,4025,1,100
53,"Platyrhina_tangi","Platyrhina tangi",56.6081875544031,99.8862816633017,0.01,0,4025,1,100
54,"Centrophorus_zeehaani","Centrophorus zeehaani",56.5308628850542,98.782276238662,0.01,0,4025,1,100
55,"Sinobatis_caerulea","Sinobatis caerulea",56.3406798583437,98.4926337620764,0.01,0,4025,1,100
56,"Heterodontus_ramalheira","Heterodontus ramalheira",56.1410585946327,95.3629067720141,0.01,0,4025,1,100
57,"Cirrhigaleus_asper","Cirrhigaleus asper",56.094800026183,100.186248352324,0.01,0,4025,1,100
58,"Trygonorrhina_fasciata","Trygonorrhina fasciata",55.9057463863681,95.453898386928,0.01,0,4025,1,100
59,"Hemiscyllium_ocellatum","Hemiscyllium ocellatum",55.7408608136249,106.940388418337,0.01,0,4025,1,100
60,"Lamna_ditropis","Lamna ditropis",55.4871709553121,106.485967637619,0.01,0,4025,1,100
61,"Galeorhinus_galeus","Galeorhinus galeus",55.4420456078071,105.979137989677,0.01,0,4025,1,100
62,"Urolophus_mitosis","Urolophus mitosis",55.1596291973818,89.413007942946,0.01,0,4025,1,100
63,"Carcharodon_carcharias","Carcharodon carcharias",54.916412578555,96.6985180983108,0.01,0,4025,1,100
64,"Hypogaleus_hyugaensis","Hypogaleus hyugaensis",54.482546447873,101.054226042307,0.01,0,4025,1,100
65,"Apristurus_canutus","Apristurus canutus",54.1922767721889,100.589345193525,0.01,0,4025,1,100
66,"Taeniura_lymma","Taeniura lymma",54.1744685531849,100.465344397288,0.01,0,4025,1,100
67,"Echinorhinus_cookei","Echinorhinus cookei",54.0741299985063,101.257736112276,0.01,0,4025,1,100
68,"Urolophus_circularis","Urolophus circularis",53.3703330988136,94.6007820051594,0.01,0,4025,1,100
69,"Lamna_nasus","Lamna nasus",53.125571040766,96.7779602441887,0.01,0,4025,1,100
70,"Centroselachus_crepidater","Centroselachus crepidater",52.9735594516124,95.2596149636087,0.01,0,4025,1,100
71,"Isurus_paucus","Isurus paucus",52.7930406643084,98.9161176648983,0.01,0,4025,1,100
72,"Isurus_oxyrinchus","Isurus oxyrinchus",52.2566990849659,96.8499866910484,0.01,0,4025,1,100
73,"Narcine_westraliensis","Narcine westraliensis",52.2054331740754,96.8101343538524,0.01,0,4025,1,100
74,"Platyrhina_sinensis","Platyrhina sinensis",52.1986831607991,91.9441707145578,0.01,0,4025,1,100
75,"Pseudocarcharias_kamoharai","Pseudocarcharias kamoharai",51.6944273474969,98.2247981777961,0.01,0,4025,1,100
76,"Furgaleus_macki","Furgaleus macki",51.5313954262159,99.6256035706108,0.01,0,4025,1,100
77,"Sinobatis_borneensis","Sinobatis borneensis",51.4417191276317,99.377079930897,0.01,0,4025,1,100
78,"Aetomylaeus_maculatus","Aetomylaeus maculatus",51.1049147019489,99.4503112187076,0.01,0,4025,1,100
79,"Galeus_sauteri","Galeus sauteri",50.5541919862002,103.707289783262,0.01,0,4025,1,100
80,"Rhinochimaera_pacifica","Rhinochimaera pacifica",50.3983336052611,103.642376042599,0.01,0,4025,1,100
81,"Iago_omanensis","Iago omanensis",50.1379774646481,102.739843870107,0.01,0,4025,1,100
82,"Galeus_eastmani","Galeus eastmani",50.0362790484479,101.290757490602,0.01,0,4025,1,100
83,"Acroteriobatus_leucospilus","Acroteriobatus leucospilus",49.8729980522302,97.7834287430498,0.01,0,4025,1,100
84,"Trygonoptera_ovalis","Trygonoptera ovalis",49.7857730412782,97.1544682483777,0.01,0,4025,1,100
85,"Centrophorus_squamosus","Centrophorus squamosus",49.6995111280972,101.60162820529,0.01,0,4025,1,100
86,"Dasyatis_zugei","Dasyatis zugei",49.5668658883715,99.4211648431795,0.01,0,4025,1,100
87,"Iago_garricki","Iago garricki",49.4806482407443,104.664912474035,0.01,0,4025,1,100
88,"Hexanchus_vitulus","Hexanchus vitulus",49.4286178707304,103.743077237203,0.01,0,4025,1,100
89,"Chiloscyllium_punctatum","Chiloscyllium punctatum",49.3905309969799,97.1099345963333,0.01,0,4025,1,100
90,"Neoharriotta_pinnata","Neoharriotta pinnata",49.1787335269225,100.88988435614,0.01,0,4025,1,100
91,"Trygonoptera_personata","Trygonoptera personata",49.0974173419471,101.078416427494,0.01,0,4025,1,100
92,"Orectolobus_ornatus","Orectolobus ornatus",48.966963914005,96.7915808935225,0.01,0,4025,1,100
93,"Gogolia_filewoodi","Gogolia filewoodi",48.9288003831866,104.473428534613,0.01,0,4025,1,100
94,"Trygonoptera_galba","Trygonoptera galba",48.6789010391665,93.545982321112,0.01,0,4025,1,100
95,"Okamejei_jensenae","Okamejei jensenae",48.615538623004,107.558679758426,0.01,0,4025,1,100
96,"Diplobatis_guamachensis","Diplobatis guamachensis",48.3067089391553,99.4622707086478,0.01,0,4025,1,100
97,"Triakis_semifasciata","Triakis semifasciata",48.0406708238072,103.255878976387,0.01,0,4025,1,100
98,"Squatina_japonica","Squatina japonica",47.7857378528398,103.204790147828,0.01,0,4025,1,100
99,"Narcine_leoparda","Narcine leoparda",47.5458961394789,104.581358005313,0.01,0,4025,1,100
100,"Neotrygon_ningalooensis","Neotrygon ningalooensis",47.5068288352112,100.560476518305,0.01,0,4025,1,100
101,"Schroederichthys_tenuis","Schroederichthys tenuis",47.2272981653758,102.697368881592,0.01,0,4025,1,100
102,"Gymnura_hirundo","Gymnura hirundo",47.2161902758823,102.742722473185,0.01,0,4025,1,100
103,"Apristurus_exsanguis","Apristurus exsanguis",47.1392879255245,98.9656923213033,0.01,0,4025,1,100
104,"Urolophus_gigas","Urolophus gigas",47.1220871793215,92.5497311506727,0.01,0,4025,1,100
105,"Gymnura_micrura","Gymnura micrura",46.9832613381123,98.2094196366732,0.01,0,4025,1,100
106,"Loxodon_macrorhinus","Loxodon macrorhinus",46.8835487114239,99.8328627672606,0.01,0,4025,1,100
107,"Makararaja_chindwinensis","Makararaja chindwinensis",46.7675997316033,98.4462776036746,0.01,0,4025,1,100
108,"Eusphyra_blochii","Eusphyra blochii",46.7305799019072,101.86985987444,0.01,0,4025,1,100
109,"Gymnura_afuerae","Gymnura afuerae",46.723294367453,100.760023464688,0.01,0,4025,1,100
110,"Chaenogaleus_macrostoma","Chaenogaleus macrostoma",46.647783063963,99.9996165785231,0.01,0,4025,1,100
111,"Megachasma_pelagios","Megachasma pelagios",46.3428184912453,99.6647469719094,0.01,0,4025,1,100
112,"Orectolobus_parvimaculatus","Orectolobus parvimaculatus",46.1076470271707,101.573654982039,0.01,0,4025,1,100
113,"Gymnura_poecilura","Gymnura poecilura",45.6672114434479,102.400646732724,0.01,0,4025,1,100
114,"Benthobatis_marcida","Benthobatis marcida",45.4799874567118,96.8692731107658,0.01,0,4025,1,100
115,"Chiloscyllium_indicum","Chiloscyllium indicum",45.4097388461218,99.2714962453883,0.01,0,4025,1,100
116,"Orectolobus_hutchinsi","Orectolobus hutchinsi",45.3859251592125,100.07865098048,0.01,0,4025,1,100
117,"Urobatis_marmoratus","Urobatis marmoratus",44.3395044483819,99.752432226418,0.01,0,4025,1,100
118,"Chlamydoselachus_anguineus","Chlamydoselachus anguineus",44.2362358821018,101.994281104583,0.01,0,4025,1,100
119,"Chlamydoselachus_africana","Chlamydoselachus africana",44.2362358821018,101.994281104583,0.01,0,4025,1,100
120,"Narcine_tasmaniensis","Narcine tasmaniensis",44.1078259742663,102.483348453602,0.01,0,4025,1,100
121,"Atelomycterus_baliensis","Atelomycterus baliensis",44.0590656215603,100.387999440325,0.01,0,4025,1,100
122,"Centroscymnus_coelolepis","Centroscymnus coelolepis",43.9947289029629,99.412265596351,0.01,0,4025,1,100
123,"Zapteryx_exasperata","Zapteryx exasperata",43.927961573192,102.944308209927,0.01,0,4025,1,100
124,"Hemigaleus_australiensis","Hemigaleus australiensis",43.9120489824879,102.927449177585,0.01,0,4025,1,100
125,"Schroederichthys_bivius","Schroederichthys bivius",43.90895885797,98.5384534897091,0.01,0,4025,1,100
126,"Zapteryx_xyster","Zapteryx xyster",43.8518633942883,102.775985926458,0.01,0,4025,1,100
127,"Dasyatis_marmorata","Dasyatis marmorata",43.8341542646634,103.169022062034,0.01,0,4025,1,100
128,"Atelomycterus_marmoratus","Atelomycterus marmoratus",43.7942487848023,98.1671515620807,0.01,0,4025,1,100
129,"Chiloscyllium_plagiosum","Chiloscyllium plagiosum",43.7402338303913,92.4666053857884,0.01,0,4025,1,100
130,"Gollum_attenuatus","Gollum attenuatus",43.6837066661396,95.1399975448819,0.01,0,4025,1,100
131,"Chimaera_obscura","Chimaera obscura",43.625758512593,103.66681083373,0.01,0,4025,1,100
132,"Hemitriakis_indroyonoi","Hemitriakis indroyonoi",43.508150412824,95.8081342501881,0.01,0,4025,1,100
133,"Zameus_ichiharai","Zameus ichiharai",43.3910625164144,101.200741479819,0.01,0,4025,1,100
134,"Gymnura_crooki","Gymnura crooki",43.3722642388745,108.874466336125,0.01,0,4025,1,100
135,"Narcine_lasti","Narcine lasti",42.8335133954038,103.214112221654,0.01,0,4025,1,100
136,"Sphyrna_mokarran","Sphyrna mokarran",42.8312974597653,101.928830382227,0.01,0,4025,1,100
137,"Trygonoptera_testacea","Trygonoptera testacea",42.8292773853886,95.2639864770338,0.01,0,4025,1,100
138,"Bythaelurus_canescens","Bythaelurus canescens",42.8138225516574,100.947331192297,0.01,0,4025,1,100
139,"Heterodontus_portusjacksoni","Heterodontus portusjacksoni",42.7977102162853,104.200710234579,0.01,0,4025,1,100
140,"Himantura_lobistoma","Himantura lobistoma",42.7074859022492,93.1022334642894,0.01,0,4025,1,100
141,"Gollum_suluensis","Gollum suluensis",42.639901291334,96.2440118794687,0.01,0,4025,1,100
142,"Rostroraja_alba","Rostroraja alba",42.6052575909738,106.032337728367,0.01,0,4025,1,100
143,"Taeniurops_meyeni","Taeniurops meyeni",42.5073225532648,102.501737688139,0.01,0,4025,1,100
144,"Myliobatis_californicus","Myliobatis californicus",42.494155024417,98.8506778117559,0.01,0,4025,1,100
145,"Scymnodalatias_garricki","Scymnodalatias garricki",42.4153965301198,100.8805222054,0.01,0,4025,1,100
146,"Squatina_caillieti","Squatina caillieti",42.2546130509897,107.57736385246,0.01,0,4025,1,100
147,"Taeniurops_grabata","Taeniurops grabata",42.2513086085491,99.1350628597163,0.01,0,4025,1,100
148,"Etmopterus_schmidti","Etmopterus schmidti",42.0628616855231,106.974778234172,0.01,0,4025,1,100
149,"Cirrhigaleus_australis","Cirrhigaleus australis",41.9912440588925,98.0288623185298,0.01,0,4025,1,100
150,"Aetomylaeus_nichofii","Aetomylaeus nichofii",41.8724108892948,97.4191802096101,0.01,0,4025,1,100
151,"Hydrolagus_alphus","Hydrolagus alphus",41.8134801722872,97.463259729176,0.01,0,4025,1,100
152,"Heterodontus_galeatus","Heterodontus galeatus",41.7248002190376,100.850929222901,0.01,0,4025,1,100
153,"Chimaera_bahamaensis","Chimaera bahamaensis",41.7024130734909,98.6667132480046,0.01,0,4025,1,100
154,"Proscyllium_habereri","Proscyllium habereri",41.5923174411738,102.947141566846,0.01,0,4025,1,100
155,"Squatina_squatina","Squatina squatina",41.5447913009158,101.340813086409,0.01,0,4025,1,100
156,"Hydrolagus_alberti","Hydrolagus alberti",41.5339494276713,100.557640177349,0.01,0,4025,1,100
157,"Rhinobatos_lionotus","Rhinobatos lionotus",41.5188572809083,99.5737012362533,0.01,0,4025,1,100
158,"Deania_quadrispinosa","Deania quadrispinosa",41.4261782211589,103.322839902338,0.01,0,4025,1,100
159,"Cruriraja_parcomaculata","Cruriraja parcomaculata",41.3898462783721,95.6124688441015,0.01,0,4025,1,100
160,"Rhinobatos_jimbaranensis","Rhinobatos jimbaranensis",41.3617758242993,99.3566138254236,0.01,0,4025,1,100
161,"Neotrygon_kuhlii","Neotrygon kuhlii",41.3371518718239,98.8947436461698,0.01,0,4025,1,100
162,"Deania_profundorum","Deania profundorum",41.0965492411298,104.27136447327,0.01,0,4025,1,100
163,"Squatina_africana","Squatina africana",41.037788215755,111.614354314998,0.01,0,4025,1,100
164,"Himantura_schmardae","Himantura schmardae",40.9907984387834,101.699623398538,0.01,0,4025,1,100
165,"Sphyrna_zygaena","Sphyrna zygaena",40.9668393622589,98.0904777662678,0.01,0,4025,1,100
166,"Callorhinchus_callorynchus","Callorhinchus callorynchus",40.9305419778633,102.299823174409,0.01,0,4025,1,100
167,"Scymnodalatias_oligodon","Scymnodalatias oligodon",40.8512345851882,91.9780051943616,0.01,0,4025,1,100
168,"Hongeo_koreana","Hongeo koreana",40.8444609098757,103.228335509273,0.01,0,4025,1,100
169,"Dasyatis_sabina","Dasyatis sabina",40.8333237586912,97.0072944389544,0.01,0,4025,1,100
170,"Figaro_boardmani","Figaro boardmani",40.8313861295372,103.100943054362,0.01,0,4025,1,100
171,"Chimaera_jordani","Chimaera jordani",40.7877404335068,96.9735368203591,0.01,0,4025,1,100
172,"Hydrolagus_deani","Hydrolagus deani",40.6813517511165,96.2096013347547,0.01,0,4025,1,100
173,"Acroteriobatus_annulatus","Acroteriobatus annulatus",40.6470739430683,97.9352028028959,0.01,0,4025,1,100
174,"Rhinobatos_holcorhynchus","Rhinobatos holcorhynchus",40.361884091752,97.2112538191979,0.01,0,4025,1,100
175,"Pteroplatytrygon_violacea","Pteroplatytrygon violacea",40.3300228937857,102.17203108832,0.01,0,4025,1,100
176,"Zameus_squamulosus","Zameus squamulosus",40.2393349029768,97.591429558761,0.01,0,4025,1,100
177,"Hemigaleus_microstoma","Hemigaleus microstoma",40.0873470599151,98.8394342269239,0.01,0,4025,1,100
178,"Haploblepharus_fuscus","Haploblepharus fuscus",40.0121433913397,97.4986639122417,0.01,0,4025,1,100
179,"Pentanchus_profundicolus","Pentanchus profundicolus",39.8742470530974,105.304248809189,0.01,0,4025,1,100
180,"Himantura_pacifica","Himantura pacifica",39.8215185625212,103.291280224718,0.01,0,4025,1,100
181,"Mustelus_whitneyi","Mustelus whitneyi",39.643267560987,101.465206921644,0.01,0,4025,1,100
182,"Dasyatis_sinensis","Dasyatis sinensis",39.5602602356021,94.8989124791971,0.01,0,4025,1,100
183,"Chimaera_cubana","Chimaera cubana",39.5393975977017,96.8942108573623,0.01,0,4025,1,100
184,"Odontaspis_noronhai","Odontaspis noronhai",39.4669110584026,102.678719517106,0.01,0,4025,1,100
185,"Cirrhigaleus_barbifer","Cirrhigaleus barbifer",39.4144455867998,91.5444803691487,0.01,0,4025,1,100
186,"Squatina_armata","Squatina armata",39.3572909269119,106.606442515858,0.01,0,4025,1,100
187,"Dipturus_kwangtungensis","Dipturus kwangtungensis",39.2635351098815,105.905936532027,0.01,0,4025,1,100
188,"Torpedo_mackayana","Torpedo mackayana",39.113141636251,97.0214424779542,0.01,0,4025,1,100
189,"Dasyatis_margaritella","Dasyatis margaritella",39.0693442944353,96.995183656218,0.01,0,4025,1,100
190,"Aptychotrema_rostrata","Aptychotrema rostrata",39.0555367302151,100.454541719093,0.01,0,4025,1,100
191,"Rhinobatos_planiceps","Rhinobatos planiceps",39.0392219899868,110.353929087295,0.01,0,4025,1,100
192,"Neoharriotta_carri","Neoharriotta carri",38.9447944829705,102.098983443562,0.01,0,4025,1,100
193,"Mustelus_sinusmexicanus","Mustelus sinusmexicanus",38.8932234195109,98.8273861258356,0.01,0,4025,1,100
194,"Dactylobatus_armatus","Dactylobatus armatus",38.7869284786277,99.0087432297459,0.01,0,4025,1,100
195,"Acroteriobatus_salalah","Acroteriobatus salalah",38.7799907774281,103.388024598322,0.01,0,4025,1,100
196,"Torpedo_tokionis","Torpedo tokionis",38.7536152618952,92.3249417253704,0.01,0,4025,1,100
197,"Oxynotus_caribbaeus","Oxynotus caribbaeus",38.7508149609359,101.03107031971,0.01,0,4025,1,100
198,"Sutorectus_tentaculatus","Sutorectus tentaculatus",38.7463961155201,94.9117323011082,0.01,0,4025,1,100
199,"Somniosus_longus","Somniosus longus",38.6853394009053,102.042487684873,0.01,0,4025,1,100
200,"Callorhinchus_capensis","Callorhinchus capensis",38.646719276993,100.516419916277,0.01,0,4025,1,100
201,"Centrophorus_westraliensis","Centrophorus westraliensis",38.5967292076459,96.949875097137,0.01,0,4025,1,100
202,"Etmopterus_robinsi","Etmopterus robinsi",38.5904902004199,100.099380024523,0.01,0,4025,1,100
203,"Figaro_striatus","Figaro striatus",38.5796552798042,98.7523204334939,0.01,0,4025,1,100
204,"Apristurus_investigatoris","Apristurus investigatoris",38.5706087300283,99.8043817067824,0.01,0,4025,1,100
205,"Rhinobatos_albomaculatus","Rhinobatos albomaculatus",38.561387176519,101.217184290511,0.01,0,4025,1,100
206,"Scymnodon_ringens","Scymnodon ringens",38.4548230631753,101.227368378284,0.01,0,4025,1,100
207,"Pristiophorus_cirratus","Pristiophorus cirratus",38.4110513098851,101.698434534808,0.01,0,4025,1,100
208,"Aptychotrema_timorensis","Aptychotrema timorensis",38.325043107902,98.6873279365967,0.01,0,4025,1,100
209,"Dactylobatus_clarkii","Dactylobatus clarkii",38.2187113008324,98.9729423695117,0.01,0,4025,1,100
210,"Rhinobatos_glaucostigma","Rhinobatos glaucostigma",38.1751187622184,100.864607980839,0.01,0,4025,1,100
211,"Rhinobatos_leucorhynchus","Rhinobatos leucorhynchus",38.1526212601282,102.75290755821,0.01,0,4025,1,100
212,"Mobula_eregoodootenkee","Mobula eregoodootenkee",38.134651828718,95.4959677264299,0.01,0,4025,1,100
213,"Hydrolagus_mitsukurii","Hydrolagus mitsukurii",38.0833612617977,102.546675489883,0.01,0,4025,1,100
214,"Cephaloscyllium_maculatum","Cephaloscyllium maculatum",38.0734613665865,100.076035413571,0.01,0,4025,1,100
215,"Parascyllium_sparsimaculatum","Parascyllium sparsimaculatum",37.965865490158,105.332624094646,0.01,0,4025,1,100
216,"Torpedo_bauchotae","Torpedo bauchotae",37.9309092509154,99.570786066242,0.01,0,4025,1,100
217,"Callorhinchus_milii","Callorhinchus milii",37.8932258009662,98.0734908022296,0.01,0,4025,1,100
218,"Rhinobatos_lentiginosus","Rhinobatos lentiginosus",37.8392899454402,104.017560339539,0.01,0,4025,1,100
219,"Glaucostegus_halavi","Glaucostegus halavi",37.8361592454131,97.9968839783148,0.01,0,4025,1,100
220,"Gymnura_japonica","Gymnura japonica",37.8171981301613,97.2575228559366,0.01,0,4025,1,100
221,"Mobula_rochebrunei","Mobula rochebrunei",37.7790809778017,100.686427464086,0.01,0,4025,1,100
222,"Odontaspis_ferox","Odontaspis ferox",37.7359342430292,98.1481849857252,0.01,0,4025,1,100
223,"Scyliorhinus_capensis","Scyliorhinus capensis",37.6969622555686,104.204348109654,0.01,0,4025,1,100
224,"Halaelurus_boesemani","Halaelurus boesemani",37.6056976941631,102.544800155704,0.01,0,4025,1,100
225,"Rhinobatos_irvinei","Rhinobatos irvinei",37.5769833939589,103.941008377956,0.01,0,4025,1,100
226,"Torpedo_suessii","Torpedo suessii",37.5457929744902,99.5894008700398,0.01,0,4025,1,100
227,"Squatina_argentina","Squatina argentina",37.5117909592738,99.3821895974215,0.01,0,4025,1,100
228,"Rhinobatos_productus","Rhinobatos productus",37.4895766339061,99.4027499616059,0.01,0,4025,1,100
229,"Dasyatis_dipterura","Dasyatis dipterura",37.4881131246698,98.9137332464951,0.01,0,4025,1,100
230,"Carcharhinus_signatus","Carcharhinus signatus",37.4408647872688,97.7170226258886,0.01,0,4025,1,100
231,"Asymbolus_funebris","Asymbolus funebris",37.4349823577537,102.74386179568,0.01,0,4025,1,100
232,"Mustelus_griseus","Mustelus griseus",37.4211385037413,95.0831917693493,0.01,0,4025,1,100
233,"Parmaturus_lanatus","Parmaturus lanatus",37.2922231072267,100.96920509034,0.01,0,4025,1,100
234,"Neoharriotta_pumila","Neoharriotta pumila",37.1793960043453,100.179626926696,0.01,0,4025,1,100
235,"Mustelus_mangalorensis","Mustelus mangalorensis",37.0513812356386,103.830624154033,0.01,0,4025,1,100
236,"Squatina_aculeata","Squatina aculeata",36.9164029472946,101.451120728462,0.01,0,4025,1,100
237,"Rhinochimaera_atlantica","Rhinochimaera atlantica",36.8220066214625,100.397286815067,0.01,0,4025,1,100
238,"Sphyrna_lewini","Sphyrna lewini",36.6977739540538,98.0588916234946,0.01,0,4025,1,100
239,"Paratrygon_aiereba","Paratrygon aiereba",36.674729253359,100.699461615419,0.01,0,4025,1,100
240,"Rhinoptera_bonasus","Rhinoptera bonasus",36.6729944673354,98.483911344309,0.01,0,4025,1,100
241,"Gymnura_australis","Gymnura australis",36.6502655709054,98.0938288137938,0.01,0,4025,1,100
242,"Hexanchus_griseus","Hexanchus griseus",36.6148956363764,113.568002453867,0.01,0,4025,1,100
243,"Okamejei_powelli","Okamejei powelli",36.5617991293845,106.16416949813,0.01,0,4025,1,100
244,"Narcine_ornata","Narcine ornata",36.481447668576,100.558125047425,0.01,0,4025,1,100
245,"Scylliogaleus_quecketti","Scylliogaleus quecketti",36.4756414496469,96.2438043832706,0.01,0,4025,1,100
246,"Etmopterus_lucifer","Etmopterus lucifer",36.3281853961948,104.635705650465,0.01,0,4025,1,100
247,"Etmopterus_bigelowi","Etmopterus bigelowi",36.2745841319254,97.0175464579503,0.01,0,4025,1,100
248,"Scyliorhinus_hesperius","Scyliorhinus hesperius",36.2337284030744,107.687435262314,0.01,0,4025,1,100
249,"Rhinoptera_steindachneri","Rhinoptera steindachneri",36.1776192228375,99.4546427880408,0.01,0,4025,1,100
250,"Torpedo_semipelagica","Torpedo semipelagica",36.0693896368402,102.366806793767,0.01,0,4025,1,100
251,"Squalus_megalops","Squalus megalops",36.0611901714558,99.5359654368242,0.01,0,4025,1,100
252,"Etmopterus_pusillus","Etmopterus pusillus",36.0542809768985,105.739022496702,0.01,0,4025,1,100
253,"Etmopterus_gracilispinis","Etmopterus gracilispinis",36.0418638848022,104.393443700776,0.01,0,4025,1,100
254,"Urobatis_halleri","Urobatis halleri",36.0344121781595,99.2584272489154,0.01,0,4025,1,100
255,"Triakis_megalopterus","Triakis megalopterus",35.9661074050231,98.4856745314511,0.01,0,4025,1,100
256,"Rhinochimaera_africana","Rhinochimaera africana",35.9395117593857,95.0731461949166,0.01,0,4025,1,100
257,"Sinobatis_bulbicauda","Sinobatis bulbicauda",35.9217711637998,101.648368747899,0.01,0,4025,1,100
258,"Hexanchus_nakamurai","Hexanchus nakamurai",35.9170521053136,112.615512767611,0.01,0,4025,1,100
259,"Myliobatis_chilensis","Myliobatis chilensis",35.8230477287484,99.3970656207205,0.01,0,4025,1,100
260,"Somniosus_rostratus","Somniosus rostratus",35.7400337342176,99.9817044106895,0.01,0,4025,1,100
261,"Negaprion_brevirostris","Negaprion brevirostris",35.7131495202922,96.5182413020063,0.01,0,4025,1,100
262,"Pastinachus_stellurostris","Pastinachus stellurostris",35.6725238274303,103.770924531984,0.01,0,4025,1,100
263,"Aculeola_nigra","Aculeola nigra",35.6124162879333,96.2473653124724,0.01,0,4025,1,100
264,"Hydrolagus_novaezealandiae","Hydrolagus novaezealandiae",35.5740055995995,109.594810130948,0.01,0,4025,1,100
265,"Ginglymostoma_cirratum","Ginglymostoma cirratum",35.3927042778295,102.849222001862,0.01,0,4025,1,100
266,"Hydrolagus_africanus","Hydrolagus africanus",35.3888592892988,101.502708144097,0.01,0,4025,1,100
267,"Gurgesiella_furvescens","Gurgesiella furvescens",35.3846740355078,104.227867427923,0.01,0,4025,1,100
268,"Stegostoma_fasciatum","Stegostoma fasciatum",35.3510805033371,102.777999795542,0.01,0,4025,1,100
269,"Gymnura_zonura","Gymnura zonura",35.3331453568339,101.667822013048,0.01,0,4025,1,100
270,"Etmopterus_schultzi","Etmopterus schultzi",35.3220349606456,103.70248410913,0.01,0,4025,1,100
271,"Deania_calcea","Deania calcea",35.2040819599292,102.328519263739,0.01,0,4025,1,100
272,"Aulohalaelurus_labiosus","Aulohalaelurus labiosus",35.082235535011,91.8769022638787,0.01,0,4025,1,100
273,"Dasyatis_margarita","Dasyatis margarita",35.074825296377,92.1260173787707,0.01,0,4025,1,100
274,"Negaprion_acutidens","Negaprion acutidens",35.0488809245315,95.6363319841268,0.01,0,4025,1,100
275,"Anacanthobatis_longirostris","Anacanthobatis longirostris",35.0059693803347,96.9437598483288,0.01,0,4025,1,100
276,"Ctenacis_fehlmanni","Ctenacis fehlmanni",34.9865494733018,100.732442423973,0.01,0,4025,1,100
277,"Cephaloscyllium_sufflans","Cephaloscyllium sufflans",34.9388580117577,99.0703241228294,0.01,0,4025,1,100
278,"Harriotta_haeckeli","Harriotta haeckeli",34.9047615521743,95.7583603974881,0.01,0,4025,1,100
279,"Pastinachus_solocirostris","Pastinachus solocirostris",34.8442650827791,96.9352551812871,0.01,0,4025,1,100
280,"Galeus_murinus","Galeus murinus",34.7465903590197,105.32353054139,0.01,0,4025,1,100
281,"Pteromylaeus_bovinus","Pteromylaeus bovinus",34.6684293110792,102.809911358581,0.01,0,4025,1,100
282,"Aulohalaelurus_kanakorum","Aulohalaelurus kanakorum",34.5120782705913,90.9014726478873,0.01,0,4025,1,100
283,"Orectolobus_floridus","Orectolobus floridus",34.4805496280157,99.1582603884918,0.01,0,4025,1,100
284,"Carcharhinus_fitzroyensis","Carcharhinus fitzroyensis",34.3834573057595,95.2524242733993,0.01,0,4025,1,100
285,"Carcharhinus_amblyrhynchos","Carcharhinus amblyrhynchos",34.3281247493025,100.172995304991,0.01,0,4025,1,100
286,"Apristurus_internatus","Apristurus internatus",34.2579675814604,99.1892226868635,0.01,0,4025,1,100
287,"Halaelurus_natalensis","Halaelurus natalensis",34.2534128275063,100.512638435451,0.01,0,4025,1,100
288,"Rhinoptera_jayakari","Rhinoptera jayakari",34.2482604792287,93.9527980163443,0.01,0,4025,1,100
289,"Myliobatis_aquila","Myliobatis aquila",34.2448067405692,97.501089180339,0.01,0,4025,1,100
290,"Heterodontus_japonicus","Heterodontus japonicus",34.2153850765799,99.4771332448582,0.01,0,4025,1,100
291,"Dasyatis_rudis","Dasyatis rudis",34.1039212410175,101.48430965225,0.01,0,4025,1,100
292,"Sinobatis_filicauda","Sinobatis filicauda",34.0264889974729,100.740263531458,0.01,0,4025,1,100
293,"Hydrolagus_melanophasma","Hydrolagus melanophasma",34.0228592501306,103.480778770839,0.01,0,4025,1,100
294,"Heteroscymnoides_marleyi","Heteroscymnoides marleyi",34.0131414414771,105.665945202881,0.01,0,4025,1,100
295,"Heterodontus_omanensis","Heterodontus omanensis",33.9647755077857,97.1538332329009,0.01,0,4025,1,100
296,"Gymnura_bimaculata","Gymnura bimaculata",33.9472080072981,99.5556211558559,0.01,0,4025,1,100
297,"Hydrolagus_mccoskeri","Hydrolagus mccoskeri",33.9248458460766,109.755069711656,0.01,0,4025,1,100
298,"Deania_hystricosa","Deania hystricosa",33.8586706800481,100.801023811435,0.01,0,4025,1,100
299,"Squalus_bucephalus","Squalus bucephalus",33.8462839350316,107.079038246537,0.01,0,4025,1,100
300,"Orectolobus_reticulatus","Orectolobus reticulatus",33.8462033878064,96.3091545728428,0.01,0,4025,1,100
301,"Trygonoptera_mucosa","Trygonoptera mucosa",33.832078968771,99.6702484043469,0.01,0,4025,1,100
302,"Schroederichthys_saurisqualus","Schroederichthys saurisqualus",33.8309846445504,103.568781156486,0.01,0,4025,1,100
303,"Dasyatis_chrysonota","Dasyatis chrysonota",33.7780692288183,101.685956521063,0.01,0,4025,1,100
304,"Schroederichthys_chilensis","Schroederichthys chilensis",33.7763912497201,104.060756170064,0.01,0,4025,1,100
305,"Raja_inornata","Raja inornata",33.7752938904448,97.5151008317444,0.01,0,4025,1,100
306,"Schroederichthys_maculatus","Schroederichthys maculatus",33.7589303962871,101.804415864079,0.01,0,4025,1,100
307,"Acroteriobatus_zanzibarensis","Acroteriobatus zanzibarensis",33.7474910495585,103.819275934818,0.01,0,4025,1,100
308,"Dipturus_oculus","Dipturus oculus",33.7172106665973,97.4843830130655,0.01,0,4025,1,100
309,"Urobatis_jamaicensis","Urobatis jamaicensis",33.6913230725399,97.0505667580582,0.01,0,4025,1,100
310,"Urogymnus_asperrimus","Urogymnus asperrimus",33.6803779016728,97.7870391883787,0.01,0,4025,1,100
311,"Narcine_prodorsalis","Narcine prodorsalis",33.5984361241943,97.854796680814,0.01,0,4025,1,100
312,"Urobatis_tumbesensis","Urobatis tumbesensis",33.564138037249,98.1625633510655,0.01,0,4025,1,100
313,"Harriotta_raleighana","Harriotta raleighana",33.5594853028848,94.3856353170027,0.01,0,4025,1,100
314,"Trygonoptera_imitata","Trygonoptera imitata",33.471418778396,99.6830531485994,0.01,0,4025,1,100
315,"Pristiophorus_nudipinnis","Pristiophorus nudipinnis",33.4638841142598,106.143068451818,0.01,0,4025,1,100
316,"Urogymnus_ukpam","Urogymnus ukpam",33.4038019781632,97.233952369683,0.01,0,4025,1,100
317,"Dasyatis_colarensis","Dasyatis colarensis",33.3810396081134,96.6626889540266,0.01,0,4025,1,100
318,"Pteromylaeus_asperrimus","Pteromylaeus asperrimus",33.3575150053445,101.634845112032,0.01,0,4025,1,100
319,"Pristiophorus_schroederi","Pristiophorus schroederi",33.2673349211206,106.508857705689,0.01,0,4025,1,100
320,"Rhinobatos_horkelii","Rhinobatos horkelii",33.1897330233367,99.1628897753879,0.01,0,4025,1,100
321,"Nebrius_ferrugineus","Nebrius ferrugineus",33.1409480826444,95.3749555835667,0.01,0,4025,1,100
322,"Squaliolus_aliae","Squaliolus aliae",33.0487246459924,102.289935877656,0.01,0,4025,1,100
323,"Oxynotus_bruniensis","Oxynotus bruniensis",32.9401294101675,104.311998789139,0.01,0,4025,1,100
324,"Acroteriobatus_ocellatus","Acroteriobatus ocellatus",32.8830193040743,98.2615308893179,0.01,0,4025,1,100
325,"Etmopterus_evansi","Etmopterus evansi",32.8461646682008,103.373811875501,0.01,0,4025,1,100
326,"Rhincodon_typus","Rhincodon typus",32.81222864887,96.137479008207,0.01,0,4025,1,100
327,"Apristurus_macrorhynchus","Apristurus macrorhynchus",32.7994041518211,99.727818866532,0.01,0,4025,1,100
328,"Diplobatis_colombiensis","Diplobatis colombiensis",32.724282266055,100.934554703946,0.01,0,4025,1,100
329,"Halaelurus_lineatus","Halaelurus lineatus",32.7048779822412,99.3752426826545,0.01,0,4025,1,100
330,"Hydrolagus_pallidus","Hydrolagus pallidus",32.702139469583,105.626121455275,0.01,0,4025,1,100
331,"Hydrolagus_matallanasi","Hydrolagus matallanasi",32.6302858893105,105.416848577225,0.01,0,4025,1,100
332,"Mobula_mobular","Mobula mobular",32.6022909741376,92.9702081822959,0.01,0,4025,1,100
333,"Scymnodalatias_albicauda","Scymnodalatias albicauda",32.5878457376733,97.5007766545362,0.01,0,4025,1,100
334,"Rioraja_agassizii","Rioraja agassizii",32.5278293490464,105.117976966874,0.01,0,4025,1,100
335,"Dasyatis_pastinaca","Dasyatis pastinaca",32.4970839872794,103.687115880539,0.01,0,4025,1,100
336,"Leucoraja_circularis","Leucoraja circularis",32.4535293970844,97.9268341251785,0.01,0,4025,1,100
337,"Centrophorus_granulosus","Centrophorus granulosus",32.4130366347393,94.991753050627,0.01,0,4025,1,100
338,"Oxynotus_paradoxus","Oxynotus paradoxus",32.387278107512,99.4787331879887,0.01,0,4025,1,100
339,"Myliobatis_freminvillei","Myliobatis freminvillei",32.3838026397735,101.740709602678,0.01,0,4025,1,100
340,"Acroteriobatus_blochii","Acroteriobatus blochii",32.3433926421394,95.1543178237351,0.01,0,4025,1,100
341,"Scoliodon_laticaudus","Scoliodon laticaudus",32.3363813106018,102.127873755859,0.01,0,4025,1,100
342,"Hydrolagus_bemisi","Hydrolagus bemisi",32.2779886217597,103.294132825594,0.01,0,4025,1,100
343,"Myliobatis_longirostris","Myliobatis longirostris",32.2779285084944,100.308121548449,0.01,0,4025,1,100
344,"Mobula_diabolus","Mobula diabolus",32.2523570724036,92.3568801484359,0.01,0,4025,1,100
345,"Asymbolus_pallidus","Asymbolus pallidus",32.2491794714177,100.88727259669,0.01,0,4025,1,100
346,"Galeus_antillensis","Galeus antillensis",32.1634329729588,102.375556825409,0.01,0,4025,1,100
347,"Discopyge_tschudii","Discopyge tschudii",32.0137740456739,101.09962483254,0.01,0,4025,1,100
348,"Discopyge_castelloi","Discopyge castelloi",31.9498536709412,100.608611386802,0.01,0,4025,1,100
349,"Scymnodalatias_sherwoodi","Scymnodalatias sherwoodi",31.9209197851414,96.6375405650498,0.01,0,4025,1,100
350,"Rhinobatos_sainsburyi","Rhinobatos sainsburyi",31.8787847351693,105.572662274751,0.01,0,4025,1,100
351,"Manta_alfredi","Manta alfredi",31.8773717478106,99.5788609530607,0.01,0,4025,1,100
352,"Potamotrygon_constellata","Potamotrygon constellata",31.8712482816366,100.126261546877,0.01,0,4025,1,100
353,"Heteronarce_garmani","Heteronarce garmani",31.625945569986,104.669482224279,0.01,0,4025,1,100
354,"Centrophorus_tessellatus","Centrophorus tessellatus",31.5173531589706,94.2056282181063,0.01,0,4025,1,100
355,"Apristurus_japonicus","Apristurus japonicus",31.4775306005949,96.1315700158418,0.01,0,4025,1,100
356,"Benthobatis_moresbyi","Benthobatis moresbyi",31.3480642866608,95.9168328657623,0.01,0,4025,1,100
357,"Chimaera_panthera","Chimaera panthera",31.3369498191841,99.266730987703,0.01,0,4025,1,100
358,"Narcine_bicolor","Narcine bicolor",31.2842741842322,95.6096439019566,0.01,0,4025,1,100
359,"Squalus_griffini","Squalus griffini",31.2092139095734,100.377441584783,0.01,0,4025,1,100
360,"Narcine_entemedor","Narcine entemedor",31.1620047718587,95.663733053476,0.01,0,4025,1,100
361,"Cirrhoscyllium_japonicum","Cirrhoscyllium japonicum",31.1347103299023,100.038388181244,0.01,0,4025,1,100
362,"Etmopterus_virens","Etmopterus virens",31.0931960718486,98.2814428026709,0.01,0,4025,1,100
363,"Rhinobatos_percellens","Rhinobatos percellens",31.0891411722276,103.981399176116,0.01,0,4025,1,100
364,"Centroscymnus_owstonii","Centroscymnus owstonii",31.0639691551743,93.3503526189567,0.01,0,4025,1,100
365,"Proscyllium_magnificum","Proscyllium magnificum",31.0517743909184,100.679460343885,0.01,0,4025,1,100
366,"Lamiopsis_temminckii","Lamiopsis temminckii",31.0475048515151,98.6060873771439,0.01,0,4025,1,100
367,"Lamiopsis_tephrodes","Lamiopsis tephrodes",31.042296875139,98.5443802297613,0.01,0,4025,1,100
368,"Etmopterus_polli","Etmopterus polli",30.8454418683766,102.071930361366,0.01,0,4025,1,100
369,"Etmopterus_hillianus","Etmopterus hillianus",30.8107297724222,99.2114311422739,0.01,0,4025,1,100
370,"Atlantoraja_castelnaui","Atlantoraja castelnaui",30.8026721954903,103.296144547073,0.01,0,4025,1,100
371,"Chimaera_opalescens","Chimaera opalescens",30.7353100135153,100.301229720744,0.01,0,4025,1,100
372,"Gymnura_natalensis","Gymnura natalensis",30.6794102937379,100.122044701407,0.01,0,4025,1,100
373,"Isistius_labialis","Isistius labialis",30.6484094511613,99.6886619625415,0.01,0,4025,1,100
374,"Proscyllium_venustum","Proscyllium venustum",30.6422220918184,100.513898482611,0.01,0,4025,1,100
375,"Cephalurus_cephalus","Cephalurus cephalus",30.5423692618503,103.382814760056,0.01,0,4025,1,100
376,"Euprotomicroides_zantedeschia","Euprotomicroides zantedeschia",30.5320181417144,103.526539914088,0.01,0,4025,1,100
377,"Euprotomicrus_bispinatus","Euprotomicrus bispinatus",30.5109211432987,103.880808839268,0.01,0,4025,1,100
378,"Orectolobus_maculatus","Orectolobus maculatus",30.4720155821633,97.8662150591356,0.01,0,4025,1,100
379,"Carcharhinus_porosus","Carcharhinus porosus",30.4527019043627,94.5663618319721,0.01,0,4025,1,100
380,"Manta_birostris","Manta birostris",30.3699977796571,99.2125027788369,0.01,0,4025,1,100
381,"Isistius_plutodus","Isistius plutodus",30.3139878280908,100.242534021331,0.01,0,4025,1,100
382,"Galeus_longirostris","Galeus longirostris",30.2004179995203,100.27440617892,0.01,0,4025,1,100
383,"Irolita_westraliensis","Irolita westraliensis",30.1623643385036,98.4682450281919,0.01,0,4025,1,100
384,"Myliobatis_peruvianus","Myliobatis peruvianus",30.1252957822001,100.808820549237,0.01,0,4025,1,100
385,"Narcine_nelsoni","Narcine nelsoni",30.1167855815443,106.721535193156,0.01,0,4025,1,100
386,"Fenestraja_ishiyamai","Fenestraja ishiyamai",30.098227201294,98.9995244181569,0.01,0,4025,1,100
387,"Himantura_signifer","Himantura signifer",30.0934027304297,103.485781012438,0.01,0,4025,1,100
388,"Torpedo_panthera","Torpedo panthera",30.0870932779508,100.285390476272,0.01,0,4025,1,100
389,"Cephaloscyllium_silasi","Cephaloscyllium silasi",30.0708862356716,106.688828065057,0.01,0,4025,1,100
390,"Urolophus_flavomosaicus","Urolophus flavomosaicus",30.0662913856534,97.570020463212,0.01,0,4025,1,100
391,"Pristiophorus_nancyae","Pristiophorus nancyae",30.0001530602833,98.4094165795016,0.01,0,4025,1,100
392,"Diplobatis_pictus","Diplobatis pictus",29.9910841605561,102.859418421671,0.01,0,4025,1,100
393,"Paragaleus_tengi","Paragaleus tengi",29.973536831638,96.7330227003077,0.01,0,4025,1,100
394,"Beringraja_binoculata","Beringraja binoculata",29.9355548279494,102.615185538035,0.01,0,4025,1,100
395,"Urolophus_bucculentus","Urolophus bucculentus",29.8517741556811,96.5762281799262,0.01,0,4025,1,100
396,"Dasyatis_izuensis","Dasyatis izuensis",29.8229028990569,101.235358146273,0.01,0,4025,1,100
397,"Himantura_oxyrhyncha","Himantura oxyrhyncha",29.791448870344,100.402015848205,0.01,0,4025,1,100
398,"Himantura_uarnacoides","Himantura uarnacoides",29.764189261946,95.5536960445042,0.01,0,4025,1,100
399,"Sphyrna_corona","Sphyrna corona",29.7065757604448,99.343574697511,0.01,0,4025,1,100
400,"Diplobatis_ommata","Diplobatis ommata",29.6923008315485,101.750699037814,0.01,0,4025,1,100
401,"Asymbolus_galacticus","Asymbolus galacticus",29.6851855967543,97.6390870425436,0.01,0,4025,1,100
402,"Rhizoprionodon_oligolinx","Rhizoprionodon oligolinx",29.6411327796066,98.7323539029637,0.01,0,4025,1,100
403,"Isistius_brasiliensis","Isistius brasiliensis",29.6290986375908,97.3420649401422,0.01,0,4025,1,100
404,"Dasyatis_acutirostra","Dasyatis acutirostra",29.5960603924793,97.2864238212846,0.01,0,4025,1,100
405,"Dipturus_melanospilus","Dipturus melanospilus",29.5940485898917,103.397380321931,0.01,0,4025,1,100
406,"Rajella_bathyphila","Rajella bathyphila",29.5232318563165,100.691605638128,0.01,0,4025,1,100
407,"Pristiophorus_delicatus","Pristiophorus delicatus",29.5228309472964,98.7802542774142,0.01,0,4025,1,100
408,"Hydrolagus_colliei","Hydrolagus colliei",29.4785578090008,95.9353115402082,0.01,0,4025,1,100
409,"Cruriraja_poeyi","Cruriraja poeyi",29.435322949695,93.9154821810365,0.01,0,4025,1,100
410,"Atelomycterus_fasciatus","Atelomycterus fasciatus",29.3648898680191,100.591615326293,0.01,0,4025,1,100
411,"Etmopterus_molleri","Etmopterus molleri",29.3519192413263,99.4498477661321,0.01,0,4025,1,100
412,"Beringraja_pulchra","Beringraja pulchra",29.33958368792,104.595691408607,0.01,0,4025,1,100
413,"Halaelurus_quagga","Halaelurus quagga",29.3337701043434,98.4739962643334,0.01,0,4025,1,100
414,"Apristurus_gibbosus","Apristurus gibbosus",29.3264718322266,100.883075295616,0.01,0,4025,1,100
415,"Squatina_legnota","Squatina legnota",29.3175930921627,109.963188853915,0.01,0,4025,1,100
416,"Squatina_oculata","Squatina oculata",29.2832500255686,100.991493928971,0.01,0,4025,1,100
417,"Heterodontus_zebra","Heterodontus zebra",29.2683928032156,86.5035447911197,0.01,0,4025,1,100
418,"Dasyatis_laevigata","Dasyatis laevigata",29.2636090231837,98.5332381943921,0.01,0,4025,1,100
419,"Urotrygon_rogersi","Urotrygon rogersi",29.2483580233826,97.3105150814921,0.01,0,4025,1,100
420,"Chiloscyllium_burmensis","Chiloscyllium burmensis",29.248107689961,102.564482418499,0.01,0,4025,1,100
421,"Squatina_australis","Squatina australis",29.2182486548231,103.806921213812,0.01,0,4025,1,100
422,"Dasyatis_say","Dasyatis say",29.2018811842868,96.0931527183544,0.01,0,4025,1,100
423,"Squatina_occulta","Squatina occulta",29.1741308539734,109.666775755735,0.01,0,4025,1,100
424,"Squatina_tergocellatoides","Squatina tergocellatoides",29.1531199260546,107.537545304626,0.01,0,4025,1,100
425,"Rhizoprionodon_acutus","Rhizoprionodon acutus",29.0651617825808,100.915302498413,0.01,0,4025,1,100
426,"Apristurus_stenseni","Apristurus stenseni",29.0341535536515,101.781236387026,0.01,0,4025,1,100
427,"Scoliodon_macrorhynchos","Scoliodon macrorhynchos",29.0323664981642,97.3918441787505,0.01,0,4025,1,100
428,"Mobula_munkiana","Mobula munkiana",29.0317386004382,97.4416080939797,0.01,0,4025,1,100
429,"Myliobatis_tenuicaudatus","Myliobatis tenuicaudatus",29.0262950283867,96.9282904594952,0.01,0,4025,1,100
430,"Atelomycterus_marnkalha","Atelomycterus marnkalha",28.9875858144521,96.3743011078879,0.01,0,4025,1,100
431,"Apristurus_australis","Apristurus australis",28.9720352146217,101.573813469333,0.01,0,4025,1,100
432,"Rhizoprionodon_taylori","Rhizoprionodon taylori",28.9450545514424,100.102234599864,0.01,0,4025,1,100
433,"Heterodontus_quoyi","Heterodontus quoyi",28.9330732494951,86.276908233757,0.01,0,4025,1,100
434,"Rhinobatos_punctifer","Rhinobatos punctifer",28.8934381668638,91.3699272931729,0.01,0,4025,1,100
435,"Carcharhinus_perezii","Carcharhinus perezii",28.8403391268894,99.5191243416475,0.01,0,4025,1,100
436,"Mustelus_minicanis","Mustelus minicanis",28.8047196746501,100.899167142007,0.01,0,4025,1,100
437,"Atelomycterus_macleayi","Atelomycterus macleayi",28.761648142419,98.4025985030168,0.01,0,4025,1,100
438,"Rhynchobatus_luebberti","Rhynchobatus luebberti",28.7602960300996,97.4240341854447,0.01,0,4025,1,100
439,"Urolophus_aurantiacus","Urolophus aurantiacus",28.7375738874321,95.9340879081243,0.01,0,4025,1,100
440,"Chimaera_argiloba","Chimaera argiloba",28.690989465849,105.606868985459,0.01,0,4025,1,100
441,"Etmopterus_sheikoi","Etmopterus sheikoi",28.680285041203,100.870349026332,0.01,0,4025,1,100
442,"Halaelurus_maculosus","Halaelurus maculosus",28.6723488762034,93.2111982593184,0.01,0,4025,1,100
443,"Irolita_waitii","Irolita waitii",28.5890132578725,96.3958313814623,0.01,0,4025,1,100
444,"Mobula_thurstoni","Mobula thurstoni",28.5566731593155,100.793673820186,0.01,0,4025,1,100
445,"Glyphis_sp.1","Glyphis sp.1",28.550455795128,97.6304172422209,0.01,0,4025,1,100
446,"Apristurus_riveri","Apristurus riveri",28.54527814077,100.237370993953,0.01,0,4025,1,100
447,"Apristurus_nasutus","Apristurus nasutus",28.5447585925525,100.242432723374,0.01,0,4025,1,100
448,"Squatina_guggenheim","Squatina guggenheim",28.5423829601788,107.576072577374,0.01,0,4025,1,100
449,"Poroderma_africanum","Poroderma africanum",28.514938742123,106.078313122809,0.01,0,4025,1,100
450,"Hemiscyllium_galei","Hemiscyllium galei",28.5128353166671,99.8413653513527,0.01,0,4025,1,100
451,"Gurgesiella_atlantica","Gurgesiella atlantica",28.4881140554384,113.048238891594,0.01,0,4025,1,100
452,"Mobula_hypostoma","Mobula hypostoma",28.4630642095482,94.4068388584388,0.01,0,4025,1,100
453,"Hydrolagus_barbouri","Hydrolagus barbouri",28.4332781084157,105.098378165104,0.01,0,4025,1,100
454,"Urotrygon_reticulata","Urotrygon reticulata",28.4253800986959,99.4007716032576,0.01,0,4025,1,100
455,"Hydrolagus_eidolon","Hydrolagus eidolon",28.3728422139363,98.6441263881017,0.01,0,4025,1,100
456,"Glaucostegus_granulatus","Glaucostegus granulatus",28.3638347964229,94.6236118303676,0.01,0,4025,1,100
457,"Glaucostegus_cemiculus","Glaucostegus cemiculus",28.3585704682567,95.2336574172166,0.01,0,4025,1,100
458,"Scyliorhinus_torazame","Scyliorhinus torazame",28.3162175778034,101.831903130067,0.01,0,4025,1,100
459,"Hydrolagus_marmoratus","Hydrolagus marmoratus",28.3059947433044,104.289309812307,0.01,0,4025,1,100
460,"Scyliorhinus_besnardi","Scyliorhinus besnardi",28.2983644918306,105.776496332253,0.01,0,4025,1,100
461,"Cruriraja_andamanica","Cruriraja andamanica",28.2775604530625,94.9743557041612,0.01,0,4025,1,100
462,"Parascyllium_collare","Parascyllium collare",28.2478502716366,108.88963764582,0.01,0,4025,1,100
463,"Orectolobus_japonicus","Orectolobus japonicus",28.2339019160714,96.7121989201589,0.01,0,4025,1,100
464,"Neoraja_stehmanni","Neoraja stehmanni",28.1755032590584,102.410544412166,0.01,0,4025,1,100
465,"Squatina_nebulosa","Squatina nebulosa",28.0694635304046,105.43991830596,0.01,0,4025,1,100
466,"Gurgesiella_dorsalifera","Gurgesiella dorsalifera",28.0649755332315,105.991116548577,0.01,0,4025,1,100
467,"Bythaelurus_hispidus","Bythaelurus hispidus",28.0543556845678,106.886938096993,0.01,0,4025,1,100
468,"Apristurus_spongiceps","Apristurus spongiceps",28.0471543429274,100.13257032801,0.01,0,4025,1,100
469,"Cirrhoscyllium_formosanum","Cirrhoscyllium formosanum",27.9798276156254,105.068254126101,0.01,0,4025,1,100
470,"Poroderma_pantherinum","Poroderma pantherinum",27.9023356683989,105.43169589001,0.01,0,4025,1,100
471,"Gymnura_marmorata","Gymnura marmorata",27.8290944477196,95.9828271434448,0.01,0,4025,1,100
472,"Cephaloscyllium_pardelotum","Cephaloscyllium pardelotum",27.8069393621586,103.825614324665,0.01,0,4025,1,100
473,"Brochiraja_microspinifera","Brochiraja microspinifera",27.7207923090651,94.5826001139962,0.01,0,4025,1,100
474,"Eridacnis_barbouri","Eridacnis barbouri",27.7166165112555,102.778315951599,0.01,0,4025,1,100
475,"Gymnura_crebripunctata","Gymnura crebripunctata",27.7163723798408,94.6030994985366,0.01,0,4025,1,100
476,"Okamejei_porosa","Okamejei porosa",27.6922439082295,104.937525206959,0.01,0,4025,1,100
477,"Apristurus_laurussonii","Apristurus laurussonii",27.6727679878962,99.4261729869502,0.01,0,4025,1,100
478,"Hydrolagus_homonycteris","Hydrolagus homonycteris",27.6706525170425,96.8841866030456,0.01,0,4025,1,100
479,"Himantura_hortlei","Himantura hortlei",27.6441203982936,98.929816912166,0.01,0,4025,1,100
480,"Rhynchobatus_palpebratus","Rhynchobatus palpebratus",27.6358648990832,99.8005670082524,0.01,0,4025,1,100
481,"Carcharhinus_hemiodon","Carcharhinus hemiodon",27.6321924628794,98.6223444634941,0.01,0,4025,1,100
482,"Etmopterus_splendidus","Etmopterus splendidus",27.6051036039112,102.714164992888,0.01,0,4025,1,100
483,"Apristurus_longicephalus","Apristurus longicephalus",27.6003452170832,100.348843796087,0.01,0,4025,1,100
484,"Himantura_gerrardi","Himantura gerrardi",27.5993076503507,98.3972109268708,0.01,0,4025,1,100
485,"Squatina_formosa","Squatina formosa",27.5739242466156,104.37183404214,0.01,0,4025,1,100
486,"Hydrolagus_lusitanicus","Hydrolagus lusitanicus",27.5579015405666,100.64245923912,0.01,0,4025,1,100
487,"Etmopterus_joungi","Etmopterus joungi",27.5518621475301,102.76956853067,0.01,0,4025,1,100
488,"Okamejei_heemstrai","Okamejei heemstrai",27.5392997690124,100.034057614144,0.01,0,4025,1,100
489,"Mustelus_punctulatus","Mustelus punctulatus",27.4979525651708,98.8457802123788,0.01,0,4025,1,100
490,"Himantura_randalli","Himantura randalli",27.4481822919011,101.869010753114,0.01,0,4025,1,100
491,"Etmopterus_dislineatus","Etmopterus dislineatus",27.4474660195833,96.6408241117017,0.01,0,4025,1,100
492,"Okamejei_pita","Okamejei pita",27.443798995271,107.246865881301,0.01,0,4025,1,100
493,"Holohalaelurus_grennian","Holohalaelurus grennian",27.4399791562214,97.0233021196157,0.01,0,4025,1,100
494,"Himantura_leoparda","Himantura leoparda",27.4197641509803,98.7664077674834,0.01,0,4025,1,100
495,"Urotrygon_aspidura","Urotrygon aspidura",27.3703733395023,101.455130569973,0.01,0,4025,1,100
496,"Rhinoptera_hainanensis","Rhinoptera hainanensis",27.3328896457979,101.75201573623,0.01,0,4025,1,100
497,"Okamejei_acutispina","Okamejei acutispina",27.3021119782901,103.578466396023,0.01,0,4025,1,100
498,"Chimaera_owstoni","Chimaera owstoni",27.2737076875987,102.066414363619,0.01,0,4025,1,100
499,"Leucoraja_compagnoi","Leucoraja compagnoi",27.253385873842,99.0211488423981,0.01,0,4025,1,100
500,"Mobula_kuhlii","Mobula kuhlii",27.2424415358352,98.1732895474326,0.01,0,4025,1,100
501,"Urolophus_kaianus","Urolophus kaianus",27.2192207815201,93.0864988192254,0.01,0,4025,1,100
502,"Scyliorhinus_canicula","Scyliorhinus canicula",27.2135620095747,107.309645642239,0.01,0,4025,1,100
503,"Etmopterus_brachyurus","Etmopterus brachyurus",27.1983760571972,102.30676959244,0.01,0,4025,1,100
504,"Rhizoprionodon_longurio","Rhizoprionodon longurio",27.1561415980844,100.147380850285,0.01,0,4025,1,100
505,"Breviraja_nigriventralis","Breviraja nigriventralis",27.1536402310037,99.8713963506148,0.01,0,4025,1,100
506,"Cephaloscyllium_speccum","Cephaloscyllium speccum",27.1426685141172,100.469288179965,0.01,0,4025,1,100
507,"Centrophorus_isodon","Centrophorus isodon",27.0279449123024,101.879411247514,0.01,0,4025,1,100
508,"Urobatis_concentricus","Urobatis concentricus",27.0247502398388,101.625148579489,0.01,0,4025,1,100
509,"Okamejei_leptoura","Okamejei leptoura",27.0135868338922,106.921048713857,0.01,0,4025,1,100
510,"Cruriraja_rugosa","Cruriraja rugosa",26.8635748222204,92.8111246240818,0.01,0,4025,1,100
511,"Etmopterus_viator","Etmopterus viator",26.8617945291889,105.622055542726,0.01,0,4025,1,100
512,"Urobatis_maculatus","Urobatis maculatus",26.8212726569313,100.920400873507,0.01,0,4025,1,100
513,"Galeus_mincaronei","Galeus mincaronei",26.7918773827807,103.636720924068,0.01,0,4025,1,100
514,"Narcine_oculifera","Narcine oculifera",26.7902151474593,108.106993391003,0.01,0,4025,1,100
515,"Carcharhinus_amboinensis","Carcharhinus amboinensis",26.7615136431571,99.4238195283422,0.01,0,4025,1,100
516,"Sympterygia_brevicaudata","Sympterygia brevicaudata",26.7526852679404,99.2837025588713,0.01,0,4025,1,100
517,"Mustelus_norrisi","Mustelus norrisi",26.7521240396397,98.7694049775596,0.01,0,4025,1,100
518,"Somniosus_microcephalus","Somniosus microcephalus",26.7407344174606,98.5649872973836,0.01,0,4025,1,100
519,"Chimaera_fulva","Chimaera fulva",26.7381716241971,100.146103890487,0.01,0,4025,1,100
520,"Carcharhinus_macloti","Carcharhinus macloti",26.7242123442518,98.3508888110857,0.01,0,4025,1,100
521,"Carcharhinus_brevipinna","Carcharhinus brevipinna",26.7172700731264,99.663505277965,0.01,0,4025,1,100
522,"Cirrhoscyllium_expolitum","Cirrhoscyllium expolitum",26.7101954732597,99.1977070412279,0.01,0,4025,1,100
523,"Etmopterus_compagnoi","Etmopterus compagnoi",26.7082287007589,106.880246254135,0.01,0,4025,1,100
524,"Carcharhinus_borneensis","Carcharhinus borneensis",26.685869175997,96.2301618310089,0.01,0,4025,1,100
525,"Cephaloscyllium_cooki","Cephaloscyllium cooki",26.6414210904974,107.731864394572,0.01,0,4025,1,100
526,"Scyliorhinus_stellaris","Scyliorhinus stellaris",26.6252994651647,104.165670712279,0.01,0,4025,1,100
527,"Bythaelurus_alcockii","Bythaelurus alcockii",26.6156202035561,103.909233837982,0.01,0,4025,1,100
528,"Squalus_altipinnis","Squalus altipinnis",26.5986180459466,94.6782393092892,0.01,0,4025,1,100
529,"Sympterygia_bonapartii","Sympterygia bonapartii",26.578114499089,92.97514482036,0.01,0,4025,1,100
530,"Torpedo_peruana","Torpedo peruana",26.5716666940442,96.6780414289759,0.01,0,4025,1,100
531,"Potamotrygon_tatianae","Potamotrygon tatianae",26.5386737070363,98.1014247470845,0.01,0,4025,1,100
532,"Potamotrygon_schuemacheri","Potamotrygon schuemacheri",26.503372588345,103.371952048868,0.01,0,4025,1,100
533,"Etmopterus_burgessi","Etmopterus burgessi",26.445089241294,104.629483744118,0.01,0,4025,1,100
534,"Raja_asterias","Raja asterias",26.4359036917532,106.338902497126,0.01,0,4025,1,100
535,"Atlantoraja_cyclophora","Atlantoraja cyclophora",26.41280061131,101.186278967087,0.01,0,4025,1,100
536,"Squalus_acanthias","Squalus acanthias",26.4009896926318,94.7016072713527,0.01,0,4025,1,100
537,"Apristurus_herklotsi","Apristurus herklotsi",26.3940215636502,100.093968995472,0.01,0,4025,1,100
538,"Etmopterus_fusus","Etmopterus fusus",26.3787881799085,102.799796531018,0.01,0,4025,1,100
539,"Atlantoraja_platana","Atlantoraja platana",26.2913012851083,96.3488690819949,0.01,0,4025,1,100
540,"Carcharhinus_brachyurus","Carcharhinus brachyurus",26.2755758952689,95.6011822044228,0.01,0,4025,1,100
541,"Rhinobatos_prahli","Rhinobatos prahli",26.2174117005213,91.9063821174813,0.01,0,4025,1,100
542,"Hemiscyllium_henryi","Hemiscyllium henryi",26.1094401372556,98.9505957120496,0.01,0,4025,1,100
543,"Narcine_atzi","Narcine atzi",26.0660655514929,105.788518759026,0.01,0,4025,1,100
544,"Fenestraja_mamillidens","Fenestraja mamillidens",25.9635357082886,102.302894752078,0.01,0,4025,1,100
545,"Centrophorus_seychellorum","Centrophorus seychellorum",25.908962775835,100.171492200334,0.01,0,4025,1,100
546,"Leucoraja_lentiginosa","Leucoraja lentiginosa",25.8810022006523,105.777777174607,0.01,0,4025,1,100
547,"Squalus_brevirostris","Squalus brevirostris",25.861755861916,100.572955129015,0.01,0,4025,1,100
548,"Apristurus_micropterygeus","Apristurus micropterygeus",25.7980675538792,99.5566636462645,0.01,0,4025,1,100
549,"Centrophorus_harrissoni","Centrophorus harrissoni",25.7519214820113,101.439963261922,0.01,0,4025,1,100
550,"Dasyatis_geijskesi","Dasyatis geijskesi",25.7492099288728,97.4344973598663,0.01,0,4025,1,100
551,"Pastinachus_atrus","Pastinachus atrus",25.7048969902469,95.2284499757563,0.01,0,4025,1,100
552,"Rhinobatos_rhinobatos","Rhinobatos rhinobatos",25.6785604508576,91.5052728950634,0.01,0,4025,1,100
553,"Cruriraja_cadenati","Cruriraja cadenati",25.676077294144,90.8337648603412,0.01,0,4025,1,100
554,"Rhizoprionodon_lalandii","Rhizoprionodon lalandii",25.6735421660135,96.8647902181168,0.01,0,4025,1,100
555,"Squalus_suckleyi","Squalus suckleyi",25.6734458865344,98.9695887901853,0.01,0,4025,1,100
556,"Haploblepharus_edwardsii","Haploblepharus edwardsii",25.6656215520026,98.400219731614,0.01,0,4025,1,100
557,"Mobula_japanica","Mobula japanica",25.6533926553053,95.9038909232759,0.01,0,4025,1,100
558,"Sphyrna_tiburo","Sphyrna tiburo",25.5858340135442,98.1405465291773,0.01,0,4025,1,100
559,"Leucoraja_garmani","Leucoraja garmani",25.5575333989071,104.558263473746,0.01,0,4025,1,100
560,"Heliotrygon_gomesi","Heliotrygon gomesi",25.5294329413745,97.1771104767036,0.01,0,4025,1,100
561,"Myliobatis_goodei","Myliobatis goodei",25.4943225166656,98.1559517203277,0.01,0,4025,1,100
562,"Rhynchobatus_australiae","Rhynchobatus australiae",25.4101351017786,96.253395637966,0.01,0,4025,1,100
563,"Heliotrygon_rosai","Heliotrygon rosai",25.4004854625222,99.4928772296571,0.01,0,4025,1,100
564,"Orectolobus_halei","Orectolobus halei",25.3972135575609,98.3976625326982,0.01,0,4025,1,100
565,"Carcharhinus_cautus","Carcharhinus cautus",25.3914160861783,97.0488797546423,0.01,0,4025,1,100
566,"Scyliorhinus_comoroensis","Scyliorhinus comoroensis",25.3911297435503,104.667354411254,0.01,0,4025,1,100
567,"Leucoraja_caribbaea","Leucoraja caribbaea",25.3372575635357,97.1854358075063,0.01,0,4025,1,100
568,"Dasyatis_multispinosa","Dasyatis multispinosa",25.3323582115211,100.748672952818,0.01,0,4025,1,100
569,"Apristurus_pinguis","Apristurus pinguis",25.3224709717154,106.321016276305,0.01,0,4025,1,100
570,"Himantura_jenkinsii","Himantura jenkinsii",25.3177753694374,94.069137791725,0.01,0,4025,1,100
571,"Squatina_dumeril","Squatina dumeril",25.3001001255249,106.307143134081,0.01,0,4025,1,100
572,"Hemiscyllium_trispeculare","Hemiscyllium trispeculare",25.1919167921586,96.5765602883539,0.01,0,4025,1,100
573,"Apristurus_profundorum","Apristurus profundorum",25.1901227848708,104.495250561587,0.01,0,4025,1,100
574,"Leucoraja_pristispina","Leucoraja pristispina",25.1885103326216,101.096951767108,0.01,0,4025,1,100
575,"Potamotrygon_magdalenae","Potamotrygon magdalenae",25.1498595358009,102.492733919131,0.01,0,4025,1,100
576,"Potamotrygon_hystrix","Potamotrygon hystrix",25.1485299683095,100.792908005071,0.01,0,4025,1,100
577,"Benthobatis_kreffti","Benthobatis kreffti",25.1126108040424,96.7736561533364,0.01,0,4025,1,100
578,"Squatina_californica","Squatina californica",25.0910016557799,105.666787563714,0.01,0,4025,1,100
579,"Apristurus_sibogae","Apristurus sibogae",25.0715688542311,96.2902194538526,0.01,0,4025,1,100
580,"Pastinachus_gracilicaudus","Pastinachus gracilicaudus",25.0419578796939,97.4368619647836,0.01,0,4025,1,100
581,"Orectolobus_leptolineatus","Orectolobus leptolineatus",25.0351418163656,101.272482226258,0.01,0,4025,1,100
582,"Bythaelurus_giddingsi","Bythaelurus giddingsi",25.0160660568517,102.873273810258,0.01,0,4025,1,100
583,"Torpedo_microdiscus","Torpedo microdiscus",25.0039976292842,104.535371195383,0.01,0,4025,1,100
584,"Anacanthobatis_folirostris","Anacanthobatis folirostris",24.9964036944978,91.3633838226302,0.01,0,4025,1,100
585,"Mobula_tarapacana","Mobula tarapacana",24.9898566524308,95.3173831251926,0.01,0,4025,1,100
586,"Apristurus_brunneus","Apristurus brunneus",24.9414889252231,95.3438343474788,0.01,0,4025,1,100
587,"Dasyatis_gigantea","Dasyatis gigantea",24.9227563731223,96.0628560329294,0.01,0,4025,1,100
588,"Mustelus_californicus","Mustelus californicus",24.9167642202312,100.290848660667,0.01,0,4025,1,100
589,"Somniosus_antarcticus","Somniosus antarcticus",24.8918435701621,103.927645633369,0.01,0,4025,1,100
590,"Glaucostegus_typus","Glaucostegus typus",24.8685763107618,102.928621010899,0.01,0,4025,1,100
591,"Pastinachus_sephen","Pastinachus sephen",24.8637450714528,95.7502695231127,0.01,0,4025,1,100
592,"Orectolobus_wardi","Orectolobus wardi",24.7951685107322,100.910009044207,0.01,0,4025,1,100
593,"Mustelus_schmitti","Mustelus schmitti",24.7793739519957,96.1320394453667,0.01,0,4025,1,100
594,"Rhynchobatus_djiddensis","Rhynchobatus djiddensis",24.7757302037016,95.4079470688966,0.01,0,4025,1,100
595,"Malacoraja_obscura","Malacoraja obscura",24.6922063670673,103.463641689749,0.01,0,4025,1,100
596,"Myliobatis_australis","Myliobatis australis",24.6762935408929,96.9822154262777,0.01,0,4025,1,100
597,"Bathyraja_richardsoni","Bathyraja richardsoni",24.6622473484479,99.0055268983515,0.01,0,4025,1,100
598,"Sphyrna_tudes","Sphyrna tudes",24.5846939080614,101.962293524745,0.01,0,4025,1,100
599,"Benthobatis_yangi","Benthobatis yangi",24.5725906669474,95.4386367660756,0.01,0,4025,1,100
600,"Squalus_notocaudatus","Squalus notocaudatus",24.559803108096,93.313378559673,0.01,0,4025,1,100
601,"Neotrygon_leylandi","Neotrygon leylandi",24.5551490953712,93.6926110200567,0.01,0,4025,1,100
602,"Okamejei_arafurensis","Okamejei arafurensis",24.5372803410294,107.912851841123,0.01,0,4025,1,100
603,"Somniosus_pacificus","Somniosus pacificus",24.5111901462873,101.926704129593,0.01,0,4025,1,100
604,"Dasyatis_ushiei","Dasyatis ushiei",24.4057081111523,102.596628170124,0.01,0,4025,1,100
605,"Holohalaelurus_melanostigma","Holohalaelurus melanostigma",24.3963532432992,97.9172788577331,0.01,0,4025,1,100
606,"Raja_velezi","Raja velezi",24.379570703095,104.434443982533,0.01,0,4025,1,100
607,"Parascyllium_variolatum","Parascyllium variolatum",24.3559299790441,101.142944102591,0.01,0,4025,1,100
608,"Sphyrna_media","Sphyrna media",24.3535515963173,99.006049168826,0.01,0,4025,1,100
609,"Eridacnis_radcliffei","Eridacnis radcliffei",24.3475866814007,102.661794090815,0.01,0,4025,1,100
610,"Centrophorus_moluccensis","Centrophorus moluccensis",24.3331303655125,102.788656855354,0.01,0,4025,1,100
611,"Raja_eglanteria","Raja eglanteria",24.3093294222705,103.416941085365,0.01,0,4025,1,100
612,"Centrophorus_lusitanicus","Centrophorus lusitanicus",24.2991682624981,102.446090709426,0.01,0,4025,1,100
613,"Eridacnis_sinuans","Eridacnis sinuans",24.2893246770763,101.077566795495,0.01,0,4025,1,100
614,"Cephaloscyllium_pictum","Cephaloscyllium pictum",24.2335953200312,105.824120771934,0.01,0,4025,1,100
615,"Dasyatis_americana","Dasyatis americana",24.2309998088993,94.9424255548924,0.01,0,4025,1,100
616,"Etmopterus_decacuspidatus","Etmopterus decacuspidatus",24.2079907508429,102.253920831205,0.01,0,4025,1,100
617,"Pseudoraja_fischeri","Pseudoraja fischeri",24.1940139361982,103.962141900336,0.01,0,4025,1,100
618,"Heteronarce_prabhui","Heteronarce prabhui",24.1522659952255,103.799518700158,0.01,0,4025,1,100
619,"Carcharhinus_sealei","Carcharhinus sealei",24.1231383656757,98.2744942564926,0.01,0,4025,1,100
620,"Galeus_polli","Galeus polli",24.11706027944,97.9258901249442,0.01,0,4025,1,100
621,"Glyphis_glyphis","Glyphis glyphis",24.1055387477852,92.4788962370566,0.01,0,4025,1,100
622,"Hydrolagus_lemures","Hydrolagus lemures",24.0728184048291,102.184440166729,0.01,0,4025,1,100
623,"Triakis_scyllium","Triakis scyllium",24.0506996060643,105.703161978848,0.01,0,4025,1,100
624,"Hydrolagus_ogilbyi","Hydrolagus ogilbyi",24.0275164903815,101.818704433117,0.01,0,4025,1,100
625,"Raja_montagui","Raja montagui",24.003470722495,99.3085357987182,0.01,0,4025,1,100
626,"Hemitriakis_falcata","Hemitriakis falcata",24.0016735135034,101.306328132309,0.01,0,4025,1,100
627,"Rajella_ravidula","Rajella ravidula",23.9308376229259,98.8611679887731,0.01,0,4025,1,100
628,"Mustelus_canis","Mustelus canis",23.8964386503317,100.274103707754,0.01,0,4025,1,100
629,"Dasyatis_parvonigra","Dasyatis parvonigra",23.8741180476801,96.0504624501821,0.01,0,4025,1,100
630,"Chiloscyllium_arabicum","Chiloscyllium arabicum",23.8430198679426,95.3239474559023,0.01,0,4025,1,100
631,"Carcharhinus_dussumieri","Carcharhinus dussumieri",23.7651172814443,93.7689509672024,0.01,0,4025,1,100
632,"Etmopterus_caudistigmus","Etmopterus caudistigmus",23.7522714153305,98.842591058914,0.01,0,4025,1,100
633,"Mustelus_walkeri","Mustelus walkeri",23.7159733387245,98.6510062854251,0.01,0,4025,1,100
634,"Cruriraja_durbanensis","Cruriraja durbanensis",23.6774105339718,92.316934184166,0.01,0,4025,1,100
635,"Okamejei_hollandi","Okamejei hollandi",23.6454457531093,109.030586456732,0.01,0,4025,1,100
636,"Neotrygon_annotata","Neotrygon annotata",23.6096913151725,95.1083356714189,0.01,0,4025,1,100
637,"Cruriraja_atlantis","Cruriraja atlantis",23.5819410499619,92.7781965275021,0.01,0,4025,1,100
638,"Carcharhinus_isodon","Carcharhinus isodon",23.5662403191516,95.8437384494344,0.01,0,4025,1,100
639,"Neotrygon_picta","Neotrygon picta",23.5617563370789,95.7831413205663,0.01,0,4025,1,100
640,"Arhynchobatis_asperrimus","Arhynchobatis asperrimus",23.5223568464195,101.443634103182,0.01,0,4025,1,100
641,"Parascyllium_ferrugineum","Parascyllium ferrugineum",23.498914239817,107.788808681485,0.01,0,4025,1,100
642,"Cephaloscyllium_fasciatum","Cephaloscyllium fasciatum",23.4141749828067,108.269024678383,0.01,0,4025,1,100
643,"Parascyllium_elongatum","Parascyllium elongatum",23.3600034666991,107.619924906565,0.01,0,4025,1,100
644,"Himantura_granulata","Himantura granulata",23.319232064232,96.7186002674318,0.01,0,4025,1,100
645,"Leucoraja_erinacea","Leucoraja erinacea",23.267179990515,101.847810034196,0.01,0,4025,1,100
646,"Carcharhinus_melanopterus","Carcharhinus melanopterus",23.2290055180941,95.0709868749342,0.01,0,4025,1,100
647,"Rhinobatos_hynnicephalus","Rhinobatos hynnicephalus",23.2241207303158,101.409743579211,0.01,0,4025,1,100
648,"Rajella_barnardi","Rajella barnardi",23.1886946510135,100.936912010431,0.01,0,4025,1,100
649,"Chimaera_macrospina","Chimaera macrospina",23.1722379867301,109.672075937568,0.01,0,4025,1,100
650,"Chimaera_monstrosa","Chimaera monstrosa",23.1480278922369,109.333134614665,0.01,0,4025,1,100
651,"Malacoraja_senta","Malacoraja senta",23.1076251495032,101.792623312707,0.01,0,4025,1,100
652,"Squalus_crassispinus","Squalus crassispinus",23.0852965371008,99.095494979778,0.01,0,4025,1,100
653,"Rhinobatos_nudidorsalis","Rhinobatos nudidorsalis",23.0836257416649,89.8448852174431,0.01,0,4025,1,100
654,"Haploblepharus_kistnasamyi","Haploblepharus kistnasamyi",23.067290128849,100.058090549198,0.01,0,4025,1,100
655,"Mustelus_lunulatus","Mustelus lunulatus",23.0529865684704,98.9530464203683,0.01,0,4025,1,100
656,"Scyliorhinus_tokubee","Scyliorhinus tokubee",23.039486040047,100.682063106349,0.01,0,4025,1,100
657,"Gymnura_altavela","Gymnura altavela",23.0129350289624,101.750747790396,0.01,0,4025,1,100
658,"Neoraja_carolinensis","Neoraja carolinensis",22.9909051566092,99.9009508337498,0.01,0,4025,1,100
659,"Hemitriakis_complicofasciata","Hemitriakis complicofasciata",22.9754960446463,97.7003401875001,0.01,0,4025,1,100
660,"Psammobatis_extenta","Psammobatis extenta",22.9275506536009,100.229821836912,0.01,0,4025,1,100
661,"Gymnura_tentaculata","Gymnura tentaculata",22.8613208615237,101.852254229965,0.01,0,4025,1,100
662,"Anacanthobatis_stenosoma","Anacanthobatis stenosoma",22.8602905432163,94.6668453788921,0.01,0,4025,1,100
663,"Scyliorhinus_garmani","Scyliorhinus garmani",22.8462469959666,100.531529353094,0.01,0,4025,1,100
664,"Malacoraja_spinacidermis","Malacoraja spinacidermis",22.8268040353759,97.766454041703,0.01,0,4025,1,100
665,"Bathyraja_andriashevi","Bathyraja andriashevi",22.8207195007296,97.5090660934054,0.01,0,4025,1,100
666,"Haploblepharus_pictus","Haploblepharus pictus",22.7409457549402,99.410565582147,0.01,0,4025,1,100
667,"Carcharhinus_albimarginatus","Carcharhinus albimarginatus",22.7050854223333,100.493142444219,0.01,0,4025,1,100
668,"Bythaelurus_clevai","Bythaelurus clevai",22.6741824636778,105.989057847894,0.01,0,4025,1,100
669,"Himantura_polylepis","Himantura polylepis",22.6527287403793,95.2175164223544,0.01,0,4025,1,100
670,"Squalus_melanurus","Squalus melanurus",22.6460650534381,100.97688522301,0.01,0,4025,1,100
671,"Anacanthobatis_donghaiensis","Anacanthobatis donghaiensis",22.6118259811475,100.826626759812,0.01,0,4025,1,100
672,"Rajella_nigerrima","Rajella nigerrima",22.5822573158589,98.1114836382504,0.01,0,4025,1,100
673,"Raja_stellulata","Raja stellulata",22.5759479629262,98.9441740252352,0.01,0,4025,1,100
674,"Raja_rhina","Raja rhina",22.5494360870478,99.6794722242762,0.01,0,4025,1,100
675,"Rajella_lintea","Rajella lintea",22.5281218374577,98.9230154917425,0.01,0,4025,1,100
676,"Scyliorhinus_retifer","Scyliorhinus retifer",22.4602414112877,103.061692014639,0.01,0,4025,1,100
677,"Triakis_acutipinna","Triakis acutipinna",22.4565218617548,105.705975351351,0.01,0,4025,1,100
678,"Bythaelurus_immaculatus","Bythaelurus immaculatus",22.4552305976736,105.549836760218,0.01,0,4025,1,100
679,"Bythaelurus_lutarius","Bythaelurus lutarius",22.3091295751143,104.177755141475,0.01,0,4025,1,100
680,"Psammobatis_rudis","Psammobatis rudis",22.3034694331454,97.5709712518343,0.01,0,4025,1,100
681,"Narcine_rierai","Narcine rierai",22.2635751404355,106.574383665019,0.01,0,4025,1,100
682,"Proscymnodon_macracanthus","Proscymnodon macracanthus",22.2311566684015,99.5335732068213,0.01,0,4025,1,100
683,"Rhynchobatus_springeri","Rhynchobatus springeri",22.199917942215,99.9102171584183,0.01,0,4025,1,100
684,"Crassinarke_dormitor","Crassinarke dormitor",22.1836921056883,91.7568204315207,0.01,0,4025,1,100
685,"Malacoraja_kreffti","Malacoraja kreffti",22.1659588080067,99.1463141394002,0.01,0,4025,1,100
686,"Proscymnodon_plunketi","Proscymnodon plunketi",22.1017151638792,97.4677224961482,0.01,0,4025,1,100
687,"Rajella_fyllae","Rajella fyllae",22.0267149036728,101.059903701209,0.01,0,4025,1,100
688,"Triakis_maculata","Triakis maculata",22.0031618160186,103.71367121059,0.01,0,4025,1,100
689,"Rajella_bigelowi","Rajella bigelowi",21.9665440020277,97.8737320927023,0.01,0,4025,1,100
690,"Squalus_grahami","Squalus grahami",21.9465015434626,106.347831096822,0.01,0,4025,1,100
691,"Heteronarce_mollis","Heteronarce mollis",21.9370989181601,104.334548520199,0.01,0,4025,1,100
692,"Squalus_albifrons","Squalus albifrons",21.8635762520538,99.9993726547973,0.01,0,4025,1,100
693,"Fenestraja_maceachrani","Fenestraja maceachrani",21.860530958396,102.735124525709,0.01,0,4025,1,100
694,"Rhynchobatus_laevis","Rhynchobatus laevis",21.8542547587012,98.6510608963175,0.01,0,4025,1,100
695,"Centroscyllium_ornatum","Centroscyllium ornatum",21.8411424908177,101.856398003497,0.01,0,4025,1,100
696,"Himantura_uarnak","Himantura uarnak",21.818073040104,101.542764351807,0.01,0,4025,1,100
697,"Etmopterus_dianthus","Etmopterus dianthus",21.8160800781913,108.274058582113,0.01,0,4025,1,100
698,"Rajella_challengeri","Rajella challengeri",21.7488363941153,96.991755374082,0.01,0,4025,1,100
699,"Breviraja_spinosa","Breviraja spinosa",21.6931458565757,95.5256390592237,0.01,0,4025,1,100
700,"Urotrygon_chilensis","Urotrygon chilensis",21.691692883812,97.0481317118511,0.01,0,4025,1,100
701,"Halaelurus_buergeri","Halaelurus buergeri",21.690589014951,99.5699336674808,0.01,0,4025,1,100
702,"Halaelurus_sellus","Halaelurus sellus",21.6889666739321,99.4223006347566,0.01,0,4025,1,100
703,"Urolophus_orarius","Urolophus orarius",21.6261071520794,95.3234115379163,0.01,0,4025,1,100
704,"Scyliorhinus_cervigoni","Scyliorhinus cervigoni",21.5525397968726,101.671070124032,0.01,0,4025,1,100
705,"Torpedo_alexandrinsis","Torpedo alexandrinsis",21.4937785785236,101.994798977342,0.01,0,4025,1,100
706,"Dasyatis_longa","Dasyatis longa",21.4619652699494,94.4106458064737,0.01,0,4025,1,100
707,"Oxynotus_centrina","Oxynotus centrina",21.4407153530368,102.472173587993,0.01,0,4025,1,100
708,"Heteronarce_bentuviai","Heteronarce bentuviai",21.4303557025766,102.573076263578,0.01,0,4025,1,100
709,"Oxynotus_japonicus","Oxynotus japonicus",21.4202955972786,102.240914925146,0.01,0,4025,1,100
710,"Neoraja_caerulea","Neoraja caerulea",21.4080970194805,102.130497503452,0.01,0,4025,1,100
711,"Rhizoprionodon_porosus","Rhizoprionodon porosus",21.3822578750892,96.4777688680391,0.01,0,4025,1,100
712,"Breviraja_claramaculata","Breviraja claramaculata",21.3214404815443,98.0133897915871,0.01,0,4025,1,100
713,"Breviraja_colesi","Breviraja colesi",21.2809349572766,100.46255175128,0.01,0,4025,1,100
714,"Dipturus_garricki","Dipturus garricki",21.2799071643684,96.3254717652881,0.01,0,4025,1,100
715,"Dasyatis_matsubarai","Dasyatis matsubarai",21.2583861442397,98.7730113664976,0.01,0,4025,1,100
716,"Squatina_albipunctata","Squatina albipunctata",21.2220023888955,97.2525038463392,0.01,0,4025,1,100
717,"Narcine_brevilabiata","Narcine brevilabiata",21.2177128436052,103.999100644326,0.01,0,4025,1,100
718,"Etmopterus_sentosus","Etmopterus sentosus",21.2114908827846,104.216752202291,0.01,0,4025,1,100
719,"Rhizoprionodon_terraenovae","Rhizoprionodon terraenovae",21.2071193604848,97.0725163763298,0.01,0,4025,1,100
720,"Torpedo_fairchildi","Torpedo fairchildi",21.1701197432485,103.538276680287,0.01,0,4025,1,100
721,"Glyphis_garricki","Glyphis garricki",21.167785393103,100.655483152712,0.01,0,4025,1,100
722,"Narcine_vermiculatus","Narcine vermiculatus",21.1117258356805,104.381105509456,0.01,0,4025,1,100
723,"Prionace_glauca","Prionace glauca",21.0830046840796,100.066995713748,0.01,0,4025,1,100
724,"Rhinobatos_formosensis","Rhinobatos formosensis",20.9952104504744,97.2735883331908,0.01,0,4025,1,100
725,"Myliobatis_tobijei","Myliobatis tobijei",20.987181757934,104.523531614012,0.01,0,4025,1,100
726,"Hydrolagus_purpurescens","Hydrolagus purpurescens",20.9323236369409,103.824988351846,0.01,0,4025,1,100
727,"Scyliorhinus_torrei","Scyliorhinus torrei",20.8941534346354,102.140262474262,0.01,0,4025,1,100
728,"Narcine_firma","Narcine firma",20.8859789898932,99.6150427140438,0.01,0,4025,1,100
729,"Temera_hardwickii","Temera hardwickii",20.8826123044217,96.9846738094712,0.01,0,4025,1,100
730,"Scyliorhinus_boa","Scyliorhinus boa",20.878751767626,101.95021279821,0.01,0,4025,1,100
731,"Narcine_maculata","Narcine maculata",20.8612606391871,100.29202930543,0.01,0,4025,1,100
732,"Myliobatis_ridens","Myliobatis ridens",20.8419659487267,103.3946093464,0.01,0,4025,1,100
733,"Hydrolagus_macrophthalmus","Hydrolagus macrophthalmus",20.7758707066707,103.811624722372,0.01,0,4025,1,100
734,"Etmopterus_sculptus","Etmopterus sculptus",20.7738472781264,102.438924528531,0.01,0,4025,1,100
735,"Carcharhinus_wheeleri","Carcharhinus wheeleri",20.7383765697991,96.8647896318628,0.01,0,4025,1,100
736,"Rhinobatos_schlegelii","Rhinobatos schlegelii",20.6945503941196,97.7557497680822,0.01,0,4025,1,100
737,"Brochiraja_aenigma","Brochiraja aenigma",20.6934514124917,101.268817897041,0.01,0,4025,1,100
738,"Glyphis_siamensis","Glyphis siamensis",20.6881949700735,99.0001088674422,0.01,0,4025,1,100
739,"Typhlonarke_aysoni","Typhlonarke aysoni",20.6851569407085,93.491697418041,0.01,0,4025,1,100
740,"Torpedo_californica","Torpedo californica",20.6589892389508,104.28579304453,0.01,0,4025,1,100
741,"Urotrygon_peruanus","Urotrygon peruanus",20.6322659129202,97.1838458754395,0.01,0,4025,1,100
742,"Dasyatis_brevicaudata","Dasyatis brevicaudata",20.628294491504,96.4650844897026,0.01,0,4025,1,100
743,"Sympterygia_lima","Sympterygia lima",20.6247306171449,95.5947588657218,0.01,0,4025,1,100
744,"Narcine_brasiliensis","Narcine brasiliensis",20.622230849753,103.310730893184,0.01,0,4025,1,100
745,"Scyliorhinus_haeckelii","Scyliorhinus haeckelii",20.5831108406823,103.551860061894,0.01,0,4025,1,100
746,"Himantura_marginata","Himantura marginata",20.5764303573228,101.116475124484,0.01,0,4025,1,100
747,"Sympterygia_acuta","Sympterygia acuta",20.575302355699,97.0915233154341,0.01,0,4025,1,100
748,"Squatina_tergocellata","Squatina tergocellata",20.5726076746985,98.1500638102142,0.01,0,4025,1,100
749,"Anacanthobatis_americanus","Anacanthobatis americanus",20.5626824806343,95.5772958201072,0.01,0,4025,1,100
750,"Bathyraja_ishiharai","Bathyraja ishiharai",20.5191310928747,93.1396048272473,0.01,0,4025,1,100
751,"Glaucostegus_thouin","Glaucostegus thouin",20.493089976209,105.258120447073,0.01,0,4025,1,100
752,"Anacanthobatis_ori","Anacanthobatis ori",20.4528133352326,95.5014340364632,0.01,0,4025,1,100
753,"Bathyraja_spinosissima","Bathyraja spinosissima",20.4443864926363,97.6031903810308,0.01,0,4025,1,100
754,"Leucoraja_naevus","Leucoraja naevus",20.4404819886143,95.4107120957453,0.01,0,4025,1,100
755,"Carcharhinus_falciformis","Carcharhinus falciformis",20.4279133214194,95.9980224823158,0.01,0,4025,1,100
756,"Rajella_eisenhardti","Rajella eisenhardti",20.4180131562392,102.230523319651,0.01,0,4025,1,100
757,"Centroscyllium_fabricii","Centroscyllium fabricii",20.4089561201341,100.85655651675,0.01,0,4025,1,100
758,"Dasyatis_marianae","Dasyatis marianae",20.4009798482825,91.076873950642,0.01,0,4025,1,100
759,"Paragaleus_leucolomatus","Paragaleus leucolomatus",20.3944454707548,96.9737049064357,0.01,0,4025,1,100
760,"Rajella_caudaspinosa","Rajella caudaspinosa",20.3914544317256,102.968578876119,0.01,0,4025,1,100
761,"Fenestraja_cubensis","Fenestraja cubensis",20.3713385972709,101.843742454477,0.01,0,4025,1,100
762,"Potamotrygon_marinae","Potamotrygon marinae",20.3227888100758,101.388706827523,0.01,0,4025,1,100
763,"Centroscyllium_ritteri","Centroscyllium ritteri",20.3011342639132,97.858096482605,0.01,0,4025,1,100
764,"Hydrolagus_trolli","Hydrolagus trolli",20.2892100456699,111.415185396108,0.01,0,4025,1,100
765,"Dipturus_bullisi","Dipturus bullisi",20.2712453257283,97.1055578307091,0.01,0,4025,1,100
766,"Typhlonarke_tarakea","Typhlonarke tarakea",20.2707895273498,91.3546015540839,0.01,0,4025,1,100
767,"Himantura_undulata","Himantura undulata",20.2698529685349,98.9174749282708,0.01,0,4025,1,100
768,"Bathyraja_hesperafricana","Bathyraja hesperafricana",20.2594902741188,98.1268731552533,0.01,0,4025,1,100
769,"Dasyatis_thetidis","Dasyatis thetidis",20.2295588330855,102.139136304962,0.01,0,4025,1,100
770,"Squalus_cubensis","Squalus cubensis",20.1988898181365,103.514428110881,0.01,0,4025,1,100
771,"Dasyatis_centroura","Dasyatis centroura",20.1902438077118,101.690052951491,0.01,0,4025,1,100
772,"Glaucostegus_microphthalmus","Glaucostegus microphthalmus",20.1506143113562,105.106130143415,0.01,0,4025,1,100
773,"Rhinoptera_brasiliensis","Rhinoptera brasiliensis",20.1485784432031,103.83401499289,0.01,0,4025,1,100
774,"Paragaleus_randalli","Paragaleus randalli",20.0697357514347,98.3268111946265,0.01,0,4025,1,100
775,"Rhinoptera_peli","Rhinoptera peli",20.0326696210325,104.3475804073,0.01,0,4025,1,100
776,"Mustelus_higmani","Mustelus higmani",20.014375998715,96.668507969889,0.01,0,4025,1,100
777,"Scyliorhinus_meadi","Scyliorhinus meadi",19.9525452162232,100.947571739087,0.01,0,4025,1,100
778,"Potamotrygon_falkneri","Potamotrygon falkneri",19.9484568046337,100.772437260576,0.01,0,4025,1,100
779,"Mustelus_henlei","Mustelus henlei",19.9395206140397,94.7298389773443,0.01,0,4025,1,100
780,"Bathyraja_griseocauda","Bathyraja griseocauda",19.9083906243536,98.2381643539587,0.01,0,4025,1,100
781,"Torpedo_puelcha","Torpedo puelcha",19.8938106479199,103.591348053739,0.01,0,4025,1,100
782,"Squatina_pseudocellata","Squatina pseudocellata",19.8546751517118,95.5594209034031,0.01,0,4025,1,100
783,"Leucoraja_wallacei","Leucoraja wallacei",19.8324519330114,97.7694746396298,0.01,0,4025,1,100
784,"Fenestraja_sinusmexicanus","Fenestraja sinusmexicanus",19.8164496377316,102.135048086369,0.01,0,4025,1,100
785,"Bathyraja_notoroensis","Bathyraja notoroensis",19.8049726195111,97.4094012707065,0.01,0,4025,1,100
786,"Paragaleus_pectoralis","Paragaleus pectoralis",19.7764666851798,98.256900979064,0.01,0,4025,1,100
787,"Okamejei_meerdervoortii","Okamejei meerdervoortii",19.7753821503263,105.309103923456,0.01,0,4025,1,100
788,"Dipturus_doutrei","Dipturus doutrei",19.7358259993821,101.794101682346,0.01,0,4025,1,100
789,"Glaucostegus_obtusus","Glaucostegus obtusus",19.7356352035158,101.998412156891,0.01,0,4025,1,100
790,"Chimaera_lignaria","Chimaera lignaria",19.7307874663233,100.446459872724,0.01,0,4025,1,100
791,"Galeus_schultzi","Galeus schultzi",19.7137098541355,101.955448920413,0.01,0,4025,1,100
792,"Chimaera_notafricana","Chimaera notafricana",19.7004993949746,100.303231260089,0.01,0,4025,1,100
793,"Cephaloscyllium_variegatum","Cephaloscyllium variegatum",19.6978003792772,104.793213993822,0.01,0,4025,1,100
794,"Urolophus_armatus","Urolophus armatus",19.6693068650176,99.1215242548693,0.01,0,4025,1,100
795,"Bythaelurus_dawsoni","Bythaelurus dawsoni",19.6452575313913,105.306406999103,0.01,0,4025,1,100
796,"Galeus_melastomus","Galeus melastomus",19.6429848896544,103.700681326211,0.01,0,4025,1,100
797,"Urolophus_westraliensis","Urolophus westraliensis",19.6381496948813,95.9072881887578,0.01,0,4025,1,100
798,"Acroteriobatus_variegatus","Acroteriobatus variegatus",19.6277753272602,90.0247125307757,0.01,0,4025,1,100
799,"Rhinobatos_annandalei","Rhinobatos annandalei",19.5965105058545,89.1273376485159,0.01,0,4025,1,100
800,"Raja_microocellata","Raja microocellata",19.4336364643135,105.381433790019,0.01,0,4025,1,100
801,"Galeus_atlanticus","Galeus atlanticus",19.4288930720252,102.065515933287,0.01,0,4025,1,100
802,"Okamejei_mengae","Okamejei mengae",19.4108490412228,104.474814869652,0.01,0,4025,1,100
803,"Glaucostegus_spinosus","Glaucostegus spinosus",19.402106198185,101.779542738182,0.01,0,4025,1,100
804,"Dasyatis_hypostigma","Dasyatis hypostigma",19.3868483299549,100.339951805278,0.01,0,4025,1,100
805,"Bythaelurus_incanus","Bythaelurus incanus",19.3843332067509,105.076491700073,0.01,0,4025,1,100
806,"Urotrygon_microphthalmum","Urotrygon microphthalmum",19.3392677566275,95.9652762753017,0.01,0,4025,1,100
807,"Carcharhinus_acronotus","Carcharhinus acronotus",19.2957858496141,99.4876948124992,0.01,0,4025,1,100
808,"Brochiraja_vittacauda","Brochiraja vittacauda",19.2904123564081,98.45993476422,0.01,0,4025,1,100
809,"Dasyatis_guttata","Dasyatis guttata",19.2599921613088,100.040359891913,0.01,0,4025,1,100
810,"Chiloscyllium_hasseltii","Chiloscyllium hasseltii",19.1973037282103,95.7608693266741,0.01,0,4025,1,100
811,"Brochiraja_heuresa","Brochiraja heuresa",19.1812401868466,100.47394944432,0.01,0,4025,1,100
812,"Urotrygon_serrula","Urotrygon serrula",19.1709901093705,95.2150703328495,0.01,0,4025,1,100
813,"Chiloscyllium_griseum","Chiloscyllium griseum",19.1115485707119,94.667670629444,0.01,0,4025,1,100
814,"Hydrolagus_mirabilis","Hydrolagus mirabilis",19.0053676399074,110.072349842939,0.01,0,4025,1,100
815,"Dipturus_nidarosiensis","Dipturus nidarosiensis",18.996890708033,99.7014893909058,0.01,0,4025,1,100
816,"Apristurus_macrostomus","Apristurus macrostomus",18.956175126388,103.05536246384,0.01,0,4025,1,100
817,"Psammobatis_lentiginosa","Psammobatis lentiginosa",18.9458962661487,96.8710992398022,0.01,0,4025,1,100
818,"Cephaloscyllium_laticeps","Cephaloscyllium laticeps",18.9248571780206,105.203472372655,0.01,0,4025,1,100
819,"Hydrolagus_affinis","Hydrolagus affinis",18.9248415438403,109.566186546998,0.01,0,4025,1,100
820,"Narcine_lingula","Narcine lingula",18.9140849099406,111.998869047655,0.01,0,4025,1,100
821,"Psammobatis_parvacauda","Psammobatis parvacauda",18.8420670512691,97.2370638617459,0.01,0,4025,1,100
822,"Dipturus_queenslandicus","Dipturus queenslandicus",18.8038642086922,98.4071868132425,0.01,0,4025,1,100
823,"Cephaloscyllium_ventriosum","Cephaloscyllium ventriosum",18.7897004878936,103.879735173208,0.01,0,4025,1,100
824,"Psammobatis_rutrum","Psammobatis rutrum",18.7895390793245,97.2965169326425,0.01,0,4025,1,100
825,"Dipturus_springeri","Dipturus springeri",18.7822066402957,95.7233931207384,0.01,0,4025,1,100
826,"Mustelus_manazo","Mustelus manazo",18.7760353490411,102.67764950556,0.01,0,4025,1,100
827,"Galeus_nipponensis","Galeus nipponensis",18.7537697140088,100.028397792874,0.01,0,4025,1,100
828,"Apristurus_melanoasper","Apristurus melanoasper",18.7474520764309,95.5323508435346,0.01,0,4025,1,100
829,"Apristurus_platyrhynchus","Apristurus platyrhynchus",18.730975182309,96.782517997127,0.01,0,4025,1,100
830,"Mustelus_mosis","Mustelus mosis",18.7269977367272,97.4010640372664,0.01,0,4025,1,100
831,"Hemitriakis_japanica","Hemitriakis japanica",18.718882592061,99.414352130802,0.01,0,4025,1,100
832,"Narcine_brunnea","Narcine brunnea",18.7036347968726,107.091833233715,0.01,0,4025,1,100
833,"Hemitriakis_abdita","Hemitriakis abdita",18.6905717626275,100.028708567034,0.01,0,4025,1,100
834,"Nasolamia_velox","Nasolamia velox",18.6757485569966,99.2828709494517,0.01,0,4025,1,100
835,"Psammobatis_normani","Psammobatis normani",18.6604203065664,96.6079498837052,0.01,0,4025,1,100
836,"Holohalaelurus_punctatus","Holohalaelurus punctatus",18.659669240543,104.581403534521,0.01,0,4025,1,100
837,"Torpedo_marmorata","Torpedo marmorata",18.6436446660741,98.644969737558,0.01,0,4025,1,100
838,"Potamotrygon_brachyura","Potamotrygon brachyura",18.4761997637114,97.9305727123748,0.01,0,4025,1,100
839,"Urolophus_papilio","Urolophus papilio",18.4513630854754,99.2255871526828,0.01,0,4025,1,100
840,"Narcine_insolita","Narcine insolita",18.4428047734684,107.448796391243,0.01,0,4025,1,100
841,"Apristurus_sinensis","Apristurus sinensis",18.4267353716837,95.4399894055751,0.01,0,4025,1,100
842,"Myliobatis_rhombus","Myliobatis rhombus",18.4093234794294,103.0316252587,0.01,0,4025,1,100
843,"Squalus_mitsukurii","Squalus mitsukurii",18.3871708227411,103.818950849397,0.01,0,4025,1,100
844,"Narcine_nigra","Narcine nigra",18.3605225131381,107.488007847576,0.01,0,4025,1,100
845,"Carcharhinus_cerdale","Carcharhinus cerdale",18.3484464266043,100.756215309115,0.01,0,4025,1,100
846,"Holohalaelurus_favus","Holohalaelurus favus",18.3338276874562,102.903970974365,0.01,0,4025,1,100
847,"Glyphis_gangeticus","Glyphis gangeticus",18.313983543002,99.5270451829643,0.01,0,4025,1,100
848,"Myliobatis_hamlyni","Myliobatis hamlyni",18.299601523853,103.181601942972,0.01,0,4025,1,100
849,"Carcharhinus_sorrah","Carcharhinus sorrah",18.2803771764544,99.7677781987846,0.01,0,4025,1,100
850,"Glyphis_fowlerae","Glyphis fowlerae",18.2626891401154,98.1573617009274,0.01,0,4025,1,100
851,"Holohalaelurus_regani","Holohalaelurus regani",18.2610859312074,103.319539849075,0.01,0,4025,1,100
852,"Hemitriakis_leucoperiptera","Hemitriakis leucoperiptera",18.2420124915336,99.5181568115649,0.01,0,4025,1,100
853,"Dipturus_innominatus","Dipturus innominatus",18.2217125962505,96.4530590791842,0.01,0,4025,1,100
854,"Squalus_edmundsi","Squalus edmundsi",18.2125106197524,106.257961212639,0.01,0,4025,1,100
855,"Anacanthobatis_marmoratus","Anacanthobatis marmoratus",18.1255901996973,93.8545643244975,0.01,0,4025,1,100
856,"Amblyraja_radiata","Amblyraja radiata",18.1158145518137,97.5443657674167,0.01,0,4025,1,100
857,"Carcharhinus_tjutjot","Carcharhinus tjutjot",18.0908788627903,100.948086177865,0.01,0,4025,1,100
858,"Parmaturus_melanobranchus","Parmaturus melanobranchus",18.090254707423,99.830988695456,0.01,0,4025,1,100
859,"Apristurus_kampae","Apristurus kampae",18.0744505586144,101.81143550899,0.01,0,4025,1,100
860,"Squalus_hemipinnis","Squalus hemipinnis",18.0374188095348,105.493312406668,0.01,0,4025,1,100
861,"Carcharhinus_leiodon","Carcharhinus leiodon",17.97506667825,99.1174239996557,0.01,0,4025,1,100
862,"Parmaturus_albipenis","Parmaturus albipenis",17.9619377044292,98.2638541044129,0.01,0,4025,1,100
863,"Zearaja_maugeana","Zearaja maugeana",17.9421224546093,98.3172063106627,0.01,0,4025,1,100
864,"Dipturus_gudgeri","Dipturus gudgeri",17.9191801793586,95.2670150494278,0.01,0,4025,1,100
865,"Fenestraja_sibogae","Fenestraja sibogae",17.9155580045134,101.767549084969,0.01,0,4025,1,100
866,"Squalus_formosus","Squalus formosus",17.8945480118112,102.150896585054,0.01,0,4025,1,100
867,"Zearaja_argentinensis","Zearaja argentinensis",17.8692038399733,98.004714810619,0.01,0,4025,1,100
868,"Triaenodon_obesus","Triaenodon obesus",17.8205440603175,98.3838137223695,0.01,0,4025,1,100
869,"Squalus_lalannei","Squalus lalannei",17.7543374984069,102.435257370224,0.01,0,4025,1,100
870,"Anacanthobatis_nanhaiensis","Anacanthobatis nanhaiensis",17.711908999098,95.786748059333,0.01,0,4025,1,100
871,"Rajella_dissimilis","Rajella dissimilis",17.6845637051104,97.085390994019,0.01,0,4025,1,100
872,"Pavoraja_arenaria","Pavoraja arenaria",17.6763439787817,95.7606979849223,0.01,0,4025,1,100
873,"Squalus_rancureli","Squalus rancureli",17.5825539418686,106.55620237159,0.01,0,4025,1,100
874,"Urolophus_expansus","Urolophus expansus",17.5734156840539,90.495297542883,0.01,0,4025,1,100
875,"Himantura_fai","Himantura fai",17.5323152480369,98.182562125161,0.01,0,4025,1,100
876,"Narcine_timlei","Narcine timlei",17.4946340308788,111.30145659848,0.01,0,4025,1,100
877,"Plesiotrygon_nana","Plesiotrygon nana",17.4623215469277,101.440703261583,0.01,0,4025,1,100
878,"Etmopterus_litvinovi","Etmopterus litvinovi",17.440961478619,110.628447321021,0.01,0,4025,1,100
879,"Himantura_kittipongi","Himantura kittipongi",17.4394990139433,98.6709294600477,0.01,0,4025,1,100
880,"Galeus_priapus","Galeus priapus",17.4159923140308,102.753545983519,0.01,0,4025,1,100
881,"Plesiotrygon_iwamae","Plesiotrygon iwamae",17.408389648885,100.098690623108,0.01,0,4025,1,100
882,"Dasyatis_laosensis","Dasyatis laosensis",17.4077176798919,96.5833341133855,0.01,0,4025,1,100
883,"Bathyraja_bergi","Bathyraja bergi",17.4071694906931,97.95721543055,0.01,0,4025,1,100
884,"Etmopterus_unicolor","Etmopterus unicolor",17.3819434733245,105.80452454839,0.01,0,4025,1,100
885,"Leucoraja_ocellata","Leucoraja ocellata",17.3162118864705,101.312442398499,0.01,0,4025,1,100
886,"Urolophus_neocaledoniensis","Urolophus neocaledoniensis",17.2882945015217,94.1171135301898,0.01,0,4025,1,100
887,"Torpedo_andersoni","Torpedo andersoni",17.2610204632066,97.2059332235537,0.01,0,4025,1,100
888,"Urolophus_lobatus","Urolophus lobatus",17.256544842327,92.7672896569327,0.01,0,4025,1,100
889,"Urolophus_kapalensis","Urolophus kapalensis",17.2450997013411,92.5534106861054,0.01,0,4025,1,100
890,"Bathyraja_smithii","Bathyraja smithii",17.2312214180083,101.096640291724,0.01,0,4025,1,100
891,"Galeus_springeri","Galeus springeri",17.1789223713333,106.38641242443,0.01,0,4025,1,100
892,"Hemiscyllium_freycineti","Hemiscyllium freycineti",17.1623917529192,96.5447934610163,0.01,0,4025,1,100
893,"Electrolux_addisoni","Electrolux addisoni",17.131632276981,94.3504665880147,0.01,0,4025,1,100
894,"Bathyraja_abyssicola","Bathyraja abyssicola",17.1285922562949,102.327959717873,0.01,0,4025,1,100
895,"Bathyraja_trachura","Bathyraja trachura",17.0844014978311,101.324683679198,0.01,0,4025,1,100
896,"Torpedo_torpedo","Torpedo torpedo",17.0775564285883,94.4389739167315,0.01,0,4025,1,100
897,"Hemiscyllium_hallstromi","Hemiscyllium hallstromi",17.0665596182278,95.9511749906286,0.01,0,4025,1,100
898,"Carcharhinus_coatesi","Carcharhinus coatesi",17.057892088692,95.7778873083157,0.01,0,4025,1,100
899,"Cephaloscyllium_sarawakensis","Cephaloscyllium sarawakensis",17.0550137692965,106.728018678438,0.01,0,4025,1,100
900,"Urolophus_viridis","Urolophus viridis",17.0346429601398,93.3173843513924,0.01,0,4025,1,100
901,"Narcine_bancroftii","Narcine bancroftii",17.0323906281368,109.262261041074,0.01,0,4025,1,100
902,"Galeus_cadenati","Galeus cadenati",17.0239766174798,99.4278571703219,0.01,0,4025,1,100
903,"Etmopterus_carteri","Etmopterus carteri",17.0066062567019,101.350569648471,0.01,0,4025,1,100
904,"Etmopterus_perryi","Etmopterus perryi",16.9895998861857,105.728758561365,0.01,0,4025,1,100
905,"Etmopterus_pycnolepis","Etmopterus pycnolepis",16.986259669924,101.663701220447,0.01,0,4025,1,100
906,"Dipturus_lanceorostratus","Dipturus lanceorostratus",16.8699401582155,95.8186172849142,0.01,0,4025,1,100
907,"Fenestraja_atripinna","Fenestraja atripinna",16.8694251111202,101.737786439012,0.01,0,4025,1,100
908,"Fenestraja_plutonia","Fenestraja plutonia",16.8563480631898,101.857063627373,0.01,0,4025,1,100
909,"Carcharhinus_leucas","Carcharhinus leucas",16.8511014908039,100.760095294642,0.01,0,4025,1,100
910,"Apristurus_albisoma","Apristurus albisoma",16.8204506317629,106.867157311072,0.01,0,4025,1,100
911,"Pavoraja_nitida","Pavoraja nitida",16.8131372748152,96.2826139994723,0.01,0,4025,1,100
912,"Raja_bahamensis","Raja bahamensis",16.7468514575664,107.221050714549,0.01,0,4025,1,100
913,"Cephaloscyllium_isabellum","Cephaloscyllium isabellum",16.745516697996,107.187040773002,0.01,0,4025,1,100
914,"Urotrygon_venezuelae","Urotrygon venezuelae",16.7134454291268,93.2988883359483,0.01,0,4025,1,100
915,"Carcharhinus_amblyrhynchoides","Carcharhinus amblyrhynchoides",16.7000845359225,99.908165899861,0.01,0,4025,1,100
916,"Etmopterus_pseudosqualiolus","Etmopterus pseudosqualiolus",16.667411301472,105.122379570013,0.01,0,4025,1,100
917,"Dipturus_oregoni","Dipturus oregoni",16.659900823882,102.854553648185,0.01,0,4025,1,100
918,"Dipturus_mennii","Dipturus mennii",16.6507827652454,94.4965955040037,0.01,0,4025,1,100
919,"Carcharhinus_limbatus","Carcharhinus limbatus",16.6201635343056,98.0878348643906,0.01,0,4025,1,100
920,"Potamotrygon_henlei","Potamotrygon henlei",16.5891908269052,99.3176595765208,0.01,0,4025,1,100
921,"Carcharhinus_altimus","Carcharhinus altimus",16.4665496436204,101.963435081171,0.01,0,4025,1,100
922,"Galeus_gracilis","Galeus gracilis",16.407748364245,103.169240454069,0.01,0,4025,1,100
923,"Bathyraja_simoterus","Bathyraja simoterus",16.3598436994196,94.6041304340982,0.01,0,4025,1,100
924,"Torpedo_macneilli","Torpedo macneilli",16.3574642004827,102.569950939062,0.01,0,4025,1,100
925,"Rhinoptera_sewelli","Rhinoptera sewelli",16.349021926282,99.341291139362,0.01,0,4025,1,100
926,"Hemiscyllium_strahani","Hemiscyllium strahani",16.3461589116889,96.900993550718,0.01,0,4025,1,100
927,"Rhinoptera_marginata","Rhinoptera marginata",16.3383137028726,101.528154522957,0.01,0,4025,1,100
928,"Apristurus_bucephalus","Apristurus bucephalus",16.3072238506044,105.353484770608,0.01,0,4025,1,100
929,"Bathyraja_tzinovskii","Bathyraja tzinovskii",16.3006008338667,98.2660470958747,0.01,0,4025,1,100
930,"Potamotrygon_humerosa","Potamotrygon humerosa",16.2872862701925,96.0269698324244,0.01,0,4025,1,100
931,"Amblyraja_robertsi","Amblyraja robertsi",16.2251845972029,97.5195839743957,0.01,0,4025,1,100
932,"Mustelus_mustelus","Mustelus mustelus",16.2230218258787,100.704934329112,0.01,0,4025,1,100
933,"Cephaloscyllium_albipinnum","Cephaloscyllium albipinnum",16.2110669198857,105.968804000485,0.01,0,4025,1,100
934,"Dipturus_acrobelus","Dipturus acrobelus",16.1662071884428,99.7520845774164,0.01,0,4025,1,100
935,"Apristurus_ampliceps","Apristurus ampliceps",16.1416068734269,102.958166389188,0.01,0,4025,1,100
936,"Himantura_pastinacoides","Himantura pastinacoides",16.0954496277285,98.7916777471319,0.01,0,4025,1,100
937,"Hemiscyllium_michaeli","Hemiscyllium michaeli",16.0738840394835,95.1289041189262,0.01,0,4025,1,100
938,"Neoraja_iberica","Neoraja iberica",16.0680483812415,102.893183596589,0.01,0,4025,1,100
939,"Neoraja_africana","Neoraja africana",16.0359210376747,103.201110595897,0.01,0,4025,1,100
940,"Carcharhinus_tilstoni","Carcharhinus tilstoni",15.9921152554111,96.9428183943275,0.01,0,4025,1,100
941,"Carcharhinus_plumbeus","Carcharhinus plumbeus",15.9831060331751,101.275372278308,0.01,0,4025,1,100
942,"Centroscyllium_granulatum","Centroscyllium granulatum",15.9773015334057,101.48345375954,0.01,0,4025,1,100
943,"Himantura_walga","Himantura walga",15.9444474058732,99.5113378038618,0.01,0,4025,1,100
944,"Apristurus_aphyodes","Apristurus aphyodes",15.9086561164128,102.363562476608,0.01,0,4025,1,100
945,"Apristurus_parvipinnis","Apristurus parvipinnis",15.9038625877583,102.330634749072,0.01,0,4025,1,100
946,"Cephaloscyllium_umbratile","Cephaloscyllium umbratile",15.9028529322558,106.787879483246,0.01,0,4025,1,100
947,"Cephaloscyllium_signourum","Cephaloscyllium signourum",15.7960545790409,104.638394838388,0.01,0,4025,1,100
948,"Centroscyllium_excelsum","Centroscyllium excelsum",15.7660381590381,100.418999435576,0.01,0,4025,1,100
949,"Leucoraja_fullonica","Leucoraja fullonica",15.7121734769887,92.7994454684112,0.01,0,4025,1,100
950,"Cephaloscyllium_stevensi","Cephaloscyllium stevensi",15.7119610694002,105.611588081679,0.01,0,4025,1,100
951,"Himantura_dalyensis","Himantura dalyensis",15.6551520779839,98.4277329481688,0.01,0,4025,1,100
952,"Leucoraja_melitensis","Leucoraja melitensis",15.6366902997288,91.4575007827606,0.01,0,4025,1,100
953,"Insentiraja_subtilispinosa","Insentiraja subtilispinosa",15.6015619082383,97.810238388763,0.01,0,4025,1,100
954,"Squalus_japonicus","Squalus japonicus",15.5424580636666,101.828363908228,0.01,0,4025,1,100
955,"Notoraja_alisae","Notoraja alisae",15.5398048640006,99.9750907646694,0.01,0,4025,1,100
956,"Dasyatis_bennetti","Dasyatis bennetti",15.5084234220871,96.8221005994267,0.01,0,4025,1,100
957,"Dasyatis_navarrae","Dasyatis navarrae",15.5052848897226,96.8588809508461,0.01,0,4025,1,100
958,"Torpedo_formosa","Torpedo formosa",15.5026682223203,103.65136388108,0.01,0,4025,1,100
959,"Leucoraja_virginica","Leucoraja virginica",15.4787876987697,101.265453798359,0.01,0,4025,1,100
960,"Rhinoptera_neglecta","Rhinoptera neglecta",15.4502946540749,101.161105148984,0.01,0,4025,1,100
961,"Insentiraja_laxipella","Insentiraja laxipella",15.4393339868869,99.6782893673942,0.01,0,4025,1,100
962,"Dipturus_ecuadoriensis","Dipturus ecuadoriensis",15.4315172096938,100.411317607374,0.01,0,4025,1,100
963,"Urotrygon_nana","Urotrygon nana",15.3903741177343,90.9239250383333,0.01,0,4025,1,100
964,"Cephaloscyllium_hiscosellum","Cephaloscyllium hiscosellum",15.3887476669307,103.647176385564,0.01,0,4025,1,100
965,"Mustelus_fasciatus","Mustelus fasciatus",15.3539183867794,100.708454690245,0.01,0,4025,1,100
966,"Bathyraja_isotrachys","Bathyraja isotrachys",15.3394870450991,100.301571035425,0.01,0,4025,1,100
967,"Bathyraja_aleutica","Bathyraja aleutica",15.3209631878292,99.8445102951456,0.01,0,4025,1,100
968,"Cephaloscyllium_zebrum","Cephaloscyllium zebrum",15.2901853325871,100.999889096888,0.01,0,4025,1,100
969,"Pavoraja_mosaica","Pavoraja mosaica",15.2500388483972,97.7017221160007,0.01,0,4025,1,100
970,"Urotrygon_cimar","Urotrygon cimar",15.2157563626843,91.1471391360688,0.01,0,4025,1,100
971,"Dasyatis_hastata","Dasyatis hastata",15.2109780088902,96.2925538486631,0.01,0,4025,1,100
972,"Brochiraja_asperula","Brochiraja asperula",15.1698119490507,96.3548124744742,0.01,0,4025,1,100
973,"Dipturus_intermedia","Dipturus intermedia",15.1471690739451,99.4635524202745,0.01,0,4025,1,100
974,"Torpedo_adenensis","Torpedo adenensis",15.1357637654393,103.854328286721,0.01,0,4025,1,100
975,"Pavoraja_pseudonitida","Pavoraja pseudonitida",15.1350016208701,96.4055788762907,0.01,0,4025,1,100
976,"Dasyatis_akajei","Dasyatis akajei",15.1322705593203,95.7345227525624,0.01,0,4025,1,100
977,"Dipturus_gigas","Dipturus gigas",15.0691125153599,99.3078180034341,0.01,0,4025,1,100
978,"Asymbolus_analis","Asymbolus analis",15.041571368765,99.3126190152163,0.01,0,4025,1,100
979,"Brochiraja_spinifera","Brochiraja spinifera",15.023463667763,95.0184801854828,0.01,0,4025,1,100
980,"Okamejei_philipi","Okamejei philipi",14.9921641169259,105.566997927599,0.01,0,4025,1,100
981,"Mustelus_widodoi","Mustelus widodoi",14.9560793353208,101.292906336381,0.01,0,4025,1,100
982,"Raja_miraletus","Raja miraletus",14.7702979468227,105.139033378494,0.01,0,4025,1,100
983,"Okamejei_schmidti","Okamejei schmidti",14.7190787631847,105.931736719519,0.01,0,4025,1,100
984,"Potamotrygon_boesemani","Potamotrygon boesemani",14.7082438903197,98.3193009649532,0.01,0,4025,1,100
985,"Rajella_fuliginea","Rajella fuliginea",14.7067494023055,99.3339762181194,0.01,0,4025,1,100
986,"Okamejei_cairae","Okamejei cairae",14.6868205980493,105.680446710322,0.01,0,4025,1,100
987,"Asymbolus_vincenti","Asymbolus vincenti",14.6866140843649,101.716936341975,0.01,0,4025,1,100
988,"Rajella_kukujevi","Rajella kukujevi",14.6477349143072,95.625317255311,0.01,0,4025,1,100
989,"Apristurus_indicus","Apristurus indicus",14.6356777606868,102.66460292481,0.01,0,4025,1,100
990,"Okamejei_boesemani","Okamejei boesemani",14.6247547400229,105.716789449288,0.01,0,4025,1,100
991,"Asymbolus_occiduus","Asymbolus occiduus",14.5633581801236,101.784050318831,0.01,0,4025,1,100
992,"Parmaturus_albimarginatus","Parmaturus albimarginatus",14.5560284209502,100.798582247489,0.01,0,4025,1,100
993,"Mustelus_ravidus","Mustelus ravidus",14.5523922451721,100.015038675775,0.01,0,4025,1,100
994,"Himantura_toshi","Himantura toshi",14.5309888201571,96.6350632410254,0.01,0,4025,1,100
995,"Squalus_blainville","Squalus blainville",14.4818771226891,103.615953264266,0.01,0,4025,1,100
996,"Apristurus_fedorovi","Apristurus fedorovi",14.4762798865322,102.917555152954,0.01,0,4025,1,100
997,"Okamejei_kenojei","Okamejei kenojei",14.4672093625421,104.504847402016,0.01,0,4025,1,100
998,"Asymbolus_parvus","Asymbolus parvus",14.4519810709722,101.878880567813,0.01,0,4025,1,100
999,"Rhinoptera_adspersa","Rhinoptera adspersa",14.4268531823874,102.135906596307,0.01,0,4025,1,100
1000,"Torpedo_sinuspersici","Torpedo sinuspersici",14.4183003774208,97.7605347055874,0.01,0,4025,1,100
1001,"Torpedo_zugmayeri","Torpedo zugmayeri",14.4021852812179,96.1708676743659,0.01,0,4025,1,100
1002,"Parmaturus_sp.","Parmaturus sp.",14.3818244809402,99.0789306136259,0.01,0,4025,1,100
1003,"Rajella_leopardus","Rajella leopardus",14.3602986653192,97.4741685352439,0.01,0,4025,1,100
1004,"Psammobatis_bergi","Psammobatis bergi",14.3372016706407,99.3384380119279,0.01,0,4025,1,100
1005,"Dasyatis_garouaensis","Dasyatis garouaensis",14.3094290897667,99.9980043172979,0.01,0,4025,1,100
1006,"Rhinoptera_javanica","Rhinoptera javanica",14.3056383255416,102.916167979544,0.01,0,4025,1,100
1007,"Himantura_astra","Himantura astra",14.3041097024086,96.641835797865,0.01,0,4025,1,100
1008,"Pavoraja_alleni","Pavoraja alleni",14.2645064238138,96.1904634912263,0.01,0,4025,1,100
1009,"Galeus_piperatus","Galeus piperatus",14.2452176145479,103.106102292044,0.01,0,4025,1,100
1010,"Galeus_arae","Galeus arae",14.1949018169871,104.286072360068,0.01,0,4025,1,100
1011,"Torpedo_tremens","Torpedo tremens",14.1703579990071,95.9069899196495,0.01,0,4025,1,100
1012,"Psammobatis_scobina","Psammobatis scobina",14.1487895943234,99.3745058860912,0.01,0,4025,1,100
1013,"Torpedo_fuscomaculata","Torpedo fuscomaculata",14.1454055137632,95.8513047591766,0.01,0,4025,1,100
1014,"Torpedo_nobiliana","Torpedo nobiliana",14.1263180744347,102.203145858081,0.01,0,4025,1,100
1015,"Torpedo_polleni","Torpedo polleni",14.092474367735,103.174574727526,0.01,0,4025,1,100
1016,"Centroscyllium_nigrum","Centroscyllium nigrum",14.0911966725287,100.330379619305,0.01,0,4025,1,100
1017,"Bathyraja_scaphiops","Bathyraja scaphiops",14.0906790370938,100.568900167721,0.01,0,4025,1,100
1018,"Rajella_purpuriventralis","Rajella purpuriventralis",14.0815652911371,96.529185805306,0.01,0,4025,1,100
1019,"Notoraja_fijiensis","Notoraja fijiensis",14.0586194992455,100.945154149653,0.01,0,4025,1,100
1020,"Asymbolus_submaculatus","Asymbolus submaculatus",14.0569681841701,100.083481834428,0.01,0,4025,1,100
1021,"Urotrygon_munda","Urotrygon munda",14.0464819434819,93.4615126655183,0.01,0,4025,1,100
1022,"Asymbolus_rubiginosus","Asymbolus rubiginosus",14.0041792770125,100.172624191447,0.01,0,4025,1,100
1023,"Pavoraja_umbrosa","Pavoraja umbrosa",13.9486185972549,94.5129974138155,0.01,0,4025,1,100
1024,"Parmaturus_pilosus","Parmaturus pilosus",13.9322527352419,103.715758612259,0.01,0,4025,1,100
1025,"Centroscyllium_kamoharai","Centroscyllium kamoharai",13.9273139498001,99.1774781486065,0.01,0,4025,1,100
1026,"Notoraja_sticta","Notoraja sticta",13.9095915551259,98.5260508890063,0.01,0,4025,1,100
1027,"Parmaturus_bigus","Parmaturus bigus",13.8141340450594,104.758458502409,0.01,0,4025,1,100
1028,"Dipturus_pullopunctata","Dipturus pullopunctata",13.7871100394306,104.769328002464,0.01,0,4025,1,100
1029,"Narke_japonica","Narke japonica",13.7681372813653,93.2635437365029,0.01,0,4025,1,100
1030,"Dipturus_laevis","Dipturus laevis",13.7522627299838,102.153775596095,0.01,0,4025,1,100
1031,"Parmaturus_campechiensis","Parmaturus campechiensis",13.7250997041749,104.630201100566,0.01,0,4025,1,100
1032,"Parmaturus_macmillani","Parmaturus macmillani",13.7220333913888,100.917863048866,0.01,0,4025,1,100
1033,"Himantura_imbricata","Himantura imbricata",13.7179301702858,98.2691474821102,0.01,0,4025,1,100
1034,"Bathyraja_shuntovi","Bathyraja shuntovi",13.7085240695347,100.107190245927,0.01,0,4025,1,100
1035,"Rajella_annandalei","Rajella annandalei",13.7013675214296,96.6239865931469,0.01,0,4025,1,100
1036,"Dipturus_leptocaudus","Dipturus leptocaudus",13.6979118435985,97.269155606535,0.01,0,4025,1,100
1037,"Parmaturus_xaniurus","Parmaturus xaniurus",13.667613839959,101.804713442975,0.01,0,4025,1,100
1038,"Urolophus_javanicus","Urolophus javanicus",13.6486532778221,98.0789302739944,0.01,0,4025,1,100
1039,"Mustelus_palumbes","Mustelus palumbes",13.643553199765,100.725571552345,0.01,0,4025,1,100
1040,"Raja_rouxi","Raja rouxi",13.6321643111732,107.548242383621,0.01,0,4025,1,100
1041,"Dasyatis_lata","Dasyatis lata",13.5432809026051,97.880858459224,0.01,0,4025,1,100
1042,"Dipturus_trachydermus","Dipturus trachydermus",13.4764392138601,96.0064181917217,0.01,0,4025,1,100
1043,"Dipturus_campbelli","Dipturus campbelli",13.4610478851481,101.014385277925,0.01,0,4025,1,100
1044,"Bathyraja_microtrachys","Bathyraja microtrachys",13.4569227781851,100.85684725535,0.01,0,4025,1,100
1045,"Dipturus_endeavouri","Dipturus endeavouri",13.4185532541029,100.540405050246,0.01,0,4025,1,100
1046,"Raja_maderensis","Raja maderensis",13.3367663438667,106.622485154479,0.01,0,4025,1,100
1047,"Dasyatis_tortonesei","Dasyatis tortonesei",13.3334154646324,99.6408942443759,0.01,0,4025,1,100
1048,"Dipturus_crosnieri","Dipturus crosnieri",13.2949532438431,100.031181797257,0.01,0,4025,1,100
1049,"Mustelus_stevensi","Mustelus stevensi",13.2904149748279,101.644532925569,0.01,0,4025,1,100
1050,"Dasyatis_fluviorum","Dasyatis fluviorum",13.2888155336303,99.6203953362228,0.01,0,4025,1,100
1051,"Mustelus_asterias","Mustelus asterias",13.2738109689404,100.618387711776,0.01,0,4025,1,100
1052,"Potamotrygon_ocellata","Potamotrygon ocellata",13.1856229366397,99.3606222694506,0.01,0,4025,1,100
1053,"Zearaja_nasuta","Zearaja nasuta",13.1709852494883,98.4028086107113,0.01,0,4025,1,100
1054,"Isogomphodon_oxyrhynchus","Isogomphodon oxyrhynchus",13.1596937063269,100.838518787832,0.01,0,4025,1,100
1055,"Carcharhinus_longimanus","Carcharhinus longimanus",13.141829030902,99.7807410843378,0.01,0,4025,1,100
1056,"Dipturus_oxyrinchus","Dipturus oxyrinchus",13.1365459465897,103.036409329478,0.01,0,4025,1,100
1057,"Raja_rondeleti","Raja rondeleti",13.0842402481289,103.986113966467,0.01,0,4025,1,100
1058,"Zearaja_chilensis","Zearaja chilensis",13.0784629073927,97.30913541725,0.01,0,4025,1,100
1059,"Urolophus_cruciatus","Urolophus cruciatus",13.0469531063677,99.2641152403238,0.01,0,4025,1,100
1060,"Potamotrygon_yepezi","Potamotrygon yepezi",13.0340405366458,98.3998442951385,0.01,0,4025,1,100
1061,"Urolophus_sufflavus","Urolophus sufflavus",12.9628218866136,98.6549788468961,0.01,0,4025,1,100
1062,"Apristurus_microps","Apristurus microps",12.9420295184102,102.457334081368,0.01,0,4025,1,100
1063,"Notoraja_azurea","Notoraja azurea",12.9352987911877,98.1993368456891,0.01,0,4025,1,100
1064,"Potamotrygon_signata","Potamotrygon signata",12.9174684971511,98.8595838003689,0.01,0,4025,1,100
1065,"Narke_capensis","Narke capensis",12.9105637704423,94.3362680205104,0.01,0,4025,1,100
1066,"Brochiraja_leviveneta","Brochiraja leviveneta",12.9034691004629,96.9604033423482,0.01,0,4025,1,100
1067,"Raja_africana","Raja africana",12.8528731206479,106.688872290697,0.01,0,4025,1,100
1068,"Urolophus_piperatus","Urolophus piperatus",12.8500324653846,99.2013526470031,0.01,0,4025,1,100
1069,"Urolophus_paucimaculatus","Urolophus paucimaculatus",12.8473868649767,98.6408113031063,0.01,0,4025,1,100
1070,"Narke_dipterygia","Narke dipterygia",12.8417634915587,93.8546660683253,0.01,0,4025,1,100
1071,"Raja_brachyura","Raja brachyura",12.8352161293915,103.591872790746,0.01,0,4025,1,100
1072,"Raja_chinensis","Raja chinensis",12.8293002990357,104.787560916753,0.01,0,4025,1,100
1073,"Urolophus_deforgesi","Urolophus deforgesi",12.828148711696,98.1623377245741,0.01,0,4025,1,100
1074,"Bathyraja_pallida","Bathyraja pallida",12.819672208023,96.2877357197595,0.01,0,4025,1,100
1075,"Raja_atriventralis","Raja atriventralis",12.8125874680069,104.380871194203,0.01,0,4025,1,100
1076,"Squalus_montalbani","Squalus montalbani",12.81059008326,102.496934210395,0.01,0,4025,1,100
1077,"Raja_polystigma","Raja polystigma",12.7773987552421,106.036848581223,0.01,0,4025,1,100
1078,"Brochiraja_albilabiata","Brochiraja albilabiata",12.7714013621721,96.8574136908233,0.01,0,4025,1,100
1079,"Apristurus_manis","Apristurus manis",12.7531112251073,101.926543196537,0.01,0,4025,1,100
1080,"Bathyraja_schroederi","Bathyraja schroederi",12.7429088897791,98.2862819083652,0.01,0,4025,1,100
1081,"Squalus_chloroculus","Squalus chloroculus",12.7303659823022,102.31643882147,0.01,0,4025,1,100
1082,"Squalus_nasutus","Squalus nasutus",12.7190835280061,104.426450980443,0.01,0,4025,1,100
1083,"Potamotrygon_leopoldi","Potamotrygon leopoldi",12.6594044666549,98.6430381577868,0.01,0,4025,1,100
1084,"Carcharhinus_galapagensis","Carcharhinus galapagensis",12.6446920174984,97.004084925891,0.01,0,4025,1,100
1085,"Squalus_raoulensis","Squalus raoulensis",12.5971381943628,104.15673574349,0.01,0,4025,1,100
1086,"Raja_texana","Raja texana",12.5954519019955,105.946225748169,0.01,0,4025,1,100
1087,"Dipturus_stenorhynchus","Dipturus stenorhynchus",12.5756977892621,97.313425914954,0.01,0,4025,1,100
1088,"Mustelus_antarcticus","Mustelus antarcticus",12.5554652505642,101.89759070521,0.01,0,4025,1,100
1089,"Carcharhinus_obscurus","Carcharhinus obscurus",12.5398111531223,97.1751524593586,0.01,0,4025,1,100
1090,"Dipturus_grahami","Dipturus grahami",12.4407842221948,95.7045635419169,0.01,0,4025,1,100
1091,"Raja_cervigoni","Raja cervigoni",12.4354524647373,107.980901659653,0.01,0,4025,1,100
1092,"Bathyraja_trachouros","Bathyraja trachouros",12.4142310407102,97.5071593067615,0.01,0,4025,1,100
1093,"Bathyraja_leucomelanos","Bathyraja leucomelanos",12.2771741395634,97.7579087492538,0.01,0,4025,1,100
1094,"Raja_macrorynchus","Raja macrorynchus",12.2327791520141,104.972418080175,0.01,0,4025,1,100
1095,"Raja_ackleyi","Raja ackleyi",12.2099144309704,103.521546446686,0.01,0,4025,1,100
1096,"Leucoraja_leucosticta","Leucoraja leucosticta",12.0833393439484,102.611016665549,0.01,0,4025,1,100
1097,"Leucoraja_yucatanensis","Leucoraja yucatanensis",12.0020860636235,102.282394481584,0.01,0,4025,1,100
1098,"Urotrygon_caudispinosus","Urotrygon caudispinosus",11.9617926066909,91.8390521877854,0.01,0,4025,1,100
1099,"Dipturus_healdi","Dipturus healdi",11.9234620238406,98.9369111437865,0.01,0,4025,1,100
1100,"Bathyraja_meridionalis","Bathyraja meridionalis",11.8451167400316,94.1940174457304,0.01,0,4025,1,100
1101,"Urotrygon_simulatrix","Urotrygon simulatrix",11.8347708750698,92.1348399333253,0.01,0,4025,1,100
1102,"Dipturus_johannisdavesi","Dipturus johannisdavesi",11.8000599142165,98.6110737232826,0.01,0,4025,1,100
1103,"Potamotrygon_schroederi","Potamotrygon schroederi",11.7609015474505,98.8941595137508,0.01,0,4025,1,100
1104,"Potamotrygon_tigrina","Potamotrygon tigrina",11.7375695534667,99.6493165954909,0.01,0,4025,1,100
1105,"Notoraja_longiventralis","Notoraja longiventralis",11.6823999423148,101.107735697427,0.01,0,4025,1,100
1106,"Raja_clavata","Raja clavata",11.6671871104726,104.602145767029,0.01,0,4025,1,100
1107,"Raja_radula","Raja radula",11.6552997977616,105.569642709269,0.01,0,4025,1,100
1108,"Mustelus_albipinnis","Mustelus albipinnis",11.6476292693701,98.6047360112005,0.01,0,4025,1,100
1109,"Notoraja_inusitata","Notoraja inusitata",11.6195008574036,101.675313116624,0.01,0,4025,1,100
1110,"Mustelus_mento","Mustelus mento",11.6088966066248,98.1696358523586,0.01,0,4025,1,100
1111,"Dipturus_batis","Dipturus batis",11.3887444647628,102.309629599441,0.01,0,4025,1,100
1112,"Dipturus_apricus","Dipturus apricus",11.3276877265622,100.818074766022,0.01,0,4025,1,100
1113,"Mustelus_dorsalis","Mustelus dorsalis",11.1866134016397,100.619954266293,0.01,0,4025,1,100
1114,"Bathyraja_eatonii","Bathyraja eatonii",11.1571531607954,100.032622856889,0.01,0,4025,1,100
1115,"Mustelus_lenticulatus","Mustelus lenticulatus",11.1409244682163,100.250272291431,0.01,0,4025,1,100
1116,"Dipturus_olseni","Dipturus olseni",11.0710100010155,102.352216864102,0.01,0,4025,1,100
1117,"Dipturus_flavirostris","Dipturus flavirostris",11.0586270031686,102.604970700307,0.01,0,4025,1,100
1118,"Bathyraja_lindbergi","Bathyraja lindbergi",10.9834812549371,101.39599401286,0.01,0,4025,1,100
1119,"Dipturus_macrocauda","Dipturus macrocauda",10.9568612783311,96.1659179192447,0.01,0,4025,1,100
1120,"Bathyraja_spinicauda","Bathyraja spinicauda",10.8249493290061,98.0329801863649,0.01,0,4025,1,100
1121,"Etmopterus_granulosus","Etmopterus granulosus",10.8218007992662,110.943591426902,0.01,0,4025,1,100
1122,"Dipturus_tengu","Dipturus tengu",10.7941510355493,95.7849668875198,0.01,0,4025,1,100
1123,"Etmopterus_princeps","Etmopterus princeps",10.7621319876607,111.248828291416,0.01,0,4025,1,100
1124,"Bathyraja_maculata","Bathyraja maculata",10.673371394374,99.3159460854614,0.01,0,4025,1,100
1125,"Potamotrygon_castexi","Potamotrygon castexi",10.6599766756381,99.0692666071857,0.01,0,4025,1,100
1126,"Potamotrygon_orbignyi","Potamotrygon orbignyi",10.5712989071417,96.004817554505,0.01,0,4025,1,100
1127,"Rhinoraja_longicauda","Rhinoraja longicauda",10.505155894076,98.0103675627821,0.01,0,4025,1,100
1128,"Rhinoraja_kujiensis","Rhinoraja kujiensis",10.4888963778651,96.6711889139198,0.01,0,4025,1,100
1129,"Dipturus_confusus","Dipturus confusus",10.3911179439654,99.8117953764082,0.01,0,4025,1,100
1130,"Rhinoraja_multispinis","Rhinoraja multispinis",10.3733544032977,97.8864351108143,0.01,0,4025,1,100
1131,"Dipturus_teevani","Dipturus teevani",10.3709009657189,97.3202094615276,0.01,0,4025,1,100
1132,"Bathyraja_maccaini","Bathyraja maccaini",10.3334813559392,95.842389955405,0.01,0,4025,1,100
1133,"Raja_equatorialis","Raja equatorialis",10.3239620713811,107.576871214305,0.01,0,4025,1,100
1134,"Notoraja_lira","Notoraja lira",10.3059913325748,99.5730679899647,0.01,0,4025,1,100
1135,"Notoraja_ochroderma","Notoraja ochroderma",10.1824888026712,99.4794571294834,0.01,0,4025,1,100
1136,"Spiniraja_whitleyi","Spiniraja whitleyi",10.1757210112097,96.9477880085331,0.01,0,4025,1,100
1137,"Dipturus_polyommata","Dipturus polyommata",10.1691921806759,97.181607499858,0.01,0,4025,1,100
1138,"Bathyraja_longicauda","Bathyraja longicauda",10.1620934299478,98.8563336052988,0.01,0,4025,1,100
1139,"Notoraja_tobitukai","Notoraja tobitukai",9.9426096842166,99.3669819793738,0.01,0,4025,1,100
1140,"Notoraja_sapphira","Notoraja sapphira",9.90913049536096,98.5553197883668,0.01,0,4025,1,100
1141,"Rajella_sadowskii","Rajella sadowskii",9.90875820774909,97.7369206578144,0.01,0,4025,1,100
1142,"Rajella_alia","Rajella alia",9.88017983649241,97.4903541626969,0.01,0,4025,1,100
1143,"Notoraja_hirticauda","Notoraja hirticauda",9.77184403759122,97.1695126347681,0.01,0,4025,1,100
1144,"Rhinoraja_macloviana","Rhinoraja macloviana",9.71264615522534,97.4080182129933,0.01,0,4025,1,100
1145,"Dipturus_canutus","Dipturus canutus",9.64378402299625,100.209784122572,0.01,0,4025,1,100
1146,"Etmopterus_bullisi","Etmopterus bullisi",9.53986885245614,110.694411835777,0.01,0,4025,1,100
1147,"Raja_herwigi","Raja herwigi",9.53616989386352,107.065643998946,0.01,0,4025,1,100
1148,"Rhinoraja_albomaculata","Rhinoraja albomaculata",9.52888604652528,98.2683965889102,0.01,0,4025,1,100
1149,"Etmopterus_spinax","Etmopterus spinax",9.50939500131784,110.38197882523,0.01,0,4025,1,100
1150,"Raja_undulata","Raja undulata",9.4731884105192,107.315108223537,0.01,0,4025,1,100
1151,"Rhinoraja_murrayi","Rhinoraja murrayi",9.45125966671293,97.4032950779196,0.01,0,4025,1,100
1152,"Etmopterus_villosus","Etmopterus villosus",9.45012045785745,110.383837395361,0.01,0,4025,1,100
1153,"Amblyraja_taaf","Amblyraja taaf",9.41571627881791,100.221100474833,0.01,0,4025,1,100
1154,"Amblyraja_frerichsi","Amblyraja frerichsi",9.37906015376387,101.056664231011,0.01,0,4025,1,100
1155,"Amblyraja_doellojuradoi","Amblyraja doellojuradoi",9.36520626011403,102.037934832033,0.01,0,4025,1,100
1156,"Bathyraja_minispinosa","Bathyraja minispinosa",9.36363494646325,97.8080006890338,0.01,0,4025,1,100
1157,"Amblyraja_georgiana","Amblyraja georgiana",9.28148327582078,99.6762141143528,0.01,0,4025,1,100
1158,"Raja_straeleni","Raja straeleni",9.19097609651967,105.284225673803,0.01,0,4025,1,100
1159,"Raja_cortezensis","Raja cortezensis",9.18210914955981,105.310104647477,0.01,0,4025,1,100
1160,"Dipturus_cerva","Dipturus cerva",9.08481612673157,99.3657045782256,0.01,0,4025,1,100
1161,"Dipturus_australis","Dipturus australis",9.07663872826597,100.077310964274,0.01,0,4025,1,100
1162,"Dentiraja_flindersi","Dentiraja flindersi",8.90264149915044,99.7533099276855,0.01,0,4025,1,100
1163,"Dipturus_wengi","Dipturus wengi",8.85981861952664,100.165608001475,0.01,0,4025,1,100
1164,"Bathyraja_parmifera","Bathyraja parmifera",8.85823238933968,94.2051750887851,0.01,0,4025,1,100
1165,"Dentiraja_lemprieri","Dentiraja lemprieri",8.77078890818816,99.1889460879804,0.01,0,4025,1,100
1166,"Bathyraja_peruana","Bathyraja peruana",8.75674347223649,97.8597579417326,0.01,0,4025,1,100
1167,"Rhinoraja_magellanica","Rhinoraja magellanica",8.67877801270745,98.0486459495609,0.01,0,4025,1,100
1168,"Bathyraja_tunae","Bathyraja tunae",8.64141036170293,96.1612158793626,0.01,0,4025,1,100
1169,"Bathyraja_panthera","Bathyraja panthera",8.61197413906693,97.1312086259907,0.01,0,4025,1,100
1170,"Bathyraja_cousseauae","Bathyraja cousseauae",8.42887895345961,98.6557935136264,0.01,0,4025,1,100
1171,"Bathyraja_fedorovi","Bathyraja fedorovi",8.40916343012065,98.3142521261303,0.01,0,4025,1,100
1172,"Bathyraja_irrasa","Bathyraja irrasa",8.39995723704105,97.4944509836605,0.01,0,4025,1,100
1173,"Potamotrygon_dumerilii","Potamotrygon dumerilii",8.28518821732261,99.0904088197994,0.01,0,4025,1,100
1174,"Bathyraja_papilionifera","Bathyraja papilionifera",8.2736695856746,96.9539517522104,0.01,0,4025,1,100
1175,"Bathyraja_diplotaenia","Bathyraja diplotaenia",8.19162765535691,100.145935823241,0.01,0,4025,1,100
1176,"Dipturus_wuhanlingi","Dipturus wuhanlingi",8.16222027165595,101.439099064036,0.01,0,4025,1,100
1177,"Dipturus_falloargus","Dipturus falloargus",8.10503958707032,99.9858011452235,0.01,0,4025,1,100
1178,"Bathyraja_brachyurops","Bathyraja brachyurops",8.08824469044467,99.8079179658969,0.01,0,4025,1,100
1179,"Rhinoraja_taranetzi","Rhinoraja taranetzi",7.9762414885096,99.4658413986415,0.01,0,4025,1,100
1180,"Bathyraja_matsubarai","Bathyraja matsubarai",7.96779496853028,98.567595679597,0.01,0,4025,1,100
1181,"Rhinoraja_odai","Rhinoraja odai",7.80903836383879,93.3458209497037,0.01,0,4025,1,100
1182,"Bathyraja_smirnovi","Bathyraja smirnovi",7.74800638637674,92.9121481959593,0.01,0,4025,1,100
1183,"Potamotrygon_scobina","Potamotrygon scobina",7.70951855537887,99.2953603254439,0.01,0,4025,1,100
1184,"Potamotrygon_motoro","Potamotrygon motoro",7.62900917822881,99.0732326580493,0.01,0,4025,1,100
1185,"Amblyraja_hyperborea","Amblyraja hyperborea",7.53720531140061,101.070977816854,0.01,0,4025,1,100
1186,"Amblyraja_reversa","Amblyraja reversa",7.43733924729655,100.238060624662,0.01,0,4025,1,100
1187,"Amblyraja_badia","Amblyraja badia",6.74459697470823,100.43310758659,0.01,0,4025,1,100
1188,"Amblyraja_jenseni","Amblyraja jenseni",6.73444105877304,100.321392511303,0.01,0,4025,1,100
1189,"Bathyraja_aguja","Bathyraja aguja",6.11208716926763,99.2401852405191,0.01,0,4025,1,100
1190,"Bathyraja_mariposa","Bathyraja mariposa",6.10400430051373,98.956463854283,0.01,0,4025,1,100
1191,"Bathyraja_violacea","Bathyraja violacea",5.80530068391033,98.4659796893148,0.01,0,4025,1,100
1192,"Bathyraja_kincaidii","Bathyraja kincaidii",5.79891080557254,98.0139826355765,0.01,0,4025,1,100
